year,region_level,region_id,region_name,map_nonpkwtt_y,map_wageump_y,map_labor_intensity_y,map_formal_growth_y,map_pdrb_growth_y,map_pdrb_y,map_unemployment_y,map_youth_unemployment_y,map_informal_y,map_manuf_y,map_agri_y,map_nonmanuf_y,map_svc_y,map_minimum_wage_y,map_minimum_wage_growth_y,map_threshold_score_total_y,map_threshold_status_y,map_quantile_nonpkwtt_y,map_quantile_wageump_y,map_quantile_laborinten_y,map_quantile_formalgrowth_y,map_quantile_pdrbgrowth_y,map_quantile_skortotal_y,map_quantile_status_y
2014,Kabkot,1101,SIMEULUE,,.85,15.17,,,,5.57,,62.73,3.31,55.58,8.9,32.21,1750000,12.9,,,,,,,,,
2014,Kabkot,1102,ACEH SINGKIL,,.87,16.23,,,,6.08,,58.91,3.56,52.63,8.31,35.5,1750000,12.9,,,,,,,,,
2014,Kabkot,1103,ACEH SELATAN,,1.3,14.49,,,,9.49,,66.59,3.64,50.12,7.28,38.96,1750000,12.9,,,,,,,,,
2014,Kabkot,1104,ACEH TENGGARA,,1.11,10.16,,,,9.51,,76.25,.55,60.46,3.12,35.87,1750000,12.9,,,,,,,,,
2014,Kabkot,1105,ACEH TIMUR,,.72,18.59,,,,10.61,,57.43,4.36,53.18,6.06,36.4,1750000,12.9,,,,,,,,,
2014,Kabkot,1106,ACEH TENGAH,,1.13,11.49,,,,3.32,,69.64,2.79,50.46,7.06,39.7,1750000,12.9,,,,,,,,,
2014,Kabkot,1107,ACEH BARAT,,.95,15.92,,,,5.86,,59.37,5.67,45.96,9.539999999999999,38.83,1750000,12.9,,,,,,,,,
2014,Kabkot,1108,ACEH BESAR,,1.01,29.82,,,,10.53,,51.97,8.949999999999999,21.6,13.84,55.61,1750000,12.9,,,,,,,,,
2014,Kabkot,1109,PIDIE,,1.22,16.78,,,,11.73,,70.51000000000001,6.48,50.66,5.43,37.44,1750000,12.9,,,,,,,,,
2014,Kabkot,1110,BIREUEN,,.76,24.13,,,,9.02,,54.96,9.82,34.9,7.69,47.59,1750000,12.9,,,,,,,,,
2014,Kabkot,1111,ACEH UTARA,,.77,15.42,,,,13.58,,64.44,3.61,48.33,7.37,40.69,1750000,12.9,,,,,,,,,
2014,Kabkot,1112,ACEH BARAT DAYA,,.88,22.4,,,,6.79,,61.43,4.09,39.44,10.19,46.29,1750000,12.9,,,,,,,,,
2014,Kabkot,1113,GAYO LUES,,1.21,4.84,,,,.37,,81.67,1.56,67.92,2.14,28.39,1750000,12.9,,,,,,,,,
2014,Kabkot,1114,ACEH TAMIANG,,.8100000000000001,14.19,,,,9.75,,60.43,5.89,56.95,5.98,31.17,1750000,12.9,,,,,,,,,
2014,Kabkot,1115,NAGAN RAYA,,1,15.33,,,,3.69,,72.8,7.61,57.52,7.77,27.1,1750000,12.9,,,,,,,,,
2014,Kabkot,1116,ACEH JAYA,,.82,17.15,,,,9.48,,53.06,3.19,46.31,10.2,40.3,1750000,12.9,,,,,,,,,
2014,Kabkot,1117,BENER MERIAH,,1.02,5.52,,,,.74,,84.40000000000001,1.33,75.83,2.38,20.46,1750000,12.9,,,,,,,,,
2014,Kabkot,1118,PIDIE JAYA,,1.06,20.48,,,,8.16,,59.11,7.39,48.56,7.6,36.45,1750000,12.9,,,,,,,,,
2014,Kabkot,1171,BANDA ACEH,,1.63,29.85,,,,10.24,,29.12,4.41,6.57,6,83.03,1750000,12.9,,,,,,,,,
2014,Kabkot,1172,SABANG,,1.25,27.58,,,,7.48,,40.12,5.91,12.54,8.18,73.38,1750000,12.9,,,,,,,,,
2014,Kabkot,1173,LANGSA,,1.02,32.52,,,,9.890000000000001,,38.61,6.67,15.07,11.78,66.48,1750000,12.9,,,,,,,,,
2014,Kabkot,1174,LHOKSEUMAWE,,.91,31.99,,,,11.23,,37.81,4.52,18.86,15.14,61.48,1750000,12.9,,,,,,,,,
2014,Kabkot,1175,SUBULUSSALAM,,.89,14.94,,,,8.550000000000001,,66.39,2.36,52.71,4.44,40.48,1750000,12.9,,,,,,,,,
2014,Kabkot,1201,NIAS,,.86,1.09,,,,.44,,95.18000000000001,.25,92.37,.36,7.02,1505850,9.52,,,,,,,,,
2014,Kabkot,1202,MANDAILING NATAL,,1.03,10.69,,,,6.55,,73.62,2.21,58.7,6.95,32.15,1505850,9.52,,,,,,,,,
2014,Kabkot,1203,TAPANULI SELATAN,,1.21,13.85,,,,7.6,,88,3.35,71.23999999999999,2.23,23.19,1505850,9.52,,,,,,,,,
2014,Kabkot,1204,TAPANULI TENGAH,,1.32,12.47,,,,4.9,,73.61,4.63,61.96,2.52,30.89,1505850,9.52,,,,,,,,,
2014,Kabkot,1205,TAPANULI UTARA,,1.39,9.33,,,,.59,,87.95999999999999,3.87,77.36,2.49,16.28,1505850,9.52,,,,,,,,,
2014,Kabkot,1206,TOBA,,1.7,20.06,,,,.73,,77.08,5.14,56.16,5.01,33.69,1505850,9.52,,,,,,,,,
2014,Kabkot,1207,LABUHANBATU,,1.01,14.92,,,,7.72,,48.2,4.61,49.7,3.08,42.62,1505850,9.52,,,,,,,,,
2014,Kabkot,1208,ASAHAN,,1.1,16.05,,,,1.84,,51.59,5.74,50.78,3.74,39.74,1505850,9.52,,,,,,,,,
2014,Kabkot,1209,SIMALUNGUN,,.84,16.01,,,,7.48,,65.76000000000001,6.58,53.97,4.72,34.73,1505850,9.52,,,,,,,,,
2014,Kabkot,1210,DAIRI,,1.1,7.88,,,,1.5,,89.03,.8,75.55,2.4,21.25,1505850,9.52,,,,,,,,,
2014,Kabkot,1211,KARO,,1.43,7.57,,,,1.02,,87.98999999999999,.88,77.02,1.57,20.54,1505850,9.52,,,,,,,,,
2014,Kabkot,1212,DELI SERDANG,,1.03,46.74,,,,7,,31.18,15.62,17.01,23.3,44.07,1505850,9.52,,,,,,,,,
2014,Kabkot,1213,LANGKAT,,.85,23.3,,,,6.6,,59.17,8.33,44.56,8.199999999999999,38.91,1505850,9.52,,,,,,,,,
2014,Kabkot,1214,NIAS SELATAN,,.54,1.55,,,,.49,,92.91,0,86.86,.83,12.31,1505850,9.52,,,,,,,,,
2014,Kabkot,1215,HUMBANG HASUNDUTAN,,1.45,6.76,,,,.36,,88.20999999999999,1.12,82.09,2.95,13.85,1505850,9.52,,,,,,,,,
2014,Kabkot,1216,PAKPAK BHARAT,,1.83,3.37,,,,2.64,,86.87,0,80.02,.65,19.33,1505850,9.52,,,,,,,,,
2014,Kabkot,1217,SAMOSIR,,1.14,11.78,,,,1.05,,88.87,5.5,69.52,1.48,23.5,1505850,9.52,,,,,,,,,
2014,Kabkot,1218,SERDANG BEDAGAI,,.95,27.34,,,,7.14,,61.99,12.76,44.17,5.98,37.09,1505850,9.52,,,,,,,,,
2014,Kabkot,1219,BATU BARA,,1.15,30.35,,,,7.42,,59.32,15.23,36.79,7.78,40.21,1505850,9.52,,,,,,,,,
2014,Kabkot,1220,PADANG LAWAS UTARA,,1.29,2.91,,,,10.9,,82.92,.47,73.11,.59,25.83,1505850,9.52,,,,,,,,,
2014,Kabkot,1221,PADANG LAWAS,,.97,9.5,,,,5.66,,66.25,2.7,68.63,2.37,26.3,1505850,9.52,,,,,,,,,
2014,Kabkot,1222,LABUHANBATU SELATAN,,1.07,5.72,,,,4.83,,49.38,1.39,72.04000000000001,1.1,25.47,1505850,9.52,,,,,,,,,
2014,Kabkot,1223,LABUHANBATU UTARA,,1,6.68,,,,10.88,,65.56999999999999,3.71,65.23,1.86,29.2,1505850,9.52,,,,,,,,,
2014,Kabkot,1224,NIAS UTARA,,.86,2.64,,,,2.71,,91.83,.43,73.95999999999999,2.18,23.43,1505850,9.52,,,,,,,,,
2014,Kabkot,1225,NIAS BARAT,,1.05,1.93,,,,1,,90.59,.13,87.94,1.22,10.71,1505850,9.52,,,,,,,,,
2014,Kabkot,1271,SIBOLGA,,1.03,29.93,,,,12.41,,41.16,5.16,15.21,3.69,75.94,1505850,9.52,,,,,,,,,
2014,Kabkot,1272,TANJUNG BALAI,,.89,22.54,,,,8.050000000000001,,37.19,6.56,22.79,3.78,66.87,1505850,9.52,,,,,,,,,
2014,Kabkot,1273,PEMATANG SIANTAR,,1.26,35.67,,,,9.26,,41.15,11.4,7.5,7.69,73.41,1505850,9.52,,,,,,,,,
2014,Kabkot,1274,TEBING TINGGI,,1.16,34.96,,,,7.23,,35.97,10.59,5.43,7.07,76.91,1505850,9.52,,,,,,,,,
2014,Kabkot,1275,MEDAN,,1.46,38.79,,,,9.48,,32.91,15.62,3.56,5.97,74.86,1505850,9.52,,,,,,,,,
2014,Kabkot,1276,BINJAI,,1.12,40.99,,,,7.6,,43.64,8.960000000000001,5.14,15.23,70.67,1505850,9.52,,,,,,,,,
2014,Kabkot,1277,PADANGSIDIMPUAN,,1.19,28.51,,,,6.29,,56.84,6.85,21.86,5.98,65.31,1505850,9.52,,,,,,,,,
2014,Kabkot,1278,GUNUNGSITOLI,,1.36,15.45,,,,8.06,,63.35,1.9,47.42,7.99,42.69,1505850,9.52,,,,,,,,,
2014,Kabkot,1301,KEPULAUAN MENTAWAI,,1.32,7.45,,,,1.66,,85.56,1.27,62.2,4.65,31.87,1490000,10.37,,,,,,,,,
2014,Kabkot,1302,PESISIR SELATAN,,1.2,14.98,,,,9.58,,67.06,2.82,47.92,6.35,42.92,1490000,10.37,,,,,,,,,
2014,Kabkot,1303,SOLOK,,.99,17.87,,,,3.55,,69.41,3.18,41.55,4.45,50.82,1490000,10.37,,,,,,,,,
2014,Kabkot,1304,SIJUNJUNG,,1.33,8.08,,,,3.58,,71.58,1.99,47.58,14.78,35.65,1490000,10.37,,,,,,,,,
2014,Kabkot,1305,TANAH DATAR,,1.43,21.39,,,,3.3,,76.03,9.630000000000001,44.63,4.75,40.99,1490000,10.37,,,,,,,,,
2014,Kabkot,1306,PADANG PARIAMAN,,1.13,32.2,,,,7.84,,73.56999999999999,14.74,29.31,6.99,48.96,1490000,10.37,,,,,,,,,
2014,Kabkot,1307,AGAM,,.9399999999999999,27.29,,,,5.56,,67.48999999999999,11.71,38.21,7.43,42.65,1490000,10.37,,,,,,,,,
2014,Kabkot,1308,LIMA PULUH KOTA,,1.04,22.93,,,,2.41,,76.53,12.47,54.04,6.64,26.86,1490000,10.37,,,,,,,,,
2014,Kabkot,1309,PASAMAN,,1.12,7.79,,,,3.27,,81.31999999999999,.92,67.98999999999999,3.92,27.17,1490000,10.37,,,,,,,,,
2014,Kabkot,1310,SOLOK SELATAN,,1.11,9.859999999999999,,,,4.93,,53.53,2.94,44.72,11.64,40.7,1490000,10.37,,,,,,,,,
2014,Kabkot,1311,DHARMASRAYA,,1.11,13.14,,,,2.94,,68.55,2.28,60.58,6.63,30.52,1490000,10.37,,,,,,,,,
2014,Kabkot,1312,PASAMAN BARAT,,.97,12.35,,,,8.17,,71.98,5,54.31,3.23,37.47,1490000,10.37,,,,,,,,,
2014,Kabkot,1371,PADANG,,1.5,34.85,,,,12.28,,40.33,8.43,5.33,12.92,73.31999999999999,1490000,10.37,,,,,,,,,
2014,Kabkot,1372,SOLOK,,1.31,31.12,,,,6.49,,40.76,4.66,6.25,6.62,82.47,1490000,10.37,,,,,,,,,
2014,Kabkot,1373,SAWAH LUNTO,,1.37,24.65,,,,6.38,,52.01,5.83,17.47,16.43,60.27,1490000,10.37,,,,,,,,,
2014,Kabkot,1374,PADANG PANJANG,,1.53,32.65,,,,8.289999999999999,,44.01,9.619999999999999,5.94,8.359999999999999,76.06999999999999,1490000,10.37,,,,,,,,,
2014,Kabkot,1375,BUKITTINGGI,,1.34,37.15,,,,3.93,,41.25,14.19,2.17,4.44,79.19,1490000,10.37,,,,,,,,,
2014,Kabkot,1376,PAYAKUMBUH,,1.37,28.14,,,,6.36,,54.12,9.83,19.14,7.56,63.47,1490000,10.37,,,,,,,,,
2014,Kabkot,1377,PARIAMAN,,1.28,38.58,,,,10.85,,54.48,11.34,22.91,6.47,59.27,1490000,10.37,,,,,,,,,
2014,Kabkot,1401,KUANTAN SINGINGI,,1.09,10.41,,,,6.13,,62.88,2.65,57.2,6.95,33.2,1700000,21.43,,,,,,,,,
2014,Kabkot,1402,INDRAGIRI HULU,,1.03,9.26,,,,3.97,,52.95,1.54,56.5,10.6,31.36,1700000,21.43,,,,,,,,,
2014,Kabkot,1403,INDRAGIRI HILIR,,.95,9.75,,,,4.27,,79,6.16,76.31999999999999,2.02,15.49,1700000,21.43,,,,,,,,,
2014,Kabkot,1404,PELALAWAN,,1.14,17.88,,,,3.42,,57.69,4.65,55.19,3.33,36.83,1700000,21.43,,,,,,,,,
2014,Kabkot,1405,S I A K,,1.09,27.76,,,,3.56,,42.93,16.24,42.26,8.140000000000001,33.36,1700000,21.43,,,,,,,,,
2014,Kabkot,1406,KAMPAR,,1.04,18.2,,,,6.1,,56.66,6.36,43.65,9.73,40.26,1700000,21.43,,,,,,,,,
2014,Kabkot,1407,ROKAN HULU,,.99,9.52,,,,7.9,,62.26,2.44,61.61,4.14,31.81,1700000,21.43,,,,,,,,,
2014,Kabkot,1408,BENGKALIS,,1.73,31.05,,,,7.3,,55.38,12.15,35.98,13,38.87,1700000,21.43,,,,,,,,,
2014,Kabkot,1409,ROKAN HILIR,,.87,14.44,,,,6.25,,46.16,2.63,57.18,5.01,35.19,1700000,21.43,,,,,,,,,
2014,Kabkot,1410,KEPULAUAN MERANTI,,.78,18.04,,,,11.76,,65.41,4.71,54.75,4.12,36.43,1700000,21.43,,,,,,,,,
2014,Kabkot,1471,PEKANBARU,,1.75,32.94,,,,9.199999999999999,,39.09,7.95,4.72,9.74,77.59,1700000,21.43,,,,,,,,,
2014,Kabkot,1473,D U M A I,,1.01,44.55,,,,9.140000000000001,,40.72,13.65,13.31,9.49,63.55,1700000,21.43,,,,,,,,,
2014,Kabkot,1501,KERINCI,,1.36,10.32,,,,4.44,,84.77,1.72,63.31,5.17,29.81,1502300,15.56,,,,,,,,,
2014,Kabkot,1502,MERANGIN,,.93,9.109999999999999,,,,2.55,,72.11,2.28,60.33,4.46,32.93,1502300,15.56,,,,,,,,,
2014,Kabkot,1503,SAROLANGUN,,1.17,10.13,,,,4.13,,55.77,3.92,60.83,3.57,31.68,1502300,15.56,,,,,,,,,
2014,Kabkot,1504,BATANG HARI,,.92,11.02,,,,5.69,,64.12,4.93,65.16,7.41,22.51,1502300,15.56,,,,,,,,,
2014,Kabkot,1505,MUARO JAMBI,,1.01,20.34,,,,4.36,,55.08,8.619999999999999,54.8,6.85,29.72,1502300,15.56,,,,,,,,,
2014,Kabkot,1506,TANJUNG JABUNG TIMUR,,.97,6.43,,,,1.73,,78.84,1.73,66.66,3.16,28.44,1502300,15.56,,,,,,,,,
2014,Kabkot,1507,TANJUNG JABUNG BARAT,,1.57,6.53,,,,1.34,,80.56999999999999,1.3,50.39,2.56,45.75,1502300,15.56,,,,,,,,,
2014,Kabkot,1508,TEBO,,.74,8.6,,,,3.86,,67.18000000000001,2.6,64.98999999999999,3.38,29.03,1502300,15.56,,,,,,,,,
2014,Kabkot,1509,BUNGO,,1.15,12.5,,,,6.34,,46.67,2.68,49.44,14.61,33.27,1502300,15.56,,,,,,,,,
2014,Kabkot,1571,JAMBI,,1.72,29.05,,,,10.13,,42.53,5.09,3.81,12.85,78.25,1502300,15.56,,,,,,,,,
2014,Kabkot,1572,SUNGAI PENUH,,1.4,26.41,,,,10.81,,59.25,5.75,20.34,4.11,69.8,1502300,15.56,,,,,,,,,
2014,Kabkot,1601,OGAN KOMERING ULU,,.92,8.550000000000001,,,,4.4,,41.67,1.86,60.69,3.63,33.82,1825000,11.96,,,,,,,,,
2014,Kabkot,1602,OGAN KOMERING ILIR,,.64,8.359999999999999,,,,3.48,,69.88,3.29,73.09999999999999,3.35,20.26,1825000,11.96,,,,,,,,,
2014,Kabkot,1603,MUARA ENIM,,.8100000000000001,10.57,,,,5.61,,69.53,1.19,61.46,5.46,31.88,1825000,11.96,,,,,,,,,
2014,Kabkot,1604,LAHAT,,.88,10.31,,,,5.62,,78.09999999999999,2.02,63.71,5.62,28.66,1825000,11.96,,,,,,,,,
2014,Kabkot,1605,MUSI RAWAS,,.58,5.58,,,,1.67,,69.18000000000001,2.6,85.19,1.19,11.02,1825000,11.96,,,,,,,,,
2014,Kabkot,1606,MUSI BANYUASIN,,1,7.12,,,,3.74,,73.53,2.08,74.40000000000001,4.44,19.08,1825000,11.96,,,,,,,,,
2014,Kabkot,1607,BANYU ASIN,,1.08,14.07,,,,2.97,,72.86,4.57,60.64,5.27,29.52,1825000,11.96,,,,,,,,,
2014,Kabkot,1608,OGAN KOMERING ULU SELATAN,,.82,5.98,,,,1.92,,88.97,1.45,80.45,1.44,16.66,1825000,11.96,,,,,,,,,
2014,Kabkot,1609,OGAN KOMERING ULU TIMUR,,.63,12.87,,,,4.32,,62.33,4.76,62.32,5.1,27.82,1825000,11.96,,,,,,,,,
2014,Kabkot,1610,OGAN ILIR,,1.32,27.67,,,,3.03,,66.02,14.44,47.13,6.01,32.42,1825000,11.96,,,,,,,,,
2014,Kabkot,1611,EMPAT LAWANG,,.78,5.88,,,,5.87,,79.56999999999999,1.75,69.88,3.96,24.41,1825000,11.96,,,,,,,,,
2014,Kabkot,1671,PALEMBANG,,1.28,39.66,,,,9.32,,34.34,12.54,2.16,10.71,74.59,1825000,11.96,,,,,,,,,
2014,Kabkot,1672,PRABUMULIH,,1.11,24.35,,,,6.9,,53.14,5.34,23.22,14.5,56.94,1825000,11.96,,,,,,,,,
2014,Kabkot,1673,PAGAR ALAM,,.96,20.61,,,,4.81,,68.86,2.67,37.89,8.4,51.05,1825000,11.96,,,,,,,,,
2014,Kabkot,1674,LUBUKLINGGAU,,1.07,21.58,,,,6.8,,39.35,1.49,27.67,10.72,60.11,1825000,11.96,,,,,,,,,
2014,Kabkot,1701,BENGKULU SELATAN,,1.66,11.25,,,,3.25,,76.22,1.65,59.54,4.33,34.48,1350000,12.5,,,,,,,,,
2014,Kabkot,1702,REJANG LEBONG,,1.34,7.47,,,,1.32,,76.16,1.62,62.52,3.08,32.78,1350000,12.5,,,,,,,,,
2014,Kabkot,1703,BENGKULU UTARA,,1.4,12.15,,,,3.64,,66.73,4.13,51.52,4.42,39.93,1350000,12.5,,,,,,,,,
2014,Kabkot,1704,KAUR,,1.35,14.72,,,,3.8,,75.31,5.8,57.71,4.13,32.35,1350000,12.5,,,,,,,,,
2014,Kabkot,1705,SELUMA,,1.36,9.16,,,,3.37,,73.3,2.84,66.84,5.02,25.3,1350000,12.5,,,,,,,,,
2014,Kabkot,1706,MUKOMUKO,,1.08,11.3,,,,3.28,,57.27,4.14,59,4.1,32.75,1350000,12.5,,,,,,,,,
2014,Kabkot,1707,LEBONG,,1.07,9.470000000000001,,,,3.57,,81.08,1.74,61.07,11.49,25.7,1350000,12.5,,,,,,,,,
2014,Kabkot,1708,KEPAHIANG,,1.14,13.76,,,,1.95,,71.33,4.22,59.22,5.28,31.28,1350000,12.5,,,,,,,,,
2014,Kabkot,1709,BENGKULU TENGAH,,1.1,16.9,,,,4.9,,68.94,7.08,57.73,8.52,26.68,1350000,12.5,,,,,,,,,
2014,Kabkot,1771,BENGKULU,,1.62,21.76,,,,5.39,,38.8,2.38,9.81,12.57,75.23999999999999,1350000,12.5,,,,,,,,,
2014,Kabkot,1801,LAMPUNG BARAT,,.95,6.89,,,,2.18,,81.09999999999999,1.9,79.37,1.33,17.4,1399037,21.66,,,,,,,,,
2014,Kabkot,1802,TANGGAMUS,,.61,8.289999999999999,,,,4.6,,84.72,2.15,68.59,3.17,26.1,1399037,21.66,,,,,,,,,
2014,Kabkot,1803,LAMPUNG SELATAN,,1.12,29.02,,,,6.05,,66.56,8.789999999999999,33.24,9.66,48.31,1399037,21.66,,,,,,,,,
2014,Kabkot,1804,LAMPUNG TIMUR,,1.01,19.41,,,,5,,81.45,8.76,50.02,6.36,34.86,1399037,21.66,,,,,,,,,
2014,Kabkot,1805,LAMPUNG TENGAH,,.92,21.09,,,,2.48,,79.7,11.29,52.27,5.48,30.95,1399037,21.66,,,,,,,,,
2014,Kabkot,1806,LAMPUNG UTARA,,1.26,17.66,,,,5.57,,70.7,9.48,52.56,2.25,35.71,1399037,21.66,,,,,,,,,
2014,Kabkot,1807,WAY KANAN,,.79,9.94,,,,3.35,,76.42,4.13,73.88,4.54,17.45,1399037,21.66,,,,,,,,,
2014,Kabkot,1808,TULANGBAWANG,,1.31,15.79,,,,4.15,,59.83,7.51,58.86,3.98,29.65,1399037,21.66,,,,,,,,,
2014,Kabkot,1809,PESAWARAN,,1.41,15.71,,,,8.539999999999999,,71.25,5.96,55.73,6.57,31.74,1399037,21.66,,,,,,,,,
2014,Kabkot,1810,PRINGSEWU,,1.08,26.72,,,,3.78,,74.44,17.03,42.26,6.04,34.66,1399037,21.66,,,,,,,,,
2014,Kabkot,1811,MESUJI,,.76,8.779999999999999,,,,.8100000000000001,,83.78,4.89,70.31,1.85,22.95,1399037,21.66,,,,,,,,,
2014,Kabkot,1812,TULANG BAWANG BARAT,,.89,11.96,,,,5.13,,66.01000000000001,5.11,63.75,2.72,28.42,1399037,21.66,,,,,,,,,
2014,Kabkot,1871,BANDAR LAMPUNG,,1.67,34.19,,,,8.289999999999999,,34.89,9.32,2.55,9.06,79.06999999999999,1399037,21.66,,,,,,,,,
2014,Kabkot,1872,METRO,,1.17,32.77,,,,4.23,,45.26,13.26,9.130000000000001,10.49,67.12,1399037,21.66,,,,,,,,,
2014,Kabkot,1901,BANGKA,,1.16,19.92,,,,8.359999999999999,,49.47,9.23,30.13,24.09,36.56,1640000,29.64,,,,,,,,,
2014,Kabkot,1902,BELITUNG,,1.37,22.07,,,,3.26,,49.22,7.02,38.98,15.42,38.58,1640000,29.64,,,,,,,,,
2014,Kabkot,1903,BANGKA BARAT,,1.09,10.54,,,,3.03,,43.09,2.4,36.66,26.07,34.87,1640000,29.64,,,,,,,,,
2014,Kabkot,1904,BANGKA TENGAH,,1.13,15.6,,,,5.64,,51.86,4.71,31.41,31.29,32.59,1640000,29.64,,,,,,,,,
2014,Kabkot,1905,BANGKA SELATAN,,1.06,6.64,,,,1.21,,75.59999999999999,1.74,50.07,20.87,27.32,1640000,29.64,,,,,,,,,
2014,Kabkot,1906,BELITUNG TIMUR,,1.21,11.1,,,,2.61,,49.29,4.65,25.97,34.59,34.79,1640000,29.64,,,,,,,,,
2014,Kabkot,1971,PANGKALPINANG,,1.29,30.14,,,,8.84,,37.91,9.16,4.98,12,73.84999999999999,1640000,29.64,,,,,,,,,
2014,Kabkot,2101,KARIMUN,,1.29,34.4,,,,6.64,,48.57,7.43,24.02,20.13,48.42,1665000,21.97,,,,,,,,,
2014,Kabkot,2102,BINTAN,,1.36,39.28,,,,8.119999999999999,,39.54,12.46,25.32,10.99,51.22,1665000,21.97,,,,,,,,,
2014,Kabkot,2103,NATUNA,,1.27,24.55,,,,7.6,,59.71,6.3,30.17,13.23,50.3,1665000,21.97,,,,,,,,,
2014,Kabkot,2104,LINGGA,,.97,18.8,,,,4.14,,61.75,9.92,41.73,9.039999999999999,39.3,1665000,21.97,,,,,,,,,
2014,Kabkot,2105,KEPULAUAN ANAMBAS,,1.61,21.2,,,,5.24,,45.28,4.03,31.55,16.85,47.57,1665000,21.97,,,,,,,,,
2014,Kabkot,2171,B A T A M,,2.32,58.07,,,,6.64,,22.9,34.72,2.89,6.48,55.92,1665000,21.97,,,,,,,,,
2014,Kabkot,2172,TANJUNG PINANG,,1.65,32.69,,,,6.93,,26.67,5.42,3.15,12.58,78.84999999999999,1665000,21.97,,,,,,,,,
2014,Kabkot,3101,KEPULAUAN SERIBU,,.88,25.27,,,,5.43,,53.5,2.42,25.37,3.1,69.11,2441000,10.95,,,,,,,,,
2014,Kabkot,3171,JAKARTA SELATAN,,1.4,35.48,,,,7.56,,27.19,8.02,.65,6.98,84.36,2441000,10.95,,,,,,,,,
2014,Kabkot,3172,JAKARTA TIMUR,,1.22,40.62,,,,8.720000000000001,,27.8,17.88,.52,5.67,75.93000000000001,2441000,10.95,,,,,,,,,
2014,Kabkot,3173,JAKARTA PUSAT,,1.25,35.19,,,,7.81,,28.57,8.050000000000001,.1,4.57,87.28,2441000,10.95,,,,,,,,,
2014,Kabkot,3174,JAKARTA BARAT,,.99,40.06,,,,9,,24.72,17.39,.21,3,79.40000000000001,2441000,10.95,,,,,,,,,
2014,Kabkot,3175,JAKARTA UTARA,,1.14,45.46,,,,8.880000000000001,,30.55,17.04,1.1,7.16,74.7,2441000,10.95,,,,,,,,,
2014,Kabkot,3201,BOGOR,,1.83,48.36,,,,7.65,,48.79,26.22,12.17,12.13,49.47,1000000,17.65,,,,,,,,,
2014,Kabkot,3202,SUKABUMI,,1.31,38.9,,,,8.09,,71.03,21.66,29.14,8.470000000000001,40.73,1000000,17.65,,,,,,,,,
2014,Kabkot,3203,CIANJUR,,1.27,24.36,,,,14.87,,69.91,11.4,39.1,7.45,42.04,1000000,17.65,,,,,,,,,
2014,Kabkot,3204,BANDUNG,,1.49,54.33,,,,8.48,,45.6,36.04,17.01,11.09,35.86,1000000,17.65,,,,,,,,,
2014,Kabkot,3205,GARUT,,1.22,28.2,,,,7.71,,72.11,10.32,33.35,8.74,47.59,1000000,17.65,,,,,,,,,
2014,Kabkot,3206,TASIKMALAYA,,1.27,31.17,,,,6.93,,78.29000000000001,16.96,35.41,5.68,41.94,1000000,17.65,,,,,,,,,
2014,Kabkot,3207,CIAMIS,,1.26,26.37,,,,4.92,,73.90000000000001,17.46,34.82,6.12,41.6,1000000,17.65,,,,,,,,,
2014,Kabkot,3208,KUNINGAN,,1.7,26.44,,,,6.88,,71.62,10.21,34.32,8.98,46.49,1000000,17.65,,,,,,,,,
2014,Kabkot,3209,CIREBON,,.99,30.12,,,,13.32,,72.56,8.94,22.65,10.92,57.49,1000000,17.65,,,,,,,,,
2014,Kabkot,3210,MAJALENGKA,,1.18,29.91,,,,4.47,,73.38,12.71,33.12,9.970000000000001,44.2,1000000,17.65,,,,,,,,,
2014,Kabkot,3211,SUMEDANG,,2.47,30.51,,,,7.51,,62.57,13.99,27.79,10.3,47.92,1000000,17.65,,,,,,,,,
2014,Kabkot,3212,INDRAMAYU,,1.78,23.02,,,,8.01,,78.97,4.41,40.61,6.25,48.74,1000000,17.65,,,,,,,,,
2014,Kabkot,3213,SUBANG,,1.41,32.48,,,,6.74,,68.8,17.64,37.9,6.85,37.61,1000000,17.65,,,,,,,,,
2014,Kabkot,3214,PURWAKARTA,,1.88,43.63,,,,7.83,,60.98,20.29,23.53,18.58,37.59,1000000,17.65,,,,,,,,,
2014,Kabkot,3215,KARAWANG,,2.43,38.58,,,,11.1,,56.39,25.11,17.62,6.57,50.7,1000000,17.65,,,,,,,,,
2014,Kabkot,3216,BEKASI,,2.15,54.8,,,,6.79,,37.48,36.47,10.45,5.67,47.42,1000000,17.65,,,,,,,,,
2014,Kabkot,3217,BANDUNG BARAT,,1.04,41.96,,,,8.15,,49.68,17.85,24.33,16.64,41.17,1000000,17.65,,,,,,,,,
2014,Kabkot,3271,BOGOR,,1.94,40.83,,,,9.48,,32.94,13.17,1.59,8.42,76.81999999999999,1000000,17.65,,,,,,,,,
2014,Kabkot,3272,SUKABUMI,,1.65,37.51,,,,11.64,,39.42,17.66,3.82,8.74,69.78,1000000,17.65,,,,,,,,,
2014,Kabkot,3273,BANDUNG,,2.18,43.82,,,,8.050000000000001,,29.1,22.25,.8100000000000001,7.19,69.75,1000000,17.65,,,,,,,,,
2014,Kabkot,3274,CIREBON,,1.39,35,,,,11.02,,41.5,10.6,1.05,8.08,80.28,1000000,17.65,,,,,,,,,
2014,Kabkot,3275,BEKASI,,3.36,44.62,,,,9.359999999999999,,20.59,25.63,.46,7.59,66.33,1000000,17.65,,,,,,,,,
2014,Kabkot,3276,DEPOK,,2.41,37.53,,,,8.44,,31.69,12.21,1.74,7.93,78.11,1000000,17.65,,,,,,,,,
2014,Kabkot,3277,CIMAHI,,2.12,47.5,,,,9.619999999999999,,28.09,31.3,1.1,6.84,60.76,1000000,17.65,,,,,,,,,
2014,Kabkot,3278,TASIKMALAYA,,1.11,50.04,,,,5.38,,47.86,31.31,8.99,11.87,47.83,1000000,17.65,,,,,,,,,
2014,Kabkot,3279,BANJAR,,1.46,36.3,,,,7.38,,49.26,15.55,15.57,8.609999999999999,60.27,1000000,17.65,,,,,,,,,
2014,Kabkot,3301,CILACAP,,1.94,34.64,,,,5.65,,75.33,18.62,34.72,8.19,38.46,910000,9.640000000000001,,,,,,,,,
2014,Kabkot,3302,BANYUMAS,,1.69,36.16,,,,5.37,,71.70999999999999,18.94,23,9.25,48.81,910000,9.640000000000001,,,,,,,,,
2014,Kabkot,3303,PURBALINGGA,,1.22,43.38,,,,5.13,,59.14,32.89,30.51,8.41,28.19,910000,9.640000000000001,,,,,,,,,
2014,Kabkot,3304,BANJARNEGARA,,1.34,18.61,,,,4.06,,77.02,9.470000000000001,53.5,5.28,31.74,910000,9.640000000000001,,,,,,,,,
2014,Kabkot,3305,KEBUMEN,,1.38,36.93,,,,3.25,,79.39,25.38,36.54,6.56,31.52,910000,9.640000000000001,,,,,,,,,
2014,Kabkot,3306,PURWOREJO,,1.85,25.95,,,,5.1,,69.42,13.53,36.66,6.66,43.15,910000,9.640000000000001,,,,,,,,,
2014,Kabkot,3307,WONOSOBO,,2.09,18.78,,,,5.34,,79.86,8.539999999999999,54.05,4.15,33.25,910000,9.640000000000001,,,,,,,,,
2014,Kabkot,3308,MAGELANG,,1.63,27.66,,,,7.45,,71.31999999999999,13.31,38.96,7.98,39.75,910000,9.640000000000001,,,,,,,,,
2014,Kabkot,3309,BOYOLALI,,1.77,41.63,,,,4.95,,57.9,21.15,28.08,11.84,38.94,910000,9.640000000000001,,,,,,,,,
2014,Kabkot,3310,KLATEN,,1.38,43.04,,,,4.75,,54.83,30.33,18.9,6.57,44.19,910000,9.640000000000001,,,,,,,,,
2014,Kabkot,3311,SUKOHARJO,,1.67,50.36,,,,4.6,,45.26,30.55,11.07,9.5,48.88,910000,9.640000000000001,,,,,,,,,
2014,Kabkot,3312,WONOGIRI,,1.46,20.78,,,,3.45,,83.04000000000001,8.779999999999999,55.09,8.880000000000001,27.25,910000,9.640000000000001,,,,,,,,,
2014,Kabkot,3313,KARANGANYAR,,1.73,38.67,,,,3.54,,54.33,23.61,25.09,9.539999999999999,41.77,910000,9.640000000000001,,,,,,,,,
2014,Kabkot,3314,SRAGEN,,1.51,35.03,,,,6.04,,69.26000000000001,16.85,36.89,9.109999999999999,37.14,910000,9.640000000000001,,,,,,,,,
2014,Kabkot,3315,GROBOGAN,,1.51,27.94,,,,4.25,,79.23999999999999,9.039999999999999,45.65,11.98,33.33,910000,9.640000000000001,,,,,,,,,
2014,Kabkot,3316,BLORA,,1.83,21.91,,,,4.3,,74.67,6,43.09,9.449999999999999,41.45,910000,9.640000000000001,,,,,,,,,
2014,Kabkot,3317,REMBANG,,1.8,23.51,,,,5.23,,69.95,7.93,49.25,8.35,34.46,910000,9.640000000000001,,,,,,,,,
2014,Kabkot,3318,PATI,,1.99,28.38,,,,6.37,,69.58,13.15,39.13,8.380000000000001,39.34,910000,9.640000000000001,,,,,,,,,
2014,Kabkot,3319,KUDUS,,1.2,61.31,,,,5.03,,41.4,40.92,9.279999999999999,12.15,37.65,910000,9.640000000000001,,,,,,,,,
2014,Kabkot,3320,JEPARA,,1.29,60.52,,,,5.09,,47,45.89,10.85,8,35.26,910000,9.640000000000001,,,,,,,,,
2014,Kabkot,3321,DEMAK,,1.73,30.12,,,,5.17,,68.59,11.64,33.3,9.449999999999999,45.61,910000,9.640000000000001,,,,,,,,,
2014,Kabkot,3322,SEMARANG,,1.48,39.89,,,,4.38,,59.93,23.89,36.63,8.26,31.22,910000,9.640000000000001,,,,,,,,,
2014,Kabkot,3323,TEMANGGUNG,,1.28,28.4,,,,3.19,,78.77,18.85,47.24,5.63,28.28,910000,9.640000000000001,,,,,,,,,
2014,Kabkot,3324,KENDAL,,1.49,27.94,,,,6.15,,65.39,15.01,41.19,5.84,37.96,910000,9.640000000000001,,,,,,,,,
2014,Kabkot,3325,BATANG,,1.4,44.67,,,,7.42,,64.76000000000001,29.16,25.83,10.73,34.27,910000,9.640000000000001,,,,,,,,,
2014,Kabkot,3326,PEKALONGAN,,1.14,57.01,,,,6.03,,51.11,41.65,17.91,8.529999999999999,31.91,910000,9.640000000000001,,,,,,,,,
2014,Kabkot,3327,PEMALANG,,1.22,31.22,,,,7.44,,75.08,12.22,37.9,11.18,38.7,910000,9.640000000000001,,,,,,,,,
2014,Kabkot,3328,TEGAL,,1.29,41.37,,,,8.470000000000001,,61.85,18,22.96,11.34,47.7,910000,9.640000000000001,,,,,,,,,
2014,Kabkot,3329,BREBES,,1.51,24.73,,,,9.529999999999999,,80.90000000000001,5.41,43.69,8.65,42.25,910000,9.640000000000001,,,,,,,,,
2014,Kabkot,3371,MAGELANG,,1.86,35.15,,,,7.38,,44.43,16.84,.68,3.97,78.51000000000001,910000,9.640000000000001,,,,,,,,,
2014,Kabkot,3372,SURAKARTA,,1.63,47.17,,,,6.16,,33.61,25.61,.8,4.95,68.64,910000,9.640000000000001,,,,,,,,,
2014,Kabkot,3373,SALATIGA,,1.78,43.66,,,,4.46,,40.94,23.06,8.25,9.960000000000001,58.73,910000,9.640000000000001,,,,,,,,,
2014,Kabkot,3374,SEMARANG,,1.77,46.47,,,,7.76,,28.38,23.83,2.91,5.1,68.15000000000001,910000,9.640000000000001,,,,,,,,,
2014,Kabkot,3375,PEKALONGAN,,1.21,51.88,,,,5.42,,31.94,35.79,4.65,7.82,51.75,910000,9.640000000000001,,,,,,,,,
2014,Kabkot,3376,TEGAL,,1.71,35.81,,,,9.199999999999999,,49.03,12.57,8.49,7.41,71.53,910000,9.640000000000001,,,,,,,,,
2014,Kabkot,3401,KULON PROGO,,1.33,23,,,,2.88,,74.51000000000001,13.38,50.02,5.37,31.23,988500,4.37,,,,,,,,,
2014,Kabkot,3402,BANTUL,,1.56,42.57,,,,2.57,,47.21,21.33,14.41,11.77,52.48,988500,4.37,,,,,,,,,
2014,Kabkot,3403,GUNUNGKIDUL,,1.5,21.75,,,,1.61,,76.42,7.13,52.61,9.08,31.17,988500,4.37,,,,,,,,,
2014,Kabkot,3404,SLEMAN,,1.93,36.98,,,,4.21,,38.6,15.01,14.14,7.34,63.52,988500,4.37,,,,,,,,,
2014,Kabkot,3471,YOGYAKARTA,,1.94,39.61,,,,6.35,,34.77,13.72,.61,6.36,79.31,988500,4.37,,,,,,,,,
2014,Kabkot,3501,PACITAN,,1.67,17.04,,,,1.08,,85.06999999999999,9.449999999999999,66.28,5.42,18.84,1000000,15.44,,,,,,,,,
2014,Kabkot,3502,PONOROGO,,1.5,22.2,,,,3.66,,83.18000000000001,6.38,54.65,9.73,29.23,1000000,15.44,,,,,,,,,
2014,Kabkot,3503,TRENGGALEK,,1.29,26.66,,,,4.2,,83.20999999999999,16.33,56.41,7.23,20.03,1000000,15.44,,,,,,,,,
2014,Kabkot,3504,TULUNGAGUNG,,1.01,31.91,,,,2.42,,73.20999999999999,19.86,40,7.24,32.9,1000000,15.44,,,,,,,,,
2014,Kabkot,3505,BLITAR,,1.15,20.39,,,,3.08,,70.95999999999999,10.2,48.24,5.61,35.95,1000000,15.44,,,,,,,,,
2014,Kabkot,3506,KEDIRI,,1.29,34.54,,,,4.91,,66.3,15.83,33.32,8.359999999999999,42.49,1000000,15.44,,,,,,,,,
2014,Kabkot,3507,MALANG,,1.21,30.49,,,,4.83,,68.64,14,42.38,10.5,33.13,1000000,15.44,,,,,,,,,
2014,Kabkot,3508,LUMAJANG,,1.02,24.04,,,,2.83,,78.56999999999999,11.42,51.78,6.69,30.11,1000000,15.44,,,,,,,,,
2014,Kabkot,3509,JEMBER,,.95,24.71,,,,4.64,,64.15000000000001,11.05,45.34,10.5,33.11,1000000,15.44,,,,,,,,,
2014,Kabkot,3510,BANYUWANGI,,1.26,31.8,,,,7.17,,63.24,14.12,33.42,8.65,43.81,1000000,15.44,,,,,,,,,
2014,Kabkot,3511,BONDOWOSO,,1.18,24.22,,,,3.72,,71.8,13.22,41.43,6.4,38.95,1000000,15.44,,,,,,,,,
2014,Kabkot,3512,SITUBONDO,,1.25,28.38,,,,4.15,,69.31999999999999,13.94,39.69,6.56,39.81,1000000,15.44,,,,,,,,,
2014,Kabkot,3513,PROBOLINGGO,,1.39,21.83,,,,1.47,,77.70999999999999,8.6,49,7.15,35.26,1000000,15.44,,,,,,,,,
2014,Kabkot,3514,PASURUAN,,1.43,41.01,,,,4.43,,60.04,24.66,29.83,8.289999999999999,37.22,1000000,15.44,,,,,,,,,
2014,Kabkot,3515,SIDOARJO,,2.43,54.05,,,,3.88,,29.94,35.92,6,6.37,51.72,1000000,15.44,,,,,,,,,
2014,Kabkot,3516,MOJOKERTO,,1.62,48,,,,3.81,,59.1,31.79,19.46,4.9,43.85,1000000,15.44,,,,,,,,,
2014,Kabkot,3517,JOMBANG,,1.51,39.75,,,,4.39,,66.56999999999999,19.33,24.88,11.07,44.71,1000000,15.44,,,,,,,,,
2014,Kabkot,3518,NGANJUK,,1.87,28.86,,,,3.93,,78.86,12.23,41,8.4,38.37,1000000,15.44,,,,,,,,,
2014,Kabkot,3519,MADIUN,,1.62,18.24,,,,3.38,,78.72,4.04,47.09,7.56,41.31,1000000,15.44,,,,,,,,,
2014,Kabkot,3520,MAGETAN,,1.73,23.83,,,,4.28,,74.03,10.72,46.23,6,37.06,1000000,15.44,,,,,,,,,
2014,Kabkot,3521,NGAWI,,1.64,17.6,,,,5.61,,79.48999999999999,3.83,55.48,8.779999999999999,31.91,1000000,15.44,,,,,,,,,
2014,Kabkot,3522,BOJONEGORO,,1.23,16.5,,,,3.21,,75.18000000000001,5.98,60.55,6.97,26.5,1000000,15.44,,,,,,,,,
2014,Kabkot,3523,TUBAN,,1.13,23.51,,,,3.63,,69.05,8.16,43.62,9,39.23,1000000,15.44,,,,,,,,,
2014,Kabkot,3524,LAMONGAN,,1.17,19.79,,,,4.3,,74.89,6.97,44.57,5.87,42.59,1000000,15.44,,,,,,,,,
2014,Kabkot,3525,GRESIK,,2.1,47.01,,,,5.06,,38.48,29.48,17.47,8.23,44.82,1000000,15.44,,,,,,,,,
2014,Kabkot,3526,BANGKALAN,,1.58,14.81,,,,5.68,,85.2,5.6,60.6,4.73,29.07,1000000,15.44,,,,,,,,,
2014,Kabkot,3527,SAMPANG,,.91,24.02,,,,2.22,,86.61,14.42,56.67,6.08,22.84,1000000,15.44,,,,,,,,,
2014,Kabkot,3528,PAMEKASAN,,1.22,11.47,,,,2.14,,86.64,3.51,65.54000000000001,5.15,25.79,1000000,15.44,,,,,,,,,
2014,Kabkot,3529,SUMENEP,,.86,6.52,,,,1.01,,88.01000000000001,2.79,76.54000000000001,2.34,18.33,1000000,15.44,,,,,,,,,
2014,Kabkot,3571,KEDIRI,,1.5,42.76,,,,7.66,,43.05,14.47,2.22,9.76,73.55,1000000,15.44,,,,,,,,,
2014,Kabkot,3572,BLITAR,,2.01,35.09,,,,5.71,,42.84,14.97,10.53,6.66,67.83,1000000,15.44,,,,,,,,,
2014,Kabkot,3573,MALANG,,1.34,48.1,,,,7.22,,34.98,22.68,1.98,10.74,64.59999999999999,1000000,15.44,,,,,,,,,
2014,Kabkot,3574,PROBOLINGGO,,2.37,43.61,,,,5.16,,35.35,20.99,7.65,6.3,65.06999999999999,1000000,15.44,,,,,,,,,
2014,Kabkot,3575,PASURUAN,,1.89,37.66,,,,6.09,,38.12,21.36,5.84,4.79,68.01000000000001,1000000,15.44,,,,,,,,,
2014,Kabkot,3576,MOJOKERTO,,2.13,51.73,,,,4.42,,43.98,26.65,2.19,10.91,60.25,1000000,15.44,,,,,,,,,
2014,Kabkot,3577,MADIUN,,1.09,34.17,,,,6.93,,39.38,8.73,3.98,6.03,81.25,1000000,15.44,,,,,,,,,
2014,Kabkot,3578,SURABAYA,,1.87,38.67,,,,5.82,,31.29,17.09,.99,6.42,75.5,1000000,15.44,,,,,,,,,
2014,Kabkot,3579,BATU,,1.09,29.67,,,,2.43,,59.6,7.14,31.93,10.87,50.06,1000000,15.44,,,,,,,,,
2014,Kabkot,3601,PANDEGLANG,,1.31,22.23,,,,7.03,,78.83,7.4,41.67,7.48,43.44,1325000,13.25,,,,,,,,,
2014,Kabkot,3602,LEBAK,,1.2,24.15,,,,9.57,,77.43000000000001,5.88,35.27,18.07,40.78,1325000,13.25,,,,,,,,,
2014,Kabkot,3603,TANGERANG,,1.48,61.67,,,,8.449999999999999,,28.45,46.99,6.21,5.97,40.84,1325000,13.25,,,,,,,,,
2014,Kabkot,3604,SERANG,,1.31,42.22,,,,14.76,,53.12,25.1,20.83,7.35,46.72,1325000,13.25,,,,,,,,,
2014,Kabkot,3671,TANGERANG,,1.62,54.88,,,,7.81,,20.99,34.41,.86,5.08,59.65,1325000,13.25,,,,,,,,,
2014,Kabkot,3672,CILEGON,,2.48,52.17,,,,11.83,,32.36,23.14,2.27,8.460000000000001,66.13,1325000,13.25,,,,,,,,,
2014,Kabkot,3673,SERANG,,1.5,37.88,,,,10.03,,40.02,19.01,7.68,8.380000000000001,64.93000000000001,1325000,13.25,,,,,,,,,
2014,Kabkot,3674,TANGERANG SELATAN,,3.04,33.32,,,,6.92,,21.02,6.36,.48,9.07,84.09,1325000,13.25,,,,,,,,,
2014,Kabkot,5101,JEMBRANA,,1.06,28.73,,,,2.95,,64.98999999999999,18.12,33.74,8.57,39.57,1542600,30.62,,,,,,,,,
2014,Kabkot,5102,TABANAN,,1.3,31.51,,,,2.25,,58.69,9.85,35.56,12.69,41.89,1542600,30.62,,,,,,,,,
2014,Kabkot,5103,BADUNG,,1.36,48.37,,,,.48,,38.46,15.9,8.09,11.92,64.09,1542600,30.62,,,,,,,,,
2014,Kabkot,5104,GIANYAR,,1.04,47.63,,,,1.43,,45.95,22.53,14.33,7.33,55.8,1542600,30.62,,,,,,,,,
2014,Kabkot,5105,KLUNGKUNG,,1.28,34.16,,,,1.94,,59.44,16.39,22.8,11.06,49.75,1542600,30.62,,,,,,,,,
2014,Kabkot,5106,BANGLI,,.77,29.71,,,,.67,,80.22,20,50,7.46,22.54,1542600,30.62,,,,,,,,,
2014,Kabkot,5107,KARANGASEM,,.98,25.64,,,,2.06,,72.48999999999999,10.16,46.76,9.85,33.24,1542600,30.62,,,,,,,,,
2014,Kabkot,5108,BULELENG,,.96,29.64,,,,2.74,,63.52,10.7,32.88,9.73,46.69,1542600,30.62,,,,,,,,,
2014,Kabkot,5171,DENPASAR,,1.45,43.68,,,,2.32,,29.29,12.55,1.33,9.4,76.72,1542600,30.62,,,,,,,,,
2014,Kabkot,5201,LOMBOK BARAT,,1.06,20.7,,,,4.19,,57.8,7.92,45.79,11.21,35.08,1210000,10,,,,,,,,,
2014,Kabkot,5202,LOMBOK TENGAH,,1.81,21.77,,,,6.37,,85.20999999999999,12.18,53.96,9,24.86,1210000,10,,,,,,,,,
2014,Kabkot,5203,LOMBOK TIMUR,,1.46,24.11,,,,7.16,,81.59999999999999,13.25,40.79,4.75,41.2,1210000,10,,,,,,,,,
2014,Kabkot,5204,SUMBAWA,,1.47,14.76,,,,4.27,,75.2,5.17,48.26,4.77,41.8,1210000,10,,,,,,,,,
2014,Kabkot,5205,DOMPU,,1.94,18.95,,,,6.51,,72.88,3.03,45.48,6.66,44.84,1210000,10,,,,,,,,,
2014,Kabkot,5206,BIMA,,.99,10.9,,,,4.1,,82.84999999999999,5.52,60.7,2.94,30.83,1210000,10,,,,,,,,,
2014,Kabkot,5207,SUMBAWA BARAT,,1.86,14.54,,,,5.71,,71.87,2.77,39.34,10.8,47.09,1210000,10,,,,,,,,,
2014,Kabkot,5208,LOMBOK UTARA,,1.24,20.66,,,,5.42,,86,6.27,54.42,5.28,34.03,1210000,10,,,,,,,,,
2014,Kabkot,5271,MATARAM,,1.75,26.21,,,,4.79,,49.22,5.76,3.59,9.33,81.31999999999999,1210000,10,,,,,,,,,
2014,Kabkot,5272,BIMA,,2.03,32.55,,,,8.69,,47.38,15.54,12.19,6.45,65.83,1210000,10,,,,,,,,,
2014,Kabkot,5301,SUMBA BARAT,,1.51,11.86,,,,2.58,,79.42,5.44,63.03,5.25,26.29,1150000,13.86,,,,,,,,,
2014,Kabkot,5302,SUMBA TIMUR,,1.52,12.66,,,,1.69,,82.55,7.3,64.84999999999999,5.55,22.3,1150000,13.86,,,,,,,,,
2014,Kabkot,5303,KUPANG,,1.22,12.38,,,,1.85,,82.43000000000001,3.83,70.64,4.54,20.99,1150000,13.86,,,,,,,,,
2014,Kabkot,5304,TIMOR TENGAH SELATAN,,1.43,18.63,,,,1.69,,88.04000000000001,11.88,64.55,4.56,19.01,1150000,13.86,,,,,,,,,
2014,Kabkot,5305,TIMOR TENGAH UTARA,,1.82,21.65,,,,2.2,,79.64,10.9,57.69,6.22,25.18,1150000,13.86,,,,,,,,,
2014,Kabkot,5306,BELU,,1.36,14.31,,,,2.96,,79.38,4.01,65.98999999999999,4.58,25.42,1150000,13.86,,,,,,,,,
2014,Kabkot,5307,ALOR,,1.52,13.64,,,,3.45,,81.65000000000001,5.74,63.43,4.43,26.4,1150000,13.86,,,,,,,,,
2014,Kabkot,5308,LEMBATA,,1.45,17.81,,,,6.73,,69.61,7.83,52,5.17,35,1150000,13.86,,,,,,,,,
2014,Kabkot,5309,FLORES TIMUR,,1.69,15.72,,,,2.41,,78.91,7.02,62.26,4.33,26.39,1150000,13.86,,,,,,,,,
2014,Kabkot,5310,SIKKA,,1.55,17.59,,,,5.24,,72.01000000000001,11.11,54.93,1.62,32.34,1150000,13.86,,,,,,,,,
2014,Kabkot,5311,ENDE,,1.26,31.1,,,,2,,74.06999999999999,19.93,39.57,4.54,35.96,1150000,13.86,,,,,,,,,
2014,Kabkot,5312,NGADA,,1.56,13.47,,,,.83,,79.29000000000001,5.66,63.74,3.56,27.03,1150000,13.86,,,,,,,,,
2014,Kabkot,5313,MANGGARAI,,1.55,20.83,,,,3.95,,84.22,5.31,58.47,11.88,24.35,1150000,13.86,,,,,,,,,
2014,Kabkot,5314,ROTE NDAO,,1.13,14.28,,,,4.89,,87.45,10.48,72.03,3.16,14.33,1150000,13.86,,,,,,,,,
2014,Kabkot,5315,MANGGARAI BARAT,,1.49,10.1,,,,2.81,,81.78,5.14,68.08,2.59,24.19,1150000,13.86,,,,,,,,,
2014,Kabkot,5316,SUMBA TENGAH,,1.27,9.85,,,,.25,,83.55,5.85,73.23,5.25,15.67,1150000,13.86,,,,,,,,,
2014,Kabkot,5317,SUMBA BARAT DAYA,,1.12,10.57,,,,3.07,,90.77,6.26,79.7,2.88,11.16,1150000,13.86,,,,,,,,,
2014,Kabkot,5318,NAGEKEO,,1.5,12.4,,,,2.5,,81.66,6.93,68.56999999999999,2.98,21.52,1150000,13.86,,,,,,,,,
2014,Kabkot,5319,MANGGARAI TIMUR,,1.32,9.06,,,,.37,,92.86,6.1,85.83,1.89,6.18,1150000,13.86,,,,,,,,,
2014,Kabkot,5320,SABU RAIJUA,,.84,18.02,,,,3.75,,87.19,14.35,67.17,5.03,13.45,1150000,13.86,,,,,,,,,
2014,Kabkot,5371,KUPANG,,2.05,24.42,,,,11.38,,29.98,2.95,3.81,8.6,84.64,1150000,13.86,,,,,,,,,
2014,Kabkot,6101,SAMBAS,,1.29,11.74,,,,3.7,,83.26000000000001,5.01,71.14,3.42,20.44,1380000,30.19,,,,,,,,,
2014,Kabkot,6102,BENGKAYANG,,1.28,8.779999999999999,,,,3.74,,70.91,1.87,67.66,11.57,18.9,1380000,30.19,,,,,,,,,
2014,Kabkot,6103,LANDAK,,1.51,6.14,,,,3.43,,79.52,.8,75.05,5.99,18.16,1380000,30.19,,,,,,,,,
2014,Kabkot,6104,MEMPAWAH,,1.11,17.72,,,,5.57,,50.14,6.54,53.38,9.640000000000001,30.45,1380000,30.19,,,,,,,,,
2014,Kabkot,6105,SANGGAU,,1.53,7.96,,,,3.25,,76.87,2.2,74.67,3,20.14,1380000,30.19,,,,,,,,,
2014,Kabkot,6106,KETAPANG,,1.45,12.92,,,,2.06,,62.63,2.82,54.92,11.62,30.64,1380000,30.19,,,,,,,,,
2014,Kabkot,6107,SINTANG,,1.41,7.79,,,,3.06,,69.40000000000001,1.64,67.20999999999999,15.2,15.95,1380000,30.19,,,,,,,,,
2014,Kabkot,6108,KAPUAS HULU,,1.37,9.380000000000001,,,,2.02,,75.17,1.74,71.48,11.08,15.71,1380000,30.19,,,,,,,,,
2014,Kabkot,6109,SEKADAU,,2.03,4.7,,,,.31,,88.31,.97,81.75,4.9,12.38,1380000,30.19,,,,,,,,,
2014,Kabkot,6110,MELAWI,,1.2,3.78,,,,2.46,,72.18000000000001,.43,74.36,10.76,14.45,1380000,30.19,,,,,,,,,
2014,Kabkot,6111,KAYONG UTARA,,1.2,19.41,,,,4.08,,61.05,2.53,49.32,12.09,36.06,1380000,30.19,,,,,,,,,
2014,Kabkot,6112,KUBU RAYA,,1.19,23.45,,,,6.18,,58.67,7.44,48.76,10.65,33.15,1380000,30.19,,,,,,,,,
2014,Kabkot,6171,PONTIANAK,,1.66,37.34,,,,7.05,,27.11,9.07,5.65,13.31,71.95999999999999,1380000,30.19,,,,,,,,,
2014,Kabkot,6172,SINGKAWANG,,1.34,25.07,,,,8.220000000000001,,44.41,4.64,27.22,13.23,54.9,1380000,30.19,,,,,,,,,
2014,Kabkot,6201,KOTAWARINGIN BARAT,,1.13,20.79,,,,2.66,,44.01,4.67,49.51,9.779999999999999,36.05,1723970,11,,,,,,,,,
2014,Kabkot,6202,KOTAWARINGIN TIMUR,,1.07,13.54,,,,4.11,,51.59,4.2,51.18,6.08,38.54,1723970,11,,,,,,,,,
2014,Kabkot,6203,KAPUAS,,1.39,5.7,,,,2.5,,76.87,1.78,71.45999999999999,5.57,21.19,1723970,11,,,,,,,,,
2014,Kabkot,6204,BARITO SELATAN,,1.41,5.84,,,,3.77,,76.7,1,63.96,5.62,29.42,1723970,11,,,,,,,,,
2014,Kabkot,6205,BARITO UTARA,,1.47,7.67,,,,3.34,,72.73,.62,63.35,10.79,25.24,1723970,11,,,,,,,,,
2014,Kabkot,6206,SUKAMARA,,1.22,14.34,,,,1.67,,29.46,3.5,57.6,4.3,34.59,1723970,11,,,,,,,,,
2014,Kabkot,6207,LAMANDAU,,1.34,7.29,,,,2.61,,50.78,1.15,62.59,6.29,29.98,1723970,11,,,,,,,,,
2014,Kabkot,6208,SERUYAN,,1.1,10.1,,,,4.4,,45.52,1,66.19,7.98,24.83,1723970,11,,,,,,,,,
2014,Kabkot,6209,KATINGAN,,1.09,9.9,,,,5.23,,61.08,3.73,50.77,21.05,24.45,1723970,11,,,,,,,,,
2014,Kabkot,6210,PULANG PISAU,,1.28,10.72,,,,4.28,,70.31,1.56,52.46,16.65,29.34,1723970,11,,,,,,,,,
2014,Kabkot,6211,GUNUNG MAS,,1.03,4.52,,,,1.2,,65.3,.82,43.82,27.48,27.88,1723970,11,,,,,,,,,
2014,Kabkot,6212,BARITO TIMUR,,1.39,11.02,,,,2.46,,72.64,2.28,56.43,8.199999999999999,33.09,1723970,11,,,,,,,,,
2014,Kabkot,6213,MURUNG RAYA,,1.48,5.87,,,,1.13,,72.8,0,54.35,18.36,27.28,1723970,11,,,,,,,,,
2014,Kabkot,6271,PALANGKA RAYA,,1.32,25.04,,,,3.36,,42.8,2.34,8.69,16.6,72.38,1723970,11,,,,,,,,,
2014,Kabkot,6301,TANAH LAUT,,1.02,15.92,,,,2.93,,63.45,3.83,48.12,12.54,35.51,1620000,21.12,,,,,,,,,
2014,Kabkot,6302,KOTABARU,,1.46,17.6,,,,3.94,,53.35,3.5,43.33,15.1,38.07,1620000,21.12,,,,,,,,,
2014,Kabkot,6303,BANJAR,,1.41,16.35,,,,3.29,,67.22,6.2,51.49,7.35,34.96,1620000,21.12,,,,,,,,,
2014,Kabkot,6304,BARITO KUALA,,1.51,18.11,,,,2.21,,68.97,4.71,53.02,8.06,34.21,1620000,21.12,,,,,,,,,
2014,Kabkot,6305,TAPIN,,1.82,10.08,,,,1.79,,79.48,2.91,59.82,10.34,26.93,1620000,21.12,,,,,,,,,
2014,Kabkot,6306,HULU SUNGAI SELATAN,,1.19,20.56,,,,2.64,,63.92,11.34,44.39,6.61,37.66,1620000,21.12,,,,,,,,,
2014,Kabkot,6307,HULU SUNGAI TENGAH,,1.08,20.55,,,,4.05,,78.31999999999999,8.5,49.66,6.54,35.3,1620000,21.12,,,,,,,,,
2014,Kabkot,6308,HULU SUNGAI UTARA,,1.28,25.98,,,,3.37,,77.23999999999999,15.6,40.77,5.91,37.73,1620000,21.12,,,,,,,,,
2014,Kabkot,6309,TABALONG,,1.86,7.98,,,,4.12,,73.28,1.47,60.15,14.32,24.07,1620000,21.12,,,,,,,,,
2014,Kabkot,6310,TANAH BUMBU,,1.35,21.8,,,,4.76,,53.52,4.11,32.02,15.82,48.04,1620000,21.12,,,,,,,,,
2014,Kabkot,6311,BALANGAN,,1.35,8.23,,,,1.34,,81.76000000000001,1.09,71.75,4.2,22.96,1620000,21.12,,,,,,,,,
2014,Kabkot,6371,BANJARMASIN,,1.06,38.53,,,,6.02,,45.82,6.5,1.33,10.58,81.59,1620000,21.12,,,,,,,,,
2014,Kabkot,6372,BANJAR BARU,,1.76,28.79,,,,5.35,,40.47,12.3,7.64,11.73,68.33,1620000,21.12,,,,,,,,,
2014,Kabkot,6401,PASER,,1.41,10.78,,,,6.69,,54.78,4.83,44.12,16.42,34.62,1886315,7.66,,,,,,,,,
2014,Kabkot,6402,KUTAI BARAT,,1.13,8.369999999999999,,,,6.84,,69.06,.77,66.52,9.23,23.48,1886315,7.66,,,,,,,,,
2014,Kabkot,6403,KUTAI KARTANEGARA,,1.42,17.2,,,,7.65,,47.68,6.23,33.82,22.82,37.12,1886315,7.66,,,,,,,,,
2014,Kabkot,6404,KUTAI TIMUR,,1.68,9.66,,,,5.65,,44.03,1.91,49.13,19.16,29.8,1886315,7.66,,,,,,,,,
2014,Kabkot,6405,BERAU,,1.51,12.37,,,,10.05,,34.85,2.58,36.15,21.36,39.91,1886315,7.66,,,,,,,,,
2014,Kabkot,6406,,,2.25,9.68,,,,3.58,,63.18,2.75,51.63,10.04,35.58,,,,,,,,,,,
2014,Kabkot,6407,,,1.16,21.02,,,,8.960000000000001,,45.43,3.7,37.84,19.5,38.96,,,,,,,,,,,
2014,Kabkot,6408,,,.87,12.39,,,,5.7,,59.05,1.9,50.42,5.88,41.8,,,,,,,,,,,
2014,Kabkot,6409,PENAJAM PASER UTARA,,1.14,21.87,,,,7.52,,60.37,4.54,43.15,15.2,37.11,1886315,7.66,,,,,,,,,
2014,Kabkot,6410,,,2,9.199999999999999,,,,5.46,,49.23,.44,52.32,13.07,34.17,,,,,,,,,,,
2014,Kabkot,6471,BALIKPAPAN,,1.71,30.57,,,,7.56,,35.48,5.71,7.78,14.55,71.97,1886315,7.66,,,,,,,,,
2014,Kabkot,6472,SAMARINDA,,1.38,33.09,,,,7.56,,32.89,11.08,3.76,19.11,66.06,1886315,7.66,,,,,,,,,
2014,Kabkot,6473,,,1.87,25.23,,,,6.9,,43.15,12.21,29.18,8.869999999999999,49.74,,,,,,,,,,,
2014,Kabkot,6474,BONTANG,,1.6,30.73,,,,9.380000000000001,,38.39,8,11.4,17.47,63.13,1886315,7.66,,,,,,,,,
2014,Kabkot,7101,BOLAANG MONGONDOW,,.92,17.57,,,,3.43,,68.67,2.58,48.44,18.12,30.87,1900000,22.58,,,,,,,,,
2014,Kabkot,7102,MINAHASA,,1.06,23.29,,,,8.800000000000001,,70.56,4.16,43.88,8.99,42.98,1900000,22.58,,,,,,,,,
2014,Kabkot,7103,KEPULAUAN SANGIHE,,.98,18.5,,,,5.64,,72.12,5.35,48.43,7.11,39.12,1900000,22.58,,,,,,,,,
2014,Kabkot,7104,KEPULAUAN TALAUD,,1.26,10.35,,,,3.32,,77.43000000000001,1.37,61.75,3.93,32.94,1900000,22.58,,,,,,,,,
2014,Kabkot,7105,MINAHASA SELATAN,,.93,34.94,,,,5.33,,73.29000000000001,20.08,36.86,7.08,35.98,1900000,22.58,,,,,,,,,
2014,Kabkot,7106,MINAHASA UTARA,,1.2,26.16,,,,7.35,,48.74,5.61,30.16,9.94,54.29,1900000,22.58,,,,,,,,,
2014,Kabkot,7107,BOLAANG MONGONDOW UTARA,,.6899999999999999,17.78,,,,7.9,,62.09,5.88,55.95,8.609999999999999,29.56,1900000,22.58,,,,,,,,,
2014,Kabkot,7108,SIAU TAGULANDANG BIARO,,1.27,24.71,,,,4.21,,76.18000000000001,2.4,42.84,15.52,39.24,1900000,22.58,,,,,,,,,
2014,Kabkot,7109,MINAHASA TENGGARA,,1,38.27,,,,4.26,,71.31,18.03,29.89,12.26,39.81,1900000,22.58,,,,,,,,,
2014,Kabkot,7110,BOLAANG MONGONDOW SELATAN,,.9,18.09,,,,8.720000000000001,,69.98,4.73,59.83,8.58,26.86,1900000,22.58,,,,,,,,,
2014,Kabkot,7111,BOLAANG MONGONDOW TIMUR,,1.04,12.36,,,,6.4,,65.11,1.46,48.61,14.12,35.81,1900000,22.58,,,,,,,,,
2014,Kabkot,7171,MANADO,,1.24,34.17,,,,9.59,,33.28,3.6,3.66,11.18,81.56999999999999,1900000,22.58,,,,,,,,,
2014,Kabkot,7172,BITUNG,,1.11,44.75,,,,13.18,,32.19,17.64,16.81,9.42,56.13,1900000,22.58,,,,,,,,,
2014,Kabkot,7173,TOMOHON,,1.33,30.21,,,,7.84,,48.85,5,21.63,13.78,59.58,1900000,22.58,,,,,,,,,
2014,Kabkot,7174,KOTAMOBAGU,,1.28,23.68,,,,9.02,,49.21,5.49,19.28,10.91,64.31999999999999,1900000,22.58,,,,,,,,,
2014,Kabkot,7201,BANGGAI KEPULAUAN,,1.21,10.55,,,,2.35,,82.18000000000001,2.95,60.46,2.77,33.82,1250000,25.63,,,,,,,,,
2014,Kabkot,7202,BANGGAI,,1.36,26.29,,,,4.93,,69.41,8.82,41.96,11,38.21,1250000,25.63,,,,,,,,,
2014,Kabkot,7203,MOROWALI,,1.51,11.1,,,,3.07,,73.15000000000001,3.47,52.94,6.72,36.88,1250000,25.63,,,,,,,,,
2014,Kabkot,7204,POSO,,1.36,10.76,,,,4.51,,72.77,2.72,54.64,4.96,37.68,1250000,25.63,,,,,,,,,
2014,Kabkot,7205,DONGGALA,,1.29,19.95,,,,6.19,,63.38,7.12,48.67,9.41,34.8,1250000,25.63,,,,,,,,,
2014,Kabkot,7206,TOLI-TOLI,,1.5,12.61,,,,2.05,,72,4.37,58.17,4.45,33.01,1250000,25.63,,,,,,,,,
2014,Kabkot,7207,BUOL,,1.62,14.89,,,,1.99,,63.93,6.5,49.63,7.32,36.56,1250000,25.63,,,,,,,,,
2014,Kabkot,7208,PARIGI MOUTONG,,1.23,8.91,,,,2.17,,78.78,4.09,61.82,3.53,30.56,1250000,25.63,,,,,,,,,
2014,Kabkot,7209,TOJO UNA-UNA,,1.48,16.92,,,,1.31,,70.02,5.32,55.71,6.75,32.22,1250000,25.63,,,,,,,,,
2014,Kabkot,7210,SIGI,,1.32,18.93,,,,3.63,,70.58,4.22,51.37,11.41,33.01,1250000,25.63,,,,,,,,,
2014,Kabkot,7271,PALU,,1.91,25.02,,,,5.69,,28.64,6.97,6.43,10.54,76.06,1250000,25.63,,,,,,,,,
2014,Kabkot,7301,KEPULAUAN SELAYAR,,.84,17.58,,,,2.15,,62.1,11.71,46.93,2.58,38.78,1800000,25,,,,,,,,,
2014,Kabkot,7302,BULUKUMBA,,.82,13.25,,,,2.84,,67.2,6.52,54.38,4.23,34.86,1800000,25,,,,,,,,,
2014,Kabkot,7303,BANTAENG,,.72,15.23,,,,2.42,,65.08,4.38,46.83,5.28,43.5,1800000,25,,,,,,,,,
2014,Kabkot,7304,JENEPONTO,,.96,18.34,,,,2.73,,79.09999999999999,3.82,53.17,7.35,35.65,1800000,25,,,,,,,,,
2014,Kabkot,7305,TAKALAR,,.87,21.52,,,,2.75,,60.66,4.01,34.89,11.48,49.63,1800000,25,,,,,,,,,
2014,Kabkot,7306,GOWA,,1.06,17.66,,,,2.32,,73.56999999999999,4.92,46.34,8.51,40.23,1800000,25,,,,,,,,,
2014,Kabkot,7307,SINJAI,,.97,6.06,,,,.88,,71.95999999999999,2.85,66.52,2.01,28.62,1800000,25,,,,,,,,,
2014,Kabkot,7308,MAROS,,.9399999999999999,26.98,,,,4.55,,57.32,9.01,24.17,9.17,57.66,1800000,25,,,,,,,,,
2014,Kabkot,7309,PANGKAJENE DAN KEPULAUAN,,1.12,31.02,,,,9.869999999999999,,47.84,15.56,23.73,7.97,52.74,1800000,25,,,,,,,,,
2014,Kabkot,7310,BARRU,,1.38,15.99,,,,2.27,,61.81,6.28,34.59,5.7,53.42,1800000,25,,,,,,,,,
2014,Kabkot,7311,BONE,,.9399999999999999,12.29,,,,4.96,,75.18000000000001,3.27,58.75,3.39,34.59,1800000,25,,,,,,,,,
2014,Kabkot,7312,SOPPENG,,1.04,15.57,,,,2.43,,76.78,8.35,55.35,2.16,34.15,1800000,25,,,,,,,,,
2014,Kabkot,7313,WAJO,,.7,19.49,,,,4.92,,69.7,10.38,48.18,6.67,34.76,1800000,25,,,,,,,,,
2014,Kabkot,7314,SIDENRENG RAPPANG,,.77,20.08,,,,6.2,,69.42,9.51,43.45,4.2,42.84,1800000,25,,,,,,,,,
2014,Kabkot,7315,PINRANG,,.82,13.78,,,,2.78,,72.95999999999999,5.1,47.71,4.8,42.39,1800000,25,,,,,,,,,
2014,Kabkot,7316,ENREKANG,,1.15,8.550000000000001,,,,1.44,,78.68000000000001,2.14,67.76000000000001,2.27,27.83,1800000,25,,,,,,,,,
2014,Kabkot,7317,LUWU,,.8100000000000001,23.24,,,,5.06,,66.11,14.88,53.75,4.23,27.14,1800000,25,,,,,,,,,
2014,Kabkot,7318,TANA TORAJA,,1.06,9.44,,,,3.26,,83.20999999999999,1.99,74.28,4.58,19.16,1800000,25,,,,,,,,,
2014,Kabkot,7322,LUWU UTARA,,.8,12.84,,,,1.82,,79.09999999999999,6.15,59.46,4.37,30.02,1800000,25,,,,,,,,,
2014,Kabkot,7325,LUWU TIMUR,,1.39,17.53,,,,8.119999999999999,,61.86,4.42,45.63,10.81,39.14,1800000,25,,,,,,,,,
2014,Kabkot,7326,TORAJA UTARA,,.88,13.89,,,,3.66,,81.44,2.73,68.08,5.96,23.22,1800000,25,,,,,,,,,
2014,Kabkot,7371,MAKASSAR,,1.42,29.69,,,,10.94,,29.72,4.86,1.26,11.77,82.11,1800000,25,,,,,,,,,
2014,Kabkot,7372,PAREPARE,,1.23,26.74,,,,7.06,,50.49,7.76,2.56,10.01,79.67,1800000,25,,,,,,,,,
2014,Kabkot,7373,PALOPO,,.83,23.27,,,,8.15,,49.35,6.3,23.25,8.220000000000001,62.23,1800000,25,,,,,,,,,
2014,Kabkot,7401,BUTON,,1.35,15.52,,,,2.63,,84.86,6.27,50.58,12.04,31.11,1400000,24.42,,,,,,,,,
2014,Kabkot,7402,MUNA,,1.39,20.05,,,,5.93,,69.33,6.92,38.97,5.11,49.01,1400000,24.42,,,,,,,,,
2014,Kabkot,7403,KONAWE,,1.45,21.56,,,,4.45,,73.66,9.449999999999999,43.14,6.98,40.44,1400000,24.42,,,,,,,,,
2014,Kabkot,7404,KOLAKA,,1.34,10.01,,,,4.2,,69.03,2.94,50.32,8.6,38.14,1400000,24.42,,,,,,,,,
2014,Kabkot,7405,KONAWE SELATAN,,1.36,18.64,,,,3.53,,75.79000000000001,6.54,49.56,9.68,34.22,1400000,24.42,,,,,,,,,
2014,Kabkot,7406,BOMBANA,,1.32,7.35,,,,1.83,,71.15000000000001,2.42,52.97,6.13,38.48,1400000,24.42,,,,,,,,,
2014,Kabkot,7407,WAKATOBI,,1.36,17.34,,,,3.59,,77.33,5.77,45.88,7.23,41.11,1400000,24.42,,,,,,,,,
2014,Kabkot,7408,KOLAKA UTARA,,1.49,5.37,,,,2.28,,80.34,2.33,70.13,1.77,25.77,1400000,24.42,,,,,,,,,
2014,Kabkot,7409,BUTON UTARA,,1.22,15.81,,,,2.39,,75.79000000000001,5.39,57.1,6.38,31.13,1400000,24.42,,,,,,,,,
2014,Kabkot,7410,KONAWE UTARA,,.93,17.16,,,,2.03,,62.46,7.45,59.81,11.14,21.61,1400000,24.42,,,,,,,,,
2014,Kabkot,7471,KENDARI,,1.59,30.87,,,,8.220000000000001,,29.92,4.72,5.97,14.87,74.44,1400000,24.42,,,,,,,,,
2014,Kabkot,7472,BAUBAU,,1.7,23.35,,,,6.79,,56.06,4.9,13.35,11.52,70.23,1400000,24.42,,,,,,,,,
2014,Kabkot,7501,BOALEMO,,1.13,11.1,,,,2.08,,76.54000000000001,3.64,65.01000000000001,4.17,27.18,1325000,12.77,,,,,,,,,
2014,Kabkot,7502,GORONTALO,,.88,30.79,,,,3.89,,74.54000000000001,16.78,42.95,7.32,32.95,1325000,12.77,,,,,,,,,
2014,Kabkot,7503,POHUWATO,,1.24,13.4,,,,2.38,,69.48,4.19,43.62,11.53,40.66,1325000,12.77,,,,,,,,,
2014,Kabkot,7504,BONE BOLANGO,,1.09,24.48,,,,4.84,,64.34,4.6,31.64,14.02,49.74,1325000,12.77,,,,,,,,,
2014,Kabkot,7505,GORONTALO UTARA,,.89,12.66,,,,3.83,,77.66,4.75,57.2,6.34,31.71,1325000,12.77,,,,,,,,,
2014,Kabkot,7571,GORONTALO,,1.77,31.74,,,,7.22,,37.41,7.23,4.74,8.720000000000001,79.31,1325000,12.77,,,,,,,,,
2014,Kabkot,7601,MAJENE,,.95,20.98,,,,2.06,,67.42,9.42,38.81,6.53,45.24,1400000,20.17,,,,,,,,,
2014,Kabkot,7602,POLEWALI MANDAR,,1.42,18.21,,,,2.98,,75.37,10.5,48.89,4.34,36.27,1400000,20.17,,,,,,,,,
2014,Kabkot,7603,MAMASA,,1.09,7.05,,,,2.27,,79.8,1.58,70.22,3.42,24.78,1400000,20.17,,,,,,,,,
2014,Kabkot,7604,MAMUJU,,.93,10.21,,,,1.03,,77.47,2.48,63.72,6.75,27.05,1400000,20.17,,,,,,,,,
2014,Kabkot,7605,PASANGKAYU,,2.88,12.68,,,,2.15,,54.56,7.42,64.73,2.21,25.64,1400000,20.17,,,,,,,,,
2014,Kabkot,8101,KEPULAUAN TANIMBAR,,1.48,11.47,,,,6.48,,72.87,1.06,62.19,6.63,30.12,1415000,10.98,,,,,,,,,
2014,Kabkot,8102,MALUKU TENGGARA,,1.32,6.44,,,,2.61,,83.87,.88,74.95999999999999,.96,23.2,1415000,10.98,,,,,,,,,
2014,Kabkot,8103,MALUKU TENGAH,,1.44,16.3,,,,12.99,,72.19,3.66,53.55,3.1,39.69,1415000,10.98,,,,,,,,,
2014,Kabkot,8104,BURU,,1.32,14.39,,,,3.28,,63.42,6.53,40.49,14.89,38.09,1415000,10.98,,,,,,,,,
2014,Kabkot,8105,KEPULAUAN ARU,,1.16,9.960000000000001,,,,4.71,,73.73,4.43,68.01000000000001,3.73,23.83,1415000,10.98,,,,,,,,,
2014,Kabkot,8106,SERAM BAGIAN BARAT,,1.22,10.69,,,,13.88,,70,1.88,60.64,4.49,32.98,1415000,10.98,,,,,,,,,
2014,Kabkot,8107,SERAM BAGIAN TIMUR,,1.93,13.65,,,,15.79,,78.25,7.99,55.82,8.42,27.77,1415000,10.98,,,,,,,,,
2014,Kabkot,8108,MALUKU BARAT DAYA,,1.23,1.1,,,,1.88,,93.13,.14,91.43000000000001,.48,7.95,1415000,10.98,,,,,,,,,
2014,Kabkot,8109,BURU SELATAN,,1.18,2.99,,,,2.79,,88.84,2.1,83.92,.24,13.74,1415000,10.98,,,,,,,,,
2014,Kabkot,8171,AMBON,,2,31.34,,,,15.58,,40.06,4.46,7.62,7.47,80.45,1415000,10.98,,,,,,,,,
2014,Kabkot,8172,TUAL,,1.32,14.16,,,,10.8,,64.64,1.24,42.35,5.66,50.74,1415000,10.98,,,,,,,,,
2014,Kabkot,8201,HALMAHERA BARAT,,1.36,8.49,,,,4,,85.81999999999999,2.17,75.05,2.3,20.47,1440746,20,,,,,,,,,
2014,Kabkot,8202,HALMAHERA TENGAH,,1.66,6.61,,,,4.9,,77.43000000000001,.64,65.05,9.17,25.14,1440746,20,,,,,,,,,
2014,Kabkot,8203,KEPULAUAN SULA,,1.26,6.82,,,,9.67,,65.40000000000001,.99,65.90000000000001,3.45,29.66,1440746,20,,,,,,,,,
2014,Kabkot,8204,HALMAHERA SELATAN,,1.27,11.49,,,,2.34,,69.76000000000001,4.68,59,5.72,30.59,1440746,20,,,,,,,,,
2014,Kabkot,8205,HALMAHERA UTARA,,1.36,10.02,,,,4.17,,77.76000000000001,1.8,63.17,6.74,28.29,1440746,20,,,,,,,,,
2014,Kabkot,8206,HALMAHERA TIMUR,,1.81,8.66,,,,4.35,,86.65000000000001,2.15,70.76000000000001,6.33,20.76,1440746,20,,,,,,,,,
2014,Kabkot,8207,PULAU MOROTAI,,.92,7.05,,,,3.7,,78.05,.07,75.3,2,22.62,1440746,20,,,,,,,,,
2014,Kabkot,8271,TERNATE,,1.72,34.65,,,,8.720000000000001,,49.86,4.41,6.79,10.88,77.92,1440746,20,,,,,,,,,
2014,Kabkot,8272,TIDORE KEPULAUAN,,1.95,21.54,,,,3.69,,61.05,3.17,40.33,11.14,45.37,1440746,20,,,,,,,,,
2014,Kabkot,9101,FAKFAK,,1.19,18.45,,,,2.99,,62.99,.29,44.26,9.65,45.8,1870000,8.720000000000001,,,,,,,,,
2014,Kabkot,9102,KAIMANA,,1.3,16.71,,,,6.87,,67.98,3.96,53.14,9.859999999999999,33.04,1870000,8.720000000000001,,,,,,,,,
2014,Kabkot,9103,TELUK WONDAMA,,1.34,6.45,,,,.98,,93.19,1.85,82.02,4.14,12,1870000,8.720000000000001,,,,,,,,,
2014,Kabkot,9104,TELUK BINTUNI,,1.56,19.25,,,,8.25,,53.51,8.24,38.8,12.12,40.84,1870000,8.720000000000001,,,,,,,,,
2014,Kabkot,9105,MANOKWARI,,1.42,18.78,,,,2.51,,67.59,3.48,50.74,5.95,39.83,1870000,8.720000000000001,,,,,,,,,
2014,Kabkot,9106,SORONG SELATAN,,1.22,5.04,,,,1.82,,77.34999999999999,1.34,60.01,8.82,29.83,1870000,8.720000000000001,,,,,,,,,
2014,Kabkot,9107,SORONG,,1.16,18.48,,,,3.81,,67.3,8.220000000000001,58.3,9.35,24.12,1870000,8.720000000000001,,,,,,,,,
2014,Kabkot,9108,RAJA AMPAT,,1.03,6.69,,,,3.44,,77.68000000000001,2.85,77.06999999999999,3.15,16.93,1870000,8.720000000000001,,,,,,,,,
2014,Kabkot,9109,TAMBRAUW,,1.08,.41,,,,1.17,,90.23,0,89.19,.41,10.4,1870000,8.720000000000001,,,,,,,,,
2014,Kabkot,9401,MERAUKE,,1.28,20.46,,,,3.78,,70.61,5.13,46.95,6.52,41.39,2040000,19.3,,,,,,,,,
2014,Kabkot,9402,JAYAWIJAYA,,1.45,2.03,,,,.27,,92.87,0,84.59,.34,15.07,2040000,19.3,,,,,,,,,
2014,Kabkot,9403,JAYAPURA,,1.34,18.22,,,,13.83,,63.46,1.87,45.47,6.61,46.05,2040000,19.3,,,,,,,,,
2014,Kabkot,9408,KEPULAUAN YAPEN,,1.26,12.2,,,,5.47,,73.45999999999999,1.48,57.29,4.79,36.44,2040000,19.3,,,,,,,,,
2014,Kabkot,9409,BIAK NUMFOR,,1.14,26.3,,,,9.300000000000001,,50.75,3.43,16.43,15.6,64.53,2040000,19.3,,,,,,,,,
2014,Kabkot,9410,PANIAI,,.98,.57,,,,0,,99.02,.26,96.56999999999999,.15,3.02,2040000,19.3,,,,,,,,,
2014,Kabkot,9411,PUNCAK JAYA,,2.39,0,,,,.89,,99.36,0,89.47,0,10.53,2040000,19.3,,,,,,,,,
2014,Kabkot,9412,MIMIKA,,2.29,29.78,,,,4.67,,47.44,1.21,21.18,28.53,49.08,2040000,19.3,,,,,,,,,
2014,Kabkot,9413,BOVEN DIGOEL,,1.41,3.23,,,,7.45,,64.73,.17,63.21,2.58,34.04,2040000,19.3,,,,,,,,,
2014,Kabkot,9414,MAPPI,,1.54,1.67,,,,11.27,,93.05,.07,83.61,.88,15.44,2040000,19.3,,,,,,,,,
2014,Kabkot,9415,ASMAT,,.9,1.81,,,,.22,,92.3,.31,84.54000000000001,1.29,13.87,2040000,19.3,,,,,,,,,
2014,Kabkot,9416,YAHUKIMO,,4.42,.2,,,,.19,,97.63,.02,90.09999999999999,.1,9.779999999999999,2040000,19.3,,,,,,,,,
2014,Kabkot,9417,PEGUNUNGAN BINTANG,,1.53,.62,,,,2.28,,95.25,0,90.12,.43,9.449999999999999,2040000,19.3,,,,,,,,,
2014,Kabkot,9418,TOLIKARA,,.89,0,,,,1.83,,96.19,0,88.19,0,11.81,2040000,19.3,,,,,,,,,
2014,Kabkot,9419,SARMI,,1.33,5.36,,,,4.04,,80.45,1.97,72.89,2.32,22.82,2040000,19.3,,,,,,,,,
2014,Kabkot,9420,KEEROM,,1.1,13.83,,,,2.21,,65.70999999999999,1.8,54.07,6.29,37.85,2040000,19.3,,,,,,,,,
2014,Kabkot,9426,WAROPEN,,1.24,8.34,,,,7.26,,69.28,.37,57.82,3.82,37.99,2040000,19.3,,,,,,,,,
2014,Kabkot,9427,SUPIORI,,1.09,20.32,,,,19.24,,75.45999999999999,8.199999999999999,58.69,7.55,25.56,2040000,19.3,,,,,,,,,
2014,Kabkot,9429,NDUGA,,1.05,0,,,,5.43,,99.84999999999999,0,96.23,0,3.77,2040000,19.3,,,,,,,,,
2014,Kabkot,9430,LANNY JAYA,,1.69,0,,,,0,,99.87,0,95.28,0,4.72,2040000,19.3,,,,,,,,,
2014,Kabkot,9431,MAMBERAMO TENGAH,,2.06,0,,,,0,,99.14,0,92.29000000000001,0,7.71,2040000,19.3,,,,,,,,,
2014,Kabkot,9433,PUNCAK,,3.96,1.09,,,,1.24,,98.84999999999999,0,87.29000000000001,.15,12.56,2040000,19.3,,,,,,,,,
2014,Kabkot,9434,DOGIYAI,,1.24,0,,,,3.62,,98.64,0,92.5,0,7.5,2040000,19.3,,,,,,,,,
2014,Kabkot,9471,JAYAPURA,,1.43,30.46,,,,9.550000000000001,,32.31,4.22,10.96,6.93,77.90000000000001,2040000,19.3,,,,,,,,,
2015,Kabkot,1101,SIMEULUE,,.88,14.61,-22.53,,,8.51,,71.13,4.69,55.99,7.68,31.65,1900000,8.57,,,,,,,,,
2015,Kabkot,1102,ACEH SINGKIL,,1.04,16.37,10.21,,,7.03,,54.71,3.1,45.4,4.34,47.16,1900000,8.57,,,,,,,,,
2015,Kabkot,1103,ACEH SELATAN,,.99,17.84,-16.43,,,10.01,,72.08,3.72,46.94,13.93,35.41,1900000,8.57,,,,,,,,,
2015,Kabkot,1104,ACEH TENGGARA,,1.09,12.03,-22.02,,,9.789999999999999,,81.48,1.14,68.04000000000001,2.68,28.15,1900000,8.57,,,,,,,,,
2015,Kabkot,1105,ACEH TIMUR,,.68,17.75,-8.16,,,13.89,,60.9,4.87,57.41,6.98,30.75,1900000,8.57,,,,,,,,,
2015,Kabkot,1106,ACEH TENGAH,,1.04,7.92,8.02,,,3.13,,67.20999999999999,1.62,55.49,2.86,40.04,1900000,8.57,,,,,,,,,
2015,Kabkot,1107,ACEH BARAT,,.97,15.81,37.67,,,6.77,,44.07,3.84,38.83,11.09,46.24,1900000,8.57,,,,,,,,,
2015,Kabkot,1108,ACEH BESAR,,.84,23.04,.6,,,6.81,,51.68,4.7,36.72,12.29,46.29,1900000,8.57,,,,,,,,,
2015,Kabkot,1109,PIDIE,,1,20.44,16.98,,,10.25,,65.51000000000001,7.07,50.77,6.77,35.38,1900000,8.57,,,,,,,,,
2015,Kabkot,1110,BIREUEN,,.79,26.75,.02,,,11.02,,54.95,11.56,38.46,7.25,42.72,1900000,8.57,,,,,,,,,
2015,Kabkot,1111,ACEH UTARA,,.67,19.77,-18.69,,,17.05,,71.08,4.9,52.82,8.949999999999999,33.32,1900000,8.57,,,,,,,,,
2015,Kabkot,1112,ACEH BARAT DAYA,,1.03,24.53,-2.47,,,11.66,,62.39,2.04,34.91,15.67,47.38,1900000,8.57,,,,,,,,,
2015,Kabkot,1113,GAYO LUES,,.99,10.01,-23.51,,,2.24,,85.98,5.17,70.68000000000001,1.7,22.45,1900000,8.57,,,,,,,,,
2015,Kabkot,1114,ACEH TAMIANG,,.74,17.64,6.01,,,14.03,,58.06,3.89,39.91,5.74,50.46,1900000,8.57,,,,,,,,,
2015,Kabkot,1115,NAGAN RAYA,,.88,20.24,62.86,,,3.97,,55.7,9.279999999999999,51.83,6.22,32.67,1900000,8.57,,,,,,,,,
2015,Kabkot,1116,ACEH JAYA,,.84,15.7,-38,,,4.91,,70.89,2.45,62.56,7.82,27.16,1900000,8.57,,,,,,,,,
2015,Kabkot,1117,BENER MERIAH,,.89,4.94,-17.27,,,1.04,,87.09,.48,77.95,2.08,19.49,1900000,8.57,,,,,,,,,
2015,Kabkot,1118,PIDIE JAYA,,.78,25.68,-14.84,,,9.18,,65.18000000000001,8.640000000000001,42.44,6.22,42.7,1900000,8.57,,,,,,,,,
2015,Kabkot,1171,BANDA ACEH,,1.47,27.37,4.06,,,12,,26.25,5.87,2.3,8.720000000000001,83.11,1900000,8.57,,,,,,,,,
2015,Kabkot,1172,SABANG,,1.32,27.07,1.18,,,7.62,,39.42,7.69,14.24,13.78,64.29000000000001,1900000,8.57,,,,,,,,,
2015,Kabkot,1173,LANGSA,,1.02,28.67,-10.22,,,8.550000000000001,,44.88,5.18,14.2,12.12,68.5,1900000,8.57,,,,,,,,,
2015,Kabkot,1174,LHOKSEUMAWE,,.88,31.81,-5.46,,,13.06,,41.21,6.47,16.06,16.77,60.7,1900000,8.57,,,,,,,,,
2015,Kabkot,1175,SUBULUSSALAM,,.92,13.53,5.45,,,8.24,,64.55,1.19,51.78,4.09,42.94,1900000,8.57,,,,,,,,,
2015,Kabkot,1201,NIAS,,1.08,2.01,-20.07,,,.92,,96.15000000000001,.77,91.39,.52,7.32,1625000,7.91,,,,,,,,,
2015,Kabkot,1202,MANDAILING NATAL,,1.02,14.19,4.96,,,5.78,,72.31,4.37,56.52,6.96,32.15,1625000,7.91,,,,,,,,,
2015,Kabkot,1203,TAPANULI SELATAN,,1.24,14.65,55.58,,,5.91,,81.33,2.5,68.39,4.62,24.49,1625000,7.91,,,,,,,,,
2015,Kabkot,1204,TAPANULI TENGAH,,1.08,18.7,16.76,,,4.98,,69.18000000000001,2.63,54.7,3.9,38.77,1625000,7.91,,,,,,,,,
2015,Kabkot,1205,TAPANULI UTARA,,1.72,9.59,-9.83,,,2.56,,89.14,3.19,76.70999999999999,2.33,17.77,1625000,7.91,,,,,,,,,
2015,Kabkot,1206,TOBA,,1.64,14.2,-20.91,,,3.47,,81.87,4.92,61.04,2.72,31.31,1625000,7.91,,,,,,,,,
2015,Kabkot,1207,LABUHANBATU,,1.03,17.76,-10.65,,,11.39,,53.72,3.88,49.55,7.21,39.36,1625000,7.91,,,,,,,,,
2015,Kabkot,1208,ASAHAN,,.88,28.28,1.95,,,5.82,,50.64,12.12,38.79,9.220000000000001,39.87,1625000,7.91,,,,,,,,,
2015,Kabkot,1209,SIMALUNGUN,,1.05,18.72,1.94,,,5.75,,65.09,6.04,53.54,5.21,35.21,1625000,7.91,,,,,,,,,
2015,Kabkot,1210,DAIRI,,1.37,9.050000000000001,19.05,,,1.26,,86.94,1.86,72.89,2.37,22.88,1625000,7.91,,,,,,,,,
2015,Kabkot,1211,KARO,,1.69,8.94,20.5,,,2.23,,85.53,2.8,71.23,1.43,24.54,1625000,7.91,,,,,,,,,
2015,Kabkot,1212,DELI SERDANG,,1.03,45.14,-20.59,,,6.38,,45.35,14.82,15.16,14.73,55.29,1625000,7.91,,,,,,,,,
2015,Kabkot,1213,LANGKAT,,.85,25.4,1.87,,,8.02,,58.41,6.91,39.75,8.66,44.68,1625000,7.91,,,,,,,,,
2015,Kabkot,1214,NIAS SELATAN,,.88,2.47,-12.46,,,.4,,93.79000000000001,.6899999999999999,90.39,.93,7.99,1625000,7.91,,,,,,,,,
2015,Kabkot,1215,HUMBANG HASUNDUTAN,,1.34,5.15,-7.58,,,1.22,,89.11,.83,77.87,2.62,18.69,1625000,7.91,,,,,,,,,
2015,Kabkot,1216,PAKPAK BHARAT,,1.43,5.65,15.68,,,2.88,,84.81,.78,78.63,1.17,19.42,1625000,7.91,,,,,,,,,
2015,Kabkot,1217,SAMOSIR,,1.26,9.18,46,,,1.28,,83.75,1.47,71.15000000000001,1.4,25.97,1625000,7.91,,,,,,,,,
2015,Kabkot,1218,SERDANG BEDAGAI,,.9,26.8,-6.66,,,7.18,,64.53,11.84,43.44,7.88,36.84,1625000,7.91,,,,,,,,,
2015,Kabkot,1219,BATU BARA,,1.06,24.21,-8.16,,,6.32,,62.64,7.48,46.15,8,38.38,1625000,7.91,,,,,,,,,
2015,Kabkot,1220,PADANG LAWAS UTARA,,.96,6.81,32.5,,,5.01,,77.37,2.02,71.53,1.27,25.18,1625000,7.91,,,,,,,,,
2015,Kabkot,1221,PADANG LAWAS,,.59,8.66,-42.7,,,5.95,,80.66,2.5,69.45999999999999,2.48,25.56,1625000,7.91,,,,,,,,,
2015,Kabkot,1222,LABUHANBATU SELATAN,,1.13,6.29,-18.03,,,4.15,,58.51,.49,65.06999999999999,1.37,33.08,1625000,7.91,,,,,,,,,
2015,Kabkot,1223,LABUHANBATU UTARA,,.89,14.78,23.73,,,8.75,,57.4,4.18,59.83,3.13,32.86,1625000,7.91,,,,,,,,,
2015,Kabkot,1224,NIAS UTARA,,.8,2.75,-32.55,,,4.02,,94.48999999999999,.47,91.58,1.36,6.6,1625000,7.91,,,,,,,,,
2015,Kabkot,1225,NIAS BARAT,,.89,1.84,-16.79,,,2.96,,92.17,.14,91.22,1.7,6.93,1625000,7.91,,,,,,,,,
2015,Kabkot,1271,SIBOLGA,,1.11,33.48,1.33,,,10.25,,40.38,6.05,10.73,3.94,79.28,1625000,7.91,,,,,,,,,
2015,Kabkot,1272,TANJUNG BALAI,,.88,27.31,-22.93,,,10.06,,51.59,5.37,19.66,5.3,69.68000000000001,1625000,7.91,,,,,,,,,
2015,Kabkot,1273,PEMATANG SIANTAR,,1.29,33.42,-7.85,,,9.470000000000001,,45.77,10.48,6.02,7.63,75.86,1625000,7.91,,,,,,,,,
2015,Kabkot,1274,TEBING TINGGI,,.89,35.16,-5.17,,,10.46,,39.28,8.369999999999999,9.279999999999999,6.99,75.36,1625000,7.91,,,,,,,,,
2015,Kabkot,1275,MEDAN,,1.4,39.29,-.86,,,11,,33.49,14.44,3.9,6.84,74.81999999999999,1625000,7.91,,,,,,,,,
2015,Kabkot,1276,BINJAI,,.99,36.3,4.24,,,10,,41.25,12.18,6.34,12.51,68.97,1625000,7.91,,,,,,,,,
2015,Kabkot,1277,PADANGSIDIMPUAN,,1.14,26.41,-3.94,,,6.96,,58.54,5.5,20.62,7.74,66.13,1625000,7.91,,,,,,,,,
2015,Kabkot,1278,GUNUNGSITOLI,,1.13,12.25,-23.73,,,10,,72.05,3.36,50.28,6.62,39.74,1625000,7.91,,,,,,,,,
2015,Kabkot,1301,KEPULAUAN MENTAWAI,,1.3,6.22,18.67,,,1.25,,82.86,1.17,74.56,1.62,22.65,1615000,8.390000000000001,,,,,,,,,
2015,Kabkot,1302,PESISIR SELATAN,,1.13,22.21,-6.95,,,11.69,,69.34999999999999,5.98,48.5,6.24,39.29,1615000,8.390000000000001,,,,,,,,,
2015,Kabkot,1303,SOLOK,,1.09,13.08,-16.13,,,3.97,,74.34999999999999,2.69,59.72,5.85,31.75,1615000,8.390000000000001,,,,,,,,,
2015,Kabkot,1304,SIJUNJUNG,,.95,16.53,4.32,,,4.26,,70.36,5.58,44.73,8.91,40.78,1615000,8.390000000000001,,,,,,,,,
2015,Kabkot,1305,TANAH DATAR,,1.69,25.15,-1.44,,,4.46,,76.38,12.04,41.03,3.15,43.79,1615000,8.390000000000001,,,,,,,,,
2015,Kabkot,1306,PADANG PARIAMAN,,1.02,28.8,-2.39,,,5.8,,74.2,12.4,34.71,8.18,44.71,1615000,8.390000000000001,,,,,,,,,
2015,Kabkot,1307,AGAM,,1.05,25.32,1.51,,,6.05,,66.98999999999999,11.21,44.59,4.01,40.19,1615000,8.390000000000001,,,,,,,,,
2015,Kabkot,1308,LIMA PULUH KOTA,,1.4,22.14,9.359999999999999,,,3.78,,74.34,9.52,48.02,7.3,35.16,1615000,8.390000000000001,,,,,,,,,
2015,Kabkot,1309,PASAMAN,,1.53,11.75,7.24,,,5.06,,79.97,2.76,60.29,4.97,31.99,1615000,8.390000000000001,,,,,,,,,
2015,Kabkot,1310,SOLOK SELATAN,,.89,12.11,-10.37,,,6.3,,58.35,2.74,57.66,10.01,29.59,1615000,8.390000000000001,,,,,,,,,
2015,Kabkot,1311,DHARMASRAYA,,1.15,16.31,31.16,,,3.51,,58.75,3.32,53.06,7.66,35.95,1615000,8.390000000000001,,,,,,,,,
2015,Kabkot,1312,PASAMAN BARAT,,.93,16.43,-11.28,,,3.79,,75.14,2.46,62.89,6.18,28.47,1615000,8.390000000000001,,,,,,,,,
2015,Kabkot,1371,PADANG,,1.28,30.95,-.26,,,14,,40.48,6.4,5.01,10.78,77.81,1615000,8.390000000000001,,,,,,,,,
2015,Kabkot,1372,SOLOK,,1.33,27,-2.05,,,4.72,,41.97,6.65,10.29,6.95,76.11,1615000,8.390000000000001,,,,,,,,,
2015,Kabkot,1373,SAWAH LUNTO,,1.44,23.87,-2.14,,,7.18,,53.03,9.5,16.61,19.19,54.7,1615000,8.390000000000001,,,,,,,,,
2015,Kabkot,1374,PADANG PANJANG,,1.49,32.47,2.92,,,6.33,,42.38,12.58,6.53,3.78,77.11,1615000,8.390000000000001,,,,,,,,,
2015,Kabkot,1375,BUKITTINGGI,,1.33,27.9,-4.73,,,6.04,,44.03,10.5,4.21,4.98,80.31,1615000,8.390000000000001,,,,,,,,,
2015,Kabkot,1376,PAYAKUMBUH,,1.22,32.87,1.4,,,7.07,,53.47,12.11,14.31,8.57,65.01000000000001,1615000,8.390000000000001,,,,,,,,,
2015,Kabkot,1377,PARIAMAN,,1.17,30.34,23.75,,,6.61,,43.67,8.050000000000001,11.57,5.33,75.04000000000001,1615000,8.390000000000001,,,,,,,,,
2015,Kabkot,1401,KUANTAN SINGINGI,,.96,15.45,37.53,,,2.6,,48.95,6.23,62,7.17,24.59,1878000,10.47,,,,,,,,,
2015,Kabkot,1402,INDRAGIRI HULU,,.91,15.71,.9,,,4.82,,52.53,5.77,54.83,6.82,32.59,1878000,10.47,,,,,,,,,
2015,Kabkot,1403,INDRAGIRI HILIR,,.77,15.04,17.78,,,7.16,,75.27,5.9,63.44,3.67,26.99,1878000,10.47,,,,,,,,,
2015,Kabkot,1404,PELALAWAN,,1.12,17.92,27.7,,,7.61,,45.97,7.87,55.32,4.01,32.8,1878000,10.47,,,,,,,,,
2015,Kabkot,1405,S I A K,,1.16,28.52,7.94,,,10.02,,38.4,10.36,36.36,10.05,43.23,1878000,10.47,,,,,,,,,
2015,Kabkot,1406,KAMPAR,,1.18,18.31,4.91,,,8.07,,54.53,4.71,47.1,7.63,40.56,1878000,10.47,,,,,,,,,
2015,Kabkot,1407,ROKAN HULU,,1.15,11.09,38.67,,,7.82,,47.67,3.51,60.59,3.02,32.87,1878000,10.47,,,,,,,,,
2015,Kabkot,1408,BENGKALIS,,1.5,23.68,16,,,10.08,,48.24,3.88,39.02,17.49,39.6,1878000,10.47,,,,,,,,,
2015,Kabkot,1409,ROKAN HILIR,,.66,15.62,12.71,,,8.619999999999999,,39.32,6.35,55.02,5.27,33.36,1878000,10.47,,,,,,,,,
2015,Kabkot,1410,KEPULAUAN MERANTI,,.86,15.95,5.65,,,9.369999999999999,,63.46,5.08,52.31,5.37,37.25,1878000,10.47,,,,,,,,,
2015,Kabkot,1471,PEKANBARU,,1.52,28.79,9.4,,,7.46,,33.37,6.87,2.87,9.19,81.06,1878000,10.47,,,,,,,,,
2015,Kabkot,1473,D U M A I,,1.22,40.37,-7.93,,,11.23,,45.42,11.81,16.51,10.17,61.51,1878000,10.47,,,,,,,,,
2015,Kabkot,1501,KERINCI,,1.03,5.53,-37.32,,,3.67,,90.45,.85,82.15000000000001,2.79,14.21,1710000,13.83,,,,,,,,,
2015,Kabkot,1502,MERANGIN,,.86,6.56,25.05,,,5.38,,65.13,1.35,64.2,5.8,28.65,1710000,13.83,,,,,,,,,
2015,Kabkot,1503,SAROLANGUN,,.9399999999999999,8.869999999999999,7.42,,,4.53,,52.49,3.12,62.76,3.76,30.36,1710000,13.83,,,,,,,,,
2015,Kabkot,1504,BATANG HARI,,.98,11.9,32.09,,,3.38,,52.6,3.08,58.38,6.15,32.38,1710000,13.83,,,,,,,,,
2015,Kabkot,1505,MUARO JAMBI,,1.16,17.02,1.48,,,5.4,,54.42,8.4,55.98,5.87,29.75,1710000,13.83,,,,,,,,,
2015,Kabkot,1506,TANJUNG JABUNG TIMUR,,.9,7.25,-.02,,,1.44,,78.84,1.23,68.53,4.12,26.12,1710000,13.83,,,,,,,,,
2015,Kabkot,1507,TANJUNG JABUNG BARAT,,1.25,12.51,31.73,,,2.68,,74.41,3.27,64.28,3.11,29.34,1710000,13.83,,,,,,,,,
2015,Kabkot,1508,TEBO,,.78,8.02,29.93,,,1.94,,57.36,2.2,68.13,3.99,25.69,1710000,13.83,,,,,,,,,
2015,Kabkot,1509,BUNGO,,1.27,13.4,-9.99,,,2.98,,52,5.2,51.1,7.89,35.81,1710000,13.83,,,,,,,,,
2015,Kabkot,1571,JAMBI,,1.41,37.93,14.28,,,7.32,,34.33,8.17,4.98,12.59,74.27,1710000,13.83,,,,,,,,,
2015,Kabkot,1572,SUNGAI PENUH,,1.37,22.5,-19.13,,,8.18,,67.05,6.73,23.08,8.07,62.13,1710000,13.83,,,,,,,,,
2015,Kabkot,1601,OGAN KOMERING ULU,,.91,12.41,-25.83,,,7.64,,56.73,1.82,53.72,5.55,38.9,1974346,8.18,,,,,,,,,
2015,Kabkot,1602,OGAN KOMERING ILIR,,.6899999999999999,11.85,-4.68,,,6.89,,71.29000000000001,3.21,66.25,5.66,24.87,1974346,8.18,,,,,,,,,
2015,Kabkot,1603,MUARA ENIM,,.79,8.970000000000001,19.41,,,6.69,,63.62,1.7,65.56,8.539999999999999,24.2,1974346,8.18,,,,,,,,,
2015,Kabkot,1604,LAHAT,,1.13,9.460000000000001,17.75,,,4.26,,74.20999999999999,1.85,59.96,7.74,30.45,1974346,8.18,,,,,,,,,
2015,Kabkot,1605,MUSI RAWAS,,.61,8.73,72.56999999999999,,,2.04,,46.82,4.16,75.65000000000001,2.86,17.33,1974346,8.18,,,,,,,,,
2015,Kabkot,1606,MUSI BANYUASIN,,.91,6.9,17.69,,,5.61,,68.84999999999999,3.01,73.56999999999999,3.11,20.31,1974346,8.18,,,,,,,,,
2015,Kabkot,1607,BANYU ASIN,,.86,13.99,28.78,,,5.56,,65.05,4.71,69.52,3.15,22.62,1974346,8.18,,,,,,,,,
2015,Kabkot,1608,OGAN KOMERING ULU SELATAN,,1.14,4.55,-4.97,,,1.83,,89.52,.4,80.41,1.65,17.55,1974346,8.18,,,,,,,,,
2015,Kabkot,1609,OGAN KOMERING ULU TIMUR,,.53,9.890000000000001,-13.37,,,4.74,,67.37,4.79,70.98999999999999,3.85,20.37,1974346,8.18,,,,,,,,,
2015,Kabkot,1610,OGAN ILIR,,.85,20.43,-11.28,,,5.43,,69.86,10.21,52.69,5.15,31.96,1974346,8.18,,,,,,,,,
2015,Kabkot,1611,EMPAT LAWANG,,.85,5.58,-33.62,,,5.21,,86.43000000000001,1.25,75.56999999999999,1.89,21.29,1974346,8.18,,,,,,,,,
2015,Kabkot,1612,PENUKAL ABAB LEMATANG ILIR,,.59,4.97,,,,.9399999999999999,,74.78,.51,79.06999999999999,7.5,12.92,1974346,8.18,,,,,,,,,
2015,Kabkot,1613,MUSI RAWAS UTARA,,.93,10.5,,,,2.99,,58.08,1.15,71.33,4.77,22.75,1974346,8.18,,,,,,,,,
2015,Kabkot,1671,PALEMBANG,,1.35,37.47,-1.79,,,9.52,,35.52,11.43,5.13,11.93,71.51000000000001,1974346,8.18,,,,,,,,,
2015,Kabkot,1672,PRABUMULIH,,1.26,20.09,11.13,,,6.26,,47.93,6.23,29.11,15.4,49.26,1974346,8.18,,,,,,,,,
2015,Kabkot,1673,PAGAR ALAM,,.87,12.45,-3.69,,,3.53,,70.01000000000001,2.57,51.37,2.31,43.76,1974346,8.18,,,,,,,,,
2015,Kabkot,1674,LUBUKLINGGAU,,.96,28.33,-3.62,,,12.31,,41.54,3.96,25.17,11.95,58.92,1974346,8.18,,,,,,,,,
2015,Kabkot,1701,BENGKULU SELATAN,,1.68,13.82,5.62,,,4.14,,74.88,6.9,57.05,4.52,31.53,1500000,11.11,,,,,,,,,
2015,Kabkot,1702,REJANG LEBONG,,1.29,11.84,-12.87,,,4.4,,79.23,3.34,64.5,4.05,28.11,1500000,11.11,,,,,,,,,
2015,Kabkot,1703,BENGKULU UTARA,,1.22,8.119999999999999,-10.86,,,4.05,,70.34999999999999,4.09,69.73,3.79,22.39,1500000,11.11,,,,,,,,,
2015,Kabkot,1704,KAUR,,1.42,6.58,-9.539999999999999,,,4.73,,77.67,2.46,65.5,4.42,27.61,1500000,11.11,,,,,,,,,
2015,Kabkot,1705,SELUMA,,1.24,8.050000000000001,-37.85,,,2.14,,83.41,.82,73.29000000000001,5.14,20.75,1500000,11.11,,,,,,,,,
2015,Kabkot,1706,MUKOMUKO,,1.07,15.91,3.23,,,3.33,,55.89,5.48,51.72,5.92,36.87,1500000,11.11,,,,,,,,,
2015,Kabkot,1707,LEBONG,,.98,10.43,22.78,,,6.81,,76.77,3.62,57.64,13.01,25.73,1500000,11.11,,,,,,,,,
2015,Kabkot,1708,KEPAHIANG,,1,11.26,-24.6,,,4.92,,78.39,2.14,62.56,4.71,30.59,1500000,11.11,,,,,,,,,
2015,Kabkot,1709,BENGKULU TENGAH,,1.01,19.01,9.23,,,5.97,,66.06999999999999,7.5,61.23,13.02,18.25,1500000,11.11,,,,,,,,,
2015,Kabkot,1771,BENGKULU,,1.61,27.25,-8.039999999999999,,,7.81,,43.72,5.93,8.85,8.449999999999999,76.78,1500000,11.11,,,,,,,,,
2015,Kabkot,1801,LAMPUNG BARAT,,1.43,3.72,-32.99,,,3.55,,87.33,1.35,81.53,.97,16.16,1581000,13.01,,,,,,,,,
2015,Kabkot,1802,TANGGAMUS,,.84,11.51,31.62,,,5.72,,79.89,2.99,69.37,5.51,22.13,1581000,13.01,,,,,,,,,
2015,Kabkot,1803,LAMPUNG SELATAN,,1.1,26.35,-26.64,,,5.38,,75.47,9.35,48.82,11.12,30.71,1581000,13.01,,,,,,,,,
2015,Kabkot,1804,LAMPUNG TIMUR,,1.18,22.44,-11.79,,,4.49,,83.64,10.67,49.83,8.26,31.23,1581000,13.01,,,,,,,,,
2015,Kabkot,1805,LAMPUNG TENGAH,,1.22,26.52,35.25,,,2.94,,72.55,16.71,44.97,5.42,32.9,1581000,13.01,,,,,,,,,
2015,Kabkot,1806,LAMPUNG UTARA,,.89,15.91,-16.88,,,7.62,,75.64,3.94,60.56,5.17,30.34,1581000,13.01,,,,,,,,,
2015,Kabkot,1807,WAY KANAN,,.78,8.74,-15.11,,,3.53,,79.98,3.05,74.79000000000001,3.39,18.78,1581000,13.01,,,,,,,,,
2015,Kabkot,1808,TULANGBAWANG,,1.07,22.12,-6.95,,,5.29,,62.62,12.35,54.33,4.32,29.01,1581000,13.01,,,,,,,,,
2015,Kabkot,1809,PESAWARAN,,1.08,22.99,-6.34,,,7.27,,73.06999999999999,5.54,52.01,10.07,32.37,1581000,13.01,,,,,,,,,
2015,Kabkot,1810,PRINGSEWU,,.95,34.43,15.75,,,3.85,,70.42,19.62,33.42,9.25,37.7,1581000,13.01,,,,,,,,,
2015,Kabkot,1811,MESUJI,,.79,13.23,64.12,,,5.06,,73.37,4.28,69.59,4.94,21.19,1581000,13.01,,,,,,,,,
2015,Kabkot,1812,TULANG BAWANG BARAT,,.72,9.9,2.06,,,2.61,,65.31,4.45,64.56999999999999,3.66,27.32,1581000,13.01,,,,,,,,,
2015,Kabkot,1813,PESISIR BARAT,,.75,10,,,,4.82,,74.67,3.73,64.34,5.23,26.7,1581000,13.01,,,,,,,,,
2015,Kabkot,1871,BANDAR LAMPUNG,,1.49,35.52,-1.18,,,8.51,,35.67,10.95,4.03,11.43,73.59999999999999,1581000,13.01,,,,,,,,,
2015,Kabkot,1872,METRO,,1.3,29.36,-13.28,,,5.12,,52.53,11.33,13.28,8.24,67.15000000000001,1581000,13.01,,,,,,,,,
2015,Kabkot,1901,BANGKA,,.96,19.23,-4.45,,,8.869999999999999,,51.72,5.67,34.78,20.63,38.92,2100000,28.05,,,,,,,,,
2015,Kabkot,1902,BELITUNG,,1.1,24.54,-3.91,,,4.57,,51.21,9.68,32.93,13.28,44.11,2100000,28.05,,,,,,,,,
2015,Kabkot,1903,BANGKA BARAT,,.89,10.09,-30.76,,,5.92,,60.6,5.82,41.31,20.65,32.21,2100000,28.05,,,,,,,,,
2015,Kabkot,1904,BANGKA TENGAH,,.83,15.6,-8.109999999999999,,,6.58,,55.76,5.41,39.45,21.45,33.69,2100000,28.05,,,,,,,,,
2015,Kabkot,1905,BANGKA SELATAN,,.86,8.74,-13.63,,,2.01,,78.93000000000001,3.45,59.65,16.62,20.28,2100000,28.05,,,,,,,,,
2015,Kabkot,1906,BELITUNG TIMUR,,1.03,13.31,1.89,,,2.55,,48.33,3.33,44.64,18.75,33.28,2100000,28.05,,,,,,,,,
2015,Kabkot,1971,PANGKALPINANG,,1.1,26.6,12.78,,,10.64,,29.98,6.43,5.77,10.04,77.77,2100000,28.05,,,,,,,,,
2015,Kabkot,2101,KARIMUN,,1.37,28.66,23.67,,,5.69,,36.39,8.949999999999999,28.77,15.8,46.48,1954000,17.36,,,,,,,,,
2015,Kabkot,2102,BINTAN,,1.41,42.34,5.73,,,6.88,,36.08,18.82,24.8,7.96,48.42,1954000,17.36,,,,,,,,,
2015,Kabkot,2103,NATUNA,,1.59,20.56,15.5,,,10.55,,53.47,5.21,24.92,12.36,57.51,1954000,17.36,,,,,,,,,
2015,Kabkot,2104,LINGGA,,1.08,19.71,10.9,,,4.01,,57.58,9.949999999999999,42.03,7.36,40.66,1954000,17.36,,,,,,,,,
2015,Kabkot,2105,KEPULAUAN ANAMBAS,,2.39,16.95,-28.68,,,6.38,,60.98,5.33,34.38,10.64,49.65,1954000,17.36,,,,,,,,,
2015,Kabkot,2171,B A T A M,,1.91,53.73,1.92,,,6.09,,21.42,33.48,3.54,9.51,53.47,1954000,17.36,,,,,,,,,
2015,Kabkot,2172,TANJUNG PINANG,,1.53,41.02,.19,,,6.27,,26.54,9.35,5.51,11.61,73.53,1954000,17.36,,,,,,,,,
2015,Kabkot,3101,KEPULAUAN SERIBU,,.63,24.19,-30.51,,,5.51,,67.68000000000001,1.14,31.46,4.23,63.18,2700000,10.61,,,,,,,,,
2015,Kabkot,3171,JAKARTA SELATAN,,1.2,33.56,.9399999999999999,,,6.36,,26.51,5.1,.23,6.67,88,2700000,10.61,,,,,,,,,
2015,Kabkot,3172,JAKARTA TIMUR,,1.19,40.53,-1.02,,,9.130000000000001,,28.53,16.53,.36,6.97,76.13,2700000,10.61,,,,,,,,,
2015,Kabkot,3173,JAKARTA PUSAT,,1.12,37.34,-1.05,,,6.51,,29.32,6.68,.23,4.91,88.18000000000001,2700000,10.61,,,,,,,,,
2015,Kabkot,3174,JAKARTA BARAT,,.99,41.21,.45,,,6.31,,24.38,19.05,.5,5.68,74.77,2700000,10.61,,,,,,,,,
2015,Kabkot,3175,JAKARTA UTARA,,1.13,43.7,4.21,,,7.11,,27.63,18.42,.4,5.25,75.93000000000001,2700000,10.61,,,,,,,,,
2015,Kabkot,3201,BOGOR,,2.3,45.11,10.02,,,10.01,,43.66,21.71,9.02,11.62,57.65,1000000,0,,,,,,,,,
2015,Kabkot,3202,SUKABUMI,,1.35,34.95,31.25,,,10.05,,61.98,15.87,33.79,14.18,36.16,1000000,0,,,,,,,,,
2015,Kabkot,3203,CIANJUR,,1.11,25.53,11.87,,,10.06,,66.34,9.039999999999999,35.97,9.5,45.49,1000000,0,,,,,,,,,
2015,Kabkot,3204,BANDUNG,,1.5,51.27,-8.279999999999999,,,4.03,,50.1,33.97,13.25,8.76,44.02,1000000,0,,,,,,,,,
2015,Kabkot,3205,GARUT,,1.24,38.72,10.72,,,6.5,,69.12,17.12,27.42,11.63,43.82,1000000,0,,,,,,,,,
2015,Kabkot,3206,TASIKMALAYA,,1.05,40.14,16.59,,,8.51,,74.69,19.76,30.07,9.050000000000001,41.13,1000000,0,,,,,,,,,
2015,Kabkot,3207,CIAMIS,,1.26,34.59,-5.52,,,6.99,,75.34,12.83,29.12,13,45.05,1000000,0,,,,,,,,,
2015,Kabkot,3208,KUNINGAN,,1.38,30.75,25.7,,,7.49,,64.31999999999999,6.9,27.97,9.279999999999999,55.85,1000000,0,,,,,,,,,
2015,Kabkot,3209,CIREBON,,1.05,46.24,43.12,,,10.51,,60.73,18.1,10.47,16.72,54.71,1000000,0,,,,,,,,,
2015,Kabkot,3210,MAJALENGKA,,1.42,35.69,12.57,,,4.01,,70.03,18.04,29.68,9.93,42.36,1000000,0,,,,,,,,,
2015,Kabkot,3211,SUMEDANG,,1.47,42.5,-5.81,,,9,,64.73999999999999,19.85,25.18,13.65,41.32,1000000,0,,,,,,,,,
2015,Kabkot,3212,INDRAMAYU,,1.36,31.27,30.07,,,8.51,,72.64,6.04,34.45,9.49,50.03,1000000,0,,,,,,,,,
2015,Kabkot,3213,SUBANG,,1.3,37.6,12.7,,,10.04,,64.84,16.59,33.48,10.85,39.07,1000000,0,,,,,,,,,
2015,Kabkot,3214,PURWAKARTA,,2.22,50.62,27.82,,,10,,50.13,22.93,17.98,15.79,43.3,1000000,0,,,,,,,,,
2015,Kabkot,3215,KARAWANG,,2.42,43.83,14.1,,,11.51,,50.24,28.02,16.2,8.83,46.95,1000000,0,,,,,,,,,
2015,Kabkot,3216,BEKASI,,2.8,56.12,15.76,,,10.03,,27.63,38.67,4.39,5.9,51.05,1000000,0,,,,,,,,,
2015,Kabkot,3217,BANDUNG BARAT,,1.32,43.32,-9.789999999999999,,,10.01,,54.61,20.18,22.46,16.55,40.81,1000000,0,,,,,,,,,
2015,Kabkot,3218,PANGANDARAN,,1.32,31.24,,,,4.81,,75.88,16.58,33.68,6.51,43.24,1000000,0,,,,,,,,,
2015,Kabkot,3271,BOGOR,,2.46,40.3,10.98,,,11.08,,25.58,14.11,1.24,12.47,72.17,1000000,0,,,,,,,,,
2015,Kabkot,3272,SUKABUMI,,1.48,45.21,-16.26,,,9.06,,49.27,14.41,5.47,10.04,70.08,1000000,0,,,,,,,,,
2015,Kabkot,3273,BANDUNG,,1.91,42.15,1.34,,,9.02,,28.15,19.98,.83,7.85,71.34,1000000,0,,,,,,,,,
2015,Kabkot,3274,CIREBON,,1.58,40.07,-3.39,,,11.28,,43.48,8.699999999999999,1.6,11.01,78.69,1000000,0,,,,,,,,,
2015,Kabkot,3275,BEKASI,,3.33,51.98,-6.43,,,9.359999999999999,,25.7,27.04,.52,9.41,63.03,1000000,0,,,,,,,,,
2015,Kabkot,3276,DEPOK,,3.15,37.89,11.01,,,7.48,,24.17,11.87,.87,9.24,78.03,1000000,0,,,,,,,,,
2015,Kabkot,3277,CIMAHI,,1.98,50.81,-5.64,,,9,,32.14,35.31,2.15,6.03,56.5,1000000,0,,,,,,,,,
2015,Kabkot,3278,TASIKMALAYA,,1.25,46.74,4.48,,,5.46,,45.52,27.48,4.69,9.970000000000001,57.86,1000000,0,,,,,,,,,
2015,Kabkot,3279,BANJAR,,1.46,33.77,-15.47,,,7.38,,57.11,17.67,20.85,8.23,53.25,1000000,0,,,,,,,,,
2015,Kabkot,3301,CILACAP,,2.23,36.37,-.39,,,8.01,,75.43000000000001,19.28,28.71,10.56,41.45,910000,0,,,,,,,,,
2015,Kabkot,3302,BANYUMAS,,1.73,40.14,8.94,,,6.37,,69.19,17.97,17.01,16.04,48.98,910000,0,,,,,,,,,
2015,Kabkot,3303,PURBALINGGA,,1.56,46.35,6.72,,,4.84,,56.39,30.09,23.96,9.550000000000001,36.4,910000,0,,,,,,,,,
2015,Kabkot,3304,BANJARNEGARA,,1.41,23.72,-17.25,,,5.05,,80.98,11.17,50.1,9.35,29.38,910000,0,,,,,,,,,
2015,Kabkot,3305,KEBUMEN,,1.76,34.15,22.7,,,4.14,,74.72,20.57,36.82,8.56,34.05,910000,0,,,,,,,,,
2015,Kabkot,3306,PURWOREJO,,2.03,30.35,-22.78,,,4.01,,76.39,17.86,39.66,4.89,37.59,910000,0,,,,,,,,,
2015,Kabkot,3307,WONOSOBO,,1.45,28.44,30.04,,,4.47,,73.81,13.92,44.72,7.62,33.74,910000,0,,,,,,,,,
2015,Kabkot,3308,MAGELANG,,1.62,35.95,15.34,,,5.16,,66.93000000000001,16.91,35.8,11.23,36.06,910000,0,,,,,,,,,
2015,Kabkot,3309,BOYOLALI,,1.72,37.14,-10.84,,,2.03,,62.46,20.7,33.99,12.03,33.28,910000,0,,,,,,,,,
2015,Kabkot,3310,KLATEN,,1.55,40.87,-12.08,,,2.51,,60.28,21.81,22.62,13.5,42.08,910000,0,,,,,,,,,
2015,Kabkot,3311,SUKOHARJO,,1.69,49.59,3.42,,,4.52,,43.39,31.64,12.97,8,47.39,910000,0,,,,,,,,,
2015,Kabkot,3312,WONOGIRI,,2.13,23.08,26.23,,,3.07,,78.59,5.92,53.91,9.84,30.34,910000,0,,,,,,,,,
2015,Kabkot,3313,KARANGANYAR,,1.57,43.57,-1.78,,,3.6,,55.14,24.49,26.58,10.69,38.25,910000,0,,,,,,,,,
2015,Kabkot,3314,SRAGEN,,2.11,33.94,6.82,,,4.51,,67.17,18.87,34.09,7.75,39.29,910000,0,,,,,,,,,
2015,Kabkot,3315,GROBOGAN,,1.85,31.14,-.86,,,5.22,,79.42,5.57,44.79,16.56,33.08,910000,0,,,,,,,,,
2015,Kabkot,3316,BLORA,,1.96,19.5,1.31,,,4.68,,74.34,4.61,51.05,9.42,34.92,910000,0,,,,,,,,,
2015,Kabkot,3317,REMBANG,,1.57,21.9,26.36,,,4.51,,62.03,9.65,44.77,8.52,37.06,910000,0,,,,,,,,,
2015,Kabkot,3318,PATI,,1.66,30.28,26.79,,,4.43,,61.43,16.99,30.72,8.76,43.53,910000,0,,,,,,,,,
2015,Kabkot,3319,KUDUS,,1.32,58.21,4.19,,,5.04,,38.95,37.71,8.630000000000001,11.44,42.22,910000,0,,,,,,,,,
2015,Kabkot,3320,JEPARA,,1.23,60.97,-10.71,,,3.12,,52.68,45.12,12.71,10.22,31.95,910000,0,,,,,,,,,
2015,Kabkot,3321,DEMAK,,1.77,43.67,13.94,,,6.02,,64.20999999999999,19.35,26.52,15.27,38.86,910000,0,,,,,,,,,
2015,Kabkot,3322,SEMARANG,,1.72,47.89,25.76,,,2.57,,49.61,28.6,23.29,10.46,37.65,910000,0,,,,,,,,,
2015,Kabkot,3323,TEMANGGUNG,,1.64,36.6,7.07,,,1.5,,77.27,27.24,39.04,5.06,28.66,910000,0,,,,,,,,,
2015,Kabkot,3324,KENDAL,,1.87,36.01,22.65,,,7.07,,57.56,21.87,29.61,7.48,41.04,910000,0,,,,,,,,,
2015,Kabkot,3325,BATANG,,1.52,44.09,6.63,,,4.56,,62.42,24.78,29.53,11.67,34.03,910000,0,,,,,,,,,
2015,Kabkot,3326,PEKALONGAN,,1.41,53.5,14.53,,,5.1,,44,39.37,16.34,8.17,36.11,910000,0,,,,,,,,,
2015,Kabkot,3327,PEMALANG,,1.54,33.96,22.33,,,6.53,,69.52,12.44,31.33,10.12,46.11,910000,0,,,,,,,,,
2015,Kabkot,3328,TEGAL,,1.57,44.37,26.21,,,9.52,,51.84,19.56,22.83,10.26,47.35,910000,0,,,,,,,,,
2015,Kabkot,3329,BREBES,,2.11,29.02,38.21,,,6.49,,73.59999999999999,8.529999999999999,41.34,11.71,38.42,910000,0,,,,,,,,,
2015,Kabkot,3371,MAGELANG,,2.22,36.92,1.2,,,6.43,,43.77,19.15,.68,6.53,73.64,910000,0,,,,,,,,,
2015,Kabkot,3372,SURAKARTA,,1.44,46.86,1.41,,,4.53,,32.67,23.83,.68,5.63,69.87,910000,0,,,,,,,,,
2015,Kabkot,3373,SALATIGA,,2.28,39.75,.71,,,6.43,,40.53,19.1,4.15,11.34,65.41,910000,0,,,,,,,,,
2015,Kabkot,3374,SEMARANG,,2.22,47.43,1.09,,,5.77,,27.6,24.52,1.38,9.6,64.5,910000,0,,,,,,,,,
2015,Kabkot,3375,PEKALONGAN,,1.35,59.34,-1.52,,,4.1,,32.98,38.74,2.91,6.46,51.89,910000,0,,,,,,,,,
2015,Kabkot,3376,TEGAL,,1.53,37.3,14.25,,,8.06,,41.77,13.7,9.199999999999999,8.51,68.59,910000,0,,,,,,,,,
2015,Kabkot,3401,KULON PROGO,,1.7,28.91,29.89,,,3.72,,66.90000000000001,15.22,37.81,9.199999999999999,37.77,988500,0,,,,,,,,,
2015,Kabkot,3402,BANTUL,,1.83,41.66,-1.25,,,3,,47.87,22.15,13.08,10.19,54.58,988500,0,,,,,,,,,
2015,Kabkot,3403,GUNUNGKIDUL,,1.23,24.46,-.95,,,2.9,,76.64,8.289999999999999,52.4,11.04,28.27,988500,0,,,,,,,,,
2015,Kabkot,3404,SLEMAN,,2.09,31.21,2.08,,,5.37,,37.32,13.54,13.8,9.529999999999999,63.13,988500,0,,,,,,,,,
2015,Kabkot,3471,YOGYAKARTA,,1.71,35.68,3.51,,,5.52,,32.48,14.01,1.52,2.37,82.11,988500,0,,,,,,,,,
2015,Kabkot,3501,PACITAN,,1.2,19.95,43.84,,,.97,,78.53,13.01,57.69,5.32,23.99,1000000,0,,,,,,,,,
2015,Kabkot,3502,PONOROGO,,1.41,20.42,15.57,,,3.68,,80.56,7.71,52.63,8.73,30.92,1000000,0,,,,,,,,,
2015,Kabkot,3503,TRENGGALEK,,1.06,23.24,24.53,,,2.46,,79.09,13.79,52.9,6.18,27.13,1000000,0,,,,,,,,,
2015,Kabkot,3504,TULUNGAGUNG,,1.3,32.32,10.3,,,3.95,,70.45,16.72,36.41,9.18,37.69,1000000,0,,,,,,,,,
2015,Kabkot,3505,BLITAR,,1.2,21.63,2.38,,,2.79,,70.27,9.19,46.89,8.289999999999999,35.63,1000000,0,,,,,,,,,
2015,Kabkot,3506,KEDIRI,,1.26,31.77,-3.43,,,5.02,,67.45,12.45,36.98,10.48,40.08,1000000,0,,,,,,,,,
2015,Kabkot,3507,MALANG,,1.25,36.66,21.7,,,4.95,,61.84,16.19,32.84,12.4,38.57,1000000,0,,,,,,,,,
2015,Kabkot,3508,LUMAJANG,,.92,26.33,23.33,,,2.6,,73.56999999999999,11.08,44.51,11.21,33.19,1000000,0,,,,,,,,,
2015,Kabkot,3509,JEMBER,,1.01,21.6,9.49,,,4.77,,60.74,7.6,46.27,8,38.13,1000000,0,,,,,,,,,
2015,Kabkot,3510,BANYUWANGI,,1.21,26.76,-12.65,,,2.55,,67.89,10.07,43.55,9.49,36.88,1000000,0,,,,,,,,,
2015,Kabkot,3511,BONDOWOSO,,1.18,22.69,-22.4,,,1.75,,78.12,13.58,56.18,5,25.24,1000000,0,,,,,,,,,
2015,Kabkot,3512,SITUBONDO,,.95,18.52,3.02,,,3.57,,68.40000000000001,6.54,46.32,7.03,40.11,1000000,0,,,,,,,,,
2015,Kabkot,3513,PROBOLINGGO,,1.26,21.27,-26.64,,,2.51,,83.65000000000001,8.73,56.74,7.27,27.26,1000000,0,,,,,,,,,
2015,Kabkot,3514,PASURUAN,,1.61,48.29,20.25,,,6.41,,51.95,28.84,23.41,11.1,36.65,1000000,0,,,,,,,,,
2015,Kabkot,3515,SIDOARJO,,2.4,55.39,-2.88,,,6.3,,31.95,36.38,6.37,8.34,48.91,1000000,0,,,,,,,,,
2015,Kabkot,3516,MOJOKERTO,,1.76,43.55,12.43,,,4.05,,54.02,25.03,20.69,9.81,44.47,1000000,0,,,,,,,,,
2015,Kabkot,3517,JOMBANG,,1.74,37.51,2.16,,,6.11,,65.84999999999999,19.13,27.95,9.029999999999999,43.9,1000000,0,,,,,,,,,
2015,Kabkot,3518,NGANJUK,,1.22,28.86,7.12,,,2.1,,77.36,9.48,43.45,10.42,36.65,1000000,0,,,,,,,,,
2015,Kabkot,3519,MADIUN,,1.55,24.04,31.98,,,6.99,,71.91,8,42.83,8.08,41.1,1000000,0,,,,,,,,,
2015,Kabkot,3520,MAGETAN,,1.98,26.91,-2.54,,,6.05,,74.69,10.05,41.88,7.71,40.35,1000000,0,,,,,,,,,
2015,Kabkot,3521,NGAWI,,1.83,23.65,5.38,,,3.99,,78.38,5.8,51.38,8.460000000000001,34.36,1000000,0,,,,,,,,,
2015,Kabkot,3522,BOJONEGORO,,1.69,22.18,9.15,,,5.01,,72.91,5.84,45.05,12.5,36.61,1000000,0,,,,,,,,,
2015,Kabkot,3523,TUBAN,,1.2,24.11,-13.9,,,3.03,,73.34999999999999,8.35,47.15,8.73,35.77,1000000,0,,,,,,,,,
2015,Kabkot,3524,LAMONGAN,,1.51,25.02,.13,,,4.1,,74.84999999999999,10.9,47.33,5.42,36.35,1000000,0,,,,,,,,,
2015,Kabkot,3525,GRESIK,,2.51,53.39,-8.42,,,5.67,,43.66,32.25,14.72,11.66,41.37,1000000,0,,,,,,,,,
2015,Kabkot,3526,BANGKALAN,,1.38,14.14,-6.16,,,5,,86.12,3.54,65.48,6.72,24.27,1000000,0,,,,,,,,,
2015,Kabkot,3527,SAMPANG,,1.12,18.11,33.92,,,2.51,,82.06999999999999,6.86,58.92,9.16,25.05,1000000,0,,,,,,,,,
2015,Kabkot,3528,PAMEKASAN,,1.25,14.13,44.06,,,4.26,,80.76000000000001,5.14,61.01,5.8,28.05,1000000,0,,,,,,,,,
2015,Kabkot,3529,SUMENEP,,.85,12.13,84.63,,,2.07,,77.86,5.55,62.57,5.92,25.96,1000000,0,,,,,,,,,
2015,Kabkot,3571,KEDIRI,,1.61,32.48,6.27,,,8.460000000000001,,39.48,11.74,3.83,9.109999999999999,75.33,1000000,0,,,,,,,,,
2015,Kabkot,3572,BLITAR,,2.08,36.37,-8.050000000000001,,,3.8,,47.44,12.47,8.890000000000001,9,69.65000000000001,1000000,0,,,,,,,,,
2015,Kabkot,3573,MALANG,,1.99,38.73,3.11,,,7.28,,32.96,14.25,2.12,7.54,76.09,1000000,0,,,,,,,,,
2015,Kabkot,3574,PROBOLINGGO,,1.94,40.85,-5.88,,,4.01,,39.15,19.57,7.36,6.84,66.23,1000000,0,,,,,,,,,
2015,Kabkot,3575,PASURUAN,,1.75,46.27,2.31,,,5.57,,36.69,28.42,6.31,6.79,58.48,1000000,0,,,,,,,,,
2015,Kabkot,3576,MOJOKERTO,,2.11,48.82,14.02,,,4.88,,36.13,29.28,1.96,6.11,62.66,1000000,0,,,,,,,,,
2015,Kabkot,3577,MADIUN,,1.63,32.87,.54,,,5.1,,39.05,7.98,2.94,8.18,80.90000000000001,1000000,0,,,,,,,,,
2015,Kabkot,3578,SURABAYA,,2.2,40.06,6.39,,,7.01,,26.91,19.35,.71,7.23,72.70999999999999,1000000,0,,,,,,,,,
2015,Kabkot,3579,BATU,,1.54,30.49,18.95,,,4.29,,51.95,11.4,27.34,7.06,54.2,1000000,0,,,,,,,,,
2015,Kabkot,3601,PANDEGLANG,,1.06,24.18,14.03,,,10.22,,75.86,7.57,42.96,8.44,41.03,1600000,20.75,,,,,,,,,
2015,Kabkot,3602,LEBAK,,.52,23.44,8.98,,,10.74,,75.40000000000001,9.93,48.44,8.029999999999999,33.6,1600000,20.75,,,,,,,,,
2015,Kabkot,3603,TANGERANG,,1.18,56.14,-3.34,,,9,,30.84,39.51,4.65,6.81,49.03,1600000,20.75,,,,,,,,,
2015,Kabkot,3604,SERANG,,1.06,48.62,2.96,,,14.8,,51.73,30.96,18.71,11.07,39.26,1600000,20.75,,,,,,,,,
2015,Kabkot,3671,TANGERANG,,1.57,47.25,.67,,,8,,20.46,28.67,.78,3.75,66.81,1600000,20.75,,,,,,,,,
2015,Kabkot,3672,CILEGON,,1.75,58.1,2.33,,,12,,30.78,22.12,1.65,14.21,62.03,1600000,20.75,,,,,,,,,
2015,Kabkot,3673,SERANG,,1.36,40.53,-2.06,,,9.49,,41.26,20.06,7.77,9.630000000000001,62.54,1600000,20.75,,,,,,,,,
2015,Kabkot,3674,TANGERANG SELATAN,,2.95,35.14,5.72,,,6.13,,16.5,8.369999999999999,.57,7.81,83.25,1600000,20.75,,,,,,,,,
2015,Kabkot,5101,JEMBRANA,,.8,30.76,17.98,,,1.59,,58.69,14.88,28.23,10.74,46.14,1621172,5.09,,,,,,,,,
2015,Kabkot,5102,TABANAN,,1.18,32.48,-14.61,,,1.73,,64.73,10.71,36.28,8.859999999999999,44.15,1621172,5.09,,,,,,,,,
2015,Kabkot,5103,BADUNG,,1.36,48.63,-4.27,,,.34,,41.08,10.15,9.49,9.640000000000001,70.72,1621172,5.09,,,,,,,,,
2015,Kabkot,5104,GIANYAR,,.97,44.63,-8.130000000000001,,,1.93,,50.34,18.12,13.84,10.93,57.11,1621172,5.09,,,,,,,,,
2015,Kabkot,5105,KLUNGKUNG,,1.26,27.25,-9.31,,,1.39,,63.22,10.59,32.34,6.92,50.14,1621172,5.09,,,,,,,,,
2015,Kabkot,5106,BANGLI,,.9399999999999999,29.52,34.56,,,1.72,,73.38,17.64,41.02,8.93,32.41,1621172,5.09,,,,,,,,,
2015,Kabkot,5107,KARANGASEM,,.78,30.86,4.44,,,2.15,,71.27,16.49,39.02,12.25,32.23,1621172,5.09,,,,,,,,,
2015,Kabkot,5108,BULELENG,,1.16,25.55,-13.99,,,2.04,,68.62,9.83,35.73,7.73,46.71,1621172,5.09,,,,,,,,,
2015,Kabkot,5171,DENPASAR,,1.5,43.15,6.42,,,3.54,,24.76,10.07,1.31,8.34,80.28,1621172,5.09,,,,,,,,,
2015,Kabkot,5201,LOMBOK BARAT,,.83,36.33,-2.78,,,3.35,,58.97,13,26.09,16.59,44.31,1330000,9.92,,,,,,,,,
2015,Kabkot,5202,LOMBOK TENGAH,,1.25,25.45,24.34,,,7.42,,81.61,12.92,43.14,9.289999999999999,34.65,1330000,9.92,,,,,,,,,
2015,Kabkot,5203,LOMBOK TIMUR,,1.26,22.35,-12.28,,,6.46,,83.86,11.41,45.65,8.390000000000001,34.55,1330000,9.92,,,,,,,,,
2015,Kabkot,5204,SUMBAWA,,1.97,15.31,-19.14,,,4.2,,79.95,5.89,52.72,6.52,34.87,1330000,9.92,,,,,,,,,
2015,Kabkot,5205,DOMPU,,1.34,18.8,-18.52,,,5.56,,77.90000000000001,7.08,47.69,4.24,40.99,1330000,9.92,,,,,,,,,
2015,Kabkot,5206,BIMA,,1.31,13.77,8.94,,,2.95,,81.31999999999999,6.7,52.93,5.02,35.35,1330000,9.92,,,,,,,,,
2015,Kabkot,5207,SUMBAWA BARAT,,1.53,23.17,21.23,,,7.98,,65.90000000000001,6.18,32.46,14.24,47.12,1330000,9.92,,,,,,,,,
2015,Kabkot,5208,LOMBOK UTARA,,1.05,20.66,37.63,,,2.15,,80.73,3.67,53.98,7.51,34.84,1330000,9.92,,,,,,,,,
2015,Kabkot,5271,MATARAM,,1.86,29.46,21.85,,,7.5,,38.12,8.26,3.12,9.17,79.45,1330000,9.92,,,,,,,,,
2015,Kabkot,5272,BIMA,,2.01,25.89,-11.71,,,10.15,,53.54,11.75,13.37,8.16,66.72,1330000,9.92,,,,,,,,,
2015,Kabkot,5301,SUMBA BARAT,,1.31,11.11,13.71,,,1.8,,76.59999999999999,4.4,61.98,3.87,29.76,1250000,8.699999999999999,,,,,,,,,
2015,Kabkot,5302,SUMBA TIMUR,,1.19,16.66,7.72,,,3.14,,81.2,7.25,61.68,7.57,23.5,1250000,8.699999999999999,,,,,,,,,
2015,Kabkot,5303,KUPANG,,1.25,15.8,-2.54,,,4.15,,82.88,8.380000000000001,62.84,5.41,23.37,1250000,8.699999999999999,,,,,,,,,
2015,Kabkot,5304,TIMOR TENGAH SELATAN,,1.5,10.12,2.71,,,3.47,,87.72,3.41,73.93000000000001,2.92,19.74,1250000,8.699999999999999,,,,,,,,,
2015,Kabkot,5305,TIMOR TENGAH UTARA,,1.5,18.91,.62,,,1.88,,79.51000000000001,7.91,60.3,2.92,28.87,1250000,8.699999999999999,,,,,,,,,
2015,Kabkot,5306,BELU,,1.92,13.97,24.54,,,5.39,,74.31999999999999,1.63,59.78,4.82,33.78,1250000,8.699999999999999,,,,,,,,,
2015,Kabkot,5307,ALOR,,1.02,13.76,29.35,,,3.59,,76.26000000000001,6.87,57.3,7.28,28.55,1250000,8.699999999999999,,,,,,,,,
2015,Kabkot,5308,LEMBATA,,1.33,14.64,-21.15,,,3.05,,76.04000000000001,1.97,61.76,5.86,30.42,1250000,8.699999999999999,,,,,,,,,
2015,Kabkot,5309,FLORES TIMUR,,1.33,15.24,-10.57,,,3.9,,81.14,8.59,61.66,2.69,27.05,1250000,8.699999999999999,,,,,,,,,
2015,Kabkot,5310,SIKKA,,1.4,18.89,-13.39,,,.65,,75.76000000000001,9.800000000000001,55.04,4,31.16,1250000,8.699999999999999,,,,,,,,,
2015,Kabkot,5311,ENDE,,1.4,20.61,-19.03,,,3.4,,79,11.47,53.37,3.62,31.53,1250000,8.699999999999999,,,,,,,,,
2015,Kabkot,5312,NGADA,,1.43,12.55,17.17,,,1.32,,75.73,3.28,62.43,4.75,29.54,1250000,8.699999999999999,,,,,,,,,
2015,Kabkot,5313,MANGGARAI,,1.29,17.75,-9.51,,,3.99,,85.72,5.46,65.67,6.72,22.15,1250000,8.699999999999999,,,,,,,,,
2015,Kabkot,5314,ROTE NDAO,,1.01,12.26,47.42,,,2.37,,81.5,6.58,69.70999999999999,3.83,19.88,1250000,8.699999999999999,,,,,,,,,
2015,Kabkot,5315,MANGGARAI BARAT,,1.18,11.1,-21.07,,,2.36,,85.62,4.08,73.40000000000001,3.07,19.44,1250000,8.699999999999999,,,,,,,,,
2015,Kabkot,5316,SUMBA TENGAH,,1.46,4.3,-8.789999999999999,,,3.81,,85,.9,79.7,3.5,15.9,1250000,8.699999999999999,,,,,,,,,
2015,Kabkot,5317,SUMBA BARAT DAYA,,1.29,13.79,-7.85,,,2.87,,91.48999999999999,8.9,77.66,1.72,11.72,1250000,8.699999999999999,,,,,,,,,
2015,Kabkot,5318,NAGEKEO,,1.48,14.14,14.32,,,1.95,,79.03,7.92,67.84999999999999,3.25,20.99,1250000,8.699999999999999,,,,,,,,,
2015,Kabkot,5319,MANGGARAI TIMUR,,1.37,5.05,69.47,,,2.18,,87.90000000000001,2.28,84.2,1.5,12.03,1250000,8.699999999999999,,,,,,,,,
2015,Kabkot,5320,SABU RAIJUA,,1.21,21.59,26.4,,,7.76,,83.8,16.7,59.66,3.66,19.98,1250000,8.699999999999999,,,,,,,,,
2015,Kabkot,5321,MALAKA,,1.54,14.24,,,,4.08,,82.13,4.8,60.29,4.62,30.29,1250000,8.699999999999999,,,,,,,,,
2015,Kabkot,5371,KUPANG,,2.06,27.85,5.99,,,14.25,,25.79,2.9,3.64,8.76,84.70999999999999,1250000,8.699999999999999,,,,,,,,,
2015,Kabkot,6101,SAMBAS,,1.2,14.46,43.36,,,4.85,,76,5.01,64.18000000000001,4.21,26.61,1560000,13.04,,,,,,,,,
2015,Kabkot,6102,BENGKAYANG,,1.13,7.16,-2.36,,,3.15,,71.59,1.49,74.66,3.76,20.08,1560000,13.04,,,,,,,,,
2015,Kabkot,6103,LANDAK,,1,4.15,-11.92,,,5.81,,81.97,.47,83.02,3.26,13.25,1560000,13.04,,,,,,,,,
2015,Kabkot,6104,MEMPAWAH,,1.11,21.45,-12.39,,,7.12,,56.32,10.68,46.4,8.99,33.94,1560000,13.04,,,,,,,,,
2015,Kabkot,6105,SANGGAU,,1.21,8.869999999999999,18.53,,,5.13,,72.59,3.35,74.55,4.81,17.29,1560000,13.04,,,,,,,,,
2015,Kabkot,6106,KETAPANG,,1.39,13.11,-12.41,,,4.29,,67.27,3.39,60.65,9.039999999999999,26.93,1560000,13.04,,,,,,,,,
2015,Kabkot,6107,SINTANG,,1.41,6.13,-31.93,,,2.48,,79.17,.7,74.55,5.74,19,1560000,13.04,,,,,,,,,
2015,Kabkot,6108,KAPUAS HULU,,1.87,9.09,9.619999999999999,,,3,,72.78,1.16,68.45999999999999,9.83,20.55,1560000,13.04,,,,,,,,,
2015,Kabkot,6109,SEKADAU,,1.14,6.16,57.84,,,2.97,,81.55,1.29,76.3,5.93,16.49,1560000,13.04,,,,,,,,,
2015,Kabkot,6110,MELAWI,,1.42,7.05,1.92,,,3.03,,71.65000000000001,1,69.11,5.72,24.16,1560000,13.04,,,,,,,,,
2015,Kabkot,6111,KAYONG UTARA,,1.48,9.550000000000001,3.79,,,3.76,,59.57,.79,67.38,7.06,24.77,1560000,13.04,,,,,,,,,
2015,Kabkot,6112,KUBU RAYA,,1.27,20.58,12.46,,,6.11,,53.52,7.2,46.61,8.02,38.17,1560000,13.04,,,,,,,,,
2015,Kabkot,6171,PONTIANAK,,1.4,36.66,-3.87,,,9.44,,29.93,7.93,3.21,8.23,80.63,1560000,13.04,,,,,,,,,
2015,Kabkot,6172,SINGKAWANG,,1.52,27.08,-21.97,,,6.12,,56.63,4.98,23.82,9.130000000000001,62.07,1560000,13.04,,,,,,,,,
2015,Kabkot,6201,KOTAWARINGIN BARAT,,1.2,21.8,4.74,,,3.25,,41.35,6.73,39.12,9.19,44.96,1896367,10,,,,,,,,,
2015,Kabkot,6202,KOTAWARINGIN TIMUR,,1.02,21.88,14.74,,,3.53,,44.45,4.08,42.23,11.11,42.58,1896367,10,,,,,,,,,
2015,Kabkot,6203,KAPUAS,,.74,10.9,20.01,,,4.07,,72.23999999999999,4.63,55.81,10.65,28.91,1896367,10,,,,,,,,,
2015,Kabkot,6204,BARITO SELATAN,,1.37,12.82,59.86,,,9.99,,62.75,5.85,53.75,6.01,34.38,1896367,10,,,,,,,,,
2015,Kabkot,6205,BARITO UTARA,,1.19,16.8,38.63,,,4.78,,62.19,4.04,49.77,8,38.18,1896367,10,,,,,,,,,
2015,Kabkot,6206,SUKAMARA,,1.11,11.7,-19.16,,,4.68,,42.98,2.78,48.59,7.88,40.75,1896367,10,,,,,,,,,
2015,Kabkot,6207,LAMANDAU,,1.21,6.37,-6.11,,,5,,53.79,1.89,62.59,4.48,31.04,1896367,10,,,,,,,,,
2015,Kabkot,6208,SERUYAN,,1.21,8.65,19.92,,,4.64,,34.66,.77,65.06,5.66,28.51,1896367,10,,,,,,,,,
2015,Kabkot,6209,KATINGAN,,1.14,8.19,-10.45,,,5.97,,65.15000000000001,2.22,56.66,13.51,27.61,1896367,10,,,,,,,,,
2015,Kabkot,6210,PULANG PISAU,,1.16,11.89,-39.01,,,3.29,,81.89,2.74,66.98999999999999,9.34,20.93,1896367,10,,,,,,,,,
2015,Kabkot,6211,GUNUNG MAS,,.88,3.82,33.12,,,2.7,,53.81,1.95,37.59,36.54,23.92,1896367,10,,,,,,,,,
2015,Kabkot,6212,BARITO TIMUR,,1.27,11.45,26.71,,,2.14,,65.34,4.57,53.37,11.56,30.5,1896367,10,,,,,,,,,
2015,Kabkot,6213,MURUNG RAYA,,1.4,9.470000000000001,4.33,,,6.33,,71.62,.55,37.13,19.68,42.65,1896367,10,,,,,,,,,
2015,Kabkot,6271,PALANGKA RAYA,,1.53,28.73,11.39,,,6.3,,36.29,3.08,9.710000000000001,14.59,72.61,1896367,10,,,,,,,,,
2015,Kabkot,6301,TANAH LAUT,,.97,18.14,-15.22,,,4.53,,69.01000000000001,3.49,48.29,13.06,35.16,1870000,15.43,,,,,,,,,
2015,Kabkot,6302,KOTABARU,,.98,16.21,15.26,,,6.1,,46.23,4.18,53.98,8.390000000000001,33.46,1870000,15.43,,,,,,,,,
2015,Kabkot,6303,BANJAR,,1.07,23.54,10.05,,,3.44,,63.92,7.74,36.65,10.11,45.5,1870000,15.43,,,,,,,,,
2015,Kabkot,6304,BARITO KUALA,,1.25,14.11,-4.52,,,1.99,,70.38,5.45,55.79,5.24,33.52,1870000,15.43,,,,,,,,,
2015,Kabkot,6305,TAPIN,,1.25,13.09,44.88,,,5.14,,70.28,3.37,49.9,8.380000000000001,38.36,1870000,15.43,,,,,,,,,
2015,Kabkot,6306,HULU SUNGAI SELATAN,,1.21,23.85,-20.84,,,2.84,,71.44,10.06,40.16,5.42,44.36,1870000,15.43,,,,,,,,,
2015,Kabkot,6307,HULU SUNGAI TENGAH,,.97,23.78,40.49,,,2.97,,69.54000000000001,7.77,44.47,5.59,42.17,1870000,15.43,,,,,,,,,
2015,Kabkot,6308,HULU SUNGAI UTARA,,1.01,32.06,52.54,,,3.14,,65.29000000000001,17.14,30.95,7.07,44.84,1870000,15.43,,,,,,,,,
2015,Kabkot,6309,TABALONG,,1.64,8.789999999999999,4.82,,,3.15,,71.98999999999999,1.6,54.85,11.33,32.23,1870000,15.43,,,,,,,,,
2015,Kabkot,6310,TANAH BUMBU,,1.11,17.17,18.18,,,8.44,,45.07,4.07,37.88,17.82,40.22,1870000,15.43,,,,,,,,,
2015,Kabkot,6311,BALANGAN,,1.35,15.09,50.14,,,4.31,,72.61,3.9,53.27,7.69,35.14,1870000,15.43,,,,,,,,,
2015,Kabkot,6371,BANJARMASIN,,1.4,33.16,21.84,,,8.300000000000001,,33.99,10.07,1.62,8.960000000000001,79.34999999999999,1870000,15.43,,,,,,,,,
2015,Kabkot,6372,BANJAR BARU,,1.15,26.22,-10.95,,,5.67,,46.99,6.81,5.42,13.47,74.3,1870000,15.43,,,,,,,,,
2015,Kabkot,6401,PASER,,1.17,14.69,-1.96,,,9.06,,55.67,2.14,44.63,13.27,39.96,2026126,7.41,,,,,,,,,
2015,Kabkot,6402,KUTAI BARAT,,.9,12.19,28.45,,,11.7,,60.25,2.18,46.71,11.38,39.74,2026126,7.41,,,,,,,,,
2015,Kabkot,6403,KUTAI KARTANEGARA,,1.45,15.47,12.8,,,10.22,,40.99,5.47,34.35,19.94,40.24,2026126,7.41,,,,,,,,,
2015,Kabkot,6404,KUTAI TIMUR,,1.85,11.83,8.16,,,5.14,,39.46,1.38,38.88,24.81,34.92,2026126,7.41,,,,,,,,,
2015,Kabkot,6405,BERAU,,1.36,15.54,-19.96,,,5.72,,47.86,4.85,36.25,15.55,43.36,2026126,7.41,,,,,,,,,
2015,Kabkot,6409,PENAJAM PASER UTARA,,1.03,21.73,20.6,,,7.28,,52.2,4.34,48.8,13.74,33.12,2026126,7.41,,,,,,,,,
2015,Kabkot,6411,MAHAKAM ULU,,1.43,5.21,,,,4.75,,84.5,.3,81.56999999999999,1.72,16.4,2026126,7.41,,,,,,,,,
2015,Kabkot,6471,BALIKPAPAN,,1.73,35.61,14.93,,,5.95,,25.85,6.73,2.55,17.12,73.59999999999999,2026126,7.41,,,,,,,,,
2015,Kabkot,6472,SAMARINDA,,1.08,35.93,-5.16,,,5.61,,36.35,7.17,3.76,16.74,72.33,2026126,7.41,,,,,,,,,
2015,Kabkot,6474,BONTANG,,2.32,43.36,14.38,,,12.07,,29.53,14.84,3.98,20.34,60.84,2026126,7.41,,,,,,,,,
2015,Kabkot,6501,MALINAU,,1.78,12.36,,,,8.529999999999999,,53.5,1.69,41.51,13.49,43.31,2026126,,,,,,,,,,
2015,Kabkot,6502,BULUNGAN,,1.39,12.17,,,,6.97,,46.75,1.26,45.84,10.03,42.87,2026126,,,,,,,,,,
2015,Kabkot,6503,TANA TIDUNG,,1.67,7.03,,,,2.58,,32.04,.71,34.24,13.53,51.52,2026126,,,,,,,,,,
2015,Kabkot,6504,NUNUKAN,,.91,15.34,,,,3.78,,53.39,.53,45.89,7.11,46.47,2026126,,,,,,,,,,
2015,Kabkot,6571,TARAKAN,,1.38,27.97,,,,5.6,,31.22,10.5,18.08,12.06,59.37,2026126,,,,,,,,,,
2015,Kabkot,7101,BOLAANG MONGONDOW,,.96,22.46,-36,,,5.77,,79.95,5.67,48.08,15.41,30.84,2150000,13.16,,,,,,,,,
2015,Kabkot,7102,MINAHASA,,1.28,25.81,39.36,,,9.619999999999999,,58.97,5,31.89,9.68,53.42,2150000,13.16,,,,,,,,,
2015,Kabkot,7103,KEPULAUAN SANGIHE,,.93,24.44,16.52,,,7.09,,67.52,5.92,41.55,10.72,41.82,2150000,13.16,,,,,,,,,
2015,Kabkot,7104,KEPULAUAN TALAUD,,.99,8.800000000000001,-8.460000000000001,,,2.02,,79.34,1.86,66.11,3.48,28.54,2150000,13.16,,,,,,,,,
2015,Kabkot,7105,MINAHASA SELATAN,,.92,29.43,-3.27,,,6.85,,74.16,14.25,41.76,7.03,36.96,2150000,13.16,,,,,,,,,
2015,Kabkot,7106,MINAHASA UTARA,,1.21,23.43,-3.45,,,10.08,,50.51,6,32.36,13.4,48.24,2150000,13.16,,,,,,,,,
2015,Kabkot,7107,BOLAANG MONGONDOW UTARA,,.64,20.57,-6.12,,,2.95,,64.41,3.88,48.51,8.31,39.3,2150000,13.16,,,,,,,,,
2015,Kabkot,7108,SIAU TAGULANDANG BIARO,,1.28,20.76,8.460000000000001,,,6.21,,74.17,5.11,46.11,9,39.78,2150000,13.16,,,,,,,,,
2015,Kabkot,7109,MINAHASA TENGGARA,,.83,22.58,-12.95,,,4.46,,75.02,6.67,45.84,7.35,40.14,2150000,13.16,,,,,,,,,
2015,Kabkot,7110,BOLAANG MONGONDOW SELATAN,,.91,15.46,-.47,,,6.78,,70.12,2.26,59.08,11.42,27.24,2150000,13.16,,,,,,,,,
2015,Kabkot,7111,BOLAANG MONGONDOW TIMUR,,.66,16.07,-11.59,,,7.19,,69.15000000000001,3.6,51.78,12.09,32.53,2150000,13.16,,,,,,,,,
2015,Kabkot,7171,MANADO,,.93,43.03,-5.74,,,14.28,,37.11,4.56,3.27,16.47,75.7,2150000,13.16,,,,,,,,,
2015,Kabkot,7172,BITUNG,,1.24,41.98,-22.58,,,11.87,,47.5,17.05,15.06,6.01,61.88,2150000,13.16,,,,,,,,,
2015,Kabkot,7173,TOMOHON,,1.17,28.73,-.43,,,10.94,,49.07,4.19,19.5,11.28,65.03,2150000,13.16,,,,,,,,,
2015,Kabkot,7174,KOTAMOBAGU,,1.22,27.38,3.73,,,10.17,,47.31,6.69,16.9,7.13,69.28,2150000,13.16,,,,,,,,,
2015,Kabkot,7201,BANGGAI KEPULAUAN,,1.1,8.5,32.91,,,2.22,,76.31,3.09,59,2.87,35.05,1500000,20,,,,,,,,,
2015,Kabkot,7202,BANGGAI,,1.31,21.99,4.56,,,4.55,,68.01000000000001,5.33,48.81,9.220000000000001,36.65,1500000,20,,,,,,,,,
2015,Kabkot,7203,MOROWALI,,2.41,11.93,14.77,,,2.29,,69.18000000000001,6.58,46.49,11.03,35.9,1500000,20,,,,,,,,,
2015,Kabkot,7204,POSO,,1.29,13.69,4.99,,,2.86,,71.42,3,58.2,7.37,31.43,1500000,20,,,,,,,,,
2015,Kabkot,7205,DONGGALA,,.93,11.35,-27.51,,,3.13,,73.45,3.82,64.68000000000001,4.66,26.84,1500000,20,,,,,,,,,
2015,Kabkot,7206,TOLI-TOLI,,1.44,10.34,19.32,,,3.89,,66.59,2.4,57.08,4.5,36.01,1500000,20,,,,,,,,,
2015,Kabkot,7207,BUOL,,1.22,12.16,-4.9,,,3.58,,65.69,2.99,55.01,6.03,35.97,1500000,20,,,,,,,,,
2015,Kabkot,7208,PARIGI MOUTONG,,1,12.1,2.42,,,2.27,,78.26000000000001,3.94,59.62,7.29,29.15,1500000,20,,,,,,,,,
2015,Kabkot,7209,TOJO UNA-UNA,,1.13,15.35,6.22,,,3.62,,68.16,4.48,52.42,7.6,35.51,1500000,20,,,,,,,,,
2015,Kabkot,7210,SIGI,,1.08,14,-3.01,,,5.74,,71.47,2.46,55.91,11.08,30.55,1500000,20,,,,,,,,,
2015,Kabkot,7211,BANGGAI LAUT,,1.26,11.25,,,,1.38,,75.02,5.66,61.43,1.18,31.72,1500000,20,,,,,,,,,
2015,Kabkot,7212,MOROWALI UTARA,,1.61,14.65,,,,5.43,,67.29000000000001,4.44,63.19,9.58,22.79,1500000,20,,,,,,,,,
2015,Kabkot,7271,PALU,,1.46,29.85,-3.76,,,8.32,,31.32,7.67,1.45,12.03,78.84999999999999,1500000,20,,,,,,,,,
2015,Kabkot,7301,KEPULAUAN SELAYAR,,.65,20.55,-6.94,,,.9,,64.73,11.01,44.6,6.13,38.26,2000000,11.11,,,,,,,,,
2015,Kabkot,7302,BULUKUMBA,,.79,18.09,-6.03,,,3,,69.18000000000001,10.19,47.45,6.93,35.44,2000000,11.11,,,,,,,,,
2015,Kabkot,7303,BANTAENG,,.92,18.72,-14.71,,,4.07,,70.22,5.95,51.78,7.02,35.25,2000000,11.11,,,,,,,,,
2015,Kabkot,7304,JENEPONTO,,.6,16.14,11.86,,,4,,76.62,3.03,50.03,7.59,39.34,2000000,11.11,,,,,,,,,
2015,Kabkot,7305,TAKALAR,,.67,27.93,-2.03,,,4.04,,61.46,12.38,40.51,11.76,35.35,2000000,11.11,,,,,,,,,
2015,Kabkot,7306,GOWA,,.95,28.14,49.7,,,4.96,,60.43,9.609999999999999,29.97,11.34,49.08,2000000,11.11,,,,,,,,,
2015,Kabkot,7307,SINJAI,,.61,9.01,-4.54,,,1.55,,73.23,3.56,65.31,3.84,27.29,2000000,11.11,,,,,,,,,
2015,Kabkot,7308,MAROS,,1.01,29.61,-4.74,,,6.99,,59.34,14.17,31.89,7.39,46.55,2000000,11.11,,,,,,,,,
2015,Kabkot,7309,PANGKAJENE DAN KEPULAUAN,,.82,29.13,-2.32,,,7.01,,49.05,14.52,34.77,13.1,37.61,2000000,11.11,,,,,,,,,
2015,Kabkot,7310,BARRU,,.86,23.08,1.35,,,7.68,,61.29,5.66,39.67,11.43,43.24,2000000,11.11,,,,,,,,,
2015,Kabkot,7311,BONE,,.68,12.29,-6.21,,,4.36,,76.72,3.86,63.48,3.04,29.62,2000000,11.11,,,,,,,,,
2015,Kabkot,7312,SOPPENG,,.9399999999999999,14.85,23.72,,,2.96,,71.28,6.18,47.87,4.8,41.15,2000000,11.11,,,,,,,,,
2015,Kabkot,7313,WAJO,,.61,16.53,-.88,,,5.39,,69.97,8.4,46.66,5.13,39.81,2000000,11.11,,,,,,,,,
2015,Kabkot,7314,SIDENRENG RAPPANG,,1.04,22.28,35.77,,,6.97,,58.48,10.15,40.27,6.93,42.66,2000000,11.11,,,,,,,,,
2015,Kabkot,7315,PINRANG,,.68,18.86,13.84,,,4.85,,69.22,7.88,53.6,6.26,32.25,2000000,11.11,,,,,,,,,
2015,Kabkot,7316,ENREKANG,,1.17,7.8,-18.06,,,1.33,,82.53,3.22,66.48,1.93,28.37,2000000,11.11,,,,,,,,,
2015,Kabkot,7317,LUWU,,.87,12.71,-26.71,,,7.86,,75.16,4.71,65.48,3.94,25.87,2000000,11.11,,,,,,,,,
2015,Kabkot,7318,TANA TORAJA,,.97,8.789999999999999,19.65,,,3.99,,79.91,2.77,72.61,3.8,20.82,2000000,11.11,,,,,,,,,
2015,Kabkot,7322,LUWU UTARA,,1,11.96,-10.16,,,2.6,,81.23,4.63,61.02,4.16,30.2,2000000,11.11,,,,,,,,,
2015,Kabkot,7325,LUWU TIMUR,,2.76,16.93,-18.35,,,5.37,,68.84999999999999,4.09,47.5,9.619999999999999,38.79,2000000,11.11,,,,,,,,,
2015,Kabkot,7326,TORAJA UTARA,,.89,13.78,9.58,,,3.11,,79.66,2.55,66.47,6.59,24.39,2000000,11.11,,,,,,,,,
2015,Kabkot,7371,MAKASSAR,,1.29,34.21,-2.03,,,12.02,,31.14,8.31,1.05,9.93,80.70999999999999,2000000,11.11,,,,,,,,,
2015,Kabkot,7372,PAREPARE,,1.17,32.14,2.08,,,8.48,,49.46,5.65,5.53,9.67,79.14,2000000,11.11,,,,,,,,,
2015,Kabkot,7373,PALOPO,,1.27,24.13,14.05,,,12.07,,42.23,3.55,13.35,9.42,73.68000000000001,2000000,11.11,,,,,,,,,
2015,Kabkot,7401,BUTON,,1.08,17.78,42.9,,,1.94,,78.37,6.72,52.25,11.25,29.78,1652000,18,,,,,,,,,
2015,Kabkot,7402,MUNA,,1.51,20.57,-16.37,,,5.07,,74.34999999999999,8.869999999999999,44.35,8.869999999999999,37.91,1652000,18,,,,,,,,,
2015,Kabkot,7403,KONAWE,,1.02,17.8,57.12,,,10.7,,58.61,3.88,44.13,11.34,40.66,1652000,18,,,,,,,,,
2015,Kabkot,7404,KOLAKA,,1.39,9.949999999999999,-9.130000000000001,,,8.35,,71.84999999999999,1.86,58.42,9.390000000000001,30.33,1652000,18,,,,,,,,,
2015,Kabkot,7405,KONAWE SELATAN,,1.24,16.9,-17.48,,,2.51,,80.02,6.57,55.07,12.93,25.43,1652000,18,,,,,,,,,
2015,Kabkot,7406,BOMBANA,,1.17,8.109999999999999,-15.88,,,1.89,,75.73,2.37,58.57,4.28,34.78,1652000,18,,,,,,,,,
2015,Kabkot,7407,WAKATOBI,,1.4,20.67,20.53,,,4.24,,72.67,4.53,45.25,10.6,39.63,1652000,18,,,,,,,,,
2015,Kabkot,7408,KOLAKA UTARA,,1.18,3.81,-29.18,,,1.97,,86.08,.95,77.67,2.12,19.26,1652000,18,,,,,,,,,
2015,Kabkot,7409,BUTON UTARA,,1.67,15.48,-6.09,,,1.02,,77.26000000000001,4.36,49.24,6.93,39.47,1652000,18,,,,,,,,,
2015,Kabkot,7410,KONAWE UTARA,,1.24,12.8,-16.24,,,5.96,,68.55,3.87,62.46,9.16,24.51,1652000,18,,,,,,,,,
2015,Kabkot,7411,KOLAKA TIMUR,,1.45,6.48,,,,7.85,,81.48,1.8,56.22,5.67,36.32,1652000,18,,,,,,,,,
2015,Kabkot,7412,KONAWE KEPULAUAN,,1.16,12.02,,,,3.14,,81.14,5.38,58.57,2.95,33.1,1652000,18,,,,,,,,,
2015,Kabkot,7471,KENDARI,,1.51,32.74,-8.93,,,9.27,,36.18,5.73,2.74,11.71,79.81,1652000,18,,,,,,,,,
2015,Kabkot,7472,BAUBAU,,1.29,33.24,5.77,,,7.17,,53.53,10.3,12.46,8.890000000000001,68.34999999999999,1652000,18,,,,,,,,,
2015,Kabkot,7501,BOALEMO,,.89,15.85,15.9,,,4.57,,72.81,6.24,59.26,4.5,30,1600000,20.75,,,,,,,,,
2015,Kabkot,7502,GORONTALO,,.91,26.62,42.01,,,3.62,,63.84,11.76,39.02,6.54,42.68,1600000,20.75,,,,,,,,,
2015,Kabkot,7503,POHUWATO,,1.01,14.72,4.12,,,2.06,,68.23,2.88,45.86,12.7,38.56,1600000,20.75,,,,,,,,,
2015,Kabkot,7504,BONE BOLANGO,,1.18,28.55,-.44,,,6.76,,64.5,5.19,25.16,18.69,50.96,1600000,20.75,,,,,,,,,
2015,Kabkot,7505,GORONTALO UTARA,,1.11,19.23,7.65,,,5.61,,75.95,3.71,45.88,10.4,40.01,1600000,20.75,,,,,,,,,
2015,Kabkot,7571,GORONTALO,,1.54,32.85,-7.86,,,6.14,,42.33,8.49,3.04,7.22,81.25,1600000,20.75,,,,,,,,,
2015,Kabkot,7601,MAJENE,,1.13,20.05,-9.029999999999999,,,5.51,,70.36,4.81,43.01,11.56,40.61,1655500,18.25,,,,,,,,,
2015,Kabkot,7602,POLEWALI MANDAR,,1.1,22.87,2.4,,,3.66,,74.77,12.01,48.82,5.53,33.64,1655500,18.25,,,,,,,,,
2015,Kabkot,7603,MAMASA,,1.07,4.32,-38.21,,,1.92,,87.52,.82,80.95,3.11,15.12,1655500,18.25,,,,,,,,,
2015,Kabkot,7604,MAMUJU,,1.29,16.47,38.55,,,3.78,,68.78,4.94,59.11,6.98,28.97,1655500,18.25,,,,,,,,,
2015,Kabkot,7605,PASANGKAYU,,1.74,14.59,-11.41,,,1.44,,59.74,7.51,61.23,3.74,27.52,1655500,18.25,,,,,,,,,
2015,Kabkot,7606,MAMUJU TENGAH,,1.28,6.87,,,,2.92,,84.11,0,76.34,3.37,20.29,1655500,18.25,,,,,,,,,
2015,Kabkot,8101,KEPULAUAN TANIMBAR,,1.46,5.71,-36.5,,,5.25,,82.77,.52,78.22,3.27,17.98,1650000,16.61,,,,,,,,,
2015,Kabkot,8102,MALUKU TENGGARA,,1.85,7.29,12.03,,,4.66,,81.93000000000001,1.08,72.98,4.79,21.15,1650000,16.61,,,,,,,,,
2015,Kabkot,8103,MALUKU TENGAH,,1.38,18.77,21.62,,,12.75,,66.18000000000001,4.19,47.41,5.68,42.72,1650000,16.61,,,,,,,,,
2015,Kabkot,8104,BURU,,.97,25.29,-3.25,,,5.04,,64.61,10.92,38.76,9.84,40.48,1650000,16.61,,,,,,,,,
2015,Kabkot,8105,KEPULAUAN ARU,,1.34,6.53,2.78,,,5.19,,73,1.01,61.78,2.56,34.65,1650000,16.61,,,,,,,,,
2015,Kabkot,8106,SERAM BAGIAN BARAT,,1.34,11.69,-13.92,,,8.210000000000001,,74.18000000000001,5.85,61.67,3.97,28.5,1650000,16.61,,,,,,,,,
2015,Kabkot,8107,SERAM BAGIAN TIMUR,,1.56,9.5,-1.2,,,6.18,,78.51000000000001,4.41,69.45999999999999,3.9,22.22,1650000,16.61,,,,,,,,,
2015,Kabkot,8108,MALUKU BARAT DAYA,,1.45,3.11,53.72,,,3.73,,89.44,.3,83.94,.44,15.31,1650000,16.61,,,,,,,,,
2015,Kabkot,8109,BURU SELATAN,,.96,5.95,38.68,,,9.140000000000001,,84.52,.21,74.55,2.82,22.42,1650000,16.61,,,,,,,,,
2015,Kabkot,8171,AMBON,,1.66,36.36,-17.51,,,15.46,,50.56,3.55,5.32,10.15,80.98,1650000,16.61,,,,,,,,,
2015,Kabkot,8172,TUAL,,1.48,18.9,38.8,,,12.79,,50.92,1.49,28.14,8.74,61.63,1650000,16.61,,,,,,,,,
2015,Kabkot,8201,HALMAHERA BARAT,,.99,11.09,44.23,,,4.29,,79.55,3.24,68.3,3.19,25.27,1577617,9.5,,,,,,,,,
2015,Kabkot,8202,HALMAHERA TENGAH,,1.39,9.380000000000001,23.77,,,10.36,,72.06999999999999,1.13,59.29,10.94,28.64,1577617,9.5,,,,,,,,,
2015,Kabkot,8203,KEPULAUAN SULA,,.78,7.61,-28.47,,,3.75,,75.25,2.05,66.92,2.5,28.52,1577617,9.5,,,,,,,,,
2015,Kabkot,8204,HALMAHERA SELATAN,,1.95,12.25,-18.44,,,6.31,,75.33,3.37,61.39,11.41,23.84,1577617,9.5,,,,,,,,,
2015,Kabkot,8205,HALMAHERA UTARA,,1.08,14.52,8.359999999999999,,,5.81,,75.90000000000001,2.91,57.48,4.38,35.22,1577617,9.5,,,,,,,,,
2015,Kabkot,8206,HALMAHERA TIMUR,,1.09,15.62,69.33,,,4.03,,77.40000000000001,6.82,57.34,10.13,25.71,1577617,9.5,,,,,,,,,
2015,Kabkot,8207,PULAU MOROTAI,,1.16,14.51,64.7,,,9.970000000000001,,63.86,3.29,54.32,8.42,33.98,1577617,9.5,,,,,,,,,
2015,Kabkot,8208,PULAU TALIABU,,1.29,.97,,,,9.720000000000001,,72.03,0,76.36,1.74,21.9,1577617,9.5,,,,,,,,,
2015,Kabkot,8271,TERNATE,,1.64,33.91,4.02,,,6.87,,47.85,6.31,8.050000000000001,8.710000000000001,76.93000000000001,1577617,9.5,,,,,,,,,
2015,Kabkot,8272,TIDORE KEPULAUAN,,1.38,21.3,12.53,,,4.58,,56.17,1.57,38.98,11.14,48.31,1577617,9.5,,,,,,,,,
2015,Kabkot,9101,FAKFAK,,1.35,19.21,23.52,,,9.01,,54.28,1.32,35.21,9.91,53.57,2015000,7.75,,,,,,,,,
2015,Kabkot,9102,KAIMANA,,1.37,13.65,11.32,,,3.34,,64.36,.9,48.54,3.68,46.87,2015000,7.75,,,,,,,,,
2015,Kabkot,9103,TELUK WONDAMA,,1.28,12.19,359.43,,,2.83,,68.7,1.07,55.41,5.83,37.7,2015000,7.75,,,,,,,,,
2015,Kabkot,9104,TELUK BINTUNI,,1.76,25.39,9.25,,,6.87,,49.21,5.65,25.95,13.95,54.44,2015000,7.75,,,,,,,,,
2015,Kabkot,9105,MANOKWARI,,1.27,18.6,44.77,,,6.58,,53.08,2.36,38.33,7.2,52.11,2015000,7.75,,,,,,,,,
2015,Kabkot,9106,SORONG SELATAN,,1.28,6.41,-4.27,,,2.87,,78.31999999999999,1,71.56999999999999,4.49,22.94,2015000,7.75,,,,,,,,,
2015,Kabkot,9107,SORONG,,1.49,23.56,4.1,,,5.66,,65.95999999999999,8.08,43.82,17.47,30.63,2015000,7.75,,,,,,,,,
2015,Kabkot,9108,RAJA AMPAT,,1.31,11.51,35.41,,,5.59,,69.78,.31,63.35,7.14,29.2,2015000,7.75,,,,,,,,,
2015,Kabkot,9109,TAMBRAUW,,1.84,4.61,56.99,,,0,,84.67,0,77.61,1.84,20.55,2015000,7.75,,,,,,,,,
2015,Kabkot,9110,MAYBRAT,,1.51,2.64,,,,4.01,,90.47,0,83,1.92,15.08,2015000,7.75,,,,,,,,,
2015,Kabkot,9111,MANOKWARI SELATAN,,1.28,16.99,,,,4.18,,64.53,1.12,44.47,8.960000000000001,45.44,2015000,7.75,,,,,,,,,
2015,Kabkot,9112,PEGUNUNGAN ARFAK,,1.46,0,,,,1.05,,98.36,0,98.36,0,1.64,2015000,7.75,,,,,,,,,
2015,Kabkot,9171,SORONG,,1.33,32.31,,,,17.26,,41.9,3.54,8.25,8.49,79.73,2015000,7.75,,,,,,,,,
2015,Kabkot,9401,MERAUKE,,1.23,18.63,29.19,,,9.08,,62.03,7.49,51.7,5.86,34.96,2193000,7.5,,,,,,,,,
2015,Kabkot,9402,JAYAWIJAYA,,2.28,1.61,3.68,,,.06,,92.61,.05,90.28,.51,9.17,2193000,7.5,,,,,,,,,
2015,Kabkot,9403,JAYAPURA,,1.35,15.74,-13.72,,,14.03,,68.47,2.22,50.54,8.800000000000001,38.45,2193000,7.5,,,,,,,,,
2015,Kabkot,9404,NABIRE,,1.11,20.7,,,,10.14,,51.02,3.53,34.49,9.789999999999999,52.19,2193000,7.5,,,,,,,,,
2015,Kabkot,9408,KEPULAUAN YAPEN,,1.12,11.99,13.02,,,7.54,,70.01000000000001,1.41,57.19,5.24,36.17,2193000,7.5,,,,,,,,,
2015,Kabkot,9409,BIAK NUMFOR,,.88,15.18,-18.38,,,10.08,,59.8,2.39,40.81,7.15,49.65,2193000,7.5,,,,,,,,,
2015,Kabkot,9410,PANIAI,,.72,1.89,466.25,,,.83,,94.44,.11,87.73,.26,11.9,2193000,7.5,,,,,,,,,
2015,Kabkot,9411,PUNCAK JAYA,,1.41,1.18,1098.17,,,.89,,92.36,0,90.31999999999999,.26,9.42,2193000,7.5,,,,,,,,,
2015,Kabkot,9412,MIMIKA,,2.5,29.09,-11.51,,,7.94,,53.49,0,26.03,19.21,54.76,2193000,7.5,,,,,,,,,
2015,Kabkot,9413,BOVEN DIGOEL,,1.46,7.79,-41.71,,,5.35,,79.44,4.76,64,3.51,27.74,2193000,7.5,,,,,,,,,
2015,Kabkot,9414,MAPPI,,.49,6.33,104.81,,,2.94,,85.77,.19,84.25,5.98,9.57,2193000,7.5,,,,,,,,,
2015,Kabkot,9415,ASMAT,,1.08,.38,-43.92,,,.53,,95.68000000000001,.14,92.18000000000001,0,7.67,2193000,7.5,,,,,,,,,
2015,Kabkot,9416,YAHUKIMO,,2.57,.6,29.96,,,.55,,96.92,0,96.39,.41,3.2,2193000,7.5,,,,,,,,,
2015,Kabkot,9417,PEGUNUNGAN BINTANG,,2.47,4.91,153.26,,,2.72,,87.95999999999999,.3,83.23999999999999,.9,15.56,2193000,7.5,,,,,,,,,
2015,Kabkot,9418,TOLIKARA,,1.37,.6,30.61,,,.48,,95.03,0,92.67,0,7.33,2193000,7.5,,,,,,,,,
2015,Kabkot,9419,SARMI,,1.23,9.01,8.5,,,3.07,,78.79000000000001,2.24,68.55,3.58,25.63,2193000,7.5,,,,,,,,,
2015,Kabkot,9420,KEEROM,,.93,11.92,-15.1,,,4.19,,70.89,1.8,70.73999999999999,5.74,21.72,2193000,7.5,,,,,,,,,
2015,Kabkot,9426,WAROPEN,,1.14,6.21,9.720000000000001,,,4.43,,66.3,0,58.47,2.5,39.03,2193000,7.5,,,,,,,,,
2015,Kabkot,9427,SUPIORI,,.97,11.69,29.94,,,10.75,,68.12,2.68,53.32,7.4,36.6,2193000,7.5,,,,,,,,,
2015,Kabkot,9428,MAMBERAMO RAYA,,.79,1.09,,,,3.15,,94.20999999999999,0,90.91,.36,8.73,2193000,7.5,,,,,,,,,
2015,Kabkot,9430,LANNY JAYA,,2.42,0,2062.47,,,0,,97.26000000000001,0,97.09,0,2.91,2193000,7.5,,,,,,,,,
2015,Kabkot,9431,MAMBERAMO TENGAH,,1.79,0,368.96,,,0,,95.98999999999999,0,95.41,0,4.59,2193000,7.5,,,,,,,,,
2015,Kabkot,9433,PUNCAK,,1.48,1.01,488.84,,,.96,,93.20999999999999,0,93.16,.96,5.88,2193000,7.5,,,,,,,,,
2015,Kabkot,9434,DOGIYAI,,.75,0,-22.06,,,.77,,98.94,0,99.34,0,.66,2193000,7.5,,,,,,,,,
2015,Kabkot,9435,INTAN JAYA,,.95,.13,,,,0,,89.23999999999999,0,97.08,.14,2.78,2193000,7.5,,,,,,,,,
2015,Kabkot,9436,DEIYAI,,.6899999999999999,2.34,2348.99,,,5.64,,93.89,.19,91.67,.98,7.15,2193000,7.5,,,,,,,,,
2015,Kabkot,9471,JAYAPURA,,1.36,30.11,-5.6,,,10.37,,36.1,2.26,7.21,11.46,79.06999999999999,2193000,7.5,,,,,,,,,
2017,Kabkot,1101,SIMEULUE,68.88,,16.87,,,,3.12,10.41,61.1,1.6,42.58,7.61,48.2,,,,,,,,,,,
2017,Kabkot,1102,ACEH SINGKIL,69.04000000000001,,19.53,,,,7.14,19.37,61.71,6.3,53.73,6.32,33.65,,,,,,,,,,,
2017,Kabkot,1103,ACEH SELATAN,80,,24.05,,,,7.24,17.98,55.46,5.96,34.13,13.7,46.21,,,,,,,,,,,
2017,Kabkot,1104,ACEH TENGGARA,50.27,,11.55,,,,4.75,13.42,78.70999999999999,2.27,60.02,4.83,32.88,,,,,,,,,,,
2017,Kabkot,1105,ACEH TIMUR,65.51000000000001,,24.97,,,,8.42,19.51,67.98,5.47,47.4,10.58,36.55,,,,,,,,,,,
2017,Kabkot,1106,ACEH TENGAH,44.66,,9,,,,3.91,11.18,76.34999999999999,2.77,63.85,3.22,30.16,,,,,,,,,,,
2017,Kabkot,1107,ACEH BARAT,75.05,,23.01,,,,6.2,17.26,46.61,8.02,30.65,13.18,48.14,,,,,,,,,,,
2017,Kabkot,1108,ACEH BESAR,72.67,,34.57,,,,8.49,22.82,51.43,13.66,17.19,11.71,57.44,,,,,,,,,,,
2017,Kabkot,1109,PIDIE,78.20999999999999,,26.17,,,,7.64,22.68,56.16,10.68,39.42,9.69,40.21,,,,,,,,,,,
2017,Kabkot,1110,BIREUEN,75.37,,30.58,,,,4.5,12.6,58.08,10.35,35.29,9.720000000000001,44.63,,,,,,,,,,,
2017,Kabkot,1111,ACEH UTARA,80.43000000000001,,25.88,,,,11.02,27.56,69.28,9.49,48.49,7.78,34.25,,,,,,,,,,,
2017,Kabkot,1112,ACEH BARAT DAYA,73.19,,20.84,,,,3.16,8.699999999999999,64.83,7.81,40.49,7.97,43.73,,,,,,,,,,,
2017,Kabkot,1113,GAYO LUES,54.32,,20.09,,,,1.71,4.45,76.95,15.96,52.79,3.04,28.2,,,,,,,,,,,
2017,Kabkot,1114,ACEH TAMIANG,75.02,,21.59,,,,5.43,17.06,56.72,5.93,43.17,5.93,44.97,,,,,,,,,,,
2017,Kabkot,1115,NAGAN RAYA,71.90000000000001,,17.75,,,,4.11,9.9,61.35,7.52,52.82,7.54,32.11,,,,,,,,,,,
2017,Kabkot,1116,ACEH JAYA,75.36,,18.25,,,,6.23,22.08,64.68000000000001,4.02,50.12,9.470000000000001,36.39,,,,,,,,,,,
2017,Kabkot,1117,BENER MERIAH,51.36,,8.619999999999999,,,,1.06,2.34,82.90000000000001,2.04,72.33,2.51,23.12,,,,,,,,,,,
2017,Kabkot,1118,PIDIE JAYA,82.47,,20.67,,,,4.89,17.23,64.72,5.89,44.03,11.07,39,,,,,,,,,,,
2017,Kabkot,1171,BANDA ACEH,70.38,,32.31,,,,7.75,18.88,25.93,6.02,1.44,10.98,81.56,,,,,,,,,,,
2017,Kabkot,1172,SABANG,49.65,,23.74,,,,3,9.31,37.69,7.85,13.87,7.53,70.75,,,,,,,,,,,
2017,Kabkot,1173,LANGSA,69.19,,36.77,,,,7.03,15.37,43.23,11.99,7.64,9.91,70.45999999999999,,,,,,,,,,,
2017,Kabkot,1174,LHOKSEUMAWE,65.15000000000001,,33.36,,,,10.51,24.77,46.06,6.78,13.15,11.55,68.53,,,,,,,,,,,
2017,Kabkot,1175,SUBULUSSALAM,65.17,,20.89,,,,4.91,12.36,55.02,6.03,39.97,7.19,46.81,,,,,,,,,,,
2017,Kabkot,1201,NIAS,77.03,,6.46,,,,1.19,2.86,89.58,2.81,80.65000000000001,5.6,10.94,,,,,,,,,,,
2017,Kabkot,1202,MANDAILING NATAL,77.3,,20.41,,,,5.75,15.12,68.06,7.55,46.16,10.08,36.21,,,,,,,,,,,
2017,Kabkot,1203,TAPANULI SELATAN,65.33,,14.25,,,,5.8,16.66,81.88,6.14,64.44,5.16,24.25,,,,,,,,,,,
2017,Kabkot,1204,TAPANULI TENGAH,83.73999999999999,,17.25,,,,7.39,19.58,67.18000000000001,6.24,47.34,6.65,39.77,,,,,,,,,,,
2017,Kabkot,1205,TAPANULI UTARA,41.57,,12.78,,,,1.89,6.33,85.2,4.23,65.91,3.34,26.52,,,,,,,,,,,
2017,Kabkot,1206,TOBA,73.36,,17.72,,,,2.18,4.88,78.31999999999999,6.71,57.53,5.11,30.66,,,,,,,,,,,
2017,Kabkot,1207,LABUHANBATU,76.62,,18.72,,,,7.09,20.22,51.8,3.59,44.8,4.32,47.29,,,,,,,,,,,
2017,Kabkot,1208,ASAHAN,72.01000000000001,,29.32,,,,5.95,15.27,50.72,13.16,36.12,6.61,44.1,,,,,,,,,,,
2017,Kabkot,1209,SIMALUNGUN,76.98,,21.36,,,,5.62,19,66.17,8.880000000000001,54.6,5.63,30.89,,,,,,,,,,,
2017,Kabkot,1210,DAIRI,67.15000000000001,,7.3,,,,1.42,5.1,86.87,1.69,71.78,2.96,23.57,,,,,,,,,,,
2017,Kabkot,1211,KARO,71.01000000000001,,10.09,,,,1.34,4.57,82.56,2.02,67.22,2.41,28.35,,,,,,,,,,,
2017,Kabkot,1212,DELI SERDANG,85.45999999999999,,40.1,,,,6.16,12.54,45.14,15.19,15.65,12.74,56.42,,,,,,,,,,,
2017,Kabkot,1213,LANGKAT,84.45,,25.45,,,,3.57,8.460000000000001,58.45,10.86,35.89,8.09,45.16,,,,,,,,,,,
2017,Kabkot,1214,NIAS SELATAN,60.84,,3,,,,1.28,3.34,92.34999999999999,1.11,85.66,.89,12.35,,,,,,,,,,,
2017,Kabkot,1215,HUMBANG HASUNDUTAN,57.87,,9.710000000000001,,,,.31,.76,89.38,1.31,77.08,2.88,18.73,,,,,,,,,,,
2017,Kabkot,1216,PAKPAK BHARAT,55.92,,7.24,,,,.49,1.86,86.05,.52,76.31,2.58,20.6,,,,,,,,,,,
2017,Kabkot,1217,SAMOSIR,86.53,,15.44,,,,1.28,3.92,80.87,3.25,64.45,3.08,29.22,,,,,,,,,,,
2017,Kabkot,1218,SERDANG BEDAGAI,89.78,,29.24,,,,5.98,14.47,47.32,11.43,42,7.46,39.12,,,,,,,,,,,
2017,Kabkot,1219,BATU BARA,87.48,,30.38,,,,5,10.82,64.8,13.63,38.08,6.1,42.19,,,,,,,,,,,
2017,Kabkot,1220,PADANG LAWAS UTARA,84.89,,12.42,,,,3.21,7.17,67.81,1.97,64.88,4.13,29.03,,,,,,,,,,,
2017,Kabkot,1221,PADANG LAWAS,79.02,,19.91,,,,4.24,9.77,71.23999999999999,4.23,57.59,5.46,32.71,,,,,,,,,,,
2017,Kabkot,1222,LABUHANBATU SELATAN,55.45,,16.88,,,,5.68,15.28,57.25,3.25,60.46,3.35,32.94,,,,,,,,,,,
2017,Kabkot,1223,LABUHANBATU UTARA,77.67,,21.89,,,,6.35,12.71,61.48,8.25,50.78,3.3,37.68,,,,,,,,,,,
2017,Kabkot,1224,NIAS UTARA,77.92,,7.23,,,,2.67,6.16,84.22,2.09,77.92,4.23,15.76,,,,,,,,,,,
2017,Kabkot,1225,NIAS BARAT,78.39,,2.46,,,,1.23,3.02,89.37,.42,86.97,1.15,11.47,,,,,,,,,,,
2017,Kabkot,1271,SIBOLGA,74.15000000000001,,29.93,,,,9.289999999999999,20.61,41.7,7.95,9.85,6.31,75.90000000000001,,,,,,,,,,,
2017,Kabkot,1272,TANJUNG BALAI,86.89,,34.75,,,,5.5,11.31,36.32,7.7,17.42,5.82,69.06,,,,,,,,,,,
2017,Kabkot,1273,PEMATANG SIANTAR,71.17,,37,,,,8.800000000000001,24.88,50.05,11.39,4.19,9.06,75.34999999999999,,,,,,,,,,,
2017,Kabkot,1274,TEBING TINGGI,89.59,,36.7,,,,9.73,23.06,44.78,12.96,8.08,9.289999999999999,69.68000000000001,,,,,,,,,,,
2017,Kabkot,1275,MEDAN,87.91,,39.7,,,,9.460000000000001,19.17,34.5,14.29,4.69,4.94,76.08,,,,,,,,,,,
2017,Kabkot,1276,BINJAI,76.79000000000001,,37.74,,,,5.95,14.68,40.43,14.03,7.89,9.640000000000001,68.45,,,,,,,,,,,
2017,Kabkot,1277,PADANGSIDIMPUAN,76.3,,32.06,,,,3.78,10.6,57.76,9.140000000000001,17.58,4.81,68.47,,,,,,,,,,,
2017,Kabkot,1278,GUNUNGSITOLI,67.45999999999999,,20.26,,,,6,13.76,66.65000000000001,5.34,42.5,10.1,42.06,,,,,,,,,,,
2017,Kabkot,1301,KEPULAUAN MENTAWAI,72.73999999999999,,11.37,,,,1.96,6.33,79.34999999999999,3.67,64.67,6.99,24.66,,,,,,,,,,,
2017,Kabkot,1302,PESISIR SELATAN,72.95,,20.64,,,,5.95,18.11,73.34,6.19,44.53,6.76,42.52,,,,,,,,,,,
2017,Kabkot,1303,SOLOK,66.73999999999999,,17.08,,,,6.05,19.87,72.78,4.86,53.18,6.64,35.32,,,,,,,,,,,
2017,Kabkot,1304,SIJUNJUNG,77.45,,17.17,,,,3.32,11.35,69.83,5.99,44.05,12.57,37.4,,,,,,,,,,,
2017,Kabkot,1305,TANAH DATAR,61.41,,28.32,,,,3.72,10.24,76.59,6.89,40.5,5.34,47.27,,,,,,,,,,,
2017,Kabkot,1306,PADANG PARIAMAN,84.83,,31.41,,,,6.65,18.48,70.06,14.79,33.89,9.140000000000001,42.17,,,,,,,,,,,
2017,Kabkot,1307,AGAM,78.84999999999999,,29.1,,,,4.23,14.3,70.02,12.08,38.44,5,44.47,,,,,,,,,,,
2017,Kabkot,1308,LIMA PULUH KOTA,75.48,,31.41,,,,2.6,10.36,79.77,16.55,44.09,9.029999999999999,30.33,,,,,,,,,,,
2017,Kabkot,1309,PASAMAN,58.91,,12.51,,,,6.81,24.37,78.25,4.63,55.65,6.93,32.78,,,,,,,,,,,
2017,Kabkot,1310,SOLOK SELATAN,64.41,,14.18,,,,5.54,12.76,60.84,5.68,48.81,8.67,36.84,,,,,,,,,,,
2017,Kabkot,1311,DHARMASRAYA,82.09999999999999,,17.92,,,,3.69,13.99,66.47,5.2,47.69,7.31,39.8,,,,,,,,,,,
2017,Kabkot,1312,PASAMAN BARAT,85.17,,20.38,,,,3.99,10.41,68.40000000000001,4.25,49.93,6.36,39.45,,,,,,,,,,,
2017,Kabkot,1371,PADANG,78.44,,33.7,,,,9.44,21.74,37.99,9.85,5.84,10.83,73.48,,,,,,,,,,,
2017,Kabkot,1372,SOLOK,65.05,,32.36,,,,5.88,18.74,45.71,9.630000000000001,5.56,7.15,77.65000000000001,,,,,,,,,,,
2017,Kabkot,1373,SAWAH LUNTO,63.15,,31.29,,,,6.19,20.12,54.6,12.16,16.79,19.5,51.55,,,,,,,,,,,
2017,Kabkot,1374,PADANG PANJANG,81.63,,35.71,,,,5.43,17.07,44.34,8.65,5.17,10.69,75.5,,,,,,,,,,,
2017,Kabkot,1375,BUKITTINGGI,63.39,,32.81,,,,6.94,16.88,47.16,13.17,3.8,3.04,80,,,,,,,,,,,
2017,Kabkot,1376,PAYAKUMBUH,73.47,,35.04,,,,3.45,9.9,52.41,14.52,11.83,5.7,67.95,,,,,,,,,,,
2017,Kabkot,1377,PARIAMAN,70.55,,40.09,,,,5.97,19.63,48.9,11.63,10.4,9.119999999999999,68.84999999999999,,,,,,,,,,,
2017,Kabkot,1401,KUANTAN SINGINGI,76.58,,12.52,,,,6.5,20.3,73.73,2.75,56.74,6.46,34.04,,,,,,,,,,,
2017,Kabkot,1402,INDRAGIRI HULU,85.42,,17.12,,,,4.73,13.11,54.92,5.15,55.03,7.15,32.67,,,,,,,,,,,
2017,Kabkot,1403,INDRAGIRI HILIR,81.97,,16.58,,,,4.08,11.01,80.14,5.45,60.18,3.48,30.89,,,,,,,,,,,
2017,Kabkot,1404,PELALAWAN,76.3,,20.59,,,,3.55,10.21,48.77,8.98,48.25,4.7,38.07,,,,,,,,,,,
2017,Kabkot,1405,S I A K,86.97,,26.26,,,,5.6,16.2,41.71,14.98,41.13,6,37.89,,,,,,,,,,,
2017,Kabkot,1406,KAMPAR,85.27,,19.47,,,,5.93,17.25,57.66,4.51,46.92,6.11,42.45,,,,,,,,,,,
2017,Kabkot,1407,ROKAN HULU,75.58,,18.64,,,,6.17,14.37,59.55,8.69,47.2,5.04,39.07,,,,,,,,,,,
2017,Kabkot,1408,BENGKALIS,87.84999999999999,,25.06,,,,8.619999999999999,18.71,48.48,5.76,34.23,13.52,46.49,,,,,,,,,,,
2017,Kabkot,1409,ROKAN HILIR,85.67,,15.51,,,,4.59,11.33,47.95,7.21,50.68,3.69,38.43,,,,,,,,,,,
2017,Kabkot,1410,KEPULAUAN MERANTI,80.95999999999999,,21.92,,,,4.54,13.62,56.58,6.55,40.97,7.81,44.67,,,,,,,,,,,
2017,Kabkot,1471,PEKANBARU,77.11,,35.17,,,,8.91,15.51,31.77,6.69,5.93,10.15,77.23,,,,,,,,,,,
2017,Kabkot,1473,D U M A I,75,,41.77,,,,8.94,19.03,47.99,11.96,15.17,10.51,62.35,,,,,,,,,,,
2017,Kabkot,1501,KERINCI,74.14,,13.45,,,,3.26,12.12,80.81,3.93,61.76,4.96,29.36,,,,,,,,,,,
2017,Kabkot,1502,MERANGIN,79.27,,13.39,,,,4.1,8.66,70.13,1.95,58.81,7.9,31.34,,,,,,,,,,,
2017,Kabkot,1503,SAROLANGUN,83.06999999999999,,11.72,,,,2.25,6.8,57.89,3.1,54.01,11.76,31.13,,,,,,,,,,,
2017,Kabkot,1504,BATANG HARI,73.12,,20.68,,,,3.57,10.82,54.76,9.380000000000001,53.04,6.07,31.5,,,,,,,,,,,
2017,Kabkot,1505,MUARO JAMBI,81.41,,22.08,,,,5.39,14.53,47.87,7.62,50.09,8.65,33.64,,,,,,,,,,,
2017,Kabkot,1506,TANJUNG JABUNG TIMUR,80.31,,12.81,,,,2.36,5.91,68.77,3.29,66.75,4.37,25.59,,,,,,,,,,,
2017,Kabkot,1507,TANJUNG JABUNG BARAT,84.40000000000001,,15.34,,,,3.07,8.279999999999999,73.31999999999999,2.34,58.59,5.17,33.89,,,,,,,,,,,
2017,Kabkot,1508,TEBO,84.91,,10.29,,,,1.98,8.58,66.40000000000001,3.1,69.18000000000001,4.8,22.92,,,,,,,,,,,
2017,Kabkot,1509,BUNGO,87.73,,13.63,,,,4.89,14.3,55.1,3.28,54.07,9.59,33.06,,,,,,,,,,,
2017,Kabkot,1571,JAMBI,70.95,,31.15,,,,5.55,12.63,33.45,8.84,3.76,9.56,77.84,,,,,,,,,,,
2017,Kabkot,1572,SUNGAI PENUH,71.51000000000001,,27.79,,,,4.14,13.93,60.51,5.13,21.57,9.49,63.81,,,,,,,,,,,
2017,Kabkot,1601,OGAN KOMERING ULU,82.06999999999999,,19.99,,,,4.5,14.19,51.23,6.49,44.76,5.71,43.03,,,,,,,,,,,
2017,Kabkot,1602,OGAN KOMERING ILIR,74.73,,17.81,,,,3.45,10.18,73.91,7.31,58.95,5.85,27.89,,,,,,,,,,,
2017,Kabkot,1603,MUARA ENIM,82.31,,17.79,,,,3.31,9.57,70.12,9.07,56.85,7.17,26.92,,,,,,,,,,,
2017,Kabkot,1604,LAHAT,63.05,,9.880000000000001,,,,4.33,16.23,76.7,1.75,60.3,5.4,32.55,,,,,,,,,,,
2017,Kabkot,1605,MUSI RAWAS,88.31999999999999,,11.72,,,,2.8,8.31,54.81,4.17,67.23999999999999,4.3,24.3,,,,,,,,,,,
2017,Kabkot,1606,MUSI BANYUASIN,73.76000000000001,,13.67,,,,2.75,8.93,72.11,5.62,62.74,5.58,26.06,,,,,,,,,,,
2017,Kabkot,1607,BANYU ASIN,83.27,,17.97,,,,3.65,10.06,72.33,7.29,60.78,6.53,25.4,,,,,,,,,,,
2017,Kabkot,1608,OGAN KOMERING ULU SELATAN,81,,5.99,,,,3.54,14.79,88.17,1.56,75.28,2.4,20.76,,,,,,,,,,,
2017,Kabkot,1609,OGAN KOMERING ULU TIMUR,86.16,,12.74,,,,2.35,8.15,70.13,5.64,62.7,4.9,26.76,,,,,,,,,,,
2017,Kabkot,1610,OGAN ILIR,88.84,,28.9,,,,3.2,11.57,68.73,15.19,48.64,8.66,27.52,,,,,,,,,,,
2017,Kabkot,1611,EMPAT LAWANG,83.56,,9.85,,,,3.85,12.77,83.68000000000001,2.05,68.37,4.34,25.23,,,,,,,,,,,
2017,Kabkot,1612,PENUKAL ABAB LEMATANG ILIR,89.45999999999999,,8.050000000000001,,,,4.43,12.92,72.56999999999999,2.94,73.16,6.56,17.35,,,,,,,,,,,
2017,Kabkot,1613,MUSI RAWAS UTARA,96.23,,10.48,,,,6.11,17.66,55.81,4.05,66.28,7.28,22.4,,,,,,,,,,,
2017,Kabkot,1671,PALEMBANG,68.13,,37.3,,,,8.199999999999999,17.51,29.76,12.69,1.22,8.800000000000001,77.29000000000001,,,,,,,,,,,
2017,Kabkot,1672,PRABUMULIH,81.76000000000001,,22.76,,,,6.73,15.65,53.7,5.11,27.11,10.97,56.81,,,,,,,,,,,
2017,Kabkot,1673,PAGAR ALAM,67.54000000000001,,16.58,,,,2.57,9.02,71.19,2.69,47.43,3.92,45.96,,,,,,,,,,,
2017,Kabkot,1674,LUBUKLINGGAU,75.01000000000001,,33.07,,,,4,11.6,42.11,5.93,14.95,8.970000000000001,70.15000000000001,,,,,,,,,,,
2017,Kabkot,1701,BENGKULU SELATAN,56.29,,16.54,,,,2.6,9.08,71.26000000000001,4.12,49.97,7,38.9,,,,,,,,,,,
2017,Kabkot,1702,REJANG LEBONG,68.69,,18.12,,,,3,8.67,77.65000000000001,5.67,53.77,5.07,35.49,,,,,,,,,,,
2017,Kabkot,1703,BENGKULU UTARA,79.52,,10.54,,,,3.89,13.56,67.58,3.7,62.24,4.94,29.11,,,,,,,,,,,
2017,Kabkot,1704,KAUR,69.88,,14.46,,,,1.9,5.33,77.51000000000001,3.6,63.1,7.83,25.48,,,,,,,,,,,
2017,Kabkot,1705,SELUMA,87.68000000000001,,9.449999999999999,,,,3.22,10.59,77.89,2.51,70.95,4.03,22.51,,,,,,,,,,,
2017,Kabkot,1706,MUKOMUKO,65.14,,18.51,,,,3.53,9.99,57.59,8.66,50.54,7.1,33.7,,,,,,,,,,,
2017,Kabkot,1707,LEBONG,65.67,,16.35,,,,3.57,11.22,78.39,4.44,48.63,18.22,28.71,,,,,,,,,,,
2017,Kabkot,1708,KEPAHIANG,79.34999999999999,,18.08,,,,2.94,9.140000000000001,78.06,6.7,58.93,7.5,26.87,,,,,,,,,,,
2017,Kabkot,1709,BENGKULU TENGAH,83.56,,14.98,,,,2.72,9.77,61.78,4.87,53.65,13.51,27.97,,,,,,,,,,,
2017,Kabkot,1771,BENGKULU,71.86,,28.95,,,,6.61,12.85,38.41,7.88,9.24,10.71,72.17,,,,,,,,,,,
2017,Kabkot,1801,LAMPUNG BARAT,75.54000000000001,,10.06,,,,.96,3.44,87.23999999999999,3.96,69.11,3.72,23.21,,,,,,,,,,,
2017,Kabkot,1802,TANGGAMUS,71.81,,15.09,,,,5.08,13.74,83.8,4.49,61.17,4.03,30.31,,,,,,,,,,,
2017,Kabkot,1803,LAMPUNG SELATAN,75.92,,27.6,,,,4.8,15.87,75.91,8.98,41.11,10.18,39.73,,,,,,,,,,,
2017,Kabkot,1804,LAMPUNG TIMUR,78.3,,23.13,,,,3.89,11.84,77.8,8.630000000000001,49.87,7,34.49,,,,,,,,,,,
2017,Kabkot,1805,LAMPUNG TENGAH,88.70999999999999,,22.38,,,,3.08,10.9,72.27,10.82,52.09,6.55,30.55,,,,,,,,,,,
2017,Kabkot,1806,LAMPUNG UTARA,77.29000000000001,,16,,,,5.62,16.56,69.14,5.91,53.89,4.98,35.22,,,,,,,,,,,
2017,Kabkot,1807,WAY KANAN,85.23999999999999,,13.97,,,,2.88,10.16,68.68000000000001,3.1,63.99,5.62,27.3,,,,,,,,,,,
2017,Kabkot,1808,TULANGBAWANG,82.5,,15.85,,,,3.47,9.35,69.12,6.7,60.4,5.31,27.59,,,,,,,,,,,
2017,Kabkot,1809,PESAWARAN,81.91,,29.5,,,,5.73,16.21,70.90000000000001,10.99,40.22,11.85,36.94,,,,,,,,,,,
2017,Kabkot,1810,PRINGSEWU,81.09999999999999,,35.23,,,,4.63,10.78,70.53,18.66,27.47,9.32,44.55,,,,,,,,,,,
2017,Kabkot,1811,MESUJI,93.3,,14.69,,,,.65,2.81,67.7,4.48,62.37,4.3,28.85,,,,,,,,,,,
2017,Kabkot,1812,TULANG BAWANG BARAT,79.54000000000001,,15.08,,,,1.86,3.16,79.16,5.66,64.34999999999999,4.15,25.85,,,,,,,,,,,
2017,Kabkot,1813,PESISIR BARAT,84.73999999999999,,13.61,,,,2.71,7.7,87.08,1,57.46,7.65,33.89,,,,,,,,,,,
2017,Kabkot,1871,BANDAR LAMPUNG,74.06999999999999,,36.99,,,,8.1,18.53,37.68,9.140000000000001,3.15,10.41,77.31,,,,,,,,,,,
2017,Kabkot,1872,METRO,75.97,,31.67,,,,4.64,12.81,53.13,12.49,10.68,9.029999999999999,67.79000000000001,,,,,,,,,,,
2017,Kabkot,1901,BANGKA,81.76000000000001,,16.02,,,,4.29,12.98,48.94,6.02,32.99,21.62,39.37,,,,,,,,,,,
2017,Kabkot,1902,BELITUNG,82.03,,21.32,,,,2.57,5.33,46.24,7.74,32.07,13.26,46.92,,,,,,,,,,,
2017,Kabkot,1903,BANGKA BARAT,83.22,,12.24,,,,4.23,7.34,51.86,4.01,36.69,25.47,33.82,,,,,,,,,,,
2017,Kabkot,1904,BANGKA TENGAH,92.09,,18.85,,,,3.38,5.79,50.59,6.89,37.38,21.26,34.46,,,,,,,,,,,
2017,Kabkot,1905,BANGKA SELATAN,89.64,,13.43,,,,2.74,8.42,62.76,4.87,49.06,18.95,27.13,,,,,,,,,,,
2017,Kabkot,1906,BELITUNG TIMUR,71.70999999999999,,14.03,,,,2.62,6.64,47.95,6.05,37.21,23.53,33.21,,,,,,,,,,,
2017,Kabkot,1971,PANGKALPINANG,71.18000000000001,,31.6,,,,5.8,14.01,29.89,10.65,3.84,10.91,74.61,,,,,,,,,,,
2017,Kabkot,2101,KARIMUN,78.93000000000001,,34.27,,,,5.7,12.97,39.15,10.41,21.26,16.3,52.04,,,,,,,,,,,
2017,Kabkot,2102,BINTAN,73.90000000000001,,41.22,,,,8.08,21.5,34.31,14.67,23.21,12.61,49.5,,,,,,,,,,,
2017,Kabkot,2103,NATUNA,63.2,,27.88,,,,4.07,8.42,56.3,6.62,21.31,14.45,57.62,,,,,,,,,,,
2017,Kabkot,2104,LINGGA,73.78,,32.81,,,,3.23,9.82,70.41,16.02,33.15,10.61,40.22,,,,,,,,,,,
2017,Kabkot,2105,KEPULAUAN ANAMBAS,78.54000000000001,,23.87,,,,5.18,14.59,49.98,10.43,28.39,11,50.18,,,,,,,,,,,
2017,Kabkot,2171,B A T A M,70.31999999999999,,52.35,,,,7.82,10.48,24.76,27.47,2.93,11.41,58.19,,,,,,,,,,,
2017,Kabkot,2172,TANJUNG PINANG,71.56,,38.08,,,,7.11,14.62,32.69,13.08,2.33,9.07,75.51000000000001,,,,,,,,,,,
2017,Kabkot,3101,KEPULAUAN SERIBU,91.55,,34.56,,,,7.33,19.82,53.4,4.72,22.76,9.26,63.26,,,,,,,,,,,
2017,Kabkot,3171,JAKARTA SELATAN,81.06,,41.47,,,,6.86,13.38,28.55,5.53,.53,4.39,89.54000000000001,,,,,,,,,,,
2017,Kabkot,3172,JAKARTA TIMUR,72.44,,41.7,,,,7.8,15.66,25.17,14.72,.32,6.66,78.3,,,,,,,,,,,
2017,Kabkot,3173,JAKARTA PUSAT,85.17,,40.21,,,,6.82,15.33,31.84,8.130000000000001,.24,3.65,87.97,,,,,,,,,,,
2017,Kabkot,3174,JAKARTA BARAT,90.87,,43.43,,,,6.4,14,25.47,19.07,.19,6.05,74.7,,,,,,,,,,,
2017,Kabkot,3175,JAKARTA UTARA,85.31999999999999,,41.53,,,,7.67,15.4,34.78,15.17,.31,2.93,81.59999999999999,,,,,,,,,,,
2017,Kabkot,3201,BOGOR,78.84,,44.67,,,,9.550000000000001,22.27,41.8,19.66,8.27,9.06,63.01,,,,,,,,,,,
2017,Kabkot,3202,SUKABUMI,78,,41.45,,,,7.66,18.84,63.79,19.21,25.75,13.15,41.89,,,,,,,,,,,
2017,Kabkot,3203,CIANJUR,84.55,,33.77,,,,10.1,31.32,62.13,15.57,26.08,9,49.34,,,,,,,,,,,
2017,Kabkot,3204,BANDUNG,76.31999999999999,,47.32,,,,3.92,11.73,45.92,28,13.99,8.48,49.53,,,,,,,,,,,
2017,Kabkot,3205,GARUT,74.97,,35.27,,,,7.86,26.88,65.31999999999999,17.36,28.26,9.56,44.82,,,,,,,,,,,
2017,Kabkot,3206,TASIKMALAYA,68.31,,39.52,,,,6.61,24.65,73.54000000000001,22.05,27.27,10.1,40.59,,,,,,,,,,,
2017,Kabkot,3207,CIAMIS,85.91,,40.39,,,,5.17,21.49,70.98999999999999,24.78,30.78,8.32,36.11,,,,,,,,,,,
2017,Kabkot,3208,KUNINGAN,78.06,,32.82,,,,7.94,23.9,65.05,8.58,23.87,13.22,54.34,,,,,,,,,,,
2017,Kabkot,3209,CIREBON,86.42,,45.45,,,,9.609999999999999,26.31,57.88,17.87,11.71,15.04,55.37,,,,,,,,,,,
2017,Kabkot,3210,MAJALENGKA,83.98999999999999,,40.75,,,,5.02,17.87,61.23,22.62,23.47,7.04,46.87,,,,,,,,,,,
2017,Kabkot,3211,SUMEDANG,80.98999999999999,,43.27,,,,7.15,20.97,62.68,19.59,23.68,11.32,45.4,,,,,,,,,,,
2017,Kabkot,3212,INDRAMAYU,75,,27.71,,,,8.640000000000001,22.19,71.59,6.23,35.21,7.41,51.14,,,,,,,,,,,
2017,Kabkot,3213,SUBANG,76.22,,36.78,,,,8.74,24.83,62.53,20.42,27.75,7.51,44.32,,,,,,,,,,,
2017,Kabkot,3214,PURWAKARTA,72.17,,46.37,,,,9.109999999999999,21.39,46.76,26.08,18.45,10.66,44.81,,,,,,,,,,,
2017,Kabkot,3215,KARAWANG,73.8,,45.44,,,,9.550000000000001,23.91,52.13,25.59,14.18,6.81,53.41,,,,,,,,,,,
2017,Kabkot,3216,BEKASI,61.78,,55.53,,,,10.97,23.88,29.14,35.93,4.17,7.03,52.87,,,,,,,,,,,
2017,Kabkot,3217,BANDUNG BARAT,84.22,,41.88,,,,9.33,20.96,54.25,17.35,20.25,13.76,48.63,,,,,,,,,,,
2017,Kabkot,3218,PANGANDARAN,83.48999999999999,,30.49,,,,3.34,12.35,72.06,19.13,34.72,4.97,41.17,,,,,,,,,,,
2017,Kabkot,3271,BOGOR,82.91,,43.46,,,,9.57,21.67,35,16.6,.72,8.369999999999999,74.31,,,,,,,,,,,
2017,Kabkot,3272,SUKABUMI,73.61,,39.69,,,,8,18.74,46.16,17.99,4.62,6.73,70.66,,,,,,,,,,,
2017,Kabkot,3273,BANDUNG,74.98,,40.27,,,,8.44,17.72,35.47,17.64,.71,5.31,76.33,,,,,,,,,,,
2017,Kabkot,3274,CIREBON,73.89,,36.65,,,,9.289999999999999,20.11,40.49,7.29,2.17,10.81,79.73,,,,,,,,,,,
2017,Kabkot,3275,BEKASI,77.16,,42.44,,,,9.32,22.81,27.67,19.19,1,7.62,72.18000000000001,,,,,,,,,,,
2017,Kabkot,3276,DEPOK,72.12,,41.25,,,,7,16.74,27.45,14.62,1.28,7.01,77.09999999999999,,,,,,,,,,,
2017,Kabkot,3277,CIMAHI,69.84,,51.82,,,,8.43,18.45,30.56,32.38,2.09,7.55,57.97,,,,,,,,,,,
2017,Kabkot,3278,TASIKMALAYA,79.14,,48.78,,,,6.89,21.48,49.5,26.23,4.62,8.75,60.4,,,,,,,,,,,
2017,Kabkot,3279,BANJAR,82.26000000000001,,41.03,,,,5.97,21.19,52.97,18.83,13.28,8.83,59.06,,,,,,,,,,,
2017,Kabkot,3301,CILACAP,86.34999999999999,,42.01,,,,6.3,20.21,73.53,22.72,22.5,11.77,43.01,,,,,,,,,,,
2017,Kabkot,3302,BANYUMAS,78.94,,43.24,,,,4.62,12.25,68.83,21.94,15.54,9.460000000000001,53.05,,,,,,,,,,,
2017,Kabkot,3303,PURBALINGGA,83.37,,50.92,,,,5.33,16.16,56.82,34.1,20.2,9.630000000000001,36.07,,,,,,,,,,,
2017,Kabkot,3304,BANJARNEGARA,88.51000000000001,,33.13,,,,4.72,14.56,70.78,16.3,37.33,11.2,35.16,,,,,,,,,,,
2017,Kabkot,3305,KEBUMEN,83.91,,39.36,,,,5.58,19.05,65.40000000000001,21.24,23.3,10.18,45.28,,,,,,,,,,,
2017,Kabkot,3306,PURWOREJO,75.43000000000001,,32.47,,,,3.64,12.84,74.52,13.13,34.84,11.02,41.02,,,,,,,,,,,
2017,Kabkot,3307,WONOSOBO,81.31999999999999,,29.62,,,,4.18,13.25,74.87,13.2,38.17,8.59,40.04,,,,,,,,,,,
2017,Kabkot,3308,MAGELANG,77.38,,33.17,,,,2.44,8.039999999999999,63.74,18.79,34.52,9.199999999999999,37.5,,,,,,,,,,,
2017,Kabkot,3309,BOYOLALI,84.06999999999999,,41.35,,,,3.67,12.19,63.56,21.14,32.31,11.23,35.33,,,,,,,,,,,
2017,Kabkot,3310,KLATEN,84.16,,45.96,,,,4.35,16.73,52.95,25.87,15.02,12.62,46.49,,,,,,,,,,,
2017,Kabkot,3311,SUKOHARJO,78.97,,47.57,,,,2.27,7.55,45.8,27.31,11.45,8.460000000000001,52.77,,,,,,,,,,,
2017,Kabkot,3312,WONOGIRI,75.97,,29.44,,,,2.38,9.44,69.84999999999999,14.2,40.53,7.29,37.97,,,,,,,,,,,
2017,Kabkot,3313,KARANGANYAR,82.22,,45.94,,,,3.17,9.74,51.35,27.23,23.9,10.28,38.59,,,,,,,,,,,
2017,Kabkot,3314,SRAGEN,87.79000000000001,,36.16,,,,4.55,14.23,65.63,15.75,32.38,7.12,44.75,,,,,,,,,,,
2017,Kabkot,3315,GROBOGAN,86.17,,34.4,,,,3.02,11.91,75.31,9.57,40.8,17.85,31.79,,,,,,,,,,,
2017,Kabkot,3316,BLORA,90.93000000000001,,22.43,,,,2.85,9.390000000000001,72.25,7.45,46.55,11.19,34.8,,,,,,,,,,,
2017,Kabkot,3317,REMBANG,84.31,,32.93,,,,3.19,8.42,61.34,13.62,34.09,11.75,40.54,,,,,,,,,,,
2017,Kabkot,3318,PATI,79.05,,33.58,,,,3.83,12.37,61.79,15.56,27,9.16,48.28,,,,,,,,,,,
2017,Kabkot,3319,KUDUS,88.45999999999999,,58.75,,,,3.56,8.210000000000001,36.8,37.75,10.61,10.62,41.02,,,,,,,,,,,
2017,Kabkot,3320,JEPARA,91.56,,58.63,,,,4.84,14.01,49.65,44.38,13.93,8.56,33.14,,,,,,,,,,,
2017,Kabkot,3321,DEMAK,87.79000000000001,,42.83,,,,4.47,14.52,57.55,24.35,26.61,10.36,38.68,,,,,,,,,,,
2017,Kabkot,3322,SEMARANG,78.33,,44.41,,,,1.78,3.09,54.46,29.75,25.06,6.77,38.42,,,,,,,,,,,
2017,Kabkot,3323,TEMANGGUNG,80.95,,25.69,,,,2.97,9.369999999999999,71.73,14.32,47.93,7.41,30.35,,,,,,,,,,,
2017,Kabkot,3324,KENDAL,70.95,,40.62,,,,4.93,15.91,56.24,22.21,27.25,8.67,41.87,,,,,,,,,,,
2017,Kabkot,3325,BATANG,82.86,,44,,,,5.82,18.03,59.32,20.29,26.49,12.31,40.9,,,,,,,,,,,
2017,Kabkot,3326,PEKALONGAN,87.06999999999999,,55.87,,,,4.39,8.34,51.48,38.76,16.18,7.79,37.27,,,,,,,,,,,
2017,Kabkot,3327,PEMALANG,84.54000000000001,,41.83,,,,5.59,16.67,64.73999999999999,20.05,26.31,12.04,41.6,,,,,,,,,,,
2017,Kabkot,3328,TEGAL,84.84999999999999,,45.25,,,,7.33,20.18,56.19,22.32,18.77,9.35,49.56,,,,,,,,,,,
2017,Kabkot,3329,BREBES,79.29000000000001,,31.68,,,,8.039999999999999,21.84,79.41,7.61,37.94,10.81,43.64,,,,,,,,,,,
2017,Kabkot,3371,MAGELANG,74.8,,39.44,,,,6.68,18.37,40.31,16.63,1.56,5.05,76.76000000000001,,,,,,,,,,,
2017,Kabkot,3372,SURAKARTA,85.48,,43.71,,,,4.47,10.31,39.63,22.1,.52,3.55,73.83,,,,,,,,,,,
2017,Kabkot,3373,SALATIGA,67.05,,44.36,,,,3.96,8.449999999999999,38.16,23.77,4.88,8.34,63.01,,,,,,,,,,,
2017,Kabkot,3374,SEMARANG,73.11,,47.23,,,,6.61,15.21,30.69,22.51,.95,9.31,67.23,,,,,,,,,,,
2017,Kabkot,3375,PEKALONGAN,87.3,,57.92,,,,5.05,10.52,35.47,35.88,2.26,8.18,53.68,,,,,,,,,,,
2017,Kabkot,3376,TEGAL,81.2,,39.85,,,,8.19,19.25,45.77,13.36,8.199999999999999,7.26,71.19,,,,,,,,,,,
2017,Kabkot,3401,KULON PROGO,65.86,,36.16,,,,1.99,8.77,70.26000000000001,19.4,31.67,10.87,38.05,,,,,,,,,,,
2017,Kabkot,3402,BANTUL,86.26000000000001,,44.77,,,,3.12,8.59,52.2,23.37,14.36,8.539999999999999,53.73,,,,,,,,,,,
2017,Kabkot,3403,GUNUNGKIDUL,82.92,,29.41,,,,1.65,6.62,74.95999999999999,10.97,46.5,8.720000000000001,33.82,,,,,,,,,,,
2017,Kabkot,3404,SLEMAN,77.3,,38.54,,,,3.51,9.720000000000001,48.6,14.5,15.94,9.09,60.47,,,,,,,,,,,
2017,Kabkot,3471,YOGYAKARTA,77.42,,40.42,,,,5.08,14.47,39.45,13.42,.19,4.18,82.20999999999999,,,,,,,,,,,
2017,Kabkot,3501,PACITAN,85.56,,23.26,,,,.85,5.2,76.31999999999999,10.17,56.21,10.2,23.41,,,,,,,,,,,
2017,Kabkot,3502,PONOROGO,76.34,,28.09,,,,3.76,16.63,75.44,11.08,42.17,11.68,35.07,,,,,,,,,,,
2017,Kabkot,3503,TRENGGALEK,80.79000000000001,,26.62,,,,3.48,15.19,71.92,13.89,48.48,8.07,29.56,,,,,,,,,,,
2017,Kabkot,3504,TULUNGAGUNG,95.58,,33.79,,,,2.27,7.35,65.29000000000001,19.19,33.92,8.92,37.97,,,,,,,,,,,
2017,Kabkot,3505,BLITAR,88.27,,26.08,,,,2.99,10.23,70.48999999999999,11.67,44.53,9.77,34.04,,,,,,,,,,,
2017,Kabkot,3506,KEDIRI,81.41,,32.27,,,,3.18,8.58,60.16,13.47,35.66,9.119999999999999,41.76,,,,,,,,,,,
2017,Kabkot,3507,MALANG,79.83,,32.86,,,,4.6,10.67,58.18,15.61,36.35,10.28,37.77,,,,,,,,,,,
2017,Kabkot,3508,LUMAJANG,85.42,,24.97,,,,2.91,12.25,68.06999999999999,11.38,40.44,10.06,38.11,,,,,,,,,,,
2017,Kabkot,3509,JEMBER,84.91,,29.58,,,,5.16,17.37,64.45,11.82,41.56,10.49,36.12,,,,,,,,,,,
2017,Kabkot,3510,BANYUWANGI,86.13,,29.64,,,,3.07,11.46,66.23999999999999,15.31,32.81,8.220000000000001,43.66,,,,,,,,,,,
2017,Kabkot,3511,BONDOWOSO,84.47,,25.23,,,,2.09,10.44,75.12,15.04,45.26,6.95,32.75,,,,,,,,,,,
2017,Kabkot,3512,SITUBONDO,88.01000000000001,,23.81,,,,1.49,5.86,69.38,9.07,44.22,8.210000000000001,38.5,,,,,,,,,,,
2017,Kabkot,3513,PROBOLINGGO,86.48,,26.22,,,,2.89,11.73,66.61,8.119999999999999,41.83,10.52,39.54,,,,,,,,,,,
2017,Kabkot,3514,PASURUAN,81.16,,41.77,,,,4.97,15.14,51.09,24.96,22.86,9.699999999999999,42.47,,,,,,,,,,,
2017,Kabkot,3515,SIDOARJO,80.93000000000001,,53.86,,,,4.97,12.09,31.67,36.06,3.22,6.79,53.92,,,,,,,,,,,
2017,Kabkot,3516,MOJOKERTO,86.65000000000001,,49.3,,,,5,15.06,55.39,33.75,18.87,8.140000000000001,39.24,,,,,,,,,,,
2017,Kabkot,3517,JOMBANG,85.76000000000001,,38.83,,,,5.14,12.06,61.33,20.13,24.25,9.5,46.12,,,,,,,,,,,
2017,Kabkot,3518,NGANJUK,83.18000000000001,,29.94,,,,3.23,12.84,72.55,11.98,39.77,6.82,41.43,,,,,,,,,,,
2017,Kabkot,3519,MADIUN,86.33,,24.84,,,,3.19,10.65,68.84999999999999,6.77,42.81,8.34,42.08,,,,,,,,,,,
2017,Kabkot,3520,MAGETAN,79.73999999999999,,33.23,,,,3.8,17.51,73.11,16.08,36.39,8.82,38.71,,,,,,,,,,,
2017,Kabkot,3521,NGAWI,71.79000000000001,,21.92,,,,5.76,25.1,76.53,9.640000000000001,48.57,7.58,34.21,,,,,,,,,,,
2017,Kabkot,3522,BOJONEGORO,89.54000000000001,,21.68,,,,3.64,15.47,70.09,9.390000000000001,47.16,8.81,34.64,,,,,,,,,,,
2017,Kabkot,3523,TUBAN,85.45999999999999,,29.09,,,,3.39,10.5,69.97,14.58,41.27,9.99,34.16,,,,,,,,,,,
2017,Kabkot,3524,LAMONGAN,82.45999999999999,,27.86,,,,4.12,13.51,66.02,13.21,39.48,7.12,40.19,,,,,,,,,,,
2017,Kabkot,3525,GRESIK,73.26000000000001,,48.18,,,,4.54,12.77,46.33,28.29,14.56,8.970000000000001,48.18,,,,,,,,,,,
2017,Kabkot,3526,BANGKALAN,90.59999999999999,,19.82,,,,4.48,18.3,77.15000000000001,4,51.79,10.51,33.7,,,,,,,,,,,
2017,Kabkot,3527,SAMPANG,76.88,,14.3,,,,2.48,8.35,85.58,2.92,65.58,6.17,25.33,,,,,,,,,,,
2017,Kabkot,3528,PAMEKASAN,76.78,,17.34,,,,3.91,14.75,80.87,7.57,55.25,5.24,31.94,,,,,,,,,,,
2017,Kabkot,3529,SUMENEP,79.94,,12.35,,,,1.83,7.84,82.89,6.68,65.56,3.28,24.48,,,,,,,,,,,
2017,Kabkot,3571,KEDIRI,73.40000000000001,,42.07,,,,4.68,18.61,40.55,18.35,3.1,9.050000000000001,69.5,,,,,,,,,,,
2017,Kabkot,3572,BLITAR,78.23,,38.02,,,,3.76,8.92,52.97,12.31,8.279999999999999,6.28,73.13,,,,,,,,,,,
2017,Kabkot,3573,MALANG,78.58,,43.51,,,,7.22,16.52,35.83,18.31,2.07,8.24,71.37,,,,,,,,,,,
2017,Kabkot,3574,PROBOLINGGO,73.52,,44.36,,,,3.42,9.92,42.19,20.19,7.84,5.73,66.25,,,,,,,,,,,
2017,Kabkot,3575,PASURUAN,76.04000000000001,,41.96,,,,4.64,9.18,42.59,23.09,3.93,3.53,69.45,,,,,,,,,,,
2017,Kabkot,3576,MOJOKERTO,74.64,,48.05,,,,3.61,15.36,38.42,26.76,1.01,4.74,67.48999999999999,,,,,,,,,,,
2017,Kabkot,3577,MADIUN,71.12,,29.9,,,,4.26,11.44,39.92,11.99,2.77,4.93,80.3,,,,,,,,,,,
2017,Kabkot,3578,SURABAYA,85.39,,42.63,,,,5.98,11.8,32.29,17.27,.45,5.66,76.62,,,,,,,,,,,
2017,Kabkot,3579,BATU,83.53,,35.24,,,,2.26,8.76,43.6,8.67,24.06,8.26,59.01,,,,,,,,,,,
2017,Kabkot,3601,PANDEGLANG,79.95,,28.36,,,,8.300000000000001,24.92,70.15000000000001,12.05,33.03,8.41,46.51,,,,,,,,,,,
2017,Kabkot,3602,LEBAK,77.90000000000001,,21.42,,,,8.880000000000001,24.25,73.31,8.66,46.83,9,35.51,,,,,,,,,,,
2017,Kabkot,3603,TANGERANG,71.95999999999999,,58.97,,,,10.57,20.26,36.21,41.3,7.9,6.38,44.41,,,,,,,,,,,
2017,Kabkot,3604,SERANG,60.05,,47.5,,,,13,27.93,49.89,29.27,22.7,10.24,37.8,,,,,,,,,,,
2017,Kabkot,3671,TANGERANG,70.63,,47.47,,,,7.16,15.69,27.72,25.19,.89,5.23,68.69,,,,,,,,,,,
2017,Kabkot,3672,CILEGON,69.66,,57.24,,,,11.88,22.94,35.1,23.59,2.84,17.39,56.18,,,,,,,,,,,
2017,Kabkot,3673,SERANG,53.74,,37.43,,,,8.43,21.61,51.31,14.01,7.07,10.2,68.72,,,,,,,,,,,
2017,Kabkot,3674,TANGERANG SELATAN,76.26000000000001,,40.79,,,,6.83,15.01,22.14,10.12,.44,4.95,84.48999999999999,,,,,,,,,,,
2017,Kabkot,5101,JEMBRANA,81.09999999999999,,37.08,,,,.67,1.58,63.1,16.06,26.44,10.36,47.14,,,,,,,,,,,
2017,Kabkot,5102,TABANAN,77.34999999999999,,36.66,,,,1.79,6.9,54.31,14.24,25.84,10.44,49.48,,,,,,,,,,,
2017,Kabkot,5103,BADUNG,86.19,,43.65,,,,.48,1.97,36.8,8.75,9.220000000000001,7.7,74.33,,,,,,,,,,,
2017,Kabkot,5104,GIANYAR,85.11,,47.88,,,,1.02,3.94,41.21,21.8,11.05,7.77,59.38,,,,,,,,,,,
2017,Kabkot,5105,KLUNGKUNG,83.67,,39.75,,,,.9399999999999999,2.18,61.18,17.16,19.7,10.58,52.56,,,,,,,,,,,
2017,Kabkot,5106,BANGLI,75.81999999999999,,29.58,,,,.48,1.05,68.76000000000001,16.84,46.2,8.550000000000001,28.41,,,,,,,,,,,
2017,Kabkot,5107,KARANGASEM,79.2,,33.39,,,,.72,3.21,72.05,17.31,36.57,7.83,38.28,,,,,,,,,,,
2017,Kabkot,5108,BULELENG,81.95,,34.13,,,,2.41,5.96,65.01000000000001,13.77,31.88,8.26,46.1,,,,,,,,,,,
2017,Kabkot,5171,DENPASAR,80.09999999999999,,45.48,,,,2.63,6.49,28.14,14.44,1.37,6.53,77.67,,,,,,,,,,,
2017,Kabkot,5201,LOMBOK BARAT,78.88,,35.57,,,,3.28,8.4,69.23,10.32,25.11,14.72,49.85,,,,,,,,,,,
2017,Kabkot,5202,LOMBOK TENGAH,74.39,,29.84,,,,2.9,7.44,82.73999999999999,15.77,42.04,8.43,33.76,,,,,,,,,,,
2017,Kabkot,5203,LOMBOK TIMUR,84.29000000000001,,31.08,,,,3.64,9.48,78.68000000000001,17.58,36.52,7.94,37.96,,,,,,,,,,,
2017,Kabkot,5204,SUMBAWA,68.52,,17.69,,,,3.98,11.23,79.23,4.62,52.3,8.699999999999999,34.38,,,,,,,,,,,
2017,Kabkot,5205,DOMPU,66.45,,25.18,,,,2.36,7.78,75.83,7.78,40.52,9.369999999999999,42.33,,,,,,,,,,,
2017,Kabkot,5206,BIMA,66.97,,15.31,,,,1.55,3.77,82.37,6.98,54.71,4.01,34.3,,,,,,,,,,,
2017,Kabkot,5207,SUMBAWA BARAT,84.13,,24.3,,,,5.15,15.33,59.78,8.380000000000001,24.72,19.49,47.4,,,,,,,,,,,
2017,Kabkot,5208,LOMBOK UTARA,85.14,,22.45,,,,1.74,3.73,74.53,6.01,48.74,7.79,37.46,,,,,,,,,,,
2017,Kabkot,5271,MATARAM,80.22,,37.37,,,,5.35,11.1,41.99,12.57,2.37,10.8,74.27,,,,,,,,,,,
2017,Kabkot,5272,BIMA,66.51000000000001,,27.31,,,,3.51,6.42,55.79,9.98,13.47,15.29,61.26,,,,,,,,,,,
2017,Kabkot,5301,SUMBA BARAT,70.61,,12.92,,,,3.83,9.640000000000001,68.16,3.67,56.16,5.84,34.32,,,,,,,,,,,
2017,Kabkot,5302,SUMBA TIMUR,65.06999999999999,,14.86,,,,2.9,5.52,73.56,6.24,59.35,6.41,28,,,,,,,,,,,
2017,Kabkot,5303,KUPANG,70.73,,17.17,,,,3.52,10.74,77.09999999999999,9.550000000000001,61.58,4.37,24.5,,,,,,,,,,,
2017,Kabkot,5304,TIMOR TENGAH SELATAN,56.51,,18.63,,,,1.7,5.65,83.72,10.91,61.11,3.85,24.13,,,,,,,,,,,
2017,Kabkot,5305,TIMOR TENGAH UTARA,61.39,,19.18,,,,.6,1.66,74.70999999999999,7.91,52.77,5.47,33.85,,,,,,,,,,,
2017,Kabkot,5306,BELU,69.51000000000001,,23.93,,,,2.47,7.21,76.56999999999999,10.28,52.09,8.23,29.4,,,,,,,,,,,
2017,Kabkot,5307,ALOR,68.58,,18.17,,,,1.86,4.31,81.31,10.86,54.54,4.05,30.56,,,,,,,,,,,
2017,Kabkot,5308,LEMBATA,68,,13.36,,,,4.18,15.34,72.23,6.61,56.63,2.98,33.77,,,,,,,,,,,
2017,Kabkot,5309,FLORES TIMUR,61.84,,22.4,,,,5.45,17.83,71.65000000000001,13.05,42.76,4.04,40.15,,,,,,,,,,,
2017,Kabkot,5310,SIKKA,66.94,,26.63,,,,2.5,8.199999999999999,75.91,14.95,48.89,6.24,29.92,,,,,,,,,,,
2017,Kabkot,5311,ENDE,53.41,,20.41,,,,3.66,10.56,78.48999999999999,11.01,53.92,4.54,30.52,,,,,,,,,,,
2017,Kabkot,5312,NGADA,53.14,,16.55,,,,3.23,10.82,73.84,6.33,60.19,4.9,28.58,,,,,,,,,,,
2017,Kabkot,5313,MANGGARAI,70.03,,23.4,,,,4.09,10.54,79.56999999999999,6.42,47.76,13.5,32.31,,,,,,,,,,,
2017,Kabkot,5314,ROTE NDAO,72.75,,25.04,,,,2.52,6.85,80.2,16.39,49.94,7.18,26.49,,,,,,,,,,,
2017,Kabkot,5315,MANGGARAI BARAT,72.52,,18.35,,,,1.3,4.35,80.83,9.23,60.85,5.45,24.47,,,,,,,,,,,
2017,Kabkot,5316,SUMBA TENGAH,76.94,,8.890000000000001,,,,4.26,12.42,67.83,2.78,55.63,6.01,35.59,,,,,,,,,,,
2017,Kabkot,5317,SUMBA BARAT DAYA,81.33,,15.88,,,,1.61,3.12,86.34999999999999,9.800000000000001,70.02,4.56,15.61,,,,,,,,,,,
2017,Kabkot,5318,NAGEKEO,90.78,,15.85,,,,3.6,13.02,73.91,7.09,55.87,4.08,32.96,,,,,,,,,,,
2017,Kabkot,5319,MANGGARAI TIMUR,75.31999999999999,,5.99,,,,.5,1.36,89.65000000000001,2.02,83.79000000000001,3.37,10.81,,,,,,,,,,,
2017,Kabkot,5320,SABU RAIJUA,59.26,,17.01,,,,2.75,7.61,82.98999999999999,13.77,62.78,7.8,15.65,,,,,,,,,,,
2017,Kabkot,5321,MALAKA,81.06999999999999,,19.44,,,,1.07,4.37,85.12,11.09,67.04000000000001,4.4,17.47,,,,,,,,,,,
2017,Kabkot,5371,KUPANG,64.04000000000001,,28.93,,,,12.5,25.83,31.89,3.92,2.8,8.369999999999999,84.91,,,,,,,,,,,
2017,Kabkot,6101,SAMBAS,88.61,,22.91,,,,4.24,12.57,66.52,10.42,55.51,6,28.07,,,,,,,,,,,
2017,Kabkot,6102,BENGKAYANG,76.23999999999999,,16.41,,,,2.4,6.92,73.38,3.42,59.67,8.93,27.97,,,,,,,,,,,
2017,Kabkot,6103,LANDAK,87.79000000000001,,8.91,,,,2.03,5.85,71.98999999999999,1.68,75.5,5.66,17.15,,,,,,,,,,,
2017,Kabkot,6104,MEMPAWAH,83.33,,27.41,,,,6.72,16.02,54.99,7.85,42.86,9.93,39.36,,,,,,,,,,,
2017,Kabkot,6105,SANGGAU,71.13,,9.83,,,,3.27,10.1,65.87,2.11,69.33,3.76,24.8,,,,,,,,,,,
2017,Kabkot,6106,KETAPANG,85.92,,23.88,,,,3.97,9.94,55.18,6.79,50.36,10.75,32.1,,,,,,,,,,,
2017,Kabkot,6107,SINTANG,75.81999999999999,,8.890000000000001,,,,1.93,5.27,75.88,1.77,70.87,6.19,21.17,,,,,,,,,,,
2017,Kabkot,6108,KAPUAS HULU,83.08,,10.79,,,,2.21,7.03,68.61,2.46,58.03,10.37,29.14,,,,,,,,,,,
2017,Kabkot,6109,SEKADAU,76.63,,10.43,,,,.64,2.07,79.70999999999999,2.18,76.59,5.78,15.46,,,,,,,,,,,
2017,Kabkot,6110,MELAWI,75.58,,10.73,,,,2.11,6.86,65.47,3.86,61.67,10.16,24.31,,,,,,,,,,,
2017,Kabkot,6111,KAYONG UTARA,74.92,,18.35,,,,5,10.48,61.79,5.28,53.68,12.31,28.74,,,,,,,,,,,
2017,Kabkot,6112,KUBU RAYA,88.39,,26.32,,,,5.91,16.36,54.79,9.529999999999999,45.05,8.970000000000001,36.46,,,,,,,,,,,
2017,Kabkot,6171,PONTIANAK,70.19,,37.26,,,,9.359999999999999,17.11,35.33,9.869999999999999,1.6,11.27,77.27,,,,,,,,,,,
2017,Kabkot,6172,SINGKAWANG,87.45,,29.52,,,,8.08,17.6,43.84,9.470000000000001,21.94,12.54,56.06,,,,,,,,,,,
2017,Kabkot,6201,KOTAWARINGIN BARAT,75.28,,30.38,,,,2.17,5.31,49.28,12.07,29.73,8.4,49.8,,,,,,,,,,,
2017,Kabkot,6202,KOTAWARINGIN TIMUR,83.94,,26.2,,,,4.92,12.52,45.58,4.58,38.63,11.43,45.37,,,,,,,,,,,
2017,Kabkot,6203,KAPUAS,75.66,,9.76,,,,5.42,19.08,64.90000000000001,1.65,56.16,10.95,31.25,,,,,,,,,,,
2017,Kabkot,6204,BARITO SELATAN,67.48999999999999,,19.69,,,,4.09,13.72,67.81,5.17,47.34,13.88,33.61,,,,,,,,,,,
2017,Kabkot,6205,BARITO UTARA,60.3,,13.31,,,,5.19,13.89,56.62,5.3,42.94,12.42,39.35,,,,,,,,,,,
2017,Kabkot,6206,SUKAMARA,83.79000000000001,,19.82,,,,4.83,14.24,37.55,9.42,41.56,8.43,40.6,,,,,,,,,,,
2017,Kabkot,6207,LAMANDAU,61.33,,12.58,,,,1.35,4.66,56.45,3.28,57.79,4.2,34.73,,,,,,,,,,,
2017,Kabkot,6208,SERUYAN,86.31999999999999,,15,,,,4.79,10.64,39.7,2.55,49.91,11.94,35.6,,,,,,,,,,,
2017,Kabkot,6209,KATINGAN,73.01000000000001,,14.33,,,,3.81,7.58,64.12,4.43,39.51,16.11,39.95,,,,,,,,,,,
2017,Kabkot,6210,PULANG PISAU,72.15000000000001,,17.33,,,,1.62,3.09,76.5,3.61,46,17.19,33.2,,,,,,,,,,,
2017,Kabkot,6211,GUNUNG MAS,74.92,,6.36,,,,1.17,1.87,58.78,2.24,37.26,34.11,26.4,,,,,,,,,,,
2017,Kabkot,6212,BARITO TIMUR,65.92,,10.43,,,,4.68,9.1,64.78,1.86,55.61,8.800000000000001,33.73,,,,,,,,,,,
2017,Kabkot,6213,MURUNG RAYA,85.53,,9.43,,,,2.78,7.07,71.03,2.05,39.7,24,34.25,,,,,,,,,,,
2017,Kabkot,6271,PALANGKA RAYA,68.87,,23.35,,,,7.26,16.38,34.41,5.11,4.95,13.98,75.95999999999999,,,,,,,,,,,
2017,Kabkot,6301,TANAH LAUT,70.29000000000001,,17.68,,,,3.7,11.16,65.43000000000001,7.02,50.99,9.42,32.57,,,,,,,,,,,
2017,Kabkot,6302,KOTABARU,74.92,,19.41,,,,4.28,11.81,52.34,5.88,43.55,10.52,40.06,,,,,,,,,,,
2017,Kabkot,6303,BANJAR,83.09999999999999,,27.07,,,,3.11,7.68,69.40000000000001,9.68,37.73,9.18,43.41,,,,,,,,,,,
2017,Kabkot,6304,BARITO KUALA,76.36,,22.03,,,,3.99,12.46,71.05,11.61,50.93,3.84,33.61,,,,,,,,,,,
2017,Kabkot,6305,TAPIN,75.44,,23.62,,,,4.39,13.89,67.68000000000001,6.67,41.16,12.64,39.52,,,,,,,,,,,
2017,Kabkot,6306,HULU SUNGAI SELATAN,74.03,,30.04,,,,2.02,6.45,70.69,13.62,34.32,6.34,45.72,,,,,,,,,,,
2017,Kabkot,6307,HULU SUNGAI TENGAH,82.89,,21.61,,,,4.13,12.3,71.52,6.44,44.42,9.19,39.95,,,,,,,,,,,
2017,Kabkot,6308,HULU SUNGAI UTARA,65.40000000000001,,28.31,,,,4.11,14.39,74.61,16.95,31.01,6.33,45.72,,,,,,,,,,,
2017,Kabkot,6309,TABALONG,72.95999999999999,,9.710000000000001,,,,3.88,12.65,66.94,1.79,49.98,11.77,36.46,,,,,,,,,,,
2017,Kabkot,6310,TANAH BUMBU,79.68000000000001,,26.46,,,,6.53,15.44,46.75,9.19,29.44,16.96,44.41,,,,,,,,,,,
2017,Kabkot,6311,BALANGAN,60.4,,11.99,,,,1.9,6.34,77.5,2.91,60.65,9.109999999999999,27.34,,,,,,,,,,,
2017,Kabkot,6371,BANJARMASIN,69.72,,39.92,,,,8.869999999999999,19.74,41.41,9.359999999999999,1.39,7.68,81.56999999999999,,,,,,,,,,,
2017,Kabkot,6372,BANJAR BARU,70.51000000000001,,35.75,,,,5.51,14.07,42.45,5.98,6.7,14.99,72.33,,,,,,,,,,,
2017,Kabkot,6401,PASER,73.12,,15.68,,,,5.54,15.45,45.03,3.27,35.68,13.81,47.23,,,,,,,,,,,
2017,Kabkot,6402,KUTAI BARAT,79.19,,13.98,,,,5.87,19.06,60.3,5.4,49.2,8.119999999999999,37.29,,,,,,,,,,,
2017,Kabkot,6403,KUTAI KARTANEGARA,71.22,,14.94,,,,5.72,15.64,48.95,5.18,32.02,17.65,45.15,,,,,,,,,,,
2017,Kabkot,6404,KUTAI TIMUR,57.75,,14.74,,,,4.61,13.14,44.62,3.63,39.56,12.31,44.5,,,,,,,,,,,
2017,Kabkot,6405,BERAU,70.01000000000001,,18.69,,,,6.45,14.75,43.47,4.87,28.83,18.38,47.92,,,,,,,,,,,
2017,Kabkot,6409,PENAJAM PASER UTARA,71.37,,23.2,,,,4.75,16.69,50.13,5.58,43.33,6.76,44.33,,,,,,,,,,,
2017,Kabkot,6411,MAHAKAM ULU,78.61,,2.95,,,,9.050000000000001,24.95,60.13,.36,48.68,2.22,48.74,,,,,,,,,,,
2017,Kabkot,6471,BALIKPAPAN,74.26000000000001,,35.92,,,,10.39,21.1,25.14,9.84,1.54,12.14,76.47,,,,,,,,,,,
2017,Kabkot,6472,SAMARINDA,78.89,,36.19,,,,6.19,13.8,32.7,8.369999999999999,2.66,13.34,75.63,,,,,,,,,,,
2017,Kabkot,6474,BONTANG,59.96,,26.68,,,,12.44,22.3,39.52,9.279999999999999,19.59,30.64,40.5,,,,,,,,,,,
2017,Kabkot,6501,MALINAU,65.08,,17.4,,,,6.01,21.82,50.88,3.21,34.65,8.41,53.73,,,,,,,,,,,
2017,Kabkot,6502,BULUNGAN,60.84,,17.92,,,,2.68,8.5,43.97,4.75,35.91,9.75,49.59,,,,,,,,,,,
2017,Kabkot,6503,TANA TIDUNG,52.24,,15.1,,,,5.32,17.4,38.2,2,30.22,7.02,60.75,,,,,,,,,,,
2017,Kabkot,6504,NUNUKAN,86.09,,17.78,,,,7.24,15.94,49.29,4.02,37.15,6.46,52.37,,,,,,,,,,,
2017,Kabkot,6571,TARAKAN,84.51000000000001,,38.86,,,,5.59,10.46,33.21,15.06,10.36,11.91,62.67,,,,,,,,,,,
2017,Kabkot,7101,BOLAANG MONGONDOW,78.48999999999999,,21.21,,,,4.88,19.11,74.18000000000001,4.03,47.63,12.91,35.44,,,,,,,,,,,
2017,Kabkot,7102,MINAHASA,73.38,,29.55,,,,6.91,24.32,66.16,7.65,28.26,13.09,51,,,,,,,,,,,
2017,Kabkot,7103,KEPULAUAN SANGIHE,70.91,,32.04,,,,5.11,15.84,60.72,11.94,23.79,15.86,48.41,,,,,,,,,,,
2017,Kabkot,7104,KEPULAUAN TALAUD,59.79,,22.93,,,,3.5,12.43,74.48,12.5,50.61,5.56,31.33,,,,,,,,,,,
2017,Kabkot,7105,MINAHASA SELATAN,80.09,,33.52,,,,7.38,27.16,65.67,13.26,29.7,10.88,46.16,,,,,,,,,,,
2017,Kabkot,7106,MINAHASA UTARA,78.16,,26.86,,,,9.48,30.86,50.89,7.89,22.18,11.61,58.31,,,,,,,,,,,
2017,Kabkot,7107,BOLAANG MONGONDOW UTARA,74.81999999999999,,16.41,,,,4.71,20.24,65.17,2.8,48.29,9.48,39.43,,,,,,,,,,,
2017,Kabkot,7108,SIAU TAGULANDANG BIARO,74.73,,26.09,,,,2.86,9.859999999999999,71.41,5.23,35.25,17.02,42.5,,,,,,,,,,,
2017,Kabkot,7109,MINAHASA TENGGARA,77.34,,30.68,,,,5.72,17.95,66.25,9.06,30.62,13.69,46.63,,,,,,,,,,,
2017,Kabkot,7110,BOLAANG MONGONDOW SELATAN,82.04000000000001,,18.43,,,,6.34,18.1,67.18000000000001,7.75,46.25,8.029999999999999,37.98,,,,,,,,,,,
2017,Kabkot,7111,BOLAANG MONGONDOW TIMUR,77.77,,17.76,,,,7.32,21.17,58.04,2.86,37.11,21.53,38.5,,,,,,,,,,,
2017,Kabkot,7171,MANADO,70.48,,36.31,,,,9.35,22.52,30.87,5.07,3.76,9.49,81.68000000000001,,,,,,,,,,,
2017,Kabkot,7172,BITUNG,80.03,,42.54,,,,9.85,27.49,39.55,18.73,14.42,9.039999999999999,57.81,,,,,,,,,,,
2017,Kabkot,7173,TOMOHON,68.52,,35.28,,,,8.94,22.87,44.63,7.96,11.17,14.71,66.15000000000001,,,,,,,,,,,
2017,Kabkot,7174,KOTAMOBAGU,69.51000000000001,,28.52,,,,5.71,16.44,40.04,2.67,12.44,12.31,72.58,,,,,,,,,,,
2017,Kabkot,7201,BANGGAI KEPULAUAN,76.31,,17.51,,,,3.24,5.37,73.95,5.68,53.08,7.84,33.39,,,,,,,,,,,
2017,Kabkot,7202,BANGGAI,67.09,,22.07,,,,2.94,10.18,72.22,8.960000000000001,45.73,8.640000000000001,36.66,,,,,,,,,,,
2017,Kabkot,7203,MOROWALI,54.91,,16.78,,,,2.72,8.6,66.25,6.05,44.96,10.71,38.28,,,,,,,,,,,
2017,Kabkot,7204,POSO,59.98,,16.19,,,,3.69,4.69,72.31999999999999,4.78,56.52,8.470000000000001,30.23,,,,,,,,,,,
2017,Kabkot,7205,DONGGALA,62.01,,19.26,,,,3.32,7.83,78.22,6.83,52.33,6.56,34.28,,,,,,,,,,,
2017,Kabkot,7206,TOLI-TOLI,67.40000000000001,,21.47,,,,4.35,12.5,66.39,12.17,39.41,10.06,38.36,,,,,,,,,,,
2017,Kabkot,7207,BUOL,55.57,,15.44,,,,4.4,11.65,66.56999999999999,3.27,43.68,11.21,41.84,,,,,,,,,,,
2017,Kabkot,7208,PARIGI MOUTONG,84.29000000000001,,12.86,,,,2.66,6.13,76.48999999999999,3.54,56.74,6.36,33.36,,,,,,,,,,,
2017,Kabkot,7209,TOJO UNA-UNA,74.73,,16.62,,,,2.88,6.69,72.06,6.51,50.47,5.9,37.13,,,,,,,,,,,
2017,Kabkot,7210,SIGI,60.5,,17.64,,,,5.29,16.77,71.48,2.33,55.33,10.07,32.28,,,,,,,,,,,
2017,Kabkot,7211,BANGGAI LAUT,75.76000000000001,,27.38,,,,3.21,11.64,70.90000000000001,12.49,36.85,11.9,38.76,,,,,,,,,,,
2017,Kabkot,7212,MOROWALI UTARA,75.3,,21.22,,,,2,5.56,60.5,11.21,48.34,5.71,34.74,,,,,,,,,,,
2017,Kabkot,7271,PALU,69.73999999999999,,30.88,,,,6.56,12.72,41.95,7.72,3.25,13.92,75.11,,,,,,,,,,,
2017,Kabkot,7301,KEPULAUAN SELAYAR,72.04000000000001,,25.55,,,,2.34,9.220000000000001,60.37,9.74,35.68,7.78,46.8,,,,,,,,,,,
2017,Kabkot,7302,BULUKUMBA,74.70999999999999,,13.98,,,,3.73,10.12,68.97,6.27,48.49,5.78,39.46,,,,,,,,,,,
2017,Kabkot,7303,BANTAENG,65.78,,16.99,,,,5.23,12.18,72.78,5.55,52.59,5.83,36.04,,,,,,,,,,,
2017,Kabkot,7304,JENEPONTO,67.78,,19.98,,,,3.31,7.25,72.05,2.85,52.08,12.49,32.58,,,,,,,,,,,
2017,Kabkot,7305,TAKALAR,83.94,,26.1,,,,4.93,13.68,63.65,8.48,38.8,11.37,41.35,,,,,,,,,,,
2017,Kabkot,7306,GOWA,77.47,,30.1,,,,6.14,14.87,63.55,12.53,31.23,10.66,45.58,,,,,,,,,,,
2017,Kabkot,7307,SINJAI,58.45,,8.699999999999999,,,,4.53,12.71,75.48999999999999,3.39,61.29,3.64,31.68,,,,,,,,,,,
2017,Kabkot,7308,MAROS,78.68000000000001,,33.97,,,,6.85,15.21,52.54,13.5,24.88,9.35,52.26,,,,,,,,,,,
2017,Kabkot,7309,PANGKAJENE DAN KEPULAUAN,71.59,,32.1,,,,7.05,18.22,54.1,13.96,29.71,10.42,45.91,,,,,,,,,,,
2017,Kabkot,7310,BARRU,78.48,,24.96,,,,5.6,14.2,58.04,7.13,34.72,12.5,45.65,,,,,,,,,,,
2017,Kabkot,7311,BONE,62.89,,13.62,,,,4.55,13.09,68.79000000000001,5.34,49.99,3.77,40.9,,,,,,,,,,,
2017,Kabkot,7312,SOPPENG,70.93000000000001,,19.21,,,,2.71,6.86,73.58,6.62,45.99,3.97,43.43,,,,,,,,,,,
2017,Kabkot,7313,WAJO,70.47,,21.44,,,,3.06,9.19,71,11.47,42.59,5.13,40.81,,,,,,,,,,,
2017,Kabkot,7314,SIDENRENG RAPPANG,74.59999999999999,,23.1,,,,3.17,9.75,62.4,9.17,45.58,7.17,38.08,,,,,,,,,,,
2017,Kabkot,7315,PINRANG,57.36,,21.19,,,,4.41,12.96,70.19,7.76,41.27,6.42,44.55,,,,,,,,,,,
2017,Kabkot,7316,ENREKANG,50.7,,12.57,,,,1.87,4.68,75.89,6.05,61.74,3.26,28.96,,,,,,,,,,,
2017,Kabkot,7317,LUWU,61.26,,13.65,,,,4.78,14.07,75.91,5.7,60.5,4.33,29.48,,,,,,,,,,,
2017,Kabkot,7318,TANA TORAJA,65.38,,9.720000000000001,,,,5.6,13.75,84.52,1.43,72.09999999999999,5.32,21.15,,,,,,,,,,,
2017,Kabkot,7322,LUWU UTARA,72.31999999999999,,16.1,,,,3.31,9.380000000000001,79.59999999999999,4.3,57.64,6.49,31.56,,,,,,,,,,,
2017,Kabkot,7325,LUWU TIMUR,81.87,,17.32,,,,2.58,8.07,66.44,4.35,51.01,13.32,31.32,,,,,,,,,,,
2017,Kabkot,7326,TORAJA UTARA,67.28,,15.04,,,,4.24,13.21,79.45999999999999,4.34,64.69,5.28,25.7,,,,,,,,,,,
2017,Kabkot,7371,MAKASSAR,80.40000000000001,,34.77,,,,10.59,21.16,31.87,9.57,3.34,9.42,77.67,,,,,,,,,,,
2017,Kabkot,7372,PAREPARE,61.82,,35.79,,,,6.47,12.86,49.52,8.56,3.75,9.34,78.34999999999999,,,,,,,,,,,
2017,Kabkot,7373,PALOPO,67.54000000000001,,29.51,,,,10.96,25.31,44.4,6.69,10.17,9.85,73.29000000000001,,,,,,,,,,,
2017,Kabkot,7401,BUTON,49.36,,23.12,,,,2.47,4.87,59.39,8.35,26.93,15.89,48.83,,,,,,,,,,,
2017,Kabkot,7402,MUNA,67.09,,28.86,,,,5.65,21.46,69.64,12.09,30.88,11.55,45.48,,,,,,,,,,,
2017,Kabkot,7403,KONAWE,52.97,,23.21,,,,1.94,3.5,69.93000000000001,13.08,38.9,7.85,40.17,,,,,,,,,,,
2017,Kabkot,7404,KOLAKA,77.13,,19.41,,,,2.97,5.29,66.65000000000001,7.36,41.99,9.31,41.35,,,,,,,,,,,
2017,Kabkot,7405,KONAWE SELATAN,68.33,,19.69,,,,1.65,5.89,76.05,10.66,53.07,6.16,30.1,,,,,,,,,,,
2017,Kabkot,7406,BOMBANA,69.47,,15.01,,,,.47,.83,72.83,7.03,51.42,7.05,34.5,,,,,,,,,,,
2017,Kabkot,7407,WAKATOBI,62.73,,19.05,,,,2.43,7.61,68.7,7.45,37.48,8.59,46.49,,,,,,,,,,,
2017,Kabkot,7408,KOLAKA UTARA,57.06,,9.140000000000001,,,,2.62,6.23,82.67,4.07,71.36,3.47,21.1,,,,,,,,,,,
2017,Kabkot,7409,BUTON UTARA,68.78,,24.65,,,,1.48,4.42,71.26000000000001,11.18,42.62,7.87,38.33,,,,,,,,,,,
2017,Kabkot,7410,KONAWE UTARA,75.81,,21.85,,,,4.23,7.38,60.59,11.18,41.89,13.59,33.33,,,,,,,,,,,
2017,Kabkot,7411,KOLAKA TIMUR,63.66,,16.83,,,,2.08,5.33,70.87,5,44.71,6.05,44.24,,,,,,,,,,,
2017,Kabkot,7412,KONAWE KEPULAUAN,50.32,,27.52,,,,5.41,16.26,79.76000000000001,16.8,45.51,10.35,27.33,,,,,,,,,,,
2017,Kabkot,7413,MUNA BARAT,88.33,,32.86,,,,.5600000000000001,0,73.48999999999999,15.91,45.25,13.29,25.55,,,,,,,,,,,
2017,Kabkot,7414,BUTON TENGAH,76.34,,35,,,,1.69,3.58,65.5,14.46,28.03,12.09,45.43,,,,,,,,,,,
2017,Kabkot,7415,BUTON SELATAN,66.81999999999999,,23.46,,,,2.61,5.25,55.93,8.130000000000001,35.69,22.49,33.69,,,,,,,,,,,
2017,Kabkot,7471,KENDARI,55.35,,24.72,,,,7.22,15.83,27.49,4.63,3.66,9.539999999999999,82.18000000000001,,,,,,,,,,,
2017,Kabkot,7472,BAUBAU,45.14,,26.81,,,,7.07,16.86,46.6,5.05,9.57,10.97,74.40000000000001,,,,,,,,,,,
2017,Kabkot,7501,BOALEMO,79.38,,21.97,,,,4.88,12.58,64.25,10.31,47.73,5.51,36.44,,,,,,,,,,,
2017,Kabkot,7502,GORONTALO,72.64,,24.84,,,,3.54,11.7,66.63,8.26,37.98,8.109999999999999,45.66,,,,,,,,,,,
2017,Kabkot,7503,POHUWATO,71.48,,16.8,,,,2.7,9.09,68.3,6.29,41.26,11.27,41.19,,,,,,,,,,,
2017,Kabkot,7504,BONE BOLANGO,72.77,,33.57,,,,4.7,14.53,60.81,9.130000000000001,29.65,16.84,44.38,,,,,,,,,,,
2017,Kabkot,7505,GORONTALO UTARA,77.42,,25.15,,,,5.08,13.76,58.36,8.58,40.98,12.1,38.33,,,,,,,,,,,
2017,Kabkot,7571,GORONTALO,75.98999999999999,,36.95,,,,5.5,14.1,41.24,8.76,4.75,8.199999999999999,78.28,,,,,,,,,,,
2017,Kabkot,7601,MAJENE,78.31,,26.66,,,,3.51,10.06,57.58,10.3,33.22,9.35,47.12,,,,,,,,,,,
2017,Kabkot,7602,POLEWALI MANDAR,87.54000000000001,,23.2,,,,3.94,9.630000000000001,69.42,10.6,45.15,7.19,37.05,,,,,,,,,,,
2017,Kabkot,7603,MAMASA,55.88,,18.06,,,,2.6,8.210000000000001,74.88,5.67,57.17,10.6,26.55,,,,,,,,,,,
2017,Kabkot,7604,MAMUJU,74.16,,17.59,,,,2.4,6.43,69.84,6.26,52.36,8.210000000000001,33.17,,,,,,,,,,,
2017,Kabkot,7605,PASANGKAYU,74.97,,20.28,,,,3.29,7.55,66.54000000000001,3.34,57.23,9.75,29.68,,,,,,,,,,,
2017,Kabkot,7606,MAMUJU TENGAH,60.53,,6.49,,,,2.78,9.19,69.45999999999999,3.84,66.15000000000001,1.38,28.63,,,,,,,,,,,
2017,Kabkot,8101,KEPULAUAN TANIMBAR,41.55,,12.39,,,,5.12,18.23,76.81,6.17,56.77,5.12,31.94,,,,,,,,,,,
2017,Kabkot,8102,MALUKU TENGGARA,52.73,,19.34,,,,4.5,15.72,65.77,6.95,42.64,6.63,43.77,,,,,,,,,,,
2017,Kabkot,8103,MALUKU TENGAH,68.72,,24.11,,,,9.58,27.87,67.06,9.779999999999999,40.93,6.94,42.34,,,,,,,,,,,
2017,Kabkot,8104,BURU,56.05,,17.63,,,,3.45,9.18,62.73,7.79,45.9,7.77,38.54,,,,,,,,,,,
2017,Kabkot,8105,KEPULAUAN ARU,47.07,,20.46,,,,6.68,19.61,65.69,10.44,46.74,5.72,37.11,,,,,,,,,,,
2017,Kabkot,8106,SERAM BAGIAN BARAT,56.88,,15.61,,,,7.02,20.88,78.28,8.359999999999999,55.18,7.15,29.32,,,,,,,,,,,
2017,Kabkot,8107,SERAM BAGIAN TIMUR,60.93,,20.72,,,,9.300000000000001,21.95,75.09,10.51,54.93,7.11,27.45,,,,,,,,,,,
2017,Kabkot,8108,MALUKU BARAT DAYA,45.96,,9.92,,,,9.720000000000001,30.17,83.76000000000001,4.65,70.70999999999999,2.9,21.74,,,,,,,,,,,
2017,Kabkot,8109,BURU SELATAN,52.73,,25.03,,,,4.63,8.289999999999999,82.13,18.21,54.89,3.52,23.38,,,,,,,,,,,
2017,Kabkot,8171,AMBON,50.46,,31.48,,,,13.99,34.98,38.56,6.48,3.37,10.11,80.04000000000001,,,,,,,,,,,
2017,Kabkot,8172,TUAL,65.39,,21.58,,,,16.5,36.81,52.93,3.67,26.11,8.550000000000001,61.67,,,,,,,,,,,
2017,Kabkot,8201,HALMAHERA BARAT,71.84,,31.8,,,,2.19,7.68,76.62,22.16,40.4,4.4,33.04,,,,,,,,,,,
2017,Kabkot,8202,HALMAHERA TENGAH,60.86,,25.15,,,,3.95,13.54,71.37,13.07,42.11,15.04,29.78,,,,,,,,,,,
2017,Kabkot,8203,KEPULAUAN SULA,49.44,,12.86,,,,5.86,11.75,59.52,3.86,48.4,8.59,39.15,,,,,,,,,,,
2017,Kabkot,8204,HALMAHERA SELATAN,83.31999999999999,,11.85,,,,4.68,15.65,66.34999999999999,4.46,59.97,9.57,26,,,,,,,,,,,
2017,Kabkot,8205,HALMAHERA UTARA,69.27,,22.36,,,,4.92,15.07,55.92,6.45,41.8,8.220000000000001,43.52,,,,,,,,,,,
2017,Kabkot,8206,HALMAHERA TIMUR,67.38,,25.23,,,,4.36,8.050000000000001,66.27,10.35,44.68,15.13,29.85,,,,,,,,,,,
2017,Kabkot,8207,PULAU MOROTAI,77.83,,9.81,,,,6.11,16.74,71.28,2.92,54.35,5.99,36.74,,,,,,,,,,,
2017,Kabkot,8208,PULAU TALIABU,74.23999999999999,,2.54,,,,6.69,12.73,85.04000000000001,0,72.12,4.85,23.04,,,,,,,,,,,
2017,Kabkot,8271,TERNATE,49.45,,33.48,,,,7.71,19.68,45.59,5.08,7.1,9.970000000000001,77.84999999999999,,,,,,,,,,,
2017,Kabkot,8272,TIDORE KEPULAUAN,42.55,,22.45,,,,5.95,13.76,54.91,3.26,33.19,10.79,52.76,,,,,,,,,,,
2017,Kabkot,9101,FAKFAK,56.66,,20.31,,,,9.960000000000001,29.16,56.68,5.15,32.25,6.8,55.8,,,,,,,,,,,
2017,Kabkot,9102,KAIMANA,66.16,,13.75,,,,5.54,11.88,69.01000000000001,2.77,48.73,6.77,41.73,,,,,,,,,,,
2017,Kabkot,9103,TELUK WONDAMA,50.09,,16.29,,,,1.47,3.53,60.67,5.22,41.99,7.78,45.01,,,,,,,,,,,
2017,Kabkot,9104,TELUK BINTUNI,73.72,,27.19,,,,7.62,16.35,53.71,9.94,31.83,11.42,46.81,,,,,,,,,,,
2017,Kabkot,9105,MANOKWARI,64.87,,22.69,,,,2.68,6.27,56.37,4.93,31.27,8.83,54.97,,,,,,,,,,,
2017,Kabkot,9106,SORONG SELATAN,38.41,,9.949999999999999,,,,4.84,12.8,71.76000000000001,1.59,51.91,11.77,34.73,,,,,,,,,,,
2017,Kabkot,9107,SORONG,68.04000000000001,,22.99,,,,4.56,12.26,67.52,6.85,43.51,14.71,34.93,,,,,,,,,,,
2017,Kabkot,9108,RAJA AMPAT,64.5,,31.05,,,,3.1,7.17,56.81,20.32,28.69,4.35,46.65,,,,,,,,,,,
2017,Kabkot,9109,TAMBRAUW,63.28,,9.74,,,,.44,1.5,79.97,2.68,72.84999999999999,4.78,19.69,,,,,,,,,,,
2017,Kabkot,9110,MAYBRAT,21.39,,5.2,,,,1.55,4.8,78.23999999999999,.84,70.70999999999999,1.94,26.52,,,,,,,,,,,
2017,Kabkot,9111,MANOKWARI SELATAN,35.75,,12.2,,,,1.61,4.51,60.86,1.88,35.05,6.03,57.04,,,,,,,,,,,
2017,Kabkot,9112,PEGUNUNGAN ARFAK,60.86,,2.23,,,,.99,3.05,89.73,0,89.23,2.23,8.539999999999999,,,,,,,,,,,
2017,Kabkot,9171,SORONG,66.95999999999999,,33.91,,,,13.54,30.7,41.46,7.03,6.34,12.73,73.90000000000001,,,,,,,,,,,
2017,Kabkot,9401,MERAUKE,66.56999999999999,,18.23,,,,3.16,7.17,54.4,2.63,44.88,10.49,42,,,,,,,,,,,
2017,Kabkot,9402,JAYAWIJAYA,45.99,,4.32,,,,.59,1.73,86.61,.78,80.61,.71,17.91,,,,,,,,,,,
2017,Kabkot,9403,JAYAPURA,55.65,,25.12,,,,13.39,31.11,62.7,3.45,37.96,7.43,51.15,,,,,,,,,,,
2017,Kabkot,9404,NABIRE,47.65,,16.29,,,,8.33,19.33,63.52,4.64,41.14,5.71,48.51,,,,,,,,,,,
2017,Kabkot,9408,KEPULAUAN YAPEN,36.67,,25.21,,,,4.77,14.47,65.90000000000001,15.07,45.07,3.39,36.47,,,,,,,,,,,
2017,Kabkot,9409,BIAK NUMFOR,52.19,,21.23,,,,7.33,23.58,57.15,4.06,30.59,5.69,59.66,,,,,,,,,,,
2017,Kabkot,9410,PANIAI,30.99,,5.87,,,,.37,.89,90.3,1.61,79.27,0,19.12,,,,,,,,,,,
2017,Kabkot,9411,PUNCAK JAYA,10.18,,2.1,,,,.66,.78,94.5,1.68,89.51000000000001,0,8.81,,,,,,,,,,,
2017,Kabkot,9412,MIMIKA,58.44,,35.1,,,,7.7,16.88,44.57,6.01,13.07,21.56,59.36,,,,,,,,,,,
2017,Kabkot,9413,BOVEN DIGOEL,60.19,,20.98,,,,5.2,13.29,56.46,13.67,50.31,3.56,32.45,,,,,,,,,,,
2017,Kabkot,9414,MAPPI,67.90000000000001,,7.09,,,,6.39,12.56,82.17,1.76,75.34,1.29,21.61,,,,,,,,,,,
2017,Kabkot,9415,ASMAT,59.8,,2.47,,,,.3,.85,93.23999999999999,1.55,87.58,.55,10.31,,,,,,,,,,,
2017,Kabkot,9416,YAHUKIMO,54.09,,.46,,,,0,0,96.86,.05,95.72,.27,3.97,,,,,,,,,,,
2017,Kabkot,9417,PEGUNUNGAN BINTANG,18.19,,1.73,,,,2.62,6.48,89.76000000000001,.12,88.93000000000001,.7,10.25,,,,,,,,,,,
2017,Kabkot,9418,TOLIKARA,13.66,,1.94,,,,.88,2.7,93.98,.18,90.69,.29,8.84,,,,,,,,,,,
2017,Kabkot,9419,SARMI,65.58,,19.95,,,,8.029999999999999,16.93,61,3.82,40.67,8.25,47.26,,,,,,,,,,,
2017,Kabkot,9420,KEEROM,70.47,,9.23,,,,3.87,13.31,75.94,1.71,69.61,5.33,23.34,,,,,,,,,,,
2017,Kabkot,9426,WAROPEN,66.26000000000001,,13.22,,,,3.56,11,59.01,3.88,32.4,4.88,58.84,,,,,,,,,,,
2017,Kabkot,9427,SUPIORI,31.29,,8.449999999999999,,,,5.53,14.31,73.55,2.4,66.98999999999999,4.12,26.49,,,,,,,,,,,
2017,Kabkot,9428,MAMBERAMO RAYA,66.59,,2.78,,,,6.97,16.98,95.08,0,90.58,.92,8.49,,,,,,,,,,,
2017,Kabkot,9430,LANNY JAYA,0,,0,,,,.44,2.6,97.93000000000001,0,97.28,0,2.72,,,,,,,,,,,
2017,Kabkot,9431,MAMBERAMO TENGAH,28.7,,0,,,,0,0,98.19,0,98.19,0,1.81,,,,,,,,,,,
2017,Kabkot,9432,YALIMO,71.36,,.34,,,,3.87,6.14,89.73999999999999,0,89.73999999999999,0,10.26,,,,,,,,,,,
2017,Kabkot,9433,PUNCAK,70.38,,3.12,,,,.61,.8,79.03,0,78.19,4.45,17.36,,,,,,,,,,,
2017,Kabkot,9434,DOGIYAI,28.22,,.68,,,,.76,2.33,98.7,.47,98.03,0,1.5,,,,,,,,,,,
2017,Kabkot,9435,INTAN JAYA,0,,3.72,,,,1.12,0,93.69,0,91.86,0,8.140000000000001,,,,,,,,,,,
2017,Kabkot,9436,DEIYAI,38.29,,9.859999999999999,,,,1.38,3.22,88.62,4.98,76.92,2.99,15.11,,,,,,,,,,,
2017,Kabkot,9471,JAYAPURA,48.09,,16.27,,,,12.39,32.5,34.22,3.42,12.95,6.51,77.12,,,,,,,,,,,
2018,Kabkot,1101,SIMEULUE,55.19,.93,15.24,-11.82,,1530.15,4.94,15.3,65.7,3.77,46.44,5.69,44.1,2700000,,,,,,,,,,
2018,Kabkot,1102,ACEH SINGKIL,69.5,.74,11.13,28.28,,1664.74,8.039999999999999,16.51,50.89,3.6,58.06,2.68,35.65,2700000,,,,,,,,,,
2018,Kabkot,1103,ACEH SELATAN,61.64,.79,21.34,-15.8,,4063.41,6.08,16.77,62.5,4.24,39.07,15.02,41.67,2700000,,,,,,,,,,
2018,Kabkot,1104,ACEH TENGGARA,64.31,.95,10.93,-6.26,,3302.24,3.76,7.59,80.04000000000001,2.72,58.9,2.75,35.63,2700000,,,,,,,,,,
2018,Kabkot,1105,ACEH TIMUR,74.09999999999999,.73,23.56,19.96,,7802.17,6.93,14.34,61.59,6.41,46.42,8.77,38.39,2700000,,,,,,,,,,
2018,Kabkot,1106,ACEH TENGAH,58.33,.78,8.58,24.21,,5638.96,2.13,5.66,70.62,2.04,61.16,5.62,31.18,2700000,,,,,,,,,,
2018,Kabkot,1107,ACEH BARAT,71.43000000000001,.91,22.71,12.14,,6622.96,8.67,22.57,40.13,6.27,31.32,9.07,53.34,2700000,,,,,,,,,,
2018,Kabkot,1108,ACEH BESAR,78.55,.91,33.73,9.06,,9561.639999999999,7.3,16.48,47.03,9.92,20.69,13.72,55.68,2700000,,,,,,,,,,
2018,Kabkot,1109,PIDIE,79.39,.71,28.69,-7.38,,7450.41,7.23,20.59,59.39,13.55,36.25,9.470000000000001,40.73,2700000,,,,,,,,,,
2018,Kabkot,1110,BIREUEN,81.26000000000001,.76,28.65,4.67,,9586.139999999999,3.52,8.380000000000001,56.12,9.640000000000001,37.08,8.52,44.76,2700000,,,,,,,,,,
2018,Kabkot,1111,ACEH UTARA,81.3,.75,28.66,-22.05,,16286.46,10.18,25.31,76.05,10.47,46.59,11.02,31.92,2700000,,,,,,,,,,
2018,Kabkot,1112,ACEH BARAT DAYA,79.3,.71,21.78,3.64,,2867.19,3.95,12.29,63.55,8.039999999999999,41.29,7.32,43.35,2700000,,,,,,,,,,
2018,Kabkot,1113,GAYO LUES,53.24,.92,10.02,-23.66,,1896.15,2.52,6.48,82.40000000000001,4.95,66.77,2.03,26.25,2700000,,,,,,,,,,
2018,Kabkot,1114,ACEH TAMIANG,69.98999999999999,.82,23.86,3.1,,5724.23,6.25,18.24,55.38,8.42,39.29,5.76,46.53,2700000,,,,,,,,,,
2018,Kabkot,1115,NAGAN RAYA,64.92,.78,23.73,6.47,,6116.41,5.94,16.61,58.85,9.619999999999999,50.1,9.35,30.93,2700000,,,,,,,,,,
2018,Kabkot,1116,ACEH JAYA,79.5,.66,20.41,3.15,,1922.74,4.95,14.44,63.57,7.25,44.63,7.64,40.48,2700000,,,,,,,,,,
2018,Kabkot,1117,BENER MERIAH,51.39,.84,9.359999999999999,-3.53,,3476.51,1.07,3.78,83.5,2.45,70.28,4.05,23.21,2700000,,,,,,,,,,
2018,Kabkot,1118,PIDIE JAYA,80.45,.6899999999999999,28.72,7.67,,2501.51,5.02,14.51,62.01,8.220000000000001,41.02,12.29,38.46,2700000,,,,,,,,,,
2018,Kabkot,1171,BANDA ACEH,72.7,1.06,34.79,-2.12,,14556.92,7.29,14.16,27.5,8.56,1.76,10.5,79.18000000000001,2700000,,,,,,,,,,
2018,Kabkot,1172,SABANG,67.16,.86,26.68,1.51,,1075.03,4.21,9.220000000000001,36.75,8.16,13.17,10.63,68.04000000000001,2700000,,,,,,,,,,
2018,Kabkot,1173,LANGSA,78.65000000000001,.92,34.29,5.82,,3694.09,7.12,16.74,39.92,11.08,8.98,9.050000000000001,70.89,2700000,,,,,,,,,,
2018,Kabkot,1174,LHOKSEUMAWE,75.08,.85,33.17,11.43,,6840.71,12.52,29.19,39.9,5.33,13.07,12.87,68.73,2700000,,,,,,,,,,
2018,Kabkot,1175,SUBULUSSALAM,78.34,.8100000000000001,17.29,11.25,,1301.18,6.49,17.5,49.96,5.26,44.56,6.32,43.85,2700000,,,,,,,,,,
2018,Kabkot,1201,NIAS,71.15000000000001,1.12,6.07,-12.06,,2440.16,1.62,4.1,90.84,3.03,83.76000000000001,3.36,9.85,2132189,,,,,,,,,,
2018,Kabkot,1202,MANDAILING NATAL,78.47,.9,20.52,-6.55,,8904.139999999999,4.43,12.6,70.16,6.68,44.96,10.71,37.65,2132189,,,,,,,,,,
2018,Kabkot,1203,TAPANULI SELATAN,70,1.13,18.49,12.72,,9201.959999999999,5.28,17.23,79.58,6.69,57.75,6.13,29.43,2132189,,,,,,,,,,
2018,Kabkot,1204,TAPANULI TENGAH,77.48999999999999,1.05,22.35,5,,6678.25,6.38,14.87,65.54000000000001,8.59,44.41,7.27,39.72,2132189,,,,,,,,,,
2018,Kabkot,1205,TAPANULI UTARA,59.73,1.19,10.1,4.46,,5510.19,1.42,3.76,84.54000000000001,2.7,67.8,3.39,26.11,2132189,,,,,,,,,,
2018,Kabkot,1206,TOBA,68.73,1.11,23.14,6.72,,5249.25,2.15,7.08,76.87,6.77,49.31,6.07,37.86,2132189,,,,,,,,,,
2018,Kabkot,1207,LABUHANBATU,78.47,1.01,20.75,7.73,,22112.34,6.98,15.67,48.07,6.74,38.27,5.17,49.82,2132189,,,,,,,,,,
2018,Kabkot,1208,ASAHAN,79.79000000000001,.9,29.52,5.97,,24844.87,5.26,15,47.78,13.54,36.3,6.06,44.1,2132189,,,,,,,,,,
2018,Kabkot,1209,SIMALUNGUN,76.22,1.02,23.58,6.95,,25996.21,5.1,18.49,63.81,9.529999999999999,50.69,5.67,34.1,2132189,,,,,,,,,,
2018,Kabkot,1210,DAIRI,64.23,1.24,9.789999999999999,2.86,,6267.82,1.69,5.27,86.48999999999999,1.03,70.95,2.82,25.21,2132189,,,,,,,,,,
2018,Kabkot,1211,KARO,53.54,1.33,13.07,12.97,,13744.17,1.5,4.32,80.3,2.39,64.90000000000001,3.01,29.71,2132189,,,,,,,,,,
2018,Kabkot,1212,DELI SERDANG,86.53,1.04,40.38,5.23,,68341,7.06,15.06,42.27,16.5,15.34,11.19,56.97,2132189,,,,,,,,,,
2018,Kabkot,1213,LANGKAT,82.06999999999999,.89,28.36,12.16,,28170.08,4.67,10.36,53.39,11.69,32.92,8.130000000000001,47.26,2132189,,,,,,,,,,
2018,Kabkot,1214,NIAS SELATAN,59.14,.77,5.7,47.83,,4018.74,3.77,7.72,88.69,1.96,78.43000000000001,2.04,17.56,2132189,,,,,,,,,,
2018,Kabkot,1215,HUMBANG HASUNDUTAN,68.64,1.24,9.390000000000001,14.63,,3946.12,.34,0,87.83,2.13,76.17,4.03,17.67,2132189,,,,,,,,,,
2018,Kabkot,1216,PAKPAK BHARAT,64.97,1.06,4.81,4.66,,805.01,.43,1.18,85.41,.37,76.95999999999999,2.14,20.52,2132189,,,,,,,,,,
2018,Kabkot,1217,SAMOSIR,56.08,1.52,17.68,-8.369999999999999,,2931.7,1.35,4.21,82.47,4.77,59.7,4.13,31.4,2132189,,,,,,,,,,
2018,Kabkot,1218,SERDANG BEDAGAI,82.45,.91,31.11,-10.48,,18421.38,5.1,12.57,52.84,12.72,39,6.59,41.69,2132189,,,,,,,,,,
2018,Kabkot,1219,BATU BARA,81.67,.92,27.35,3.41,,22998.6,5.39,13.7,63.6,13.6,38.43,5.64,42.33,2132189,,,,,,,,,,
2018,Kabkot,1220,PADANG LAWAS UTARA,76.67,.93,13.11,-12.45,,7791.05,3.15,6.88,71.81999999999999,3.42,63.16,3.46,29.96,2132189,,,,,,,,,,
2018,Kabkot,1221,PADANG LAWAS,69.81,.8,19.59,-25.27,,7534.3,4.1,11.11,78.51000000000001,5.36,57.88,3.29,33.47,2132189,,,,,,,,,,
2018,Kabkot,1222,LABUHANBATU SELATAN,70.11,1.04,17.26,19.95,,17797.95,4.79,14.16,48.72,4.64,56.82,3.67,34.87,2132189,,,,,,,,,,
2018,Kabkot,1223,LABUHANBATU UTARA,76.77,.9399999999999999,23.33,8.1,,16413.33,5.67,13.19,58.36,10.43,51.25,3.63,34.7,2132189,,,,,,,,,,
2018,Kabkot,1224,NIAS UTARA,81.97,.79,11.8,10.36,,2228.75,2.4,5.49,82.59,4.54,71.02,5.45,18.99,2132189,,,,,,,,,,
2018,Kabkot,1225,NIAS BARAT,82.16,.88,3.03,25.26,,1179.91,1.23,1.67,86.69,.27,79.09999999999999,7.51,13.13,2132189,,,,,,,,,,
2018,Kabkot,1271,SIBOLGA,78.94,1.22,31.15,-7.52,,3393.91,8.609999999999999,18.5,46.09,8.130000000000001,9.9,5.87,76.09999999999999,2132189,,,,,,,,,,
2018,Kabkot,1272,TANJUNG BALAI,84.68000000000001,.92,35.83,-.35,,5473.63,5.58,11.5,36.54,8.859999999999999,17.97,5.45,67.72,2132189,,,,,,,,,,
2018,Kabkot,1273,PEMATANG SIANTAR,78,1.18,39.24,-3.69,,9170.190000000001,12.14,28.89,51.89,12.15,4.63,9.5,73.70999999999999,2132189,,,,,,,,,,
2018,Kabkot,1274,TEBING TINGGI,85.79000000000001,1.04,38.47,5.93,,3760.5,7.23,16.07,41.51,11.46,6.85,9.359999999999999,72.33,2132189,,,,,,,,,,
2018,Kabkot,1275,MEDAN,81.73,1.29,38.7,-2.97,,148007.14,8.25,16.78,36.45,14.03,4.11,5.1,76.77,2132189,,,,,,,,,,
2018,Kabkot,1276,BINJAI,79,1.15,36.42,-4.03,,7708.59,7.4,16.9,42.83,13.55,7.44,10.44,68.58,2132189,,,,,,,,,,
2018,Kabkot,1277,PADANGSIDIMPUAN,80.14,.93,32.86,7.97,,4038.93,5.18,12.14,54.39,10.71,16.28,6.66,66.36,2132189,,,,,,,,,,
2018,Kabkot,1278,GUNUNGSITOLI,71.03,1.03,24.71,21.71,,3232.97,5.92,11.79,59.4,6.26,32.88,13.03,47.84,2132189,,,,,,,,,,
2018,Kabkot,1301,KEPULAUAN MENTAWAI,67.31,1,9.06,-8.199999999999999,,2875.66,2.27,5.67,81.05,3.46,68.51000000000001,5.56,22.46,2119067,,,,,,,,,,
2018,Kabkot,1302,PESISIR SELATAN,79.47,1.14,21.33,-15.28,,9139.969999999999,5.85,18.1,77.42,5.89,44.63,5.49,44,2119067,,,,,,,,,,
2018,Kabkot,1303,SOLOK,90.31,1.21,18.48,-5.01,,9430.219999999999,5.92,19.21,74.14,3.62,54.8,7.59,33.98,2119067,,,,,,,,,,
2018,Kabkot,1304,SIJUNJUNG,78.98,.99,21.06,.44,,6446.99,3.2,10.14,69.7,6.03,45.5,13.77,34.7,2119067,,,,,,,,,,
2018,Kabkot,1305,TANAH DATAR,68.79000000000001,1.23,29.22,9.58,,9224.52,3.86,14.88,74.34,8.48,38.56,5.82,47.14,2119067,,,,,,,,,,
2018,Kabkot,1306,PADANG PARIAMAN,79.70999999999999,1.06,29.98,5.65,,13021.89,6.9,22.59,68.37,13.5,33.94,10.36,42.2,2119067,,,,,,,,,,
2018,Kabkot,1307,AGAM,65.91,1.31,29.5,-7.62,,13942.52,4.82,13.94,72.31,12.04,35.36,5.31,47.29,2119067,,,,,,,,,,
2018,Kabkot,1308,LIMA PULUH KOTA,66.69,1.06,30.6,17.56,,10653.26,2.7,9.859999999999999,76.20999999999999,14.73,44.2,9.07,32.01,2119067,,,,,,,,,,
2018,Kabkot,1309,PASAMAN,70.93000000000001,.89,14.03,-2.42,,5893.34,5.88,19.94,78.78,3.77,54.47,8.17,33.6,2119067,,,,,,,,,,
2018,Kabkot,1310,SOLOK SELATAN,53.26,1.22,16.67,-8.039999999999999,,3793.19,5.85,15.16,63.99,5.14,49.26,9.470000000000001,36.12,2119067,,,,,,,,,,
2018,Kabkot,1311,DHARMASRAYA,80.55,1.37,19.28,12.04,,7204.47,3.94,10.04,62.43,4.25,48.75,9.59,37.41,2119067,,,,,,,,,,
2018,Kabkot,1312,PASAMAN BARAT,81.58,1.05,23.56,-4.78,,10925.63,3.37,8.449999999999999,69.92,4.68,44.63,5.45,45.25,2119067,,,,,,,,,,
2018,Kabkot,1371,PADANG,59.77,1.34,38.59,-1.5,,42081.54,9.18,18.11,38.93,10.52,6.96,11.22,71.29000000000001,2119067,,,,,,,,,,
2018,Kabkot,1372,SOLOK,69.77,1.4,30.06,8.85,,2726.71,5.97,14.46,40.9,8.529999999999999,4.27,8.550000000000001,78.65000000000001,2119067,,,,,,,,,,
2018,Kabkot,1373,SAWAH LUNTO,68.18000000000001,1.31,32.36,5.49,,2655.62,5.75,11.76,52.1,13.94,16.46,20.17,49.42,2119067,,,,,,,,,,
2018,Kabkot,1374,PADANG PANJANG,83,1.29,36.45,1.22,,2444.77,5.28,11.07,43.66,6.4,4.09,9.199999999999999,80.31,2119067,,,,,,,,,,
2018,Kabkot,1375,BUKITTINGGI,73.88,1.32,35.89,-2.61,,5812.39,7.15,16.04,48.54,12.22,3.59,3.84,80.36,2119067,,,,,,,,,,
2018,Kabkot,1376,PAYAKUMBUH,76.05,1.4,32.68,.11,,4238.66,3.78,11.32,52.36,11.91,13.76,5.41,68.92,2119067,,,,,,,,,,
2018,Kabkot,1377,PARIAMAN,73.88,1.26,38.33,4.26,,3411.29,5.72,9.18,46.73,11.71,9.98,9.9,68.41,2119067,,,,,,,,,,
2018,Kabkot,1401,KUANTAN SINGINGI,81.98999999999999,.95,14.59,13.48,,22579.12,6.05,19.49,70.19,3.62,57.87,6.49,32.01,2464154,,,,,,,,,,
2018,Kabkot,1402,INDRAGIRI HULU,80.16,.85,16.58,6.47,,28778.04,4.7,11.55,52,5.84,52.96,8.56,32.64,2464154,,,,,,,,,,
2018,Kabkot,1403,INDRAGIRI HILIR,82.33,.77,18.25,6.24,,42988.74,4.08,10.89,78.90000000000001,6.58,58.5,3.36,31.57,2464154,,,,,,,,,,
2018,Kabkot,1404,PELALAWAN,88.62,1.14,21.62,-1.26,,33056.06,5.3,13.54,49.41,9.109999999999999,47.57,4.61,38.7,2464154,,,,,,,,,,
2018,Kabkot,1405,S I A K,69.15000000000001,.99,26.99,-3.52,,52595.33,4.13,9.43,43.76,15.27,40.31,4.73,39.69,2464154,,,,,,,,,,
2018,Kabkot,1406,KAMPAR,72.26000000000001,.99,21.55,2.35,,49958.84,5.45,15.87,56.66,4.39,44.45,8.42,42.74,2464154,,,,,,,,,,
2018,Kabkot,1407,ROKAN HULU,80.87,.84,18.46,7,,23925.69,5.4,12.53,56.71,8.050000000000001,49.1,3.73,39.12,2464154,,,,,,,,,,
2018,Kabkot,1408,BENGKALIS,79.48,1.14,24.98,-11.27,,77848.25999999999,10.05,23.69,54.29,6.74,33.07,13.59,46.6,2464154,,,,,,,,,,
2018,Kabkot,1409,ROKAN HILIR,85.5,.87,18.22,-30.85,,46136.68,6.09,15.97,64.01000000000001,5.57,53.42,5.84,35.16,2464154,,,,,,,,,,
2018,Kabkot,1410,KEPULAUAN MERANTI,84.5,.72,27.28,15.64,,12304.37,6.84,19.3,49.79,8.9,36.3,10.35,44.46,2464154,,,,,,,,,,
2018,Kabkot,1471,PEKANBARU,81.53,1.26,35.97,-8.85,,68104.59,8.42,19.73,37.81,7.03,4.32,10.92,77.73,2464154,,,,,,,,,,
2018,Kabkot,1473,D U M A I,76.28,1.11,40.14,.7,,23538.47,6.04,12.38,47.62,14.07,13.83,9.92,62.18,2464154,,,,,,,,,,
2018,Kabkot,1501,KERINCI,59.82,.9399999999999999,13.5,30.03,,6069.6,2.89,10.79,75.05,3.22,62.95,5.67,28.17,2243719,,,,,,,,,,
2018,Kabkot,1502,MERANGIN,93.01000000000001,.85,12.39,36.41,,9388.24,3.64,9.640000000000001,59.26,3.21,54.84,8.44,33.52,2243719,,,,,,,,,,
2018,Kabkot,1503,SAROLANGUN,81.53,.88,12.56,2.32,,10279.95,4.18,13.24,56.92,2.08,55.99,11.92,30,2243719,,,,,,,,,,
2018,Kabkot,1504,BATANG HARI,72.78,1.02,21.38,9.34,,11147.66,4.01,10.8,50.54,11.08,48.72,6.25,33.96,2243719,,,,,,,,,,
2018,Kabkot,1505,MUARO JAMBI,79.31,.99,24.01,9.08,,15389.57,4.66,14.26,43.13,9.970000000000001,47.03,10.38,32.62,2243719,,,,,,,,,,
2018,Kabkot,1506,TANJUNG JABUNG TIMUR,82.27,.85,11.65,-9.050000000000001,,17241.2,1.85,5.64,71.59,1.85,68.55,4.64,24.96,2243719,,,,,,,,,,
2018,Kabkot,1507,TANJUNG JABUNG BARAT,82.84999999999999,.89,16.13,3.12,,29279.46,2.46,6.46,72.48999999999999,2.12,57.87,5.07,34.95,2243719,,,,,,,,,,
2018,Kabkot,1508,TEBO,87.48999999999999,.79,10.71,-1.17,,9699.610000000001,2.07,5.8,66.79000000000001,3.62,68.25,5.85,22.27,2243719,,,,,,,,,,
2018,Kabkot,1509,BUNGO,89.47,.71,11.77,9.94,,12045.8,3.09,7.29,50.64,3.01,52.63,11.47,32.9,2243719,,,,,,,,,,
2018,Kabkot,1571,JAMBI,69.09999999999999,1.3,31.9,.35,,18667.87,6.56,15.76,33.22,7.09,3.29,10.65,78.97,2243719,,,,,,,,,,
2018,Kabkot,1572,SUNGAI PENUH,63.75,1.2,24.55,-19,,4388.18,5.44,17.53,68.01000000000001,6.57,20.86,9.34,63.23,2243719,,,,,,,,,,
2018,Kabkot,1601,OGAN KOMERING ULU,78.08,.88,19.12,-3.69,,9339.33,4.61,14.59,53.03,6.1,44.96,5.55,43.39,2595995,,,,,,,,,,
2018,Kabkot,1602,OGAN KOMERING ILIR,89.38,.61,18.3,19.57,,19205.73,2.61,6.73,68.81,7.98,58.1,5.05,28.86,2595995,,,,,,,,,,
2018,Kabkot,1603,MUARA ENIM,81.72,1,15.86,6.15,,38854.44,4.27,12.33,68.28,7.11,52.67,8.76,31.46,2595995,,,,,,,,,,
2018,Kabkot,1604,LAHAT,73.88,.82,12.19,9.69,,11723.72,3.29,12.26,74.44,2.02,56.87,7.98,33.13,2595995,,,,,,,,,,
2018,Kabkot,1605,MUSI RAWAS,84.78,.57,11.66,-15.64,,12921.71,3.23,11.65,61.88,5.63,69.05,3.15,22.16,2595995,,,,,,,,,,
2018,Kabkot,1606,MUSI BANYUASIN,84.22,.79,17.22,24.94,,42670.21,3.29,10.08,65.16,6.77,60.49,5.39,27.35,2595995,,,,,,,,,,
2018,Kabkot,1607,BANYU ASIN,90.19,.87,22.19,25.72,,18982,3.84,8.83,65.22,8.789999999999999,54.86,8.199999999999999,28.16,2595995,,,,,,,,,,
2018,Kabkot,1608,OGAN KOMERING ULU SELATAN,72.59999999999999,.72,6.77,17.43,,5436.56,4.11,13.21,86.11,1.77,74.14,2.7,21.39,2595995,,,,,,,,,,
2018,Kabkot,1609,OGAN KOMERING ULU TIMUR,86.89,.63,15.82,-3.11,,9493.389999999999,3.51,11.97,71.06,7.73,61.34,4.05,26.88,2595995,,,,,,,,,,
2018,Kabkot,1610,OGAN ILIR,90.75,.6899999999999999,29.72,5.22,,7113.26,2.42,7.48,67.09999999999999,15.82,45.67,9.19,29.32,2595995,,,,,,,,,,
2018,Kabkot,1611,EMPAT LAWANG,80.37,.65,9.42,-1.41,,3349,2.28,6.93,83.91,2.42,69.77,3.81,24,2595995,,,,,,,,,,
2018,Kabkot,1612,PENUKAL ABAB LEMATANG ILIR,91.39,.82,11.13,-20.17,,4430.55,3.79,10.46,78.09999999999999,2.49,68.09,8.74,20.68,2595995,,,,,,,,,,
2018,Kabkot,1613,MUSI RAWAS UTARA,90.47,.65,14.59,4.33,,5331.25,4.22,11.88,53.9,2.54,58.4,10.73,28.34,2595995,,,,,,,,,,
2018,Kabkot,1671,PALEMBANG,75.06999999999999,1.15,42.81,-3.36,,98471.25,7.21,16.64,32.12,13.01,2.12,8.82,76.05,2595995,,,,,,,,,,
2018,Kabkot,1672,PRABUMULIH,78.09,.87,23.64,11.04,,5101.77,6.99,16.93,48.59,5.38,23.29,10.38,60.95,2595995,,,,,,,,,,
2018,Kabkot,1673,PAGAR ALAM,75.84999999999999,.67,17.14,-1.56,,2158.09,3.03,11.67,71.63,2.63,44.57,3.63,49.17,2595995,,,,,,,,,,
2018,Kabkot,1674,LUBUKLINGGAU,73.68000000000001,.82,34.72,.33,,4106.07,4.55,12.86,41.92,7.84,13.11,9.08,69.95999999999999,2595995,,,,,,,,,,
2018,Kabkot,1701,BENGKULU SELATAN,55.62,1.36,13.63,-4.65,,3444.03,3.09,12.65,72.59999999999999,3.52,55.93,6.03,34.52,1888741,,,,,,,,,,
2018,Kabkot,1702,REJANG LEBONG,70.39,1.22,17.72,-3.6,,5791.95,1.69,5.73,78.45999999999999,5.92,53.47,5.83,34.78,1888741,,,,,,,,,,
2018,Kabkot,1703,BENGKULU UTARA,62.71,1.14,7.44,-17.12,,4960.3,2.72,7.83,73.13,2.95,68.17,4.68,24.2,1888741,,,,,,,,,,
2018,Kabkot,1704,KAUR,75.29000000000001,1.25,14.03,20.71,,2153.49,2.85,9.1,72.86,3.83,58.39,9.9,27.88,1888741,,,,,,,,,,
2018,Kabkot,1705,SELUMA,88.92,1.04,13.6,5.57,,2735.84,2.95,9.67,76.66,3.83,62.85,5.67,27.65,1888741,,,,,,,,,,
2018,Kabkot,1706,MUKOMUKO,60.98,1.34,19.5,-6.07,,3166.01,4.9,13.44,60.17,7.4,47.57,7.37,37.66,1888741,,,,,,,,,,
2018,Kabkot,1707,LEBONG,69.05,1.52,11.96,-12.08,,2023.99,6.34,18.49,81,4.26,49.19,16.45,30.1,1888741,,,,,,,,,,
2018,Kabkot,1708,KEPAHIANG,90.69,1.05,15.37,-2.54,,2673.15,3.08,10.8,78.62,5.32,62.44,4.72,27.52,1888741,,,,,,,,,,
2018,Kabkot,1709,BENGKULU TENGAH,92.83,1.11,17.54,-15.79,,2750.44,3.48,9.210000000000001,67.81,8.300000000000001,54.45,8.539999999999999,28.72,1888741,,,,,,,,,,
2018,Kabkot,1771,BENGKULU,70.27,1.56,32.94,-5.64,,14552.35,5,13.27,41.88,8.31,8.84,11.39,71.45,1888741,,,,,,,,,,
2018,Kabkot,1801,LAMPUNG BARAT,75.78,.95,8.69,-.77,,4738.86,2.76,7.22,87.34,2.31,69.84,3.06,24.8,2074673,,,,,,,,,,
2018,Kabkot,1802,TANGGAMUS,81.83,.96,15.82,-1.98,,10352.1,2.23,6.46,84.13,4.96,57.68,3.84,33.52,2074673,,,,,,,,,,
2018,Kabkot,1803,LAMPUNG SELATAN,77.3,1.07,30.75,18.49,,28791.44,4.49,13.19,71.45999999999999,13.36,36.84,10.11,39.69,2074673,,,,,,,,,,
2018,Kabkot,1804,LAMPUNG TIMUR,81.84999999999999,.96,24.35,6.94,,28518.18,3.83,11.88,76.26000000000001,11.17,45.27,8.050000000000001,35.51,2074673,,,,,,,,,,
2018,Kabkot,1805,LAMPUNG TENGAH,78.08,.95,22.81,-6.6,,45406.22,2.52,4.94,74.09999999999999,11.28,50.15,6.21,32.36,2074673,,,,,,,,,,
2018,Kabkot,1806,LAMPUNG UTARA,71.75,1.07,18.71,-4.95,,15672.53,4.87,10.88,70.66,4.32,48.9,7.7,39.08,2074673,,,,,,,,,,
2018,Kabkot,1807,WAY KANAN,75.34,.91,14.36,-38.52,,9102.879999999999,4.45,12.25,80.73999999999999,3.63,62.57,5.33,28.47,2074673,,,,,,,,,,
2018,Kabkot,1808,TULANGBAWANG,79.26000000000001,1.04,21.08,-.71,,15014.47,3.53,7.51,69.34,7.14,50.69,7.09,35.08,2074673,,,,,,,,,,
2018,Kabkot,1809,PESAWARAN,79.01000000000001,.91,29.14,-7.81,,10858.92,4.64,14.48,73.18000000000001,9.470000000000001,40.47,9.640000000000001,40.42,2074673,,,,,,,,,,
2018,Kabkot,1810,PRINGSEWU,81.09,.89,36.25,4.33,,7370.49,4.13,13.39,69.26000000000001,19.5,23.94,9.039999999999999,47.52,2074673,,,,,,,,,,
2018,Kabkot,1811,MESUJI,88.75,.82,21.83,-13.61,,6655.53,3.8,10.13,72.09999999999999,7.7,55.8,6.47,30.02,2074673,,,,,,,,,,
2018,Kabkot,1812,TULANG BAWANG BARAT,86.33,.8,18.59,34.86,,7451.02,2.93,6.44,71.90000000000001,6.76,58.85,4.63,29.76,2074673,,,,,,,,,,
2018,Kabkot,1813,PESISIR BARAT,68.53,1.08,14.16,20.99,,2944.88,1.9,5.56,84.37,4.63,52.68,3.36,39.33,2074673,,,,,,,,,,
2018,Kabkot,1871,BANDAR LAMPUNG,74.03,1.42,32.09,-5.59,,37084.49,7.28,15.85,41.17,7.16,3.62,9.26,79.95999999999999,2074673,,,,,,,,,,
2018,Kabkot,1872,METRO,70.44,1.47,32.22,8.73,,4084.67,5.79,14.93,49.03,12.54,6.77,7.63,73.06,2074673,,,,,,,,,,
2018,Kabkot,1901,BANGKA,83.56999999999999,.99,18.43,4.63,,9788.030000000001,4.12,12.18,46.58,8.460000000000001,32.08,22.06,37.4,2755444,,,,,,,,,,
2018,Kabkot,1902,BELITUNG,79.2,.97,23.87,-2.67,,6290.86,2.93,9.06,47.67,8.82,31.38,14.53,45.27,2755444,,,,,,,,,,
2018,Kabkot,1903,BANGKA BARAT,81.56999999999999,.79,12.03,-11.26,,10177.2,3.11,6.86,57.28,4.34,31.66,24.08,39.91,2755444,,,,,,,,,,
2018,Kabkot,1904,BANGKA TENGAH,85.37,.9,16.73,-15.68,,5812.7,3.93,8.17,58.34,5.54,36.67,20.43,37.36,2755444,,,,,,,,,,
2018,Kabkot,1905,BANGKA SELATAN,82.92,.9,12.21,-1.97,,6024.21,4.35,12.64,63.49,3.55,45.86,19.77,30.82,2755444,,,,,,,,,,
2018,Kabkot,1906,BELITUNG TIMUR,84.83,1.04,13.03,6.59,,5326.12,1.5,1.67,44.52,6.2,37.46,21.03,35.31,2755444,,,,,,,,,,
2018,Kabkot,1971,PANGKALPINANG,74.37,1.19,33.93,-1.69,,8782.790000000001,4.7,9.390000000000001,31.08,11.6,3.04,11.44,73.91,2755444,,,,,,,,,,
2018,Kabkot,2101,KARIMUN,82.65000000000001,1.1,37.38,-2.12,,9016.34,2.45,8.83,40.44,10.21,17.08,15.6,57.11,2563875,,,,,,,,,,
2018,Kabkot,2102,BINTAN,76.66,1.19,37,1.1,,13886.09,5.89,14.18,33.59,12.68,22.28,9.15,55.89,2563875,,,,,,,,,,
2018,Kabkot,2103,NATUNA,75.73,1.15,26.55,11.59,,15036.09,3.52,9.890000000000001,51.23,7.29,24.37,12.26,56.07,2563875,,,,,,,,,,
2018,Kabkot,2104,LINGGA,76.05,.92,30.66,10.39,,2790.12,3.65,11.69,67.34,11.99,33.57,10.64,43.8,2563875,,,,,,,,,,
2018,Kabkot,2105,KEPULAUAN ANAMBAS,71.38,1.42,28.12,-16.78,,12063.35,2.46,9.31,58.37,12.34,27.72,11.74,48.19,2563875,,,,,,,,,,
2018,Kabkot,2171,B A T A M,78.73,1.9,55.09,-2.74,,102718.6,8.93,18.51,26.82,31.54,1.91,12.03,54.52,2563875,,,,,,,,,,
2018,Kabkot,2172,TANJUNG PINANG,75.29000000000001,1.26,35.93,.42,,13979.22,5.49,16.07,32.41,9.449999999999999,2.97,9.23,78.34,2563875,,,,,,,,,,
2018,Kabkot,3101,KEPULAUAN SERIBU,94.97,1.16,32.6,-17.96,,3936.01,5.33,18.03,61.77,2.97,25.51,3.14,68.39,3648036,,,,,,,,,,
2018,Kabkot,3171,JAKARTA SELATAN,72.23,1.13,38.7,-2.36,,394429.96,6.31,14.32,30.23,6.59,.15,5.84,87.43000000000001,3648036,,,,,,,,,,
2018,Kabkot,3172,JAKARTA TIMUR,59.58,1.29,40.29,-5.76,,298530.65,6.67,15.35,29.48,13.39,.17,5.5,80.94,3648036,,,,,,,,,,
2018,Kabkot,3173,JAKARTA PUSAT,80.31,1.18,40.34,-3.88,,424204.37,6.64,16.49,34.49,7.53,0,3.84,88.63,3648036,,,,,,,,,,
2018,Kabkot,3174,JAKARTA BARAT,83.91,1.27,44.88,-3.51,,299452.4,5,10.88,28.08,19.94,.57,4.2,75.28,3648036,,,,,,,,,,
2018,Kabkot,3175,JAKARTA UTARA,81.33,1.12,41.89,5.12,,320658.35,7.01,14.53,31.44,14.14,.38,3.77,81.72,3648036,,,,,,,,,,
2018,Kabkot,3201,BOGOR,75.17,1.92,44.68,.55,,148203.35,9.75,22.2,41.48,18.98,8.630000000000001,8.24,64.15000000000001,1544361,,,,,,,,,,
2018,Kabkot,3202,SUKABUMI,80.64,1.54,42.17,2.23,,44140.89,7.77,21.79,62.99,20.4,25.71,11.49,42.4,1544361,,,,,,,,,,
2018,Kabkot,3203,CIANJUR,82.56,1.37,34.38,8.51,,30320.21,10.16,26.16,58.9,14,25.9,9.91,50.19,1544361,,,,,,,,,,
2018,Kabkot,3204,BANDUNG,79.33,1.66,50.44,5.07,,77613.22,5,12.83,43.18,30.47,11.9,8.890000000000001,48.74,1544361,,,,,,,,,,
2018,Kabkot,3205,GARUT,79.08,1.53,40.77,2.22,,37225.15,7.07,20.27,64.55,19.54,23.1,10.18,47.18,1544361,,,,,,,,,,
2018,Kabkot,3206,TASIKMALAYA,94.38,1.27,40.98,-2.01,,23320.61,6.83,25.24,74.06999999999999,20.72,25.6,9.67,44.01,1544361,,,,,,,,,,
2018,Kabkot,3207,CIAMIS,88.23999999999999,1.3,40.25,12.36,,20878.69,4.6,18.63,67.40000000000001,23.73,26.55,10.33,39.39,1544361,,,,,,,,,,
2018,Kabkot,3208,KUNINGAN,82.06,1.47,33.38,22.38,,15821.96,8.99,22.32,57.23,9.43,21.64,11.21,57.72,1544361,,,,,,,,,,
2018,Kabkot,3209,CIREBON,84.08,1.56,44.07,4.06,,32161.84,10.56,25.79,56.17,20.63,9.82,11.23,58.32,1544361,,,,,,,,,,
2018,Kabkot,3210,MAJALENGKA,81.91,1.46,43.58,-3.68,,20006.88,4.95,17.38,62.66,24.13,22.66,9.74,43.47,1544361,,,,,,,,,,
2018,Kabkot,3211,SUMEDANG,78.77,1.74,43.88,.43,,22507.96,7.52,21.97,62.52,19.59,22.27,10.31,47.83,1544361,,,,,,,,,,
2018,Kabkot,3212,INDRAMAYU,84.78,1.5,27.95,4.83,,58287.98,8.359999999999999,22.84,70.22,7.94,29.48,8.949999999999999,53.63,1544361,,,,,,,,,,
2018,Kabkot,3213,SUBANG,85.45,1.74,37.48,18.87,,27408.2,8.65,25.48,55.47,18.58,27.5,8.529999999999999,45.39,1544361,,,,,,,,,,
2018,Kabkot,3214,PURWAKARTA,79.91,2.18,44.18,-2.12,,44341.65,9.890000000000001,26.58,47.89,23.54,16.35,10.8,49.3,1544361,,,,,,,,,,
2018,Kabkot,3215,KARAWANG,65.47,2.24,44.09,-1.22,,157317.84,9.050000000000001,26.24,52.71,24.93,16.08,8.289999999999999,50.7,1544361,,,,,,,,,,
2018,Kabkot,3216,BEKASI,67.83,2.74,57.01,1.45,,241949.38,9.69,20.29,28.11,37.35,4.05,6.75,51.85,1544361,,,,,,,,,,
2018,Kabkot,3217,BANDUNG BARAT,81.69,1.63,43.9,11,,29888.89,8.5,21.13,49.22,18.53,17.61,13.56,50.3,1544361,,,,,,,,,,
2018,Kabkot,3218,PANGANDARAN,81.62,1.38,30.87,2.07,,7308.73,3.58,13.16,71.48,16.53,33.53,4.24,45.7,1544361,,,,,,,,,,
2018,Kabkot,3271,BOGOR,77.79000000000001,2.49,43.67,-4.03,,30413.57,9.65,20.8,37.62,15.08,.55,7.69,76.67,1544361,,,,,,,,,,
2018,Kabkot,3272,SUKABUMI,76.29000000000001,1.69,40.12,12.44,,8209.92,8.48,21.36,39.46,22.15,4.55,7.22,66.08,1544361,,,,,,,,,,
2018,Kabkot,3273,BANDUNG,78.18000000000001,2,44.34,1.43,,185084.18,8.01,15.12,34.55,14.54,.75,6.69,78.03,1544361,,,,,,,,,,
2018,Kabkot,3274,CIREBON,87.58,1.68,33.82,5.47,,15817.18,9.06,18.32,37.24,7.09,1.54,9.800000000000001,81.56999999999999,1544361,,,,,,,,,,
2018,Kabkot,3275,BEKASI,76.75,3.15,43.69,3.41,,65845.09,9.07,21.03,25.2,20.44,.63,7.91,71.02,1544361,,,,,,,,,,
2018,Kabkot,3276,DEPOK,65.04000000000001,2.92,40.06,-2.75,,45978.89,6.64,15.27,29.44,13.43,.72,6.75,79.11,1544361,,,,,,,,,,
2018,Kabkot,3277,CIMAHI,65.41,1.98,55.17,-1.78,,21192.6,7.93,17.01,31.79,32.92,1.42,8.31,57.35,1544361,,,,,,,,,,
2018,Kabkot,3278,TASIKMALAYA,80.68000000000001,1.61,51.22,14.38,,14859.11,6.85,16.45,42.24,29.13,4.44,9.1,57.33,1544361,,,,,,,,,,
2018,Kabkot,3279,BANJAR,80.48,1.5,36.68,-7.68,,3067.11,5.89,15.05,56.59,18.9,12.25,6.7,62.15,1544361,,,,,,,,,,
2018,Kabkot,3301,CILACAP,83.48999999999999,1.51,44.89,19.42,,98100.57000000001,7.48,23.56,68.39,21.73,22.27,12.51,43.49,1486065,,,,,,,,,,
2018,Kabkot,3302,BANYUMAS,74.79000000000001,1.46,40.56,13.43,,37414.5,4.19,14.63,64.64,18.83,17.28,9.640000000000001,54.25,1486065,,,,,,,,,,
2018,Kabkot,3303,PURBALINGGA,83.59,1.29,47.76,-1.3,,16458.71,6.06,13.4,57.38,29.83,20.56,11.25,38.36,1486065,,,,,,,,,,
2018,Kabkot,3304,BANJARNEGARA,86.01000000000001,1.49,33.89,-16.12,,14438.15,4,13.05,75.48999999999999,14.97,39.55,12.08,33.4,1486065,,,,,,,,,,
2018,Kabkot,3305,KEBUMEN,69.45,1.47,40.14,-13.88,,18778.05,5.52,21.97,70.20999999999999,22.69,23.83,11.04,42.44,1486065,,,,,,,,,,
2018,Kabkot,3306,PURWOREJO,66.38,1.96,32.1,10.86,,12664.98,4.51,20.77,71.75,13.95,35.83,10.28,39.94,1486065,,,,,,,,,,
2018,Kabkot,3307,WONOSOBO,85.33,1.33,31.87,3.25,,13065.84,3.44,9.210000000000001,74.05,15.32,35.1,8.949999999999999,40.63,1486065,,,,,,,,,,
2018,Kabkot,3308,MAGELANG,75.58,1.5,37.88,-3.9,,22082.8,2.91,9.74,65.15000000000001,20.66,30.43,9.98,38.94,1486065,,,,,,,,,,
2018,Kabkot,3309,BOYOLALI,78.26000000000001,1.32,39.89,-3.15,,21406.27,2.16,4.48,64.7,21.4,32.6,9.01,36.98,1486065,,,,,,,,,,
2018,Kabkot,3310,KLATEN,78.16,1.46,45.75,-5.49,,26360.65,3.11,11.39,55.54,26.49,17.89,11.23,44.4,1486065,,,,,,,,,,
2018,Kabkot,3311,SUKOHARJO,84.51000000000001,1.38,47.38,-1.52,,25564.07,2.78,8.9,46.62,25.89,10.77,9.23,54.1,1486065,,,,,,,,,,
2018,Kabkot,3312,WONOGIRI,85.90000000000001,1.41,30.29,-14.39,,19837.02,2.28,12.34,74.19,15.14,40.03,7.21,37.62,1486065,,,,,,,,,,
2018,Kabkot,3313,KARANGANYAR,80.56999999999999,1.26,48.07,-6.44,,25150.28,2.34,9.220000000000001,54.48,27.61,21.87,11.37,39.15,1486065,,,,,,,,,,
2018,Kabkot,3314,SRAGEN,88.53,1.56,38.35,5.72,,25356.46,4.82,13.3,63.67,16.22,30.92,7.3,45.56,1486065,,,,,,,,,,
2018,Kabkot,3315,GROBOGAN,81.09999999999999,1.49,33.22,-18.86,,18688.57,2.24,9.17,79.97,10.7,39.59,16.15,33.56,1486065,,,,,,,,,,
2018,Kabkot,3316,BLORA,82.12,1.45,26.81,-11.47,,17605.22,3.26,10.33,75.44,10.08,45.44,8.84,35.64,1486065,,,,,,,,,,
2018,Kabkot,3317,REMBANG,89.89,1.29,38.24,1.85,,12939.68,2.87,8.1,60.63,18.15,30.59,10.65,40.6,1486065,,,,,,,,,,
2018,Kabkot,3318,PATI,86.13,1.29,33.77,-10.36,,29189.88,3.61,9.039999999999999,65.75,14.84,28.43,8.99,47.74,1486065,,,,,,,,,,
2018,Kabkot,3319,KUDUS,79.23,1.19,58.62,-3.07,,71048.97,3.33,8.02,38.74,37.9,9.949999999999999,11.5,40.65,1486065,,,,,,,,,,
2018,Kabkot,3320,JEPARA,91.75,1.15,60.56,2.53,,20170.26,3.78,6.89,48.37,45.51,13.01,8.74,32.74,1486065,,,,,,,,,,
2018,Kabkot,3321,DEMAK,81.36,1.37,44.27,-1.18,,17479.88,7.16,20.39,58.05,24.45,26.43,9.67,39.45,1486065,,,,,,,,,,
2018,Kabkot,3322,SEMARANG,68.70999999999999,1.5,43.77,-3.24,,33817.68,2.28,6.23,55.94,27.39,23.49,8.06,41.06,1486065,,,,,,,,,,
2018,Kabkot,3323,TEMANGGUNG,83.31999999999999,1.36,31.6,-1.17,,14483.26,3.24,8.73,72.06,19.89,40.58,6.89,32.64,1486065,,,,,,,,,,
2018,Kabkot,3324,KENDAL,74.78,1.4,40.93,4.69,,29245.66,6.06,15.21,54.19,22.35,25.47,9.359999999999999,42.82,1486065,,,,,,,,,,
2018,Kabkot,3325,BATANG,78.88,1.39,46.16,-6.57,,14448.63,4.23,11.83,61.99,23.53,24.09,11.8,40.58,1486065,,,,,,,,,,
2018,Kabkot,3326,PEKALONGAN,86.72,1.09,56.31,.43,,15525.05,4.41,10.12,51.27,40.32,16.25,7.16,36.27,1486065,,,,,,,,,,
2018,Kabkot,3327,PEMALANG,86.55,1.31,43.68,-4.67,,17265.89,6.21,16.78,66.39,20.54,25.82,10.19,43.44,1486065,,,,,,,,,,
2018,Kabkot,3328,TEGAL,81.98,1.3,46.49,-.91,,23552.55,8.449999999999999,24.31,56.59,23.75,17.12,9.01,50.13,1486065,,,,,,,,,,
2018,Kabkot,3329,BREBES,86.5,1.43,34.55,15.16,,31060.11,7.27,17.79,76.29000000000001,8.65,33.63,11.74,45.99,1486065,,,,,,,,,,
2018,Kabkot,3371,MAGELANG,77.39,1.58,40.41,-8.44,,6138.62,4.88,15.5,45.35,15.86,2.8,4.8,76.54000000000001,1486065,,,,,,,,,,
2018,Kabkot,3372,SURAKARTA,77.28,1.48,46.12,1.97,,33505.9,4.39,11.3,38.44,22.15,.77,4.54,72.54000000000001,1486065,,,,,,,,,,
2018,Kabkot,3373,SALATIGA,65.69,1.75,47.93,-2.19,,9127.860000000001,4.28,11.04,39.51,24.68,4.23,7.57,63.51,1486065,,,,,,,,,,
2018,Kabkot,3374,SEMARANG,72.02,2.14,47.34,1.48,,131266.36,5.29,10.83,29.66,21.5,1.18,8.09,69.23,1486065,,,,,,,,,,
2018,Kabkot,3375,PEKALONGAN,87.06999999999999,1.04,56.7,-8.359999999999999,,7087.92,6.13,13.5,40.86,36.03,1.34,8.59,54.05,1486065,,,,,,,,,,
2018,Kabkot,3376,TEGAL,72.65000000000001,1.7,39.84,-3.06,,10594.34,7.94,17.58,47.43,14.01,7.97,7.55,70.47,1486065,,,,,,,,,,
2018,Kabkot,3401,KULON PROGO,72.42,1.43,36.71,12.67,,7728.41,1.49,7.09,66.48999999999999,19.24,29.74,9.06,41.96,1454154,,,,,,,,,,
2018,Kabkot,3402,BANTUL,76.95,1.5,45.08,2.2,,18150.88,2.72,8.91,51.14,21.7,14.53,9.359999999999999,54.41,1454154,,,,,,,,,,
2018,Kabkot,3403,GUNUNGKIDUL,89.44,1.26,30.72,20.19,,12914.94,2.07,9.51,69.90000000000001,12.17,42.37,9.81,35.65,1454154,,,,,,,,,,
2018,Kabkot,3404,SLEMAN,72.95999999999999,1.47,41.14,2.4,,33138.26,4.4,12.49,47.37,14.5,14.04,9.710000000000001,61.75,1454154,,,,,,,,,,
2018,Kabkot,3471,YOGYAKARTA,70.78,1.52,43.17,.25,,26127.22,6.22,16.63,39.3,13.49,.17,4.45,81.90000000000001,1454154,,,,,,,,,,
2018,Kabkot,3501,PACITAN,86.37,1.27,21.54,-14.17,,10507.37,1.43,5.69,79.68000000000001,10.6,57.65,7.88,23.87,1508895,,,,,,,,,,
2018,Kabkot,3502,PONOROGO,86.15000000000001,1.27,24.07,-16.35,,13615.23,3.87,13.73,79.45999999999999,8.51,47.36,9.84,34.29,1508895,,,,,,,,,,
2018,Kabkot,3503,TRENGGALEK,85.40000000000001,1.21,28.51,-5.78,,12161.86,4.17,10.87,73.54000000000001,14.7,47.15,7.4,30.75,1508895,,,,,,,,,,
2018,Kabkot,3504,TULUNGAGUNG,85.76000000000001,1.22,32.81,-1.98,,25920.2,2.61,7.99,65.97,17.83,35.82,8.130000000000001,38.23,1508895,,,,,,,,,,
2018,Kabkot,3505,BLITAR,80.45999999999999,1.31,25.41,-4.22,,24286.24,3.37,8.130000000000001,71.73999999999999,10.91,43.99,9.34,35.75,1508895,,,,,,,,,,
2018,Kabkot,3506,KEDIRI,79.79000000000001,1.22,31.31,12.85,,27786.42,4.25,12.07,55.03,14.43,33.68,8.199999999999999,43.69,1508895,,,,,,,,,,
2018,Kabkot,3507,MALANG,87.73,1.39,33.98,-7.45,,64819.04,3.24,7.12,61.29,15.59,32.47,10.14,41.8,1508895,,,,,,,,,,
2018,Kabkot,3508,LUMAJANG,76.59,1.17,29.24,-2.42,,21569.78,2.55,10.29,68.84,14.08,37.16,12.37,36.39,1508895,,,,,,,,,,
2018,Kabkot,3509,JEMBER,87.62,1.21,28.26,.13,,51370.52,4.09,13.92,64.40000000000001,10.68,42.9,10.46,35.96,1508895,,,,,,,,,,
2018,Kabkot,3510,BANYUWANGI,86.34999999999999,1.32,34.32,-5.2,,52367.7,3.67,11.7,68,17.36,33.07,8.44,41.14,1508895,,,,,,,,,,
2018,Kabkot,3511,BONDOWOSO,80.81999999999999,1.14,22.04,2.43,,12951.52,3.9,13.78,74.51000000000001,9.92,46.17,7.52,36.39,1508895,,,,,,,,,,
2018,Kabkot,3512,SITUBONDO,86.22,1.12,22.27,1.78,,12897.92,1.92,7.52,68.83,8.1,46.53,6.96,38.41,1508895,,,,,,,,,,
2018,Kabkot,3513,PROBOLINGGO,83.73,1.04,23.1,-21.28,,22374.57,4.15,12.46,73.72,8.130000000000001,45.53,9.949999999999999,36.39,1508895,,,,,,,,,,
2018,Kabkot,3514,PASURUAN,84.19,1.55,44.24,-9.130000000000001,,99489.36,6.11,17.01,55.56,26.32,24.52,9.44,39.72,1508895,,,,,,,,,,
2018,Kabkot,3515,SIDOARJO,67.56999999999999,2.26,54.13,-.29,,132552.94,4.73,13.8,31.86,36.31,3.82,6.05,53.82,1508895,,,,,,,,,,
2018,Kabkot,3516,MOJOKERTO,84.54000000000001,1.65,51.04,1.25,,55256.61,4.27,8.56,54.84,32.36,17.77,8.93,40.94,1508895,,,,,,,,,,
2018,Kabkot,3517,JOMBANG,84.13,1.35,39.75,-8.609999999999999,,26846.15,4.64,11.57,64.66,20.76,25.36,8.84,45.04,1508895,,,,,,,,,,
2018,Kabkot,3518,NGANJUK,82.64,1.22,26.83,.83,,17373.26,2.64,9.210000000000001,72.31999999999999,12.35,41.04,6.95,39.66,1508895,,,,,,,,,,
2018,Kabkot,3519,MADIUN,84.03,1.48,26.62,-13.29,,12485.01,3.81,15.91,72.98999999999999,6.98,40.8,9.59,42.63,1508895,,,,,,,,,,
2018,Kabkot,3520,MAGETAN,77.48,1.99,32.49,1.07,,12602.6,3.92,18.03,72.81999999999999,16.91,36.86,8.460000000000001,37.77,1508895,,,,,,,,,,
2018,Kabkot,3521,NGAWI,77.94,1.34,21.79,-11.01,,13052.3,3.83,13.08,79.11,7.85,52.59,8.710000000000001,30.86,1508895,,,,,,,,,,
2018,Kabkot,3522,BOJONEGORO,87.42,1.28,29.63,8.74,,65815.56,4.19,15.17,67.48,10.86,39.52,11.31,38.31,1508895,,,,,,,,,,
2018,Kabkot,3523,TUBAN,84.66,1.45,26.94,-1.13,,43139.69,2.83,7.79,70.31,13.56,40.81,10.22,35.41,1508895,,,,,,,,,,
2018,Kabkot,3524,LAMONGAN,83.56999999999999,1.46,31.29,-.65,,26279.77,3.17,10.36,66.23999999999999,14.99,35.71,7.14,42.16,1508895,,,,,,,,,,
2018,Kabkot,3525,GRESIK,74.36,2.12,48.66,4.21,,96131.61,5.82,15.36,44.07,30.87,13.73,9.26,46.14,1508895,,,,,,,,,,
2018,Kabkot,3526,BANGKALAN,78.62,1.3,24.37,27.14,,18361.44,5.25,18.68,70.95,6.96,43.56,12.43,37.06,1508895,,,,,,,,,,
2018,Kabkot,3527,SAMPANG,87.27,1.06,17.89,13.42,,13740.97,2.41,5.88,83.65000000000001,3.73,59.45,10.01,26.8,1508895,,,,,,,,,,
2018,Kabkot,3528,PAMEKASAN,74.68000000000001,1.15,20.18,2.2,,10872.94,2.92,9.130000000000001,80.45,9.470000000000001,50.21,6.12,34.2,1508895,,,,,,,,,,
2018,Kabkot,3529,SUMENEP,81.40000000000001,1.16,19.3,15.98,,23783.32,1.79,8.039999999999999,80.15000000000001,11.31,56.77,5.64,26.28,1508895,,,,,,,,,,
2018,Kabkot,3571,KEDIRI,81.05,1.36,43.26,2.98,,85337.67999999999,3.63,8.6,38.78,16.83,3.57,10.05,69.55,1508895,,,,,,,,,,
2018,Kabkot,3572,BLITAR,82.02,1.34,39.37,5.25,,4566.2,4.06,11.5,50.5,15.9,8.52,5.44,70.15000000000001,1508895,,,,,,,,,,
2018,Kabkot,3573,MALANG,76.56,1.87,45.01,-1.83,,49500.83,6.79,17.51,37,18.53,1.79,7.68,72,1508895,,,,,,,,,,
2018,Kabkot,3574,PROBOLINGGO,72.14,1.62,43.54,.37,,7871.38,3.64,10.54,41.98,19.95,6.36,5.84,67.84999999999999,1508895,,,,,,,,,,
2018,Kabkot,3575,PASURUAN,75.88,1.67,44.15,1.36,,5650.49,4.55,9.109999999999999,41.81,27.05,3.55,2.82,66.58,1508895,,,,,,,,,,
2018,Kabkot,3576,MOJOKERTO,76.56999999999999,1.89,50.59,.96,,4718.94,2.45,5.74,37.83,25.2,.57,6.6,67.64,1508895,,,,,,,,,,
2018,Kabkot,3577,MADIUN,69.65000000000001,1.68,25.54,-8.02,,10051.29,3.85,10.73,44.74,9.470000000000001,3.54,5.95,81.03,1508895,,,,,,,,,,
2018,Kabkot,3578,SURABAYA,75.3,2.14,44.98,-.03,,387303.94,6.12,13.15,32.31,16.24,.33,5.27,78.17,1508895,,,,,,,,,,
2018,Kabkot,3579,BATU,85.31999999999999,1.28,35.78,-12.51,,11065.99,3.12,8.43,50.66,9.98,25.1,6.68,58.24,1508895,,,,,,,,,,
2018,Kabkot,3601,PANDEGLANG,74.09,1.27,30.15,.87,,18812.93,8.33,23.43,69.89,12.61,32.2,9.710000000000001,45.48,2099385,,,,,,,,,,
2018,Kabkot,3602,LEBAK,89.88,1.09,23.22,8.92,,19735.87,7.69,24.38,70.93000000000001,11.51,46.54,8.48,33.48,2099385,,,,,,,,,,
2018,Kabkot,3603,TANGERANG,67.22,1.62,58.45,-2.3,,92011.41,9.699999999999999,22.18,37.68,39.82,7.02,7.84,45.32,2099385,,,,,,,,,,
2018,Kabkot,3604,SERANG,75.25,1.47,49.28,-7.2,,51754.32,12.77,29.24,53.49,28.12,23.99,10.84,37.05,2099385,,,,,,,,,,
2018,Kabkot,3671,TANGERANG,63.37,2,49.87,-1.75,,106283.62,7.4,16.28,28.98,23.91,.82,6.37,68.90000000000001,2099385,,,,,,,,,,
2018,Kabkot,3672,CILEGON,67.20999999999999,1.74,52.63,-5.22,,70502.08,9.33,19.99,38.49,20.58,3.73,14.92,60.77,2099385,,,,,,,,,,
2018,Kabkot,3673,SERANG,68.01000000000001,1.68,43.14,-4.11,,21482.09,8.16,18.73,53.31,14.85,7.29,10.44,67.41,2099385,,,,,,,,,,
2018,Kabkot,3674,TANGERANG SELATAN,71.15000000000001,2.61,39.15,-2.44,,55999.11,4.67,12.57,24.04,8.01,1.16,6.86,83.97,2099385,,,,,,,,,,
2018,Kabkot,5101,JEMBRANA,86.16,.95,34.41,15.4,,8924.379999999999,1.38,3.78,57.42,14.56,24.68,8.050000000000001,52.7,2127157,,,,,,,,,,
2018,Kabkot,5102,TABANAN,82.48999999999999,1.23,35.89,-5.13,,14949.32,1.43,6.32,56.65,16.34,25.88,7.63,50.15,2127157,,,,,,,,,,
2018,Kabkot,5103,BADUNG,77.13,1.56,44.19,-6.84,,35275.42,.44,.65,41.12,10.4,11.69,5.47,72.45,2127157,,,,,,,,,,
2018,Kabkot,5104,GIANYAR,84.7,1.28,49.7,-5.42,,18027.09,1.6,5.69,44.4,21.23,11.77,7.24,59.76,2127157,,,,,,,,,,
2018,Kabkot,5105,KLUNGKUNG,81.11,1.31,39.51,6.19,,5682.94,1.41,7.18,58.78,15.78,20.65,12.05,51.52,2127157,,,,,,,,,,
2018,Kabkot,5106,BANGLI,83.95999999999999,1.12,31.24,5.06,,4350.14,.8,2.67,67.18000000000001,18.09,41.63,7.82,32.46,2127157,,,,,,,,,,
2018,Kabkot,5107,KARANGASEM,79.92,1.07,33.55,7.6,,10550.25,.99,2.95,69.93000000000001,19.39,34.17,6.49,39.95,2127157,,,,,,,,,,
2018,Kabkot,5108,BULELENG,81.55,1.03,27.54,2.06,,22201.45,1.84,5.26,64.28,9.58,37.02,6.48,46.92,2127157,,,,,,,,,,
2018,Kabkot,5171,DENPASAR,76.27,1.61,45.16,4.15,,34166.04,1.82,5.36,25.16,12.89,1.22,6.94,78.95999999999999,2127157,,,,,,,,,,
2018,Kabkot,5201,LOMBOK BARAT,84.06999999999999,1,36.02,16.54,,10491.75,3.34,7.84,64.14,12.96,21.96,13.69,51.39,1825000,,,,,,,,,,
2018,Kabkot,5202,LOMBOK TENGAH,81.54000000000001,1.2,33.43,20.04,,11916.53,3.08,8.119999999999999,79.28,18.23,33.84,10.43,37.49,1825000,,,,,,,,,,
2018,Kabkot,5203,LOMBOK TIMUR,67.95,.99,25.13,8.16,,13777.05,3.11,6.45,76.94,14.47,39.73,7.1,38.69,1825000,,,,,,,,,,
2018,Kabkot,5204,SUMBAWA,76.36,1.34,19.23,-2.94,,9985.59,3.45,8.69,79.84,6.11,50.01,9.880000000000001,34,1825000,,,,,,,,,,
2018,Kabkot,5205,DOMPU,73.29000000000001,.95,23.64,-5.8,,4843.38,3.29,7.71,77.23,7.83,38.69,8.73,44.75,1825000,,,,,,,,,,
2018,Kabkot,5206,BIMA,76.94,1.09,15.04,15.01,,7897.79,4.86,11,79.73,5.92,51.22,5.46,37.4,1825000,,,,,,,,,,
2018,Kabkot,5207,SUMBAWA BARAT,85.34,1.48,22.21,3.12,,12937.53,3.73,6.9,58.53,6.79,29.21,16.54,47.47,1825000,,,,,,,,,,
2018,Kabkot,5271,MATARAM,79.83,1.53,34.85,-4.14,,13082,6.72,15.09,44.39,13.07,2.52,8.51,75.90000000000001,1825000,,,,,,,,,,
2018,Kabkot,5272,BIMA,73.5,1.29,30.85,.65,,2880.59,2.39,5.96,55.5,9.85,12.86,14.07,63.23,1825000,,,,,,,,,,
2018,Kabkot,5301,SUMBA BARAT,71.48,1.26,18.49,-5.62,,1371.05,4.06,12.44,69.95,7.79,47.93,5.57,38.71,1660000,,,,,,,,,,
2018,Kabkot,5302,SUMBA TIMUR,70.48999999999999,1.1,14.27,-21.72,,3805.96,1.42,2.98,79.3,7.57,61.95,6.06,24.42,1660000,,,,,,,,,,
2018,Kabkot,5303,KUPANG,64.04000000000001,1.22,17.62,-4.06,,4595.32,2.71,7.4,78.03,8.210000000000001,60.73,6.55,24.5,1660000,,,,,,,,,,
2018,Kabkot,5304,TIMOR TENGAH SELATAN,57.16,1.23,19.83,-9.66,,4540.62,1.01,1.15,85.29000000000001,10.74,64.84,4.09,20.33,1660000,,,,,,,,,,
2018,Kabkot,5305,TIMOR TENGAH UTARA,72.64,1.07,26.28,-2.58,,2758.97,.85,1.29,75.36,12.44,47.01,7.52,33.02,1660000,,,,,,,,,,
2018,Kabkot,5306,BELU,67.14,1.31,24.1,-4.06,,2805.71,5.26,14.33,77.52,10.48,50.76,9.109999999999999,29.65,1660000,,,,,,,,,,
2018,Kabkot,5307,ALOR,71.58,.9,20.38,14.74,,1909.71,4.09,12.08,78.56,13.61,57.21,2.12,27.07,1660000,,,,,,,,,,
2018,Kabkot,5308,LEMBATA,61.49,1.2,10.25,-.68,,1110.48,5.4,15.76,72.42,4.36,58,.89,36.75,1660000,,,,,,,,,,
2018,Kabkot,5309,FLORES TIMUR,72.87,1.13,19.87,7.34,,3333.45,4.01,11.5,69.56999999999999,10.5,45.5,4.64,39.36,1660000,,,,,,,,,,
2018,Kabkot,5310,SIKKA,70.19,1.22,25.92,-6.63,,3169.65,2.43,6.02,77.51000000000001,13.97,47.88,6.11,32.04,1660000,,,,,,,,,,
2018,Kabkot,5311,ENDE,63.71,1.32,22.81,-3.32,,3931.68,2.89,8.039999999999999,79.2,12.14,52.29,5.99,29.58,1660000,,,,,,,,,,
2018,Kabkot,5312,NGADA,60.05,1.2,21.6,6.9,,2199.29,2.11,5.29,72.04000000000001,13.09,55.68,5.41,25.81,1660000,,,,,,,,,,
2018,Kabkot,5313,MANGGARAI,68.05,1.32,19.95,-30.18,,2874.67,3.21,8.6,85.73,7.09,57.37,9.6,25.94,1660000,,,,,,,,,,
2018,Kabkot,5314,ROTE NDAO,67.45999999999999,1.19,19.49,10.47,,1831.66,2.11,4.97,78.13,12.63,48.95,11.17,27.25,1660000,,,,,,,,,,
2018,Kabkot,5315,MANGGARAI BARAT,78.73,1.15,14.38,23.64,,2129.51,1.19,4.09,76.3,4.91,61.17,5.96,27.95,1660000,,,,,,,,,,
2018,Kabkot,5316,SUMBA TENGAH,78.06,1.05,12.5,-18.1,,714.37,3.57,9.300000000000001,73.65000000000001,6.35,58.44,6.72,28.48,1660000,,,,,,,,,,
2018,Kabkot,5317,SUMBA BARAT DAYA,78.69,1.07,9.82,-5.7,,2193.9,1.01,2.15,87.13,5.5,75.98,3.72,14.8,1660000,,,,,,,,,,
2018,Kabkot,5318,NAGEKEO,70.19,1.3,16.41,6.24,,1313.44,1.88,6.6,72.28,7.61,54.36,3.43,34.59,1660000,,,,,,,,,,
2018,Kabkot,5319,MANGGARAI TIMUR,71.8,.86,12.51,61.73,,1927.96,1.57,4.98,83.27,5.13,74.52,6.97,13.39,1660000,,,,,,,,,,
2018,Kabkot,5320,SABU RAIJUA,74.95999999999999,1.03,13.88,-7.24,,748.41,2.12,5.83,84.22,9.369999999999999,65.87,10.74,14.02,1660000,,,,,,,,,,
2018,Kabkot,5321,MALAKA,72.01000000000001,1.32,16.37,26.54,,1773.64,3.79,16.34,81.18000000000001,5.76,62.63,4.05,27.57,1660000,,,,,,,,,,
2018,Kabkot,5371,KUPANG,79.41,1.55,26.24,-1.69,,15743.69,10.17,17.29,33.04,5.53,3.73,8.51,82.22,1660000,,,,,,,,,,
2018,Kabkot,6101,SAMBAS,83.93000000000001,1.05,25.62,-1.66,,13023.68,3.34,9.69,67.06999999999999,12.35,51.89,6.08,29.68,2046900,,,,,,,,,,
2018,Kabkot,6102,BENGKAYANG,71.11,1.14,18.16,8.51,,5434.86,2.4,6.69,71.11,4.67,58.32,9.43,27.58,2046900,,,,,,,,,,
2018,Kabkot,6103,LANDAK,86.73,.88,8.380000000000001,17.75,,6694.98,2.29,7.54,67.02,2.73,76.26000000000001,5.26,15.75,2046900,,,,,,,,,,
2018,Kabkot,6104,MEMPAWAH,80.8,.97,26.96,10.2,,4955.36,6.87,14.25,50.39,7.95,42.7,10.34,39,2046900,,,,,,,,,,
2018,Kabkot,6105,SANGGAU,78.7,1.14,10.9,-5.58,,12670,2.47,7.08,67.77,4.24,68.14,3.29,24.34,2046900,,,,,,,,,,
2018,Kabkot,6106,KETAPANG,73.54000000000001,1.19,24.07,9.66,,16887.78,3.23,9.07,50.85,8.130000000000001,49.08,9.16,33.64,2046900,,,,,,,,,,
2018,Kabkot,6107,SINTANG,77.45,1.13,8.17,1.47,,9130.73,2.34,5.43,75.52,2.04,71.59999999999999,7.03,19.33,2046900,,,,,,,,,,
2018,Kabkot,6108,KAPUAS HULU,70.66,1.37,11.08,-17.63,,6155.95,1.58,4.44,74.14,2.05,60.56,9.130000000000001,28.26,2046900,,,,,,,,,,
2018,Kabkot,6109,SEKADAU,76.16,1.1,11.35,18.94,,4072.44,2.8,9.4,75.87,2.23,75.19,6.16,16.42,2046900,,,,,,,,,,
2018,Kabkot,6110,MELAWI,75.18000000000001,1.12,11.5,-3.22,,3242.89,3.15,9.82,66.58,3.78,60.9,11.25,24.08,2046900,,,,,,,,,,
2018,Kabkot,6111,KAYONG UTARA,81.39,1.08,22.93,-10.12,,2416.58,3.93,11.39,65.65000000000001,7.22,48.78,12.46,31.54,2046900,,,,,,,,,,
2018,Kabkot,6112,KUBU RAYA,83.79000000000001,1.13,30.23,12.9,,17287.11,5.04,14.79,48.95,10.92,39.35,10.21,39.52,2046900,,,,,,,,,,
2018,Kabkot,6171,PONTIANAK,83.25,1.37,39.05,6.77,,23846.67,10.37,23.07,30.96,8.06,3.46,12.48,76,2046900,,,,,,,,,,
2018,Kabkot,6172,SINGKAWANG,87.73,1.29,27.74,11.49,,6540.22,7.88,19.43,37.38,6.86,21.24,12.49,59.41,2046900,,,,,,,,,,
2018,Kabkot,6201,KOTAWARINGIN BARAT,76.44,1.1,28.84,-5.11,,12173.28,3.01,7.18,51.87,11.14,28.97,7.61,52.27,2421305,,,,,,,,,,
2018,Kabkot,6202,KOTAWARINGIN TIMUR,86.69,1,27.6,.04,,17234.26,4.55,8.85,45.56,6.36,34.86,11.82,46.96,2421305,,,,,,,,,,
2018,Kabkot,6203,KAPUAS,78.25,1.13,9.140000000000001,4.66,,10182.44,4.08,8.69,63.26,3.12,54.34,8.09,34.45,2421305,,,,,,,,,,
2018,Kabkot,6204,BARITO SELATAN,81.20999999999999,1.13,23.89,24.9,,4160.88,4.33,13.79,59.79,9.41,41.63,14.28,34.68,2421305,,,,,,,,,,
2018,Kabkot,6205,BARITO UTARA,67.59999999999999,1.33,13.1,-3.14,,6748.6,4.34,10.66,57.98,2.87,45.73,11.86,39.54,2421305,,,,,,,,,,
2018,Kabkot,6206,SUKAMARA,77.53,1.17,18.54,-15.41,,2686.34,4.39,10.52,47.17,3.07,42.41,12.1,42.42,2421305,,,,,,,,,,
2018,Kabkot,6207,LAMANDAU,69.78,1.14,15.25,10.59,,3505.61,2.42,7.1,51.83,1.68,51.26,5.37,41.69,2421305,,,,,,,,,,
2018,Kabkot,6208,SERUYAN,78.41,1.08,14.62,10.06,,5750.25,4.4,10.76,33.64,3.7,52.4,10.66,33.24,2421305,,,,,,,,,,
2018,Kabkot,6209,KATINGAN,88.81999999999999,1.1,16.72,32.37,,4829.63,4.78,14.01,52.51,3.98,36.36,21.3,38.35,2421305,,,,,,,,,,
2018,Kabkot,6210,PULANG PISAU,79.09,1.06,17.18,63.36,,3190.17,2.15,6.27,61.6,4.09,46.3,17.65,31.97,2421305,,,,,,,,,,
2018,Kabkot,6211,GUNUNG MAS,78.51000000000001,1.25,8.130000000000001,12.24,,3266.08,2.19,5.12,53.73,3.59,36.37,31.44,28.6,2421305,,,,,,,,,,
2018,Kabkot,6212,BARITO TIMUR,71.69,1.46,11.88,7.61,,5052.8,3.5,8.550000000000001,62.1,3.05,52.2,10.6,34.15,2421305,,,,,,,,,,
2018,Kabkot,6213,MURUNG RAYA,79.62,1.29,10.53,36.6,,5538.87,3.37,8.23,60.43,1.75,32.61,28.28,37.36,2421305,,,,,,,,,,
2018,Kabkot,6271,PALANGKA RAYA,79.47,1.27,27.7,-2.2,,10156.32,5.81,12.67,35.85,8.85,5.82,8.91,76.42,2421305,,,,,,,,,,
2018,Kabkot,6301,TANAH LAUT,78.59999999999999,1.18,17.91,18.61,,9995.209999999999,3.42,10.89,59,7.2,46.64,8.81,37.35,2454671,,,,,,,,,,
2018,Kabkot,6302,KOTABARU,79.14,1.15,18.49,-7.9,,16938.1,4.89,15.21,56.1,6.16,44,11.82,38.03,2454671,,,,,,,,,,
2018,Kabkot,6303,BANJAR,81.78,.89,29.37,1.75,,11450.22,3.03,7.37,68.86,11.84,35.71,10.13,42.33,2454671,,,,,,,,,,
2018,Kabkot,6304,BARITO KUALA,80.27,.96,20.64,4.73,,5542.91,2.99,6.9,69.68000000000001,10.1,53.88,3.54,32.48,2454671,,,,,,,,,,
2018,Kabkot,6305,TAPIN,69.05,1.13,16.99,-3.13,,6192.45,4.22,13.48,68.69,6.24,44.06,10.5,39.2,2454671,,,,,,,,,,
2018,Kabkot,6306,HULU SUNGAI SELATAN,79.95,.89,26.64,-2.14,,4470.25,2.43,6.7,71.31,13.09,36.92,6.98,43.01,2454671,,,,,,,,,,
2018,Kabkot,6307,HULU SUNGAI TENGAH,71.45,.99,20.28,-8.640000000000001,,4660.57,3.63,7.18,73.98,6.96,43.48,9.380000000000001,40.18,2454671,,,,,,,,,,
2018,Kabkot,6308,HULU SUNGAI UTARA,80.16,.84,29.94,22.1,,3151.55,3.91,12.27,69,16.71,30.39,5.82,47.08,2454671,,,,,,,,,,
2018,Kabkot,6309,TABALONG,80.7,1.46,14.22,12.93,,14351.35,3.09,7.85,62.67,3.84,45.6,11.61,38.95,2454671,,,,,,,,,,
2018,Kabkot,6310,TANAH BUMBU,78.14,1.08,23.01,7.47,,15074.08,6.34,15.21,42.77,8.49,30.9,14.9,45.71,2454671,,,,,,,,,,
2018,Kabkot,6311,BALANGAN,64.04000000000001,1.23,13.81,6.12,,9121.16,2.34,7.94,76.12,3.23,57.31,9.16,30.3,2454671,,,,,,,,,,
2018,Kabkot,6371,BANJARMASIN,69.73999999999999,1.12,42,4.46,,21065.06,8.25,20.81,38.79,8.789999999999999,2.76,5.49,82.95999999999999,2454671,,,,,,,,,,
2018,Kabkot,6372,BANJAR BARU,71.28,1.32,39.85,5.93,,5833.18,5.2,10.52,39.04,6.49,6.48,14.32,72.70999999999999,2454671,,,,,,,,,,
2018,Kabkot,6401,PASER,87.28,1.27,18.35,-.16,,34362.05,5,13.87,45.12,4.74,34.72,15.76,44.78,2543332,,,,,,,,,,
2018,Kabkot,6402,KUTAI BARAT,81.62,1.25,16.01,4.3,,20108.76,4.86,11.9,58.6,4.64,40.76,12.08,42.52,2543332,,,,,,,,,,
2018,Kabkot,6403,KUTAI KARTANEGARA,73.52,1.52,14.49,2.17,,121509.5,5.96,17.72,47.84,6.86,35.69,18.23,39.21,2543332,,,,,,,,,,
2018,Kabkot,6404,KUTAI TIMUR,68.42,1.61,14.69,4.38,,88582.49000000001,5.93,15.57,42.19,3.41,36.77,13.87,45.95,2543332,,,,,,,,,,
2018,Kabkot,6405,BERAU,77.05,1.57,19.88,4.4,,26769.4,5.62,15.5,40.99,3.58,29.78,19.34,47.3,2543332,,,,,,,,,,
2018,Kabkot,6409,PENAJAM PASER UTARA,66.27,1.15,21.27,-4.08,,6590.45,4.76,10.76,52.17,4.43,48.33,6.29,40.96,2543332,,,,,,,,,,
2018,Kabkot,6411,MAHAKAM ULU,65.76000000000001,1.5,7.17,-4.47,,1675.32,4.17,16.76,61.91,2,50.72,5.12,42.16,2543332,,,,,,,,,,
2018,Kabkot,6471,BALIKPAPAN,74.11,1.6,37.89,-6.9,,79807.11,9.52,20.05,30.3,8.52,1.49,12.14,77.86,2543332,,,,,,,,,,
2018,Kabkot,6472,SAMARINDA,81.31,1.33,37.8,-.47,,43323.57,6.16,13.61,33.02,10.18,3.13,15.84,70.84999999999999,2543332,,,,,,,,,,
2018,Kabkot,6474,BONTANG,60.27,2.14,41.71,18.73,,41316.22,9.609999999999999,19.39,28.18,12.31,4.29,17.97,65.44,2543332,,,,,,,,,,
2018,Kabkot,6501,MALINAU,80.52,1.45,11.67,2.24,,7374.49,4.28,7.52,49.78,2.22,38.39,9,50.38,2559903,,,,,,,,,,
2018,Kabkot,6502,BULUNGAN,56.43,1.38,17.52,-7.04,,11106.35,5.12,14.15,47.91,4.2,33.85,13.62,48.33,2559903,,,,,,,,,,
2018,Kabkot,6503,TANA TIDUNG,72.87,1.56,10.83,15.41,,3523.21,5.24,13.45,28.68,1.07,33.5,5.2,60.23,2559903,,,,,,,,,,
2018,Kabkot,6504,NUNUKAN,86.63,.85,17.38,.35,,14854.59,4.85,8.199999999999999,49.11,3.34,35.94,6.82,53.9,2559903,,,,,,,,,,
2018,Kabkot,6571,TARAKAN,78.56,1.28,41.69,2.84,,20647.43,5.94,8.449999999999999,31.31,18.73,8.24,9.94,63.09,2559903,,,,,,,,,,
2018,Kabkot,7101,BOLAANG MONGONDOW,72.76000000000001,.87,22.34,9.33,,5060.11,3.58,10.78,71.77,5.65,43.76,15.49,35.1,2824286,,,,,,,,,,
2018,Kabkot,7102,MINAHASA,67.52,1.12,33.12,10.41,,11159.07,7.35,22.4,62.64,7.55,23.07,14.22,55.16,2824286,,,,,,,,,,
2018,Kabkot,7103,KEPULAUAN SANGIHE,72.31999999999999,.88,30.34,-18.07,,2855.32,3.71,13.87,67.81999999999999,12.63,31.5,12.26,43.61,2824286,,,,,,,,,,
2018,Kabkot,7104,KEPULAUAN TALAUD,61.82,1,26.78,6.37,,1532.89,2.23,6.48,72.86,16.43,42.34,6.73,34.5,2824286,,,,,,,,,,
2018,Kabkot,7105,MINAHASA SELATAN,68.68000000000001,.9,37.45,4.39,,5775.77,5.93,19.22,64.16,16,28.22,10.68,45.1,2824286,,,,,,,,,,
2018,Kabkot,7106,MINAHASA UTARA,82.76000000000001,1.17,30.35,.98,,8819.58,6.72,17.68,50.4,8.5,24.67,14.98,51.84,2824286,,,,,,,,,,
2018,Kabkot,7107,BOLAANG MONGONDOW UTARA,68.16,.75,16.2,2.84,,1581.65,5.08,14.66,64.18000000000001,3.64,43.34,6.62,46.4,2824286,,,,,,,,,,
2018,Kabkot,7108,SIAU TAGULANDANG BIARO,77.16,.77,22.16,-11.6,,1494.63,2.82,10.26,74.73,4.88,46.8,13.09,35.22,2824286,,,,,,,,,,
2018,Kabkot,7109,MINAHASA TENGGARA,63.1,1.04,31.87,-15.46,,3432.32,4.82,14.1,71.47,11.1,34.61,12.74,41.55,2824286,,,,,,,,,,
2018,Kabkot,7110,BOLAANG MONGONDOW SELATAN,63.4,.86,17.13,-1.57,,1248.8,4.54,11.2,67.7,3.03,50.2,12.38,34.38,2824286,,,,,,,,,,
2018,Kabkot,7111,BOLAANG MONGONDOW TIMUR,76.53,.78,16.02,-15.13,,1792.39,8.18,19.34,64.39,3.47,39.04,18.61,38.87,2824286,,,,,,,,,,
2018,Kabkot,7171,MANADO,73.41,1.23,33.17,.79,,24126.54,10.38,28.52,30.33,5.32,1.98,8.77,83.93000000000001,2824286,,,,,,,,,,
2018,Kabkot,7172,BITUNG,78.54000000000001,1.11,46.04,3.25,,10735.83,11.21,28.15,37.58,17.93,11.77,9.119999999999999,61.19,2824286,,,,,,,,,,
2018,Kabkot,7173,TOMOHON,62.25,1.16,38.5,9.59,,2963.09,8.220000000000001,21.6,39.32,7.56,14.15,14.54,63.76,2824286,,,,,,,,,,
2018,Kabkot,7174,KOTAMOBAGU,81.47,.9,34.84,-10.59,,2254.15,5.73,16.55,46.39,8.09,12.88,13.72,65.31,2824286,,,,,,,,,,
2018,Kabkot,7201,BANGGAI KEPULAUAN,80.31999999999999,.87,31.32,33.78,,2563.11,3.6,8.57,65.14,18.72,37.54,7.86,35.87,1965232,,,,,,,,,,
2018,Kabkot,7202,BANGGAI,60.33,1.22,21.58,4.76,,18360.5,3,7.22,70.90000000000001,10.76,44.77,6.56,37.91,1965232,,,,,,,,,,
2018,Kabkot,7203,MOROWALI,65.65000000000001,1.49,21,26.13,,28358.4,2.89,7.9,57.43,10.7,41.21,9.82,38.27,1965232,,,,,,,,,,
2018,Kabkot,7204,POSO,65.11,1.21,18.26,12.94,,6098.17,2.47,9.289999999999999,68.73999999999999,4.47,51.29,10.27,33.97,1965232,,,,,,,,,,
2018,Kabkot,7205,DONGGALA,84.02,1.03,22.32,34.9,,8165.23,2.85,8.609999999999999,70.63,6.51,49.07,6.32,38.1,1965232,,,,,,,,,,
2018,Kabkot,7206,TOLI-TOLI,73.15000000000001,1.01,15.41,.64,,5467.26,3.18,8.18,66.18000000000001,6.21,48.87,6.91,38,1965232,,,,,,,,,,
2018,Kabkot,7207,BUOL,50.99,1.14,17.38,.14,,3873.9,4.57,11.23,66.53,5.4,42.9,10.96,40.74,1965232,,,,,,,,,,
2018,Kabkot,7208,PARIGI MOUTONG,79.76000000000001,1.01,14.9,-5.37,,11424.82,2.7,6.12,77.75,6.59,55.23,6.41,31.77,1965232,,,,,,,,,,
2018,Kabkot,7209,TOJO UNA-UNA,74.40000000000001,.85,15.63,2.69,,3668.56,3.74,9.789999999999999,71.31,7.56,49.67,5.26,37.51,1965232,,,,,,,,,,
2018,Kabkot,7210,SIGI,61.06,1,18.86,-5.63,,5993.14,3.78,8.44,73.08,4.17,56.12,9.609999999999999,30.11,1965232,,,,,,,,,,
2018,Kabkot,7211,BANGGAI LAUT,83.19,.66,23.73,-4.96,,1617.64,3.35,9.24,72.34,10.38,49.86,6.11,33.65,1965232,,,,,,,,,,
2018,Kabkot,7212,MOROWALI UTARA,81.56,1.19,12.35,-6.92,,7691.89,2.12,2.79,63.23,4.66,53.31,8.76,33.27,1965232,,,,,,,,,,
2018,Kabkot,7271,PALU,70.87,1.4,32.35,2.5,,15315.03,5.81,12.6,40.5,8.640000000000001,5.11,9.4,76.86,1965232,,,,,,,,,,
2018,Kabkot,7301,KEPULAUAN SELAYAR,81.98,.64,22.92,5.43,,3422.67,1.88,4.99,58.22,9.390000000000001,35.04,9,46.57,2647767,,,,,,,,,,
2018,Kabkot,7302,BULUKUMBA,78.26000000000001,.91,17.73,1.43,,8121.33,3.62,8.57,68.53,10.07,48.08,5.1,36.75,2647767,,,,,,,,,,
2018,Kabkot,7303,BANTAENG,77.02,.7,18.05,16.19,,5075.84,3.69,10.32,68.37,5.99,52.48,7.02,34.51,2647767,,,,,,,,,,
2018,Kabkot,7304,JENEPONTO,72.56999999999999,.83,19.24,-25.74,,6338.74,2.81,7.31,79.25,3.15,53.63,9.93,33.29,2647767,,,,,,,,,,
2018,Kabkot,7305,TAKALAR,88.14,.77,25.62,-8.5,,6190.67,3.88,9.75,66.73999999999999,9.640000000000001,40.57,9.390000000000001,40.4,2647767,,,,,,,,,,
2018,Kabkot,7306,GOWA,65.02,1.12,30.67,2.06,,12825.81,4.8,13.24,62.8,15.28,28.51,8.19,48.02,2647767,,,,,,,,,,
2018,Kabkot,7307,SINJAI,68.31999999999999,.88,11.08,-1,,6681.25,2.14,6.49,75.73,6.47,60.71,2.14,30.67,2647767,,,,,,,,,,
2018,Kabkot,7308,MAROS,79.06,.92,33.9,-5.83,,13558.74,6.19,15.79,55.31,12.86,24.8,7.11,55.24,2647767,,,,,,,,,,
2018,Kabkot,7309,PANGKAJENE DAN KEPULAUAN,87.98,.79,29.63,-7.16,,16168.91,6.91,18.68,57.38,13.26,33.33,9.710000000000001,43.7,2647767,,,,,,,,,,
2018,Kabkot,7310,BARRU,73.3,.85,24.92,-13.39,,4466.54,5.38,14.51,63.66,7.87,34.3,13.38,44.44,2647767,,,,,,,,,,
2018,Kabkot,7311,BONE,70.62,.83,16.74,-3.36,,20660.07,2.82,9.31,69.84,8.08,47.97,4.27,39.68,2647767,,,,,,,,,,
2018,Kabkot,7312,SOPPENG,69.12,.74,17.91,6.93,,6494.39,2.66,11.41,71.75,6.86,44.99,3.59,44.57,2647767,,,,,,,,,,
2018,Kabkot,7313,WAJO,66.93000000000001,.82,21.39,6.55,,12357.35,3.79,9.44,69.11,10.8,43.72,7.41,38.07,2647767,,,,,,,,,,
2018,Kabkot,7314,SIDENRENG RAPPANG,84.05,.9399999999999999,26.98,-11.64,,8075.03,4.7,10.73,66.77,15.53,38.79,6.46,39.22,2647767,,,,,,,,,,
2018,Kabkot,7315,PINRANG,63.12,.87,25.97,21.25,,11987.44,3.04,9.050000000000001,63.85,9.49,38.24,8.56,43.71,2647767,,,,,,,,,,
2018,Kabkot,7316,ENREKANG,58.25,1.16,11.53,-22.97,,4302.05,1.66,2.75,81.43000000000001,4.14,64.66,3.83,27.36,2647767,,,,,,,,,,
2018,Kabkot,7317,LUWU,75.20999999999999,.84,15.7,5.39,,9155.58,3.89,10.2,74.61,6.32,59.93,5.61,28.14,2647767,,,,,,,,,,
2018,Kabkot,7318,TANA TORAJA,62.06,.91,10.91,27.32,,4251.26,3.07,7.37,80.29000000000001,1.38,70.43000000000001,7.59,20.6,2647767,,,,,,,,,,
2018,Kabkot,7322,LUWU UTARA,56.48,.84,15.14,4.18,,7675.2,3.87,11.38,78.73999999999999,5.68,55.38,5.15,33.79,2647767,,,,,,,,,,
2018,Kabkot,7325,LUWU TIMUR,70.95,1.54,18.67,-11.45,,15837.8,2.18,5.53,70.28,4.63,48.74,14.28,32.34,2647767,,,,,,,,,,
2018,Kabkot,7326,TORAJA UTARA,73.17,1.1,14.18,.27,,4778.53,2.88,8.42,79.41,2.69,63.98,8.26,25.07,2647767,,,,,,,,,,
2018,Kabkot,7371,MAKASSAR,77.13,1.34,39.7,-4.55,,112568.41,12.19,22.73,34.97,10.78,3.06,10.76,75.40000000000001,2647767,,,,,,,,,,
2018,Kabkot,7372,PAREPARE,79.3,.93,36.93,8.19,,4639.4,6.81,14.72,45.39,10.77,3.56,10.24,75.43000000000001,2647767,,,,,,,,,,
2018,Kabkot,7373,PALOPO,73.23,1.14,29.7,4.98,,5102.99,11.6,27.05,41.63,7.15,12.3,8.82,71.73,2647767,,,,,,,,,,
2018,Kabkot,7401,BUTON,53.34,.98,20.81,-12.56,,2657.01,1.6,2.18,64.48999999999999,7.94,33.8,10.9,47.36,2177052,,,,,,,,,,
2018,Kabkot,7402,MUNA,60.59,1.07,28.56,3.49,,4808.11,5.61,14.19,68.58,11.99,29.93,10.96,47.12,2177052,,,,,,,,,,
2018,Kabkot,7403,KONAWE,64.5,1.18,21.57,-6.1,,6173.94,2.3,4.47,71.76000000000001,9.25,37,10.6,43.15,2177052,,,,,,,,,,
2018,Kabkot,7404,KOLAKA,79.89,1.15,18.57,7.93,,17781.51,2.18,4.52,64,7.17,38.07,11.7,43.07,2177052,,,,,,,,,,
2018,Kabkot,7405,KONAWE SELATAN,82.89,.95,21.18,27.37,,7988.72,2.62,6.74,69.5,10.33,50.03,9.380000000000001,30.26,2177052,,,,,,,,,,
2018,Kabkot,7406,BOMBANA,78.69,.97,20.13,19.71,,4417.81,.7,2.26,67.48,10.55,43.15,7.41,38.88,2177052,,,,,,,,,,
2018,Kabkot,7407,WAKATOBI,67.27,1.14,20.06,-3.53,,2883.07,2.43,8.51,69.81,6.99,37.48,9.74,45.79,2177052,,,,,,,,,,
2018,Kabkot,7408,KOLAKA UTARA,53.59,.93,11.32,13.48,,5967.48,1.53,4.02,80.33,4.63,66.48,6.04,22.85,2177052,,,,,,,,,,
2018,Kabkot,7409,BUTON UTARA,73.22,.9399999999999999,26.02,-8.390000000000001,,2108.65,1.76,3.25,73.67,12.52,41.13,8.130000000000001,38.23,2177052,,,,,,,,,,
2018,Kabkot,7410,KONAWE UTARA,70.14,1.2,19.42,10.2,,2677.02,3.59,5.64,56.57,11.44,42.99,16.4,29.17,2177052,,,,,,,,,,
2018,Kabkot,7411,KOLAKA TIMUR,66.73999999999999,1.21,17.21,14.95,,3084.37,2.76,7.09,66.51000000000001,7.04,41.28,5.54,46.14,2177052,,,,,,,,,,
2018,Kabkot,7412,KONAWE KEPULAUAN,72.64,1.07,17.92,-.06,,981.37,1.19,3.94,79.78,7.3,57.31,7.63,27.77,2177052,,,,,,,,,,
2018,Kabkot,7413,MUNA BARAT,78.31,.96,34.05,-5.43,,1725.89,2.62,7.95,74.93000000000001,20.07,46.04,10.45,23.44,2177052,,,,,,,,,,
2018,Kabkot,7414,BUTON TENGAH,80.31999999999999,.76,22.44,3.29,,1579.01,4.45,9.050000000000001,64.37,10.45,37.66,10.72,41.18,2177052,,,,,,,,,,
2018,Kabkot,7415,BUTON SELATAN,71.92,1.07,28.41,-1,,1966.49,3.52,12.5,56.37,10.12,38.91,14.2,36.76,2177052,,,,,,,,,,
2018,Kabkot,7471,KENDARI,51.45,1.57,30.25,-8.369999999999999,,15727.05,6.04,13.51,33.56,6.06,2.41,9.23,82.3,2177052,,,,,,,,,,
2018,Kabkot,7472,BAUBAU,51.88,1.23,27.66,-4.17,,6216.22,5.75,14.79,48.83,8.44,9.92,10.29,71.34999999999999,2177052,,,,,,,,,,
2018,Kabkot,7501,BOALEMO,81.77,.86,22.99,-18.2,,3284.06,3.9,12.32,70.76000000000001,11.51,43.96,6.48,38.06,2206813,,,,,,,,,,
2018,Kabkot,7502,GORONTALO,68.67,.9399999999999999,28.23,-5.89,,8349.309999999999,3.27,9.890000000000001,68.59,11.78,32.49,8.5,47.23,2206813,,,,,,,,,,
2018,Kabkot,7503,POHUWATO,78.56,.97,20.97,18.21,,4338.08,2.89,7.7,62.53,10.23,37.66,9.35,42.76,2206813,,,,,,,,,,
2018,Kabkot,7504,BONE BOLANGO,85.98,.95,34.93,-.49,,2965.46,4.3,12.21,61,11.4,27.09,17.06,44.45,2206813,,,,,,,,,,
2018,Kabkot,7505,GORONTALO UTARA,83.31,.96,21.51,-13.88,,2177.97,4.72,12.19,64.14,9.220000000000001,41.52,7.02,42.25,2206813,,,,,,,,,,
2018,Kabkot,7571,GORONTALO,68.48999999999999,1.06,38.48,7.55,,5772.12,5.86,16.25,36.8,11.74,3.58,9.16,75.53,2206813,,,,,,,,,,
2018,Kabkot,7601,MAJENE,66.29000000000001,.85,27.8,-14.77,,3373.36,3.77,11.04,63.85,11.83,29.64,9.630000000000001,48.91,2193530,,,,,,,,,,
2018,Kabkot,7602,POLEWALI MANDAR,83.76000000000001,.78,23.22,-20.21,,8846.18,3.17,8.66,75.59999999999999,11.28,46.02,6.7,35.99,2193530,,,,,,,,,,
2018,Kabkot,7603,MAMASA,63.96,.9399999999999999,12.52,-23.35,,2116.2,2.99,6,80.73999999999999,4.44,63.68,6.82,25.06,2193530,,,,,,,,,,
2018,Kabkot,7604,MAMUJU,75.70999999999999,.88,15.97,-12.15,,7921.24,2.63,7.42,73.51000000000001,4.77,57.4,10.17,27.66,2193530,,,,,,,,,,
2018,Kabkot,7605,PASANGKAYU,60.48,1.01,16.72,-22.97,,7006.93,3.94,10.11,74.23,3.84,57.78,8.49,29.89,2193530,,,,,,,,,,
2018,Kabkot,7606,MAMUJU TENGAH,63.48,1.16,7.53,-29.45,,2120.42,2.63,0,78.45,3.78,68.12,2.66,25.43,2193530,,,,,,,,,,
2018,Kabkot,8101,KEPULAUAN TANIMBAR,61.29,1.25,16.22,13.8,,1590.73,4.66,13.13,73.61,6.86,57.87,5.95,29.32,2222220,,,,,,,,,,
2018,Kabkot,8102,MALUKU TENGGARA,58.3,.96,14.3,-6.39,,1862.2,2.66,9.99,67.95,4.96,50.68,3.56,40.79,2222220,,,,,,,,,,
2018,Kabkot,8103,MALUKU TENGAH,59.48,.99,28.59,-5.87,,5539.98,7.18,21.36,69,10.8,34.57,8.02,46.62,2222220,,,,,,,,,,
2018,Kabkot,8104,BURU,66.26000000000001,1,16.74,1.35,,1475.06,2.65,6.11,62.23,5.73,43.43,11.49,39.35,2222220,,,,,,,,,,
2018,Kabkot,8105,KEPULAUAN ARU,73.34999999999999,1.04,22.87,11.95,,2153.28,2.75,6.5,61.59,11.01,44.25,6.98,37.75,2222220,,,,,,,,,,
2018,Kabkot,8106,SERAM BAGIAN BARAT,61.44,1.05,22.03,.89,,1863.09,7.29,20.26,78.08,12.37,52.41,5.93,29.29,2222220,,,,,,,,,,
2018,Kabkot,8107,SERAM BAGIAN TIMUR,59.71,1.09,25.32,-27.79,,1917.69,4.99,12.28,82.01000000000001,16.78,50.9,5.86,26.47,2222220,,,,,,,,,,
2018,Kabkot,8108,MALUKU BARAT DAYA,53.16,1.25,14.96,-1.38,,1004.88,5.45,15.88,83.98,10.3,68.17,2.17,19.35,2222220,,,,,,,,,,
2018,Kabkot,8109,BURU SELATAN,78.52,.9,8.93,-19.28,,842.55,2.92,6.49,85.56999999999999,3.91,73.2,2.87,20.03,2222220,,,,,,,,,,
2018,Kabkot,8171,AMBON,59.16,1.28,34.71,-5.37,,9827.379999999999,12.22,30.64,41.86,5.35,6.01,13.79,74.84999999999999,2222220,,,,,,,,,,
2018,Kabkot,8172,TUAL,66.25,.96,23.41,-1.71,,1417.79,10.91,27.26,53.73,4.02,25.06,8.57,62.35,2222220,,,,,,,,,,
2018,Kabkot,8201,HALMAHERA BARAT,71.14,.84,14.17,-13.63,,1444.82,3.26,12.38,79.81,4.57,58.18,4.41,32.84,2320803,,,,,,,,,,
2018,Kabkot,8202,HALMAHERA TENGAH,78.43000000000001,1.33,14.03,19.74,,1428.07,4.59,7.83,65.72,6.15,49.45,16.35,28.06,2320803,,,,,,,,,,
2018,Kabkot,8203,KEPULAUAN SULA,39.81,.65,14.64,-28.45,,1544.54,5.34,7.72,71.03,4.72,53.23,7.17,34.87,2320803,,,,,,,,,,
2018,Kabkot,8204,HALMAHERA SELATAN,74.23999999999999,.9399999999999999,11.54,-41.16,,4338.83,4.08,8.48,80.2,6.3,65.23999999999999,3.7,24.75,2320803,,,,,,,,,,
2018,Kabkot,8205,HALMAHERA UTARA,62.26,1.24,17.58,-18.57,,3658.06,5.01,14.56,64.11,5.08,47.25,6.94,40.73,2320803,,,,,,,,,,
2018,Kabkot,8206,HALMAHERA TIMUR,75.56999999999999,1.05,21.58,-4.6,,2179.63,3.58,3.91,67.83,11.18,43.83,14.49,30.5,2320803,,,,,,,,,,
2018,Kabkot,8207,PULAU MOROTAI,70.66,.79,13.27,7.36,,989.17,5.98,18.89,69.16,3.52,58.62,6.29,31.56,2320803,,,,,,,,,,
2018,Kabkot,8208,PULAU TALIABU,48.09,.64,2.7,40.75,,906.04,5.48,16.5,78.95,1.38,70.95,1.83,25.84,2320803,,,,,,,,,,
2018,Kabkot,8271,TERNATE,56.86,1.4,35.67,-.26,,6736.31,5.91,14.89,45.73,4.84,5.81,11.57,77.78,2320803,,,,,,,,,,
2018,Kabkot,8272,TIDORE KEPULAUAN,59.49,1.15,19.65,-1.91,,1896.24,4.97,15.85,55.77,4.72,37.97,10.9,46.41,2320803,,,,,,,,,,
2018,Kabkot,9101,FAKFAK,56.73,1.18,20.07,12.52,,3367.23,10.12,31.45,51.25,3.58,30.6,10.15,55.67,2667000,,,,,,,,,,
2018,Kabkot,9102,KAIMANA,80.20999999999999,1.15,20.33,26.89,,1739.45,2.87,7.29,60.67,4.47,40.56,8.960000000000001,46.01,2667000,,,,,,,,,,
2018,Kabkot,9103,TELUK WONDAMA,37.9,1.05,23.49,11.37,,971.46,3.21,6.92,56.2,8.220000000000001,31.93,9.220000000000001,50.62,2667000,,,,,,,,,,
2018,Kabkot,9104,TELUK BINTUNI,76.52,1.32,25.78,3.29,,24542.83,5.93,13.16,52.19,12.84,35.28,6.74,45.15,2667000,,,,,,,,,,
2018,Kabkot,9105,MANOKWARI,65.8,1.06,25.71,21.18,,6579.07,4.88,15.65,47.13,5.87,30.69,9.359999999999999,54.08,2667000,,,,,,,,,,
2018,Kabkot,9106,SORONG SELATAN,49.84,1.29,10.78,38.66,,1234.57,4.78,12.36,60.84,4.39,44.73,4.81,46.06,2667000,,,,,,,,,,
2018,Kabkot,9107,SORONG,78.54000000000001,1.18,23.24,4.66,,8426.879999999999,2.98,10.93,66.01000000000001,8.77,47.49,9.9,33.84,2667000,,,,,,,,,,
2018,Kabkot,9108,RAJA AMPAT,73.27,.99,25.72,7.75,,2231.59,3.22,8.83,53.46,11.78,32.81,8.1,47.31,2667000,,,,,,,,,,
2018,Kabkot,9109,TAMBRAUW,67.77,.85,7.58,20.49,,141.21,2.96,10.8,75.86,2.38,68.3,3.95,25.37,2667000,,,,,,,,,,
2018,Kabkot,9110,MAYBRAT,31.45,1.2,5.44,28.67,,444.04,1.62,4.78,72,1.37,65.12,3.84,29.67,2667000,,,,,,,,,,
2018,Kabkot,9111,MANOKWARI SELATAN,37.56,.9,14.74,26.81,,548.39,5.21,7.26,50.37,3.26,34.19,7.8,54.75,2667000,,,,,,,,,,
2018,Kabkot,9112,PEGUNUNGAN ARFAK,29.88,1.19,0,-64.70999999999999,,133.35,1.28,3.58,96.38,0,96.38,0,3.62,2667000,,,,,,,,,,
2018,Kabkot,9171,SORONG,71.63,1.26,32.47,2.22,,10167.68,11.2,24.74,40.16,8.24,8.35,9.140000000000001,74.26000000000001,2667000,,,,,,,,,,
2018,Kabkot,9401,MERAUKE,60.5,1.16,17.81,-2.47,,9583.66,1.72,4.74,55.52,3.81,46.22,9.99,39.98,3000000,,,,,,,,,,
2018,Kabkot,9402,JAYAWIJAYA,54.81,1.17,4.3,-13.16,,4521.86,.65,1.97,88.37,.8100000000000001,80.3,.52,18.36,3000000,,,,,,,,,,
2018,Kabkot,9403,JAYAPURA,54.89,1.17,23.51,1.49,,9312.18,10.71,27.3,62.14,4.35,38.68,6.9,50.08,3000000,,,,,,,,,,
2018,Kabkot,9404,NABIRE,53.13,1.05,19.45,-1.95,,7124.94,7.22,16.2,64.23,6,38.74,6.86,48.4,3000000,,,,,,,,,,
2018,Kabkot,9408,KEPULAUAN YAPEN,78.34,1.44,17.01,11.74,,3907.66,5.05,10.03,61.89,9.44,51.59,4.11,34.85,3000000,,,,,,,,,,
2018,Kabkot,9409,BIAK NUMFOR,53.67,1.08,19.8,-10.03,,3355.45,7.13,22.96,61.45,1.67,37.07,9.57,51.68,3000000,,,,,,,,,,
2018,Kabkot,9410,PANIAI,26.45,1.41,4.02,12.41,,2909.1,.6,1.09,89.09,.09,80.79000000000001,0,19.12,3000000,,,,,,,,,,
2018,Kabkot,9411,PUNCAK JAYA,31.89,2.03,.63,31.47,,970.47,.91,1.85,92.76000000000001,.12,90.52,0,9.35,3000000,,,,,,,,,,
2018,Kabkot,9412,MIMIKA,66.43000000000001,2.24,33.91,3.07,,74249.67999999999,8.300000000000001,19.22,42.87,4.66,15.53,18.92,60.89,3000000,,,,,,,,,,
2018,Kabkot,9413,BOVEN DIGOEL,69.16,1.12,23.39,-1.4,,3221.87,3.49,7.58,57.07,13.01,46.57,6.88,33.54,3000000,,,,,,,,,,
2018,Kabkot,9414,MAPPI,74.37,1.02,5.45,11.92,,1775.92,2.88,6.07,80.04000000000001,.77,70.76000000000001,1.62,26.85,3000000,,,,,,,,,,
2018,Kabkot,9415,ASMAT,56.76,.79,3.84,32.7,,1452.8,.49,.71,91.03,1.84,83.91,1.81,12.44,3000000,,,,,,,,,,
2018,Kabkot,9416,YAHUKIMO,63.83,1.86,.78,55.21,,1454.57,.86,2.67,95.13,.06,94.23,.33,5.38,3000000,,,,,,,,,,
2018,Kabkot,9417,PEGUNUNGAN BINTANG,21.81,1.67,1.58,14.98,,1345.97,.88,2.6,88.23,.22,87.40000000000001,.22,12.15,3000000,,,,,,,,,,
2018,Kabkot,9418,TOLIKARA,72.59999999999999,1.66,1.92,24.69,,1013.37,.17,.51,92.48999999999999,.3,89.63,.25,9.82,3000000,,,,,,,,,,
2018,Kabkot,9419,SARMI,65.06,.96,15.7,-14.99,,1732.12,3,9.76,66.84,1.78,46.39,4.12,47.71,3000000,,,,,,,,,,
2018,Kabkot,9420,KEEROM,50.82,.9,6.93,-7.75,,1916.26,6,18.46,77.8,1.72,70.56,3.11,24.61,3000000,,,,,,,,,,
2018,Kabkot,9426,WAROPEN,71.78,1.1,6.8,19.03,,1430.75,2.5,8.99,51.21,2.27,32.19,2.87,62.68,3000000,,,,,,,,,,
2018,Kabkot,9427,SUPIORI,34.1,.95,9.43,16.68,,729.4,8.109999999999999,31.4,69.14,1.74,57.75,5.94,34.57,3000000,,,,,,,,,,
2018,Kabkot,9428,MAMBERAMO RAYA,76.06,.65,1.64,8.119999999999999,,957.67,2.58,6.89,94.68000000000001,0,91.06999999999999,0,8.93,3000000,,,,,,,,,,
2018,Kabkot,9430,LANNY JAYA,12.17,1.24,0,10.1,,1103.03,.6899999999999999,4.58,97.72,0,97.09,0,2.91,3000000,,,,,,,,,,
2018,Kabkot,9431,MAMBERAMO TENGAH,10.33,1.36,0,31,,715.59,.31,.72,97.63,0,97.63,0,2.37,3000000,,,,,,,,,,
2018,Kabkot,9432,YALIMO,2.2,1.39,.25,-40.84,,717.66,.84,.83,93.93000000000001,0,94.01000000000001,0,5.99,3000000,,,,,,,,,,
2018,Kabkot,9433,PUNCAK,92.94,1.3,.72,-27.2,,786.72,.9,.66,84.73,0,84.22,1.99,13.79,3000000,,,,,,,,,,
2018,Kabkot,9434,DOGIYAI,9.83,1.36,.32,15.56,,844.46,1.26,3.04,98.5,0,98.18000000000001,0,1.82,3000000,,,,,,,,,,
2018,Kabkot,9435,INTAN JAYA,8.35,1.29,0,25.66,,741.54,.51,1.37,92.06999999999999,0,94.63,0,5.37,3000000,,,,,,,,,,
2018,Kabkot,9436,DEIYAI,18.45,1.35,.77,-47.62,,803.58,.59,2.53,94.04000000000001,.46,92.31999999999999,.3,6.91,3000000,,,,,,,,,,
2018,Kabkot,9471,JAYAPURA,60.79,1.45,23.57,-4.99,,21778.32,10.22,25.38,37.5,2.22,7.27,7.48,83.03,3000000,,,,,,,,,,
2019,Kabkot,1101,SIMEULUE,73.66,.61,16.53,32.53,4.6,1600.52,5.82,12.11,54.54,3.8,39.61,8.220000000000001,48.37,2916810,8.029999999999999,,,,,,,,,
2019,Kabkot,1102,ACEH SINGKIL,62.04,.8100000000000001,17.48,-4.11,3.99,1731.17,8.58,17.74,52.91,5.92,46.12,5.8,42.16,2916810,8.029999999999999,,,,,,,,,
2019,Kabkot,1103,ACEH SELATAN,74.63,.77,17.6,.2,4.43,4243.4,6.54,20.15,62.43,3.82,44.59,8.029999999999999,43.55,2916810,8.029999999999999,,,,,,,,,
2019,Kabkot,1104,ACEH TENGGARA,61.25,.93,16.29,25.5,4.23,3442.06,3.45,10.14,74.95,2.43,52.81,5.67,39.09,2916810,8.029999999999999,,,,,,,,,
2019,Kabkot,1105,ACEH TIMUR,84.89,.66,24.61,8.800000000000001,4.42,8146.98,7.61,19.55,58.21,5.27,42.97,6.1,45.66,2916810,8.029999999999999,,,,,,,,,
2019,Kabkot,1106,ACEH TENGAH,60.66,.89,13.27,-11.96,3.51,5836.85,2.65,7.39,74.14,4.31,56.17,5.48,34.03,2916810,8.029999999999999,,,,,,,,,
2019,Kabkot,1107,ACEH BARAT,73.53,.86,18.96,-11.32,4.99,6953.36,7.41,19.6,46.91,5.18,33.98,8.65,52.19,2916810,8.029999999999999,,,,,,,,,
2019,Kabkot,1108,ACEH BESAR,76.12,.9,31.81,9.52,4.35,9977.74,7.67,15.79,41.98,12.04,17.11,8.75,62.1,2916810,8.029999999999999,,,,,,,,,
2019,Kabkot,1109,PIDIE,80.52,.79,28.82,-10.34,4.43,7780.36,6.83,16.74,63.59,12.44,37.98,7.07,42.51,2916810,8.029999999999999,,,,,,,,,
2019,Kabkot,1110,BIREUEN,73.95999999999999,.65,25.89,-6.39,5,10065.43,3.83,10.46,58.93,10.54,35.11,7.7,46.66,2916810,8.029999999999999,,,,,,,,,
2019,Kabkot,1111,ACEH UTARA,79.72,.68,27.55,38,3.48,16852.7,8.65,19.21,66.95999999999999,13.21,42.45,7.7,36.64,2916810,8.029999999999999,,,,,,,,,
2019,Kabkot,1112,ACEH BARAT DAYA,83.15000000000001,.73,25.78,43.43,4.75,3003.27,4.29,12.58,47.71,8.08,32.36,9.960000000000001,49.6,2916810,8.029999999999999,,,,,,,,,
2019,Kabkot,1113,GAYO LUES,62.98,.89,16.64,29.31,1.26,1920.01,1.74,4.86,77.23999999999999,10.65,56.23,2.18,30.95,2916810,8.029999999999999,,,,,,,,,
2019,Kabkot,1114,ACEH TAMIANG,82.8,.71,22.72,7.85,4.55,5984.42,6.04,16.47,51.87,6.47,36.01,10.62,46.9,2916810,8.029999999999999,,,,,,,,,
2019,Kabkot,1115,NAGAN RAYA,65.59999999999999,.85,25.69,14.99,6.77,6530.5,5.35,15.24,52.68,12.71,42.61,7.28,37.4,2916810,8.029999999999999,,,,,,,,,
2019,Kabkot,1116,ACEH JAYA,71.19,.75,18.36,4.21,3.75,1994.91,4.18,12.01,62.03,5.1,46.95,6.09,41.86,2916810,8.029999999999999,,,,,,,,,
2019,Kabkot,1117,BENER MERIAH,38.03,.88,6.51,-19.72,4.32,3626.65,1.03,3.63,86.76000000000001,1.6,75.25,2.89,20.25,2916810,8.029999999999999,,,,,,,,,
2019,Kabkot,1118,PIDIE JAYA,77.68000000000001,.65,23.06,6.69,4.08,2603.59,4.34,11.57,59.47,8.449999999999999,37.73,6.65,47.17,2916810,8.029999999999999,,,,,,,,,
2019,Kabkot,1171,BANDA ACEH,66.79000000000001,1.25,29.41,-1.88,4.13,15157.98,6.89,14.97,28.86,6.49,2.99,7.58,82.95,2916810,8.029999999999999,,,,,,,,,
2019,Kabkot,1172,SABANG,69.28,.96,29.41,.16,5.82,1137.56,4.6,13.3,36.65,8.74,11.68,10,69.56999999999999,2916810,8.029999999999999,,,,,,,,,
2019,Kabkot,1173,LANGSA,70.59,.8100000000000001,31.6,5.94,4.39,3856.22,7.69,17.3,36.36,8.77,11.1,9.890000000000001,70.23999999999999,2916810,8.029999999999999,,,,,,,,,
2019,Kabkot,1174,LHOKSEUMAWE,79.37,.86,33.98,-4.58,3.98,7112.68,11.01,26.92,42.65,7.14,12.24,12.75,67.87,2916810,8.029999999999999,,,,,,,,,
2019,Kabkot,1175,SUBULUSSALAM,83.17,.7,20.59,-2.54,4.42,1358.69,7.25,17.75,51.23,5.1,40.61,8.02,46.28,2916810,8.029999999999999,,,,,,,,,
2019,Kabkot,1201,NIAS,74.40000000000001,.63,6.35,52.91,5.04,2563.03,1.09,1.8,85.98999999999999,1.68,78.15000000000001,5.07,15.1,2303403,8.029999999999999,,,,,,,,,
2019,Kabkot,1202,MANDAILING NATAL,84.20999999999999,.79,18.43,4.91,5.3,9376.459999999999,6.35,19.67,68.69,4.27,48.7,10.87,36.16,2303403,8.029999999999999,,,,,,,,,
2019,Kabkot,1203,TAPANULI SELATAN,63.46,.88,14.08,7.86,5.23,9683.66,4.17,12.43,77.97,2.93,60.46,7.6,29.01,2303403,8.029999999999999,,,,,,,,,
2019,Kabkot,1204,TAPANULI TENGAH,78.36,.9,19.01,10.48,5.18,7024.15,7.29,16.94,61.93,6.11,54.35,5.79,33.75,2303403,8.029999999999999,,,,,,,,,
2019,Kabkot,1205,TAPANULI UTARA,56.97,1.22,16.27,18.5,4.62,5764.94,1.34,3.71,81.68000000000001,7.81,60.26,3.81,28.12,2303403,8.029999999999999,,,,,,,,,
2019,Kabkot,1206,TOBA,66.64,1.32,20.31,10.33,4.85,5503.76,1.26,3.15,74.48,6.51,55.33,7.3,30.86,2303403,8.029999999999999,,,,,,,,,
2019,Kabkot,1207,LABUHANBATU,76.47,1.08,22.74,-9.08,5.07,23232.71,5.71,14.19,52.79,5.4,42.76,4.07,47.76,2303403,8.029999999999999,,,,,,,,,
2019,Kabkot,1208,ASAHAN,85.91,.99,30.85,-8.15,5.64,26245.24,6.8,17.87,52.03,12.88,33.34,7.9,45.88,2303403,8.029999999999999,,,,,,,,,
2019,Kabkot,1209,SIMALUNGUN,80.37,1.01,26.77,9.17,5.2,27348.7,4.36,13.65,60.5,11.56,45.28,5.23,37.93,2303403,8.029999999999999,,,,,,,,,
2019,Kabkot,1210,DAIRI,62.4,1.42,8.199999999999999,41.05,4.82,6569.81,1.59,5.22,80.95,1.26,69.93000000000001,2.7,26.11,2303403,8.029999999999999,,,,,,,,,
2019,Kabkot,1211,KARO,73.5,1.23,14.64,6.86,4.6,14376.28,1.08,3.36,78.95,2.77,61.88,2.27,33.08,2303403,8.029999999999999,,,,,,,,,
2019,Kabkot,1212,DELI SERDANG,82.75,1.03,44.3,3.23,5.18,71878.69,5.69,12.43,40.4,17.76,12.51,12.55,57.18,2303403,8.029999999999999,,,,,,,,,
2019,Kabkot,1213,LANGKAT,85.23,.86,26.61,4.3,5.07,29597.77,5.28,12.28,51.39,9.69,42.55,6.8,40.96,2303403,8.029999999999999,,,,,,,,,
2019,Kabkot,1214,NIAS SELATAN,67.75,.97,7.79,21.3,5.03,4221.04,2.24,6.58,86.27,3.2,77.2,2.74,16.86,2303403,8.029999999999999,,,,,,,,,
2019,Kabkot,1215,HUMBANG HASUNDUTAN,51.9,1.27,10.56,42.57,4.94,4141.1,.33,1.14,82.65000000000001,1.45,68.38,4.16,26.02,2303403,8.029999999999999,,,,,,,,,
2019,Kabkot,1216,PAKPAK BHARAT,54.4,1.25,9.949999999999999,40.9,5.63,850.3,.18,.53,79.44,2.48,63.98,3.26,30.28,2303403,8.029999999999999,,,,,,,,,
2019,Kabkot,1217,SAMOSIR,60.33,1.14,12.5,11.31,5.7,3098.74,1.25,3.25,80.48999999999999,3.36,63.26,3.75,29.63,2303403,8.029999999999999,,,,,,,,,
2019,Kabkot,1218,SERDANG BEDAGAI,78.26000000000001,.97,26.28,-12.28,5.28,19393.39,4.35,9.76,58.63,10.81,41.9,5.86,41.43,2303403,8.029999999999999,,,,,,,,,
2019,Kabkot,1219,BATU BARA,84.69,.95,29.63,31.17,4.35,23998.59,6.7,15.54,52.25,11.89,36.74,6.28,45.09,2303403,8.029999999999999,,,,,,,,,
2019,Kabkot,1220,PADANG LAWAS UTARA,80.67,.97,11.39,-14.25,5.61,8228.450000000001,3.2,8.550000000000001,75.83,2.89,69.51000000000001,2.39,25.21,2303403,8.029999999999999,,,,,,,,,
2019,Kabkot,1221,PADANG LAWAS,77.02,.87,19.97,43.92,5.64,7959.31,4.22,10.04,69.06999999999999,4.26,52.59,4.16,38.99,2303403,8.029999999999999,,,,,,,,,
2019,Kabkot,1222,LABUHANBATU SELATAN,73.28,.96,14.34,22.93,5.35,18750.16,4.75,12.67,36.96,4.8,61.08,2.84,31.27,2303403,8.029999999999999,,,,,,,,,
2019,Kabkot,1223,LABUHANBATU UTARA,86,.88,16.59,5.81,5.15,17259.19,5.81,15.02,55.94,5.5,45.98,4.24,44.28,2303403,8.029999999999999,,,,,,,,,
2019,Kabkot,1224,NIAS UTARA,77.47,.83,8.82,19.56,4.65,2332.44,3.06,7.1,79.18000000000001,2.7,67.93000000000001,4,25.38,2303403,8.029999999999999,,,,,,,,,
2019,Kabkot,1225,NIAS BARAT,75.7,.74,5.76,50.1,4.82,1236.73,1.65,4.2,80.02,.99,74.56999999999999,4.29,20.15,2303403,8.029999999999999,,,,,,,,,
2019,Kabkot,1271,SIBOLGA,84.63,.89,35.03,11.09,5.2,3570.33,7.46,18.04,40.1,8.92,12.53,7.32,71.23,2303403,8.029999999999999,,,,,,,,,
2019,Kabkot,1272,TANJUNG BALAI,85.77,.87,35.71,7.17,5.79,5790.37,6.75,15.79,32,9.75,20.16,5.57,64.52,2303403,8.029999999999999,,,,,,,,,
2019,Kabkot,1273,PEMATANG SIANTAR,80.12,1.1,36.65,5.07,4.82,9611.74,11.12,24.46,49.45,10.42,5.77,7.26,76.55,2303403,8.029999999999999,,,,,,,,,
2019,Kabkot,1274,TEBING TINGGI,83.04000000000001,1.02,41.08,1.1,5.15,3954.03,8.6,19.77,40.87,14.6,5.81,8.66,70.93000000000001,2303403,8.029999999999999,,,,,,,,,
2019,Kabkot,1275,MEDAN,85.89,1.36,45.18,-.51,5.93,156780.58,8.5,17.82,36.77,13.87,5.19,5.9,75.04000000000001,2303403,8.029999999999999,,,,,,,,,
2019,Kabkot,1276,BINJAI,87.98,1.06,38.87,8.890000000000001,6.29,8193.540000000001,6.09,13.89,37.75,14.63,7.02,11.61,66.73999999999999,2303403,8.029999999999999,,,,,,,,,
2019,Kabkot,1277,PADANGSIDIMPUAN,73.3,1.07,34.04,4.93,5.51,4261.32,4.34,9.42,52.14,8.1,15.22,8.74,67.94,2303403,8.029999999999999,,,,,,,,,
2019,Kabkot,1278,GUNUNGSITOLI,77.3,.86,24.04,11.26,6.05,3428.45,5.58,12.22,54.83,5.28,30.55,12.06,52.1,2303403,8.029999999999999,,,,,,,,,
2019,Kabkot,1301,KEPULAUAN MENTAWAI,81.51000000000001,1.01,8.960000000000001,11.16,4.73,3011.72,2.92,8.210000000000001,78.93000000000001,1.91,64.29000000000001,3.5,30.3,2289220,8.029999999999999,,,,,,,,,
2019,Kabkot,1302,PESISIR SELATAN,81.77,.97,23.35,55.57,4.78,9576.66,6.02,17.19,64.87,8.07,42.09,6.64,43.2,2289220,8.029999999999999,,,,,,,,,
2019,Kabkot,1303,SOLOK,61.47,1.05,15.22,-8.449999999999999,5.04,9905.6,4.72,13.15,76.33,4.78,54.29,5.32,35.61,2289220,8.029999999999999,,,,,,,,,
2019,Kabkot,1304,SIJUNJUNG,78.34,1.04,24.22,19.06,4.81,6757.04,3.64,10.23,63.92,8.16,38.99,12.36,40.48,2289220,8.029999999999999,,,,,,,,,
2019,Kabkot,1305,TANAH DATAR,70.73,1.19,24.93,2.7,4.99,9684.469999999999,3.2,12.62,73.65000000000001,8.42,41.75,6.06,43.78,2289220,8.029999999999999,,,,,,,,,
2019,Kabkot,1306,PADANG PARIAMAN,84.52,.98,35.05,6.17,2.4,13334.92,6.08,18.74,66.42,15.66,30.3,7.59,46.45,2289220,8.029999999999999,,,,,,,,,
2019,Kabkot,1307,AGAM,80.53,1.02,31.52,21.95,4.78,14608.89,4.78,14.94,66.23,15.56,34.19,7.13,43.11,2289220,8.029999999999999,,,,,,,,,
2019,Kabkot,1308,LIMA PULUH KOTA,80.67,.92,28.15,15.19,5.06,11192.42,2.3,6.68,72.59999999999999,10.87,42.89,7.1,39.14,2289220,8.029999999999999,,,,,,,,,
2019,Kabkot,1309,PASAMAN,76.69,1.07,13.45,-8.18,4.8,6176.33,5.28,16.95,80.52,5.24,58.89,3.57,32.3,2289220,8.029999999999999,,,,,,,,,
2019,Kabkot,1310,SOLOK SELATAN,70.26000000000001,1.11,17.21,-14.17,4.86,3977.41,4.91,11.38,69.09,5.15,49.46,11.73,33.65,2289220,8.029999999999999,,,,,,,,,
2019,Kabkot,1311,DHARMASRAYA,82.77,1.03,25.16,10.28,4.94,7560.32,5.06,11.89,58.57,8.369999999999999,35.32,7.53,48.78,2289220,8.029999999999999,,,,,,,,,
2019,Kabkot,1312,PASAMAN BARAT,80.94,1.07,19.87,18.09,4.45,11411.83,4.74,12.32,64.47,5.69,55.44,5.18,33.69,2289220,8.029999999999999,,,,,,,,,
2019,Kabkot,1371,PADANG,73.84,1.43,39.35,-.18,5.64,44456.79,8.74,19.58,39.04,10.39,2.76,8.94,77.91,2289220,8.029999999999999,,,,,,,,,
2019,Kabkot,1372,SOLOK,64.97,1.3,27.17,-10.92,5.49,2876.46,7.06,16.03,47.36,7.13,8.19,6.82,77.86,2289220,8.029999999999999,,,,,,,,,
2019,Kabkot,1373,SAWAH LUNTO,79.34,1.09,29.78,5.41,5.31,2796.54,6.84,19.72,49.51,9.6,13.29,19.36,57.75,2289220,8.029999999999999,,,,,,,,,
2019,Kabkot,1374,PADANG PANJANG,71.78,1.38,36.08,-10.3,5.56,2580.6,4.38,12.95,49.46,12.18,6.57,5.03,76.20999999999999,2289220,8.029999999999999,,,,,,,,,
2019,Kabkot,1375,BUKITTINGGI,73.94,1.23,33.54,.72,5.84,6152.08,6.2,10.66,48.17,12.48,4.24,5.62,77.66,2289220,8.029999999999999,,,,,,,,,
2019,Kabkot,1376,PAYAKUMBUH,73.43000000000001,1.27,36.13,1.31,5.89,4488.21,4.13,13.76,51.73,14,9.68,7.79,68.53,2289220,8.029999999999999,,,,,,,,,
2019,Kabkot,1377,PARIAMAN,75.75,1.09,40.83,5.49,5.3,3592.02,5.48,10.92,43.8,10.81,11.99,7.61,69.59,2289220,8.029999999999999,,,,,,,,,
2019,Kabkot,1401,KUANTAN SINGINGI,83.19,.99,14.92,41.65,4.58,23613.56,4.82,9.460000000000001,57.77,4.57,50.45,5.89,39.09,2662026,8.029999999999999,,,,,,,,,
2019,Kabkot,1402,INDRAGIRI HULU,79.72,.85,21.23,-7.53,3.78,29866.43,4.79,12,55.61,5.94,44.73,7.55,41.78,2662026,8.029999999999999,,,,,,,,,
2019,Kabkot,1403,INDRAGIRI HILIR,76.37,.86,26.06,27.43,4.15,44774.87,4.55,12.26,73.12,11.08,45.99,3.22,39.72,2662026,8.029999999999999,,,,,,,,,
2019,Kabkot,1404,PELALAWAN,64.8,1.08,19.03,-4.62,3.88,34338.55,4.67,12.95,51.75,5.74,53.22,4.86,36.19,2662026,8.029999999999999,,,,,,,,,
2019,Kabkot,1405,S I A K,74.5,1.05,31.24,-7.66,1.47,53366.53,4.13,12.35,48.07,14.25,40.57,6.47,38.71,2662026,8.029999999999999,,,,,,,,,
2019,Kabkot,1406,KAMPAR,79.06,.99,23.36,10.26,3.86,51888.83,5.65,17.76,52.22,6.25,43.53,6.48,43.74,2662026,8.029999999999999,,,,,,,,,
2019,Kabkot,1407,ROKAN HULU,76.15000000000001,.86,16.29,2.08,4.92,25101.66,4.51,12,55.81,4.57,54.65,4.6,36.18,2662026,8.029999999999999,,,,,,,,,
2019,Kabkot,1408,BENGKALIS,78.17,1.07,21.28,8.470000000000001,-1.89,76377.28999999999,9.279999999999999,23.55,50.42,6.05,40.35,12.87,40.73,2662026,8.029999999999999,,,,,,,,,
2019,Kabkot,1409,ROKAN HILIR,79.38,.9,18.59,9.51,.65,46437.61,4.79,12.2,60.59,5.84,51.38,4.22,38.56,2662026,8.029999999999999,,,,,,,,,
2019,Kabkot,1410,KEPULAUAN MERANTI,81.29000000000001,.78,27.66,-11.68,2.64,12629.43,5.93,17.32,55.65,7.37,40.5,9.48,42.65,2662026,8.029999999999999,,,,,,,,,
2019,Kabkot,1471,PEKANBARU,80.09,1.32,33.62,4.84,5.99,72183.56,7.74,13.02,34.8,8.68,4.1,9.52,77.7,2662026,8.029999999999999,,,,,,,,,
2019,Kabkot,1473,D U M A I,71.42,1.22,39.89,14.05,5.6,24856.9,6.3,13.18,40.27,12.04,13.22,8.949999999999999,65.79000000000001,2662026,8.029999999999999,,,,,,,,,
2019,Kabkot,1501,KERINCI,57.94,1.12,12.69,-9.710000000000001,4.23,6326.54,2.62,8.99,77.47,3.04,64.67,6.18,26.11,2423889,8.029999999999999,,,,,,,,,
2019,Kabkot,1502,MERANGIN,88.16,.82,10.3,-9.960000000000001,4.25,9787.459999999999,3.68,11.47,63.32,3.35,55.01,9.619999999999999,32.03,2423889,8.029999999999999,,,,,,,,,
2019,Kabkot,1503,SAROLANGUN,88.95999999999999,.85,15.83,-3.81,4.26,10717.75,4.09,13.22,58.56,5.69,48.6,12.63,33.07,2423889,8.029999999999999,,,,,,,,,
2019,Kabkot,1504,BATANG HARI,76.95999999999999,.89,19.12,-1.69,5.07,11713.38,4.56,17,51.37,8.99,48.61,7.62,34.78,2423889,8.029999999999999,,,,,,,,,
2019,Kabkot,1505,MUARO JAMBI,82.51000000000001,.97,24,-20.12,4.79,16126.72,5.2,15.58,54.57,8.44,48.72,9.779999999999999,33.06,2423889,8.029999999999999,,,,,,,,,
2019,Kabkot,1506,TANJUNG JABUNG TIMUR,77.59999999999999,.86,10,-12.14,4.21,17967.59,1.63,6.04,75.04000000000001,2.55,70.81,2.76,23.88,2423889,8.029999999999999,,,,,,,,,
2019,Kabkot,1507,TANJUNG JABUNG BARAT,86.70999999999999,.91,13.27,2.24,5.01,30744.99,2.57,7.25,71.87,2.39,62.25,4.71,30.64,2423889,8.029999999999999,,,,,,,,,
2019,Kabkot,1508,TEBO,85.06999999999999,.75,13.06,25.04,4.76,10160.98,2.9,8.710000000000001,58.48,4.45,59.92,6.71,28.91,2423889,8.029999999999999,,,,,,,,,
2019,Kabkot,1509,BUNGO,81.87,.86,18.52,.66,4.19,12549.93,3.82,11.67,50.31,6.73,45.78,7.8,39.69,2423889,8.029999999999999,,,,,,,,,
2019,Kabkot,1571,JAMBI,75.98999999999999,1.19,37.93,-3.13,4.73,19550.81,6.53,15.79,35.31,7.5,3.8,11.44,77.26000000000001,2423889,8.029999999999999,,,,,,,,,
2019,Kabkot,1572,SUNGAI PENUH,72.7,1.1,21.74,44.8,5.01,4607.81,4,12.91,53.68,7.76,18.7,6.96,66.58,2423889,8.029999999999999,,,,,,,,,
2019,Kabkot,1601,OGAN KOMERING ULU,85.23999999999999,.64,16.91,-2.6,5.66,9867.73,4.58,10.6,54.24,3.98,50.59,5.37,40.06,2804453,8.029999999999999,,,,,,,,,
2019,Kabkot,1602,OGAN KOMERING ILIR,91.58,.62,18.26,-14.04,5.08,20180.57,2.98,9.109999999999999,73.19,7.22,59.29,4.84,28.65,2804453,8.029999999999999,,,,,,,,,
2019,Kabkot,1603,MUARA ENIM,81.98999999999999,.85,12.81,-1.73,7.02,41581.53,4.84,14.58,68.83,2.18,58.27,8.02,31.53,2804453,8.029999999999999,,,,,,,,,
2019,Kabkot,1604,LAHAT,77.72,.86,16.57,20.45,5.62,12382.33,3.68,12.7,69.22,3.82,53.74,9.779999999999999,32.66,2804453,8.029999999999999,,,,,,,,,
2019,Kabkot,1605,MUSI RAWAS,84.73999999999999,.61,12.55,-9.619999999999999,5.87,13680.64,2.93,9.02,65.54000000000001,4.59,65.47,3.34,26.61,2804453,8.029999999999999,,,,,,,,,
2019,Kabkot,1606,MUSI BANYUASIN,88.45999999999999,.86,15.2,22.62,4.57,44620.4,4.15,12.63,57.28,4.54,58.78,7.91,28.77,2804453,8.029999999999999,,,,,,,,,
2019,Kabkot,1607,BANYU ASIN,85.72,.75,20.99,26.94,5.22,19973.44,3.94,9.199999999999999,55.85,7.2,52.08,6.77,33.95,2804453,8.029999999999999,,,,,,,,,
2019,Kabkot,1608,OGAN KOMERING ULU SELATAN,72.98,.64,7.15,-3.82,5.08,5712.92,2.99,7.63,86.64,.6899999999999999,75.31,3.64,20.36,2804453,8.029999999999999,,,,,,,,,
2019,Kabkot,1609,OGAN KOMERING ULU TIMUR,83.09999999999999,.59,17.04,-1.22,5.8,10043.97,3.46,8.789999999999999,71.41,6.93,59.92,5.36,27.79,2804453,8.029999999999999,,,,,,,,,
2019,Kabkot,1610,OGAN ILIR,81.73999999999999,.71,26.66,8.43,5.19,7482.61,3.29,10.85,64.33,12.52,45.27,6.06,36.15,2804453,8.029999999999999,,,,,,,,,
2019,Kabkot,1611,EMPAT LAWANG,72.81,.73,10.08,44.27,3.62,3470.33,2.66,7.36,76.78,1.47,63.31,2.33,32.89,2804453,8.029999999999999,,,,,,,,,
2019,Kabkot,1612,PENUKAL ABAB LEMATANG ILIR,89.19,.72,9.220000000000001,48.84,6.16,4703.6,4.14,13.09,67.41,1.09,59.16,8.58,31.17,2804453,8.029999999999999,,,,,,,,,
2019,Kabkot,1613,MUSI RAWAS UTARA,90.20999999999999,.6,7.81,-3.32,4.15,5552.59,3.81,11.19,55.43,2.23,61.65,10.91,25.21,2804453,8.029999999999999,,,,,,,,,
2019,Kabkot,1671,PALEMBANG,80.41,1.07,42.78,-8.58,5.86,104239.39,8.01,18.84,37.94,10.67,1.78,10.85,76.70999999999999,2804453,8.029999999999999,,,,,,,,,
2019,Kabkot,1672,PRABUMULIH,90.86,.77,24.56,.97,5.61,5387.82,6.12,14.75,48.1,5.7,22.5,12.81,58.99,2804453,8.029999999999999,,,,,,,,,
2019,Kabkot,1673,PAGAR ALAM,81.39,.74,18.56,6.4,3.51,2233.77,2.48,6.59,69.81999999999999,4.27,45.18,6.64,43.9,2804453,8.029999999999999,,,,,,,,,
2019,Kabkot,1674,LUBUKLINGGAU,79.20999999999999,.79,31.38,-.29,5.68,4339.2,4.71,13.82,42.09,7.25,14.58,11.55,66.62,2804453,8.029999999999999,,,,,,,,,
2019,Kabkot,1701,BENGKULU SELATAN,61.1,1.36,17.12,-.42,4.97,3615.03,2.32,6.5,72.70999999999999,4.16,46.9,7.86,41.08,2040407,8.029999999999999,,,,,,,,,
2019,Kabkot,1702,REJANG LEBONG,67.56,1.18,19.25,8.699999999999999,4.96,6078.95,2.7,8.27,76.59,8,50.18,7.33,34.49,2040407,8.029999999999999,,,,,,,,,
2019,Kabkot,1703,BENGKULU UTARA,79.98,.99,15.16,38.76,4.92,5204.59,3.99,10.69,62.71,3.98,54.06,7.91,34.06,2040407,8.029999999999999,,,,,,,,,
2019,Kabkot,1704,KAUR,81.19,.95,11.41,-.73,4.98,2260.79,2.34,6.55,73.05,3.84,57.36,7.24,31.55,2040407,8.029999999999999,,,,,,,,,
2019,Kabkot,1705,SELUMA,79.31999999999999,1.1,15.84,4.97,4.93,2870.67,2.25,4.67,75.5,6.2,60.1,6.41,27.29,2040407,8.029999999999999,,,,,,,,,
2019,Kabkot,1706,MUKOMUKO,64.34999999999999,1.13,17.57,12.87,5.03,3325.26,3.84,7.81,55.04,6.23,49.91,6.87,36.98,2040407,8.029999999999999,,,,,,,,,
2019,Kabkot,1707,LEBONG,72.54000000000001,1.06,15.8,18.55,4.97,2124.5,3.87,10.37,77.47,3.98,45.88,12.83,37.31,2040407,8.029999999999999,,,,,,,,,
2019,Kabkot,1708,KEPAHIANG,80.8,1.05,11.66,11.21,4.89,2803.86,2.17,7.34,76.22,3.48,62.55,4.89,29.08,2040407,8.029999999999999,,,,,,,,,
2019,Kabkot,1709,BENGKULU TENGAH,77.81,1.16,23.77,14.21,4.97,2887.02,4.4,13.52,63.24,9.56,44.81,13.02,32.61,2040407,8.029999999999999,,,,,,,,,
2019,Kabkot,1771,BENGKULU,66.67,1.52,33.02,2.54,5.41,15339.35,4.16,10.4,40.41,7.09,6.2,9.539999999999999,77.17,2040407,8.029999999999999,,,,,,,,,
2019,Kabkot,1801,LAMPUNG BARAT,69.31,.93,8.58,23.47,5.18,4984.13,1.66,4.09,84.37,2.54,71.45,2.47,23.55,2241270,8.029999999999999,,,,,,,,,
2019,Kabkot,1802,TANGGAMUS,84.31,.74,15.37,7.77,5.02,10872.1,2.96,10.46,82.89,5.35,58.7,6.02,29.93,2241270,8.029999999999999,,,,,,,,,
2019,Kabkot,1803,LAMPUNG SELATAN,87.2,.96,36.35,14.44,5.13,30267.88,4.68,12.78,67.33,16.69,32.09,11.68,39.54,2241270,8.029999999999999,,,,,,,,,
2019,Kabkot,1804,LAMPUNG TIMUR,88.67,.97,24.5,.37,3.79,29599.69,2.87,9.039999999999999,76.18000000000001,11.78,45.68,6.09,36.45,2241270,8.029999999999999,,,,,,,,,
2019,Kabkot,1805,LAMPUNG TENGAH,81.18000000000001,.97,28.52,12.8,5.35,47836.75,2.61,7.63,70.79000000000001,16.41,43.67,7.15,32.78,2241270,8.029999999999999,,,,,,,,,
2019,Kabkot,1806,LAMPUNG UTARA,74.87,.98,21.36,-4.82,5.33,16508.06,5.11,13.6,72.08,6.87,43.31,6.08,43.74,2241270,8.029999999999999,,,,,,,,,
2019,Kabkot,1807,WAY KANAN,87.33,.91,13.86,33.64,5.17,9573.82,3.59,9.69,74.26000000000001,6.18,64.27,3.57,25.98,2241270,8.029999999999999,,,,,,,,,
2019,Kabkot,1808,TULANGBAWANG,82.39,.91,18.32,21.9,5.41,15826.21,4.01,8.1,62.62,6.75,49.9,5.31,38.04,2241270,8.029999999999999,,,,,,,,,
2019,Kabkot,1809,PESAWARAN,82.05,1,25.54,-1.18,5,11402.09,4.41,12.94,73.48999999999999,10.77,41.79,9.130000000000001,38.32,2241270,8.029999999999999,,,,,,,,,
2019,Kabkot,1810,PRINGSEWU,83.83,.79,36.3,15.46,5.03,7741.5,4.92,14.15,64.5,19.99,27.05,8.75,44.21,2241270,8.029999999999999,,,,,,,,,
2019,Kabkot,1811,MESUJI,81.41,1.02,14.95,-7.77,5.26,7005.86,3.61,9.960000000000001,74.27,3.86,60.12,7.63,28.39,2241270,8.029999999999999,,,,,,,,,
2019,Kabkot,1812,TULANG BAWANG BARAT,81.72,.88,20.39,-16.8,5.36,7850.7,3.57,9.69,76.62,8.77,53.2,6.24,31.79,2241270,8.029999999999999,,,,,,,,,
2019,Kabkot,1813,PESISIR BARAT,83.27,.97,21.29,43.92,5.47,3106.11,3.25,10.86,77.51000000000001,8.07,46.22,7.36,38.35,2241270,8.029999999999999,,,,,,,,,
2019,Kabkot,1871,BANDAR LAMPUNG,81.98999999999999,1.27,41.17,3.32,6.17,39373.24,7.15,16.83,39.21,11.55,1.44,9.279999999999999,77.72,2241270,8.029999999999999,,,,,,,,,
2019,Kabkot,1872,METRO,75.48,1.17,32.14,3.11,5.57,4312.38,5.12,15.47,47.45,10.96,6.11,9.24,73.69,2241270,8.029999999999999,,,,,,,,,
2019,Kabkot,1901,BANGKA,84.42,.97,22.2,7.73,2.77,10058.79,3.72,10.66,42.45,9.34,30.83,20.52,39.32,2976706,8.029999999999999,,,,,,,,,
2019,Kabkot,1902,BELITUNG,75.47,.96,26.65,2.67,3.33,6500.42,2.89,7.04,46.28,10.87,32.92,12.54,43.66,2976706,8.029999999999999,,,,,,,,,
2019,Kabkot,1903,BANGKA BARAT,79.48999999999999,.91,14.45,1.5,6.7,10859.22,2.8,6.4,56.64,6.55,35.23,25.24,32.98,2976706,8.029999999999999,,,,,,,,,
2019,Kabkot,1904,BANGKA TENGAH,83.7,.97,21.27,19.78,1.21,5883.1,4.37,7.42,50.09,7.3,28.55,19.71,44.44,2976706,8.029999999999999,,,,,,,,,
2019,Kabkot,1905,BANGKA SELATAN,92.2,.9,11.4,16,2.53,6176.84,3.86,9.039999999999999,57.65,3.21,43.6,23.24,29.95,2976706,8.029999999999999,,,,,,,,,
2019,Kabkot,1906,BELITUNG TIMUR,69.5,.96,15.12,-1.56,3.26,5499.98,1.69,4.59,45.38,5.48,35.79,23.48,35.26,2976706,8.029999999999999,,,,,,,,,
2019,Kabkot,1971,PANGKALPINANG,75.56999999999999,1.14,32.3,-1.26,3.26,9069.280000000001,4.97,12.83,31.95,9.279999999999999,2.26,12.69,75.77,2976706,8.029999999999999,,,,,,,,,
2019,Kabkot,2101,KARIMUN,84.51000000000001,1.03,35.73,8.31,4.89,9456.92,5.83,15.41,35.48,10.37,19.4,14.1,56.14,2769754,8.029999999999999,,,,,,,,,
2019,Kabkot,2102,BINTAN,86.55,1.19,40.15,.9,4.51,14512.07,8.68,17.19,33,15.83,18.02,14.68,51.47,2769754,8.029999999999999,,,,,,,,,
2019,Kabkot,2103,NATUNA,79.83,.92,29.48,4.85,1.75,15299.36,3.82,12.11,48.87,11.48,26.72,10.67,51.12,2769754,8.029999999999999,,,,,,,,,
2019,Kabkot,2104,LINGGA,79.26000000000001,.99,29.49,28.35,5.18,2934.66,4.35,12.47,58.07,13.9,31.39,9.16,45.55,2769754,8.029999999999999,,,,,,,,,
2019,Kabkot,2105,KEPULAUAN ANAMBAS,77.75,1.25,23.48,4.67,-.13,12047.35,3.21,9.17,56.43,6.55,29.74,12.61,51.1,2769754,8.029999999999999,,,,,,,,,
2019,Kabkot,2171,B A T A M,76.39,1.66,56.34,3.66,5.92,108800.35,8.31,13.75,24.14,30.99,2.02,9.65,57.34,2769754,8.029999999999999,,,,,,,,,
2019,Kabkot,2172,TANJUNG PINANG,73.37,1.45,38.15,.33,3.27,14436.94,6.31,15.45,32.18,8.289999999999999,3.16,7.81,80.75,2769754,8.029999999999999,,,,,,,,,
2019,Kabkot,3101,KEPULAUAN SERIBU,86.55,1.06,23.88,19.37,-.95,3898.74,5.89,18.93,54.36,1.44,27.24,3.48,67.84,3940973,8.029999999999999,,,,,,,,,
2019,Kabkot,3171,JAKARTA SELATAN,74.11,1.18,40.89,-2.94,6.81,421300.85,7.19,14.8,32.29,5.04,.38,3.86,90.72,3940973,8.029999999999999,,,,,,,,,
2019,Kabkot,3172,JAKARTA TIMUR,65.41,1.25,41.45,-1.09,5.03,313540.96,6.35,12.81,30.25,11.95,.37,5.65,82.04000000000001,3940973,8.029999999999999,,,,,,,,,
2019,Kabkot,3173,JAKARTA PUSAT,80.25,1.11,38.55,.6,6.68,452521.53,7.88,16.34,34.1,7.18,.08,4.28,88.45999999999999,3940973,8.029999999999999,,,,,,,,,
2019,Kabkot,3174,JAKARTA BARAT,83.59,.97,49.21,-4.03,6.5,318927.93,5.55,13.64,30.98,18.83,.26,5.78,75.13,3940973,8.029999999999999,,,,,,,,,
2019,Kabkot,3175,JAKARTA UTARA,79.54000000000001,1.08,48.35,.93,3.79,332807.59,6.72,14.93,30.8,15.11,.93,3.71,80.25,3940973,8.029999999999999,,,,,,,,,
2019,Kabkot,3201,BOGOR,77.87,1.99,44.91,-3.8,5.85,156876.01,9.109999999999999,19.55,43.7,21.28,6.97,8.4,63.35,1668373,8.029999999999999,,,,,,,,,
2019,Kabkot,3202,SUKABUMI,67.52,1.41,42.18,1.05,5.64,46628.34,8.050000000000001,22.97,62.6,23.03,24.65,10.47,41.85,1668373,8.029999999999999,,,,,,,,,
2019,Kabkot,3203,CIANJUR,78,1.37,37.83,-21.93,5.67,32039.32,9.81,24.29,67.92,14.12,28.64,11.49,45.75,1668373,8.029999999999999,,,,,,,,,
2019,Kabkot,3204,BANDUNG,82.41,1.54,54.17,-.23,6.36,82547.44,5.51,11.45,43.31,34.39,8.720000000000001,8.6,48.29,1668373,8.029999999999999,,,,,,,,,
2019,Kabkot,3205,GARUT,80.95999999999999,1.05,39.78,-16.7,5.02,39092.49,7.35,19.95,70.47,17.87,24.71,10.23,47.19,1668373,8.029999999999999,,,,,,,,,
2019,Kabkot,3206,TASIKMALAYA,85.31999999999999,1.16,35.03,2.31,5.43,24586.67,6.31,23.72,73.47,16.87,28.62,8.720000000000001,45.78,1668373,8.029999999999999,,,,,,,,,
2019,Kabkot,3207,CIAMIS,85.48,1.04,38.12,-3.94,5.38,22001.24,5.16,19.02,68.68000000000001,20.26,27.83,8.949999999999999,42.96,1668373,8.029999999999999,,,,,,,,,
2019,Kabkot,3208,KUNINGAN,81.29000000000001,1.25,33.42,-11.45,6.59,16864.15,9.68,21.88,62.12,8.9,24.57,11.79,54.74,1668373,8.029999999999999,,,,,,,,,
2019,Kabkot,3209,CIREBON,76.86,1.26,48.01,-5.76,4.68,33668.1,10.35,24.82,58.69,21.06,10.31,13.99,54.63,1668373,8.029999999999999,,,,,,,,,
2019,Kabkot,3210,MAJALENGKA,87.20999999999999,1.27,40.92,-3.77,7.77,21561.72,4.37,12.2,64.06,22.83,25.27,7.56,44.33,1668373,8.029999999999999,,,,,,,,,
2019,Kabkot,3211,SUMEDANG,70.92,1.63,41.72,17.07,6.33,23932.73,7.7,22.5,56.12,19.32,20.27,13.23,47.18,1668373,8.029999999999999,,,,,,,,,
2019,Kabkot,3212,INDRAMAYU,83.28,1.55,30.43,-11.1,3.2,60153.18,8.35,25.18,73.52,9.279999999999999,28.77,10.97,50.98,1668373,8.029999999999999,,,,,,,,,
2019,Kabkot,3213,SUBANG,71.83,1.68,35.82,-10.9,4.61,28672.9,8.68,24.2,60.32,16.15,25.55,8.57,49.73,1668373,8.029999999999999,,,,,,,,,
2019,Kabkot,3214,PURWAKARTA,69.90000000000001,2.01,44.76,1.73,4.37,46278.21,9.73,20.75,46.98,24.05,12.92,12.33,50.7,1668373,8.029999999999999,,,,,,,,,
2019,Kabkot,3215,KARAWANG,68.17,2.32,46.57,.28,4.21,163946.85,9.68,24.36,52.58,23.65,12.75,8.140000000000001,55.45,1668373,8.029999999999999,,,,,,,,,
2019,Kabkot,3216,BEKASI,59.53,2.64,57.88,-4.89,3.95,251502.79,9,20.26,31.63,35.27,2.58,8.25,53.89,1668373,8.029999999999999,,,,,,,,,
2019,Kabkot,3217,BANDUNG BARAT,75.31999999999999,1.6,40.75,-11.81,5.05,31398.35,8.24,20.52,55.22,20.57,21.18,11.57,46.68,1668373,8.029999999999999,,,,,,,,,
2019,Kabkot,3218,PANGANDARAN,87.15000000000001,1.17,38.58,8.76,5.94,7742.87,4.52,14.94,68.98999999999999,19.56,28.49,8.09,43.86,1668373,8.029999999999999,,,,,,,,,
2019,Kabkot,3271,BOGOR,75.90000000000001,2.13,45.43,5.97,6.19,32295.73,9.16,20.01,33.9,15.01,.65,6.18,78.16,1668373,8.029999999999999,,,,,,,,,
2019,Kabkot,3272,SUKABUMI,72.41,1.8,41.47,-10.66,5.53,8664.02,8.49,17.94,45.91,17.85,3.76,7.21,71.19,1668373,8.029999999999999,,,,,,,,,
2019,Kabkot,3273,BANDUNG,77.51000000000001,2.05,44.54,2.52,6.79,197642.89,8.18,14.51,32.9,16.83,.48,5.94,76.75,1668373,8.029999999999999,,,,,,,,,
2019,Kabkot,3274,CIREBON,74.66,1.73,38.75,-7.17,6.29,16812.49,9.039999999999999,19.82,41.74,11.09,.72,9,79.19,1668373,8.029999999999999,,,,,,,,,
2019,Kabkot,3275,BEKASI,69.52,2.99,45.49,-5.9,5.41,69406.53,8.300000000000001,18.1,29.61,19.21,.23,8.26,72.3,1668373,8.029999999999999,,,,,,,,,
2019,Kabkot,3276,DEPOK,70.70999999999999,2.87,42.19,-.43,6.74,49076.58,6.12,13.11,29.74,13.14,.37,6.55,79.94,1668373,8.029999999999999,,,,,,,,,
2019,Kabkot,3277,CIMAHI,65.53,2.05,51.71,-.8100000000000001,7.85,22856.04,8.09,13.01,32.35,28.84,1.05,6.75,63.35,1668373,8.029999999999999,,,,,,,,,
2019,Kabkot,3278,TASIKMALAYA,84.39,1.17,49.26,-6.57,5.97,15746.12,6.78,16.68,46.03,26.35,3.59,8.09,61.97,1668373,8.029999999999999,,,,,,,,,
2019,Kabkot,3279,BANJAR,80.31,1.41,43.12,-4.92,5.03,3221.45,6.16,19.43,58.72,20.47,11.71,9.15,58.67,1668373,8.029999999999999,,,,,,,,,
2019,Kabkot,3301,CILACAP,87.48,1.44,42.28,4.12,2.27,100327.3,7.24,20.99,67.08,20.39,25.45,13.51,40.66,1605396,8.029999999999999,,,,,,,,,
2019,Kabkot,3302,BANYUMAS,73.34,1.36,40.94,7.95,6.32,39779.32,4.17,11.95,61.83,20.11,17.47,10.88,51.54,1605396,8.029999999999999,,,,,,,,,
2019,Kabkot,3303,PURBALINGGA,87.5,1.15,45.19,1.47,5.64,17387.61,4.73,11.83,56.76,28.57,21,9.359999999999999,41.06,1605396,8.029999999999999,,,,,,,,,
2019,Kabkot,3304,BANJARNEGARA,85.7,1.31,31.89,24.57,5.6,15246.87,4.44,10.96,69.45999999999999,15.6,38.39,9.949999999999999,36.05,1605396,8.029999999999999,,,,,,,,,
2019,Kabkot,3305,KEBUMEN,82.44,1.22,36.14,-4.2,5.52,19815.06,4.69,18,71.45999999999999,21.05,33.48,7.36,38.11,1605396,8.029999999999999,,,,,,,,,
2019,Kabkot,3306,PURWOREJO,75.98999999999999,1.28,31.4,17.04,5.44,13353.34,2.91,13.75,66.94,15.29,37.33,8.470000000000001,38.91,1605396,8.029999999999999,,,,,,,,,
2019,Kabkot,3307,WONOSOBO,87.2,1.17,30.32,19.11,5.57,13793.04,3.43,11.14,69.09999999999999,14.39,39.02,9.289999999999999,37.3,1605396,8.029999999999999,,,,,,,,,
2019,Kabkot,3308,MAGELANG,86.17,1.21,37.52,-5.6,5.3,23253.15,3.07,9.19,67.09999999999999,21.23,28.14,8.76,41.87,1605396,8.029999999999999,,,,,,,,,
2019,Kabkot,3309,BOYOLALI,83.34,1.31,43.29,15.25,5.96,22681.1,3.09,10.53,59.32,23.38,28.36,10.12,38.14,1605396,8.029999999999999,,,,,,,,,
2019,Kabkot,3310,KLATEN,84.51000000000001,1.19,47.82,-5.26,5.48,27805.99,3.54,7.76,57.88,28.65,16.28,9.640000000000001,45.43,1605396,8.029999999999999,,,,,,,,,
2019,Kabkot,3311,SUKOHARJO,78.31,1.37,53.7,4.07,5.92,27076.44,3.39,9.1,44.45,28.53,9.66,8.550000000000001,53.25,1605396,8.029999999999999,,,,,,,,,
2019,Kabkot,3312,WONOGIRI,80.02,1.31,28.64,20.64,5.14,20856.21,2.55,11.16,68.86,12.39,43.27,8.970000000000001,35.38,1605396,8.029999999999999,,,,,,,,,
2019,Kabkot,3313,KARANGANYAR,74.77,1.34,44.13,2.61,5.76,26599.74,3.12,10.03,53.29,25.46,20.18,8.630000000000001,45.73,1605396,8.029999999999999,,,,,,,,,
2019,Kabkot,3314,SRAGEN,82.67,1.25,40.59,5.31,5.9,26853.06,3.32,8.74,61.74,23.39,30.13,7.06,39.43,1605396,8.029999999999999,,,,,,,,,
2019,Kabkot,3315,GROBOGAN,87.98999999999999,1.57,35.58,59.59,5.37,19692.63,3.54,11.33,68.03,11.34,38.02,17.43,33.2,1605396,8.029999999999999,,,,,,,,,
2019,Kabkot,3316,BLORA,80.01000000000001,1.3,29.16,28.6,4.05,18318.42,3.82,13.93,68.41,11.33,41.17,9.359999999999999,38.15,1605396,8.029999999999999,,,,,,,,,
2019,Kabkot,3317,REMBANG,84.56,1.24,35.46,5.54,5.2,13612.34,3.6,12.49,58.45,12.17,29.48,13.15,45.2,1605396,8.029999999999999,,,,,,,,,
2019,Kabkot,3318,PATI,88.23,1.22,38.99,17.91,5.81,30885.38,3.64,12.83,59.62,20.41,26.11,10.93,42.56,1605396,8.029999999999999,,,,,,,,,
2019,Kabkot,3319,KUDUS,67.42,1.33,58.81,.19,3.09,73241.78,3.8,10.37,38.62,36.5,7.26,12.77,43.48,1605396,8.029999999999999,,,,,,,,,
2019,Kabkot,3320,JEPARA,84.98999999999999,1.09,62.67,5.54,6.02,21384.28,2.92,7.69,45.51,48.39,11.54,7.57,32.5,1605396,8.029999999999999,,,,,,,,,
2019,Kabkot,3321,DEMAK,80.72,1.43,48.36,4.28,5.36,18417.01,5.42,13.57,56.25,26.4,20.38,13.02,40.2,1605396,8.029999999999999,,,,,,,,,
2019,Kabkot,3322,SEMARANG,71.02,1.52,49.91,23.29,5.39,35638.96,2.54,7.79,45.68,32.06,20,8.550000000000001,39.39,1605396,8.029999999999999,,,,,,,,,
2019,Kabkot,3323,TEMANGGUNG,77.56999999999999,1.27,30.91,13.72,5.05,15214.06,2.98,8.83,68.23,19.99,39.59,5.47,34.96,1605396,8.029999999999999,,,,,,,,,
2019,Kabkot,3324,KENDAL,83.48,1.38,42.14,-3.67,5.71,30916.39,6.26,14.97,55.88,23.24,23.18,7.84,45.74,1605396,8.029999999999999,,,,,,,,,
2019,Kabkot,3325,BATANG,85.36,1.31,45.65,5.74,5.39,15226.79,4.11,11.72,59.81,23.69,20.84,11.19,44.28,1605396,8.029999999999999,,,,,,,,,
2019,Kabkot,3326,PEKALONGAN,88.27,1.06,54.58,-2.5,5.35,16356.35,4.35,12.59,52.49,38.82,13.82,7.35,40.02,1605396,8.029999999999999,,,,,,,,,
2019,Kabkot,3327,PEMALANG,86.11,1.18,42.47,26.83,5.8,18267.2,6.45,18,57.38,18.8,20.73,9.74,50.74,1605396,8.029999999999999,,,,,,,,,
2019,Kabkot,3328,TEGAL,87.77,1.26,45.16,-9.44,5.56,24861.5,8.119999999999999,19.66,60.68,19.97,17.12,10.96,51.95,1605396,8.029999999999999,,,,,,,,,
2019,Kabkot,3329,BREBES,89.43000000000001,1.18,36.32,20.78,5.76,32847.86,7.39,18.21,71.36,10.55,31.45,13.02,44.98,1605396,8.029999999999999,,,,,,,,,
2019,Kabkot,3371,MAGELANG,73.23,1.54,38.79,10.22,5.41,6470.54,4.37,11.51,39.77,17.11,.89,4.45,77.56,1605396,8.029999999999999,,,,,,,,,
2019,Kabkot,3372,SURAKARTA,80.47,1.47,48.47,2.04,5.78,35441.11,4.16,8.220000000000001,37.18,22.19,.47,5,72.34,1605396,8.029999999999999,,,,,,,,,
2019,Kabkot,3373,SALATIGA,73.15000000000001,1.59,49.49,4.21,5.9,9666.450000000001,4.33,11.74,36.97,23.62,3.14,8.779999999999999,64.45,1605396,8.029999999999999,,,,,,,,,
2019,Kabkot,3374,SEMARANG,73.93000000000001,2.06,45.59,-1.25,6.81,140199.52,4.5,9.960000000000001,30.54,21.22,1.19,7.98,69.59999999999999,1605396,8.029999999999999,,,,,,,,,
2019,Kabkot,3375,PEKALONGAN,89.54000000000001,1.12,55.72,1.66,5.5,7477.43,5.8,8.640000000000001,39.88,36.77,1.85,5.89,55.48,1605396,8.029999999999999,,,,,,,,,
2019,Kabkot,3376,TEGAL,81.36,1.41,41.68,10.05,5.77,11205.78,8.08,13.16,42.15,14.74,2.82,8.869999999999999,73.56,1605396,8.029999999999999,,,,,,,,,
2019,Kabkot,3401,KULON PROGO,70.14,1.43,41.39,20.27,13.49,8770.75,1.8,6.59,59.69,24.72,25.87,9.390000000000001,40.02,1570923,8.029999999999999,,,,,,,,,
2019,Kabkot,3402,BANTUL,83.94,1.36,43.39,3.94,5.53,19155.27,3.07,6.62,49.22,20.86,14.91,8.220000000000001,56.01,1570923,8.029999999999999,,,,,,,,,
2019,Kabkot,3403,GUNUNGKIDUL,85.81,1.16,28.21,2.54,5.34,13605.07,1.96,8.31,69.14,10.57,42.15,11.05,36.24,1570923,8.029999999999999,,,,,,,,,
2019,Kabkot,3404,SLEMAN,80.88,1.68,40.36,8.369999999999999,6.48,35286.51,3.98,7.52,42.96,16.1,11,6.23,66.67,1570923,8.029999999999999,,,,,,,,,
2019,Kabkot,3471,YOGYAKARTA,81.26000000000001,1.48,48.28,-.87,5.96,27685.29,4.95,10.41,39.83,14.47,.32,4.19,81.01000000000001,1570923,8.029999999999999,,,,,,,,,
2019,Kabkot,3501,PACITAN,81.84,1.24,19.81,3,5.08,11040.77,.91,4.44,79.06999999999999,7.64,55.46,9.369999999999999,27.53,1630059,8.029999999999999,,,,,,,,,
2019,Kabkot,3502,PONOROGO,75,1.35,27.44,27.31,5.01,14297.1,3.5,13.9,73.84999999999999,12.61,43.65,8.380000000000001,35.35,1630059,8.029999999999999,,,,,,,,,
2019,Kabkot,3503,TRENGGALEK,84.02,1.23,29.97,.6899999999999999,5.08,12779.45,3.36,13.28,73.36,15.59,42.86,9.32,32.23,1630059,8.029999999999999,,,,,,,,,
2019,Kabkot,3504,TULUNGAGUNG,86.81999999999999,1.18,36.81,-3.21,5.32,27299.8,3.29,12.97,67.06999999999999,18.14,32.48,10.39,38.99,1630059,8.029999999999999,,,,,,,,,
2019,Kabkot,3505,BLITAR,86.56999999999999,1.17,26.41,8.98,5.12,25530.11,3.05,7.57,69.2,12.42,42.87,8.09,36.62,1630059,8.029999999999999,,,,,,,,,
2019,Kabkot,3506,KEDIRI,89.37,1.07,34.06,-19.12,5.06,29193.72,3.58,10.89,63.63,15.74,33.96,9.050000000000001,41.26,1630059,8.029999999999999,,,,,,,,,
2019,Kabkot,3507,MALANG,87.17,1.34,37.04,4.17,5.49,68379.67,3.7,10.81,59.68,16.36,30.71,9.94,42.99,1630059,8.029999999999999,,,,,,,,,
2019,Kabkot,3508,LUMAJANG,81.98,1.12,30.95,8.720000000000001,4.61,22563.39,2.73,9.880000000000001,66.12,14.48,40.33,8.69,36.5,1630059,8.029999999999999,,,,,,,,,
2019,Kabkot,3509,JEMBER,89.31,1.09,27.27,4.29,5.51,54200.04,3.69,12.45,62.88,11.36,40.19,8.34,40.11,1630059,8.029999999999999,,,,,,,,,
2019,Kabkot,3510,BANYUWANGI,86.73999999999999,1.16,32.58,24.03,5.55,55274.03,3.95,11.94,60.31,13.6,30.63,7.16,48.61,1630059,8.029999999999999,,,,,,,,,
2019,Kabkot,3511,BONDOWOSO,80.11,.99,25.48,-6.92,5.3,13637.36,2.86,10.35,76.28,14.11,45.38,5.73,34.78,1630059,8.029999999999999,,,,,,,,,
2019,Kabkot,3512,SITUBONDO,84.94,1.08,23.99,.13,5.44,13599.57,2.77,8.85,68.79000000000001,10.07,43.39,6.51,40.04,1630059,8.029999999999999,,,,,,,,,
2019,Kabkot,3513,PROBOLINGGO,87.39,1.08,27.95,21.48,4.56,23395.25,3.77,10.7,68.06999999999999,10.83,42.42,10.34,36.41,1630059,8.029999999999999,,,,,,,,,
2019,Kabkot,3514,PASURUAN,82.09,1.56,43.87,-1.26,5.83,105289.18,5.22,16.2,56.12,26.06,25.11,9.17,39.65,1630059,8.029999999999999,,,,,,,,,
2019,Kabkot,3515,SIDOARJO,67.53,2.08,55.45,.44,5.99,140492.94,4.62,9.94,31.56,33.44,2.94,8.19,55.43,1630059,8.029999999999999,,,,,,,,,
2019,Kabkot,3516,MOJOKERTO,79.64,1.67,51.32,8.16,5.81,58467.15,3.61,9.279999999999999,51.15,31.92,16.39,8.06,43.63,1630059,8.029999999999999,,,,,,,,,
2019,Kabkot,3517,JOMBANG,87.19,1.34,43.25,18.74,5.1,28216.18,4.28,9.35,58.03,21.02,19.61,9.93,49.44,1630059,8.029999999999999,,,,,,,,,
2019,Kabkot,3518,NGANJUK,81,1.23,28.02,.93,5.36,18304.2,3.16,9.35,72.06999999999999,10.13,41.47,7.3,41.1,1630059,8.029999999999999,,,,,,,,,
2019,Kabkot,3519,MADIUN,82.16,1.51,25.51,18,5.42,13161.84,3.52,13.52,68.13,8.76,39.63,9.84,41.77,1630059,8.029999999999999,,,,,,,,,
2019,Kabkot,3520,MAGETAN,72.69,1.48,30.58,11.54,5.04,13237.47,2.98,12.25,69.69,14.01,39.14,8.91,37.93,1630059,8.029999999999999,,,,,,,,,
2019,Kabkot,3521,NGAWI,81.45,1.3,24.76,24.87,5.05,13710.89,3.6,13.83,73.92,9.35,44.27,8.699999999999999,37.67,1630059,8.029999999999999,,,,,,,,,
2019,Kabkot,3522,BOJONEGORO,88.2,1.38,28.93,1.56,6.34,69985.67999999999,3.56,14.87,66.97,9.970000000000001,40.26,10.86,38.91,1630059,8.029999999999999,,,,,,,,,
2019,Kabkot,3523,TUBAN,85.61,1.37,27.95,4.27,5.14,45356.09,2.7,9.57,69.05,9.91,39.91,10.24,39.94,1630059,8.029999999999999,,,,,,,,,
2019,Kabkot,3524,LAMONGAN,83.20999999999999,1.34,32.59,-.45,5.43,27706.16,3.89,15.03,66.39,13.75,32.31,7.23,46.7,1630059,8.029999999999999,,,,,,,,,
2019,Kabkot,3525,GRESIK,65.54000000000001,2.07,53.24,-8.26,5.42,101346.6,5.4,14.44,48.69,32.55,14.61,9.050000000000001,43.79,1630059,8.029999999999999,,,,,,,,,
2019,Kabkot,3526,BANGKALAN,82.34999999999999,1.25,24.65,-18.66,1.03,18550.8,5.62,19.84,76.37,10.1,44.89,9.539999999999999,35.47,1630059,8.029999999999999,,,,,,,,,
2019,Kabkot,3527,SAMPANG,89.39,1.07,17.17,16.31,1.85,13994.78,2.71,9.52,80.98,4.3,61.15,7.45,27.09,1630059,8.029999999999999,,,,,,,,,
2019,Kabkot,3528,PAMEKASAN,88.58,1.08,24.3,18.22,4.92,11407.36,2.26,8,76.89,8.390000000000001,44.73,9.59,37.29,1630059,8.029999999999999,,,,,,,,,
2019,Kabkot,3529,SUMENEP,84.65000000000001,1.1,14.73,-7.26,.14,23816.44,2.08,11.86,81.59,6.32,64.09,4.96,24.63,1630059,8.029999999999999,,,,,,,,,
2019,Kabkot,3571,KEDIRI,83.54000000000001,1.41,42.4,2.48,5.47,90001.52,4.15,10.39,37.26,17.73,3.34,7.33,71.61,1630059,8.029999999999999,,,,,,,,,
2019,Kabkot,3572,BLITAR,81.75,1.33,40.25,8.23,5.84,4832.89,4.54,11.51,46.42,14.93,5.71,5.95,73.41,1630059,8.029999999999999,,,,,,,,,
2019,Kabkot,3573,MALANG,73.36,1.63,44.66,-3.34,5.7,52324.75,5.88,13.08,39.11,16.31,1.17,6.51,76.01000000000001,1630059,8.029999999999999,,,,,,,,,
2019,Kabkot,3574,PROBOLINGGO,74.25,1.57,43.1,3.69,5.94,8338.77,4.25,13.2,39.84,21.15,6.97,6.38,65.51000000000001,1630059,8.029999999999999,,,,,,,,,
2019,Kabkot,3575,PASURUAN,74.48999999999999,1.8,42.03,6.17,5.56,5964.66,4.89,13.31,38.22,24.76,4.72,4.95,65.58,1630059,8.029999999999999,,,,,,,,,
2019,Kabkot,3576,MOJOKERTO,65.09,1.93,48.11,-1.12,5.65,4985.68,2.63,5.54,38.52,28.64,2.02,6.12,63.23,1630059,8.029999999999999,,,,,,,,,
2019,Kabkot,3577,MADIUN,73.61,1.77,32.12,7.4,5.69,10623.07,3.96,10.71,40.65,10.21,1.55,5.33,82.91,1630059,8.029999999999999,,,,,,,,,
2019,Kabkot,3578,SURABAYA,72.62,2.17,45.64,1.26,6.09,410879.31,5.76,12.89,31.46,17.45,.5600000000000001,6.07,75.93000000000001,1630059,8.029999999999999,,,,,,,,,
2019,Kabkot,3579,BATU,85.48999999999999,1.37,30.94,11.51,6.51,11786.65,2.42,4.97,44.98,10.07,24.22,6.65,59.06,1630059,8.029999999999999,,,,,,,,,
2019,Kabkot,3601,PANDEGLANG,81.81999999999999,1.2,27.47,-12.58,4.42,19644.13,8.67,24.46,73.68000000000001,9.77,34.73,8.31,47.19,2267990,8.029999999999999,,,,,,,,,
2019,Kabkot,3602,LEBAK,87.23,1.06,28.64,-9.449999999999999,5.45,20810.49,7.96,22.71,73.68000000000001,11.07,39.17,10.05,39.71,2267990,8.029999999999999,,,,,,,,,
2019,Kabkot,3603,TANGERANG,59.65,1.59,55.77,5.91,5.56,97129.17,8.92,19.33,34,37.6,4.52,6.38,51.49,2267990,8.029999999999999,,,,,,,,,
2019,Kabkot,3604,SERANG,61.86,1.36,47.38,1.87,5.01,54347.49,10.58,26.24,52.62,28.14,17.08,10.68,44.1,2267990,8.029999999999999,,,,,,,,,
2019,Kabkot,3671,TANGERANG,60.2,1.84,48.62,1.09,4.02,110556.04,7.14,15.61,28.2,24.72,.66,6.9,67.72,2267990,8.029999999999999,,,,,,,,,
2019,Kabkot,3672,CILEGON,68,1.58,48.55,10.95,5.29,74228.64,9.640000000000001,22.45,31.76,19.84,1.77,12.8,65.59,2267990,8.029999999999999,,,,,,,,,
2019,Kabkot,3673,SERANG,61.47,1.85,41.13,30.01,6.2,22813.1,8.07,20.1,39.3,20.3,3.35,7.49,68.86,2267990,8.029999999999999,,,,,,,,,
2019,Kabkot,3674,TANGERANG SELATAN,74.59999999999999,2.16,39.08,-8.460000000000001,7.39,60137.01,4.78,13.09,30.47,8.42,.7,7.23,83.64,2267990,8.029999999999999,,,,,,,,,
2019,Kabkot,5101,JEMBRANA,88.59,.92,33.24,8.35,5.56,9420.440000000001,1.44,6.08,53.86,15.35,27.99,9.58,47.08,2297969,8.029999999999999,,,,,,,,,
2019,Kabkot,5102,TABANAN,79.65000000000001,1.26,39.45,-.76,5.58,15783.04,1.29,5.01,56.98,18.12,26.73,7.76,47.39,2297969,8.029999999999999,,,,,,,,,
2019,Kabkot,5103,BADUNG,79.75,1.42,49.46,5.22,5.81,37326.47,.4,1.29,38.05,11.55,7.42,6.21,74.81999999999999,2297969,8.029999999999999,,,,,,,,,
2019,Kabkot,5104,GIANYAR,83.34999999999999,1.17,50.88,-1.91,5.62,19040.9,1.46,3.88,45.46,23.79,12.36,6.53,57.32,2297969,8.029999999999999,,,,,,,,,
2019,Kabkot,5105,KLUNGKUNG,80.78,1.23,38.01,10.59,5.42,5990.94,1.57,4.4,54.41,13.64,22.11,8.94,55.31,2297969,8.029999999999999,,,,,,,,,
2019,Kabkot,5106,BANGLI,84.41,1.01,34.47,1.36,5.45,4587.22,.75,2.73,66.73,20.83,39.09,9.84,30.24,2297969,8.029999999999999,,,,,,,,,
2019,Kabkot,5107,KARANGASEM,87.23999999999999,1.01,31.63,13.87,5.5,11130.34,.62,1.89,65.75,14.58,34.31,10.11,41,2297969,8.029999999999999,,,,,,,,,
2019,Kabkot,5108,BULELENG,83.17,1.03,29.06,7.2,5.51,23425.32,3.12,9.800000000000001,61.71,11.61,31.48,7.65,49.26,2297969,8.029999999999999,,,,,,,,,
2019,Kabkot,5171,DENPASAR,78.36,1.57,43.41,-10.94,5.82,36154.42,2.29,3.68,33.35,11.5,1.9,6.85,79.75,2297969,8.029999999999999,,,,,,,,,
2019,Kabkot,5201,LOMBOK BARAT,81.23,1.07,35.51,3.05,3.84,10894.64,3.52,10.15,63.04,15.98,22.29,13.3,48.42,2012610,10.28,,,,,,,,,
2019,Kabkot,5202,LOMBOK TENGAH,77.91,1.13,38.09,-7.81,4.04,12398.52,2.35,7.14,80.90000000000001,20.83,32.5,12.17,34.5,2012610,10.28,,,,,,,,,
2019,Kabkot,5203,LOMBOK TIMUR,71.79000000000001,.99,28.98,-9.289999999999999,4.7,14424.04,3.35,8.859999999999999,79.08,14.81,35.06,10.76,39.38,2012610,10.28,,,,,,,,,
2019,Kabkot,5204,SUMBAWA,71.19,1.24,23.04,28.25,4.86,10470.75,2.99,8.49,74.15000000000001,8.210000000000001,40.11,9.449999999999999,42.23,2012610,10.28,,,,,,,,,
2019,Kabkot,5205,DOMPU,68.09,1.24,21.56,34.63,4.46,5059.3,3.04,7.69,69.34,6.69,37.71,8.4,47.2,2012610,10.28,,,,,,,,,
2019,Kabkot,5206,BIMA,76.29000000000001,1.02,20.84,22.02,4.26,8234.040000000001,2.79,3.93,75.26000000000001,8.43,47.38,4.6,39.58,2012610,10.28,,,,,,,,,
2019,Kabkot,5207,SUMBAWA BARAT,75.36,1.5,25.09,20.22,-1.15,12789.11,5.29,13.55,50.14,5.25,21.3,21.34,52.1,2012610,10.28,,,,,,,,,
2019,Kabkot,5208,LOMBOK UTARA,77.91,.89,24.73,,5.86,3477.13,1.99,4.51,72.16,4.75,42.19,14.7,38.36,2012610,10.28,,,,,,,,,
2019,Kabkot,5271,MATARAM,78.56999999999999,1.53,36.15,-6.4,5.58,13811.86,5.28,13.09,47.95,9.16,2.38,10.08,78.38,2012610,10.28,,,,,,,,,
2019,Kabkot,5272,BIMA,71.84,1.27,33.49,2.77,5.15,3029.04,4.06,7.58,54.27,10.6,10.1,9.449999999999999,69.84999999999999,2012610,10.28,,,,,,,,,
2019,Kabkot,5301,SUMBA BARAT,66.06999999999999,1.26,16.61,-.55,5.13,1441.32,2.95,7.85,70.12,7.24,50.96,6.04,35.76,1795000,8.130000000000001,,,,,,,,,
2019,Kabkot,5302,SUMBA TIMUR,73.56999999999999,1.25,18.56,45.82,5.13,4001.27,2.08,4.78,69.81999999999999,8.380000000000001,48.92,8.109999999999999,34.58,1795000,8.130000000000001,,,,,,,,,
2019,Kabkot,5303,KUPANG,68.84999999999999,.97,19.3,24.91,4.27,4791.68,4.19,10.58,72.56,7.35,52.57,7.28,32.8,1795000,8.130000000000001,,,,,,,,,
2019,Kabkot,5304,TIMOR TENGAH SELATAN,61.13,1.26,25.02,50.51,5.1,4771.99,1.86,6.14,77.86,12.21,48.38,7.53,31.88,1795000,8.130000000000001,,,,,,,,,
2019,Kabkot,5305,TIMOR TENGAH UTARA,75.67,1.05,33.2,4.79,5.11,2899.82,1.11,3.67,74.18000000000001,19.24,44,5.99,30.77,1795000,8.130000000000001,,,,,,,,,
2019,Kabkot,5306,BELU,64.92,1.2,23.91,39.29,5.38,2956.52,6.7,17.06,68.68000000000001,8.66,43.45,7.8,40.09,1795000,8.130000000000001,,,,,,,,,
2019,Kabkot,5307,ALOR,56.33,1.02,17.01,32.02,5.1,2007.18,2.81,7.58,71.7,6.39,48.88,5.64,39.09,1795000,8.130000000000001,,,,,,,,,
2019,Kabkot,5308,LEMBATA,71.47,1.14,21.02,23.51,5.09,1166.98,3.92,14.03,65.93000000000001,4.51,45.19,9.51,40.79,1795000,8.130000000000001,,,,,,,,,
2019,Kabkot,5309,FLORES TIMUR,84.59,.9399999999999999,21.14,-10.18,4.8,3493.52,2.92,8.9,72.67,10.55,46.72,5.44,37.29,1795000,8.130000000000001,,,,,,,,,
2019,Kabkot,5310,SIKKA,69.62,1.22,29.59,28.3,5.19,3334.18,3.35,9.98,71.14,15.19,39.04,8.210000000000001,37.56,1795000,8.130000000000001,,,,,,,,,
2019,Kabkot,5311,ENDE,78.05,1.06,31.54,20.69,5.08,4131.22,2.89,7.18,74.90000000000001,19.29,42.77,6.52,31.42,1795000,8.130000000000001,,,,,,,,,
2019,Kabkot,5312,NGADA,67.17,1.08,18.21,24.65,5,2309.36,3.16,8.31,65.14,6.43,49.83,8.09,35.64,1795000,8.130000000000001,,,,,,,,,
2019,Kabkot,5313,MANGGARAI,73.48,1.3,24.04,63.53,5,3018.3,2.92,7.36,76.67,10.09,49.12,8.33,32.46,1795000,8.130000000000001,,,,,,,,,
2019,Kabkot,5314,ROTE NDAO,67.36,1.09,23.14,29.52,5.24,1927.58,2.59,6.56,71.67,10.7,50.07,9.359999999999999,29.87,1795000,8.130000000000001,,,,,,,,,
2019,Kabkot,5315,MANGGARAI BARAT,74.81,1.09,16.4,2.76,5.54,2247.44,2.17,6.65,75.64,4.59,62.27,8.15,24.98,1795000,8.130000000000001,,,,,,,,,
2019,Kabkot,5316,SUMBA TENGAH,64.54000000000001,1.13,10.52,-1.51,5.01,750.15,3.23,10.07,74.05,3.66,59.66,8.74,27.95,1795000,8.130000000000001,,,,,,,,,
2019,Kabkot,5317,SUMBA BARAT DAYA,75.09999999999999,.99,17.89,22.68,5.06,2305.02,1.17,3.44,84.20999999999999,10.49,64.08,5.03,20.4,1795000,8.130000000000001,,,,,,,,,
2019,Kabkot,5318,NAGEKEO,78.02,1.06,17.28,-28.23,4.4,1371.27,2.7,10.58,80.09999999999999,8.869999999999999,62.29,5.73,23.11,1795000,8.130000000000001,,,,,,,,,
2019,Kabkot,5319,MANGGARAI TIMUR,67.04000000000001,.9399999999999999,8.27,-32.68,4.96,2023.56,.98,1.44,88.73999999999999,2.8,80.28,3.18,13.75,1795000,8.130000000000001,,,,,,,,,
2019,Kabkot,5320,SABU RAIJUA,72.73,1.31,23.9,48.92,4.47,781.83,2.6,8.48,76.5,15.51,51.41,8.94,24.15,1795000,8.130000000000001,,,,,,,,,
2019,Kabkot,5321,MALAKA,67.61,1.16,30.1,20.8,4.9,1860.5,2.12,9.18,77.26000000000001,20.28,45.18,5.23,29.3,1795000,8.130000000000001,,,,,,,,,
2019,Kabkot,5371,KUPANG,72.90000000000001,1.48,30.35,-2.73,6.04,16693.92,9.18,20.05,34.87,5.9,4.77,10.09,79.23999999999999,1795000,8.130000000000001,,,,,,,,,
2019,Kabkot,6101,SAMBAS,88.13,.98,21.16,-4.81,4.75,13641.74,3.48,14.38,68.65000000000001,7.26,57.2,7.24,28.3,2211500,8.039999999999999,,,,,,,,,
2019,Kabkot,6102,BENGKAYANG,79.02,1.09,13.78,5.83,5.14,5714.3,2.66,6.25,69.43000000000001,3.19,58.73,10.88,27.21,2211500,8.039999999999999,,,,,,,,,
2019,Kabkot,6103,LANDAK,77.28,1.16,12.22,-4.43,4.88,7022.01,2.69,6.91,68.48,3.07,68.69,4.85,23.39,2211500,8.039999999999999,,,,,,,,,
2019,Kabkot,6104,MEMPAWAH,87.88,1.07,31.3,7.36,5.78,5241.75,5.11,11.21,46.74,9.75,30.38,13.43,46.44,2211500,8.039999999999999,,,,,,,,,
2019,Kabkot,6105,SANGGAU,70.83,1.13,15.56,1.27,3.73,13142.29,3,8.34,67.36,5.57,65.34,5.68,23.42,2211500,8.039999999999999,,,,,,,,,
2019,Kabkot,6106,KETAPANG,78.38,1.2,20.78,-4.86,6.58,17999.84,4.39,13.23,53.24,7.67,52.02,8.99,31.32,2211500,8.039999999999999,,,,,,,,,
2019,Kabkot,6107,SINTANG,73.65000000000001,1.2,8.529999999999999,7.03,4.99,9586.049999999999,3.1,9.59,73.8,1.54,67.84999999999999,8.449999999999999,22.16,2211500,8.039999999999999,,,,,,,,,
2019,Kabkot,6108,KAPUAS HULU,90.81,1.03,11.34,27.71,3.8,6390,2.43,7.34,66.98,2.92,62.65,12.33,22.1,2211500,8.039999999999999,,,,,,,,,
2019,Kabkot,6109,SEKADAU,76.55,.91,9.43,-13.87,5.44,4294.12,3.04,9,79.22,2.36,70.17,5.79,21.67,2211500,8.039999999999999,,,,,,,,,
2019,Kabkot,6110,MELAWI,74.26000000000001,1.12,10.69,-14.44,4.41,3385.82,2.39,6.62,71.41,4.39,57.59,12.5,25.52,2211500,8.039999999999999,,,,,,,,,
2019,Kabkot,6111,KAYONG UTARA,75.02,1.07,21.41,21.81,4.97,2536.74,3.89,10.31,58.16,8.779999999999999,46.16,12.44,32.62,2211500,8.039999999999999,,,,,,,,,
2019,Kabkot,6112,KUBU RAYA,75.69,1.11,31.17,1.43,5.68,18268.64,5.5,11.62,48.22,8.380000000000001,35.2,11.18,45.24,2211500,8.039999999999999,,,,,,,,,
2019,Kabkot,6171,PONTIANAK,83.58,1.32,39.56,-10.44,4.02,24804.7,9.06,14.39,38.17,9.619999999999999,3.86,10.41,76.11,2211500,8.039999999999999,,,,,,,,,
2019,Kabkot,6172,SINGKAWANG,80.11,1.14,26.86,-11.67,4.41,6828.39,6.31,14.76,44.69,6.9,23.31,11.39,58.4,2211500,8.039999999999999,,,,,,,,,
2019,Kabkot,6201,KOTAWARINGIN BARAT,70.95,1.11,28.63,13.88,5.79,12877.64,2.58,5.99,45.19,9.789999999999999,31.08,7.59,51.55,2663435,10,,,,,,,,,
2019,Kabkot,6202,KOTAWARINGIN TIMUR,72.78,1.07,24.3,-2.96,7.1,18457.37,4.41,11.36,47.17,5.41,38.03,11.09,45.47,2663435,10,,,,,,,,,
2019,Kabkot,6203,KAPUAS,76.22,.92,11.97,-7.36,7.16,10911.52,5.18,16.74,65.95999999999999,5.04,52.97,10.42,31.57,2663435,10,,,,,,,,,
2019,Kabkot,6204,BARITO SELATAN,71.95,1.14,16.52,13.11,4.96,4367.13,4.05,12.44,54.52,4.86,46.1,12.21,36.83,2663435,10,,,,,,,,,
2019,Kabkot,6205,BARITO UTARA,73.47,1.22,18.81,-2.67,5.42,7114.71,3.93,9.16,59.11,5.98,38.29,12.78,42.95,2663435,10,,,,,,,,,
2019,Kabkot,6206,SUKAMARA,79.20999999999999,1.07,19.36,13.81,6.06,2849.19,4.8,9.640000000000001,39.87,5.22,46.45,8.76,39.57,2663435,10,,,,,,,,,
2019,Kabkot,6207,LAMANDAU,84.02,.99,16.58,10.98,6.87,3746.51,2.32,5.61,46.55,4.97,51.43,7.92,35.68,2663435,10,,,,,,,,,
2019,Kabkot,6208,SERUYAN,73.83,1.12,17.12,5.95,5.09,6042.81,4.45,12.47,29.69,8.57,51.36,5.21,34.86,2663435,10,,,,,,,,,
2019,Kabkot,6209,KATINGAN,88.13,.99,19.49,-26.75,5.81,5110.22,5.25,13.14,65.20999999999999,8.109999999999999,37.36,20.05,34.48,2663435,10,,,,,,,,,
2019,Kabkot,6210,PULANG PISAU,76.03,1.02,13.53,-9.890000000000001,6.36,3393.13,1.71,6.78,65.40000000000001,3.18,51.58,13.6,31.65,2663435,10,,,,,,,,,
2019,Kabkot,6211,GUNUNG MAS,72.08,1.09,14.9,10.16,7.21,3501.67,2.62,5.28,49.03,7.08,31.51,30.16,31.25,2663435,10,,,,,,,,,
2019,Kabkot,6212,BARITO TIMUR,74.56,1.17,12.38,2.2,5.43,5327.04,2.82,7.41,61.27,3.83,47.11,9.43,39.62,2663435,10,,,,,,,,,
2019,Kabkot,6213,MURUNG RAYA,83.75,1.11,14.45,10.26,5.94,5868.08,2.99,4.95,56.37,4.17,33.51,23.3,39.02,2663435,10,,,,,,,,,
2019,Kabkot,6271,PALANGKA RAYA,63.64,1.48,26.39,-1.01,7.17,10884.64,5.81,12.37,36.5,4.49,6.37,9.359999999999999,79.78,2663435,10,,,,,,,,,
2019,Kabkot,6301,TANAH LAUT,69.63,1.1,23.06,6.89,3.72,10366.65,3.38,8.619999999999999,56.17,6.91,41.87,9.42,41.8,2651782,8.029999999999999,,,,,,,,,
2019,Kabkot,6302,KOTABARU,69.59,1.27,21.76,15.8,4.13,17637.05,4.78,14.4,49.16,6.24,46.01,7.21,40.54,2651782,8.029999999999999,,,,,,,,,
2019,Kabkot,6303,BANJAR,86.58,.87,27.92,20.18,4.51,11967.13,2.89,8.59,62.58,7.92,34.59,9.109999999999999,48.39,2651782,8.029999999999999,,,,,,,,,
2019,Kabkot,6304,BARITO KUALA,80.84,.98,21.92,-5.66,5.04,5822.27,2.39,7.59,71.39,9.83,50.84,5.72,33.6,2651782,8.029999999999999,,,,,,,,,
2019,Kabkot,6305,TAPIN,78.15000000000001,1.22,19.29,19.16,4.24,6454.99,3.65,11.83,62.69,5.08,39.64,15.39,39.88,2651782,8.029999999999999,,,,,,,,,
2019,Kabkot,6306,HULU SUNGAI SELATAN,72.67,.89,30.55,16.61,5.28,4706.46,2.43,9.949999999999999,66.55,15.45,29.48,7.23,47.84,2651782,8.029999999999999,,,,,,,,,
2019,Kabkot,6307,HULU SUNGAI TENGAH,70.84999999999999,.99,26,13.15,4.76,4882.21,2.8,10,70.56,7.61,37.03,8.109999999999999,47.25,2651782,8.029999999999999,,,,,,,,,
2019,Kabkot,6308,HULU SUNGAI UTARA,86.54000000000001,.78,31.42,18.21,5.51,3325.25,3.35,8.16,63.35,17.96,24.89,5.46,51.68,2651782,8.029999999999999,,,,,,,,,
2019,Kabkot,6309,TABALONG,71.51000000000001,1.44,19.05,-8.359999999999999,3.5,14853.25,3.18,10.66,65.79000000000001,3.61,40.78,16.5,39.11,2651782,8.029999999999999,,,,,,,,,
2019,Kabkot,6310,TANAH BUMBU,81.25,1.07,23.84,-6.57,3.58,15613.39,6.05,14.4,46.53,7.01,27.84,16.49,48.66,2651782,8.029999999999999,,,,,,,,,
2019,Kabkot,6311,BALANGAN,75.98999999999999,1.03,11.96,12.36,3.16,9409.83,2.28,7.58,73.17,3.79,57.89,9,29.32,2651782,8.029999999999999,,,,,,,,,
2019,Kabkot,6371,BANJARMASIN,75.2,1.05,41.89,.73,6.09,22348.71,7.49,15.8,38.35,12.03,.57,7.84,79.56,2651782,8.029999999999999,,,,,,,,,
2019,Kabkot,6372,BANJAR BARU,72.03,1.42,36.27,-3.33,6.85,6232.67,4.93,13.29,41.06,11.94,7.34,13.39,67.34,2651782,8.029999999999999,,,,,,,,,
2019,Kabkot,6401,PASER,76.22,1.15,19.87,-13.18,3.99,35734.75,4.38,12.35,52.35,3.25,37.75,13.29,45.71,2747561,8.029999999999999,,,,,,,,,
2019,Kabkot,6402,KUTAI BARAT,79.48,1.25,15.87,8.710000000000001,5.69,21253.83,4.89,10.22,54.99,5.24,34.39,14.06,46.31,2747561,8.029999999999999,,,,,,,,,
2019,Kabkot,6403,KUTAI KARTANEGARA,71.23999999999999,1.39,21.74,-.83,3.92,126272.4,5.79,13,48.28,7.86,29.93,20.06,42.15,2747561,8.029999999999999,,,,,,,,,
2019,Kabkot,6404,KUTAI TIMUR,68.2,1.46,22.61,1,8.17,95815.41,5.45,13.51,41.62,2.25,31.66,17.46,48.63,2747561,8.029999999999999,,,,,,,,,
2019,Kabkot,6405,BERAU,73.88,1.47,24.1,1.84,5.63,28275.57,4.95,13.64,39.9,6.92,26.7,19.89,46.5,2747561,8.029999999999999,,,,,,,,,
2019,Kabkot,6409,PENAJAM PASER UTARA,71.5,1.14,25.88,-9.77,2.61,6762.58,6.03,18.55,56.84,8.44,36.61,8.99,45.96,2747561,8.029999999999999,,,,,,,,,
2019,Kabkot,6411,MAHAKAM ULU,78.98,1.12,6.68,-16.91,5.52,1767.8,3.56,10.14,68.34999999999999,.97,58.99,4.81,35.22,2747561,8.029999999999999,,,,,,,,,
2019,Kabkot,6471,BALIKPAPAN,74.14,1.53,43.71,-6.85,4.99,83793.41,7.15,14.98,35.08,10.99,3.36,12.26,73.38,2747561,8.029999999999999,,,,,,,,,
2019,Kabkot,6472,SAMARINDA,71.54000000000001,1.32,34.08,-1.28,5,45491.36,5.73,12.38,33.88,8.19,3.06,13.6,75.15000000000001,2747561,8.029999999999999,,,,,,,,,
2019,Kabkot,6474,BONTANG,69.23,2.12,39.14,-6.61,-2.15,40427.7,9.02,19.59,32.93,13.15,7.56,21.19,58.09,2747561,8.029999999999999,,,,,,,,,
2019,Kabkot,6501,MALINAU,71.68000000000001,1.33,11.07,-8.130000000000001,6.44,7849.49,3.99,13.96,53.86,1.67,42.86,9.27,46.21,2765463,8.029999999999999,,,,,,,,,
2019,Kabkot,6502,BULUNGAN,77.17,1.34,21.4,2.37,4.7,11628.63,4.39,13.46,46.68,6.43,30.94,15.31,47.32,2765463,8.029999999999999,,,,,,,,,
2019,Kabkot,6503,TANA TIDUNG,69.27,1.58,15.93,-14.19,4.89,3695.61,4.54,7.99,38.8,3.58,26.89,15.19,54.35,2765463,8.029999999999999,,,,,,,,,
2019,Kabkot,6504,NUNUKAN,78.72,1.08,18.57,-16.39,6.78,15861.82,3.76,7.62,57.45,3.2,44.99,6.23,45.58,2765463,8.029999999999999,,,,,,,,,
2019,Kabkot,6571,TARAKAN,79.48,1.16,37.14,-7.49,7.68,22232.71,5.3,14.11,36.46,15.25,16.51,8.640000000000001,59.6,2765463,8.029999999999999,,,,,,,,,
2019,Kabkot,7101,BOLAANG MONGONDOW,79.22,.79,22.33,-7.99,7.89,5459.31,4.18,15.83,74.02,5.87,48.47,15.25,30.4,3051076,8.029999999999999,,,,,,,,,
2019,Kabkot,7102,MINAHASA,75.55,1.32,26.74,15.97,5.79,11805.49,5.58,24.86,56.67,7.71,32.08,7.57,52.64,3051076,8.029999999999999,,,,,,,,,
2019,Kabkot,7103,KEPULAUAN SANGIHE,75.56,.85,26.2,27.22,5.42,3010.13,4.01,12.07,59.06,6.88,33.6,13.8,45.72,3051076,8.029999999999999,,,,,,,,,
2019,Kabkot,7104,KEPULAUAN TALAUD,70.11,.84,27.67,5.84,4.69,1604.81,2.68,10.43,71.27,17.86,39.03,5.28,37.83,3051076,8.029999999999999,,,,,,,,,
2019,Kabkot,7105,MINAHASA SELATAN,75.84,.95,22.77,4.85,5.97,6120.45,4.06,15.33,62.43,11.88,43.7,5.61,38.81,3051076,8.029999999999999,,,,,,,,,
2019,Kabkot,7106,MINAHASA UTARA,85.34999999999999,1.07,33.41,10.1,6.35,9379.23,4.84,12.24,45.39,11.84,23.65,12.16,52.35,3051076,8.029999999999999,,,,,,,,,
2019,Kabkot,7107,BOLAANG MONGONDOW UTARA,84.26000000000001,.67,22.88,3.96,6.17,1679.21,4.42,15.01,62.76,7.34,38.59,7.4,46.67,3051076,8.029999999999999,,,,,,,,,
2019,Kabkot,7108,SIAU TAGULANDANG BIARO,76.90000000000001,1,17.21,20.07,6.65,1594.05,2.65,11.24,69.65000000000001,2.98,45.33,6.46,45.24,3051076,8.029999999999999,,,,,,,,,
2019,Kabkot,7109,MINAHASA TENGGARA,82.93000000000001,.8100000000000001,27.99,19.13,5.98,3637.72,3.03,12.38,66.01000000000001,12.25,46.14,9.65,31.97,3051076,8.029999999999999,,,,,,,,,
2019,Kabkot,7110,BOLAANG MONGONDOW SELATAN,71.28,.8,14.4,10.63,6.39,1328.57,4.59,14.67,64.27,2.57,48.37,10.03,39.03,3051076,8.029999999999999,,,,,,,,,
2019,Kabkot,7111,BOLAANG MONGONDOW TIMUR,87.31999999999999,.8100000000000001,15.55,7.81,4.8,1878.47,6.07,19.31,61.6,4.83,50.93,12.66,31.58,3051076,8.029999999999999,,,,,,,,,
2019,Kabkot,7171,MANADO,74.43000000000001,1.3,41.68,-14.07,6.05,25585.61,10.12,25.52,40.13,6.54,3.26,10.78,79.42,3051076,8.029999999999999,,,,,,,,,
2019,Kabkot,7172,BITUNG,83.27,1.15,43.86,-1.92,4.06,11171.83,9.49,22.78,38.78,15.66,13.64,10.67,60.03,3051076,8.029999999999999,,,,,,,,,
2019,Kabkot,7173,TOMOHON,82.38,1.09,35.47,-4.79,6.76,3163.46,7.48,23.65,42.22,8.470000000000001,13.13,10.49,67.91,3051076,8.029999999999999,,,,,,,,,
2019,Kabkot,7174,KOTAMOBAGU,79.8,.98,28.75,-3.36,6.13,2392.38,5.62,14.86,48.19,7.38,18.12,8.359999999999999,66.14,3051076,8.029999999999999,,,,,,,,,
2019,Kabkot,7201,BANGGAI KEPULAUAN,58.63,1.03,18.7,3.5,4.02,2666.09,2,4.44,63.92,5.44,48.85,7.96,37.75,2123040,8.029999999999999,,,,,,,,,
2019,Kabkot,7202,BANGGAI,73.36,1.16,23.48,28.54,5.94,19450.68,2.18,5.15,62.59,8.699999999999999,38.54,9.99,42.78,2123040,8.029999999999999,,,,,,,,,
2019,Kabkot,7203,MOROWALI,59.37,1.73,16.42,8.050000000000001,20.26,34102.75,2.97,7.43,54.01,7.77,38.34,11.7,42.2,2123040,8.029999999999999,,,,,,,,,
2019,Kabkot,7204,POSO,76.37,1.16,19.97,1.64,6.2,6476.4,2.18,6.81,68.23,6.84,46.49,8.85,37.82,2123040,8.029999999999999,,,,,,,,,
2019,Kabkot,7205,DONGGALA,84.38,.91,20.34,22,4.45,8528.690000000001,2.76,5.59,64.16,5.83,48.12,10.81,35.24,2123040,8.029999999999999,,,,,,,,,
2019,Kabkot,7206,TOLI-TOLI,77.94,1.01,17.65,3.05,4.79,5729.04,3.1,9.5,65.15000000000001,5.39,48.02,6.39,40.2,2123040,8.029999999999999,,,,,,,,,
2019,Kabkot,7207,BUOL,76.34999999999999,.95,16.33,6.62,2.14,3956.65,4.01,9.42,64.31,6.11,48.45,9.220000000000001,36.22,2123040,8.029999999999999,,,,,,,,,
2019,Kabkot,7208,PARIGI MOUTONG,78.90000000000001,.89,19.75,13.28,2.21,11676.77,2.36,3.94,74.8,7.72,54.05,7.85,30.38,2123040,8.029999999999999,,,,,,,,,
2019,Kabkot,7209,TOJO UNA-UNA,64.40000000000001,1.03,17.86,10.38,4.74,3842.41,2.92,6.84,68.33,8.140000000000001,49.49,5.79,36.59,2123040,8.029999999999999,,,,,,,,,
2019,Kabkot,7210,SIGI,71.95999999999999,.97,22.68,18.95,3.64,6211,2.54,6.23,67.98,6.95,44.72,10.44,37.88,2123040,8.029999999999999,,,,,,,,,
2019,Kabkot,7211,BANGGAI LAUT,84.11,.76,12.13,5.16,3.5,1674.27,3.04,6.36,70.91,3.87,51.15,6.49,38.49,2123040,8.029999999999999,,,,,,,,,
2019,Kabkot,7212,MOROWALI UTARA,69.92,1.42,14.47,11.98,5.18,8090.23,3.05,9.619999999999999,58.83,4.78,50.27,7.76,37.19,2123040,8.029999999999999,,,,,,,,,
2019,Kabkot,7271,PALU,63.25,1.46,32,3.78,5.65,16180.29,6.32,11.25,38.25,10.58,1.44,9.19,78.79000000000001,2123040,8.029999999999999,,,,,,,,,
2019,Kabkot,7301,KEPULAUAN SELAYAR,69.13,.8,21.19,1.75,7.68,3685.67,1.1,2.7,57.49,8.33,37.38,7.35,46.94,2860382,8.029999999999999,,,,,,,,,
2019,Kabkot,7302,BULUKUMBA,75.7,.73,18.11,-9.390000000000001,5.49,8567.459999999999,3.06,7.73,71.48,8.49,50.11,5.88,35.52,2860382,8.029999999999999,,,,,,,,,
2019,Kabkot,7303,BANTAENG,75.59999999999999,.6899999999999999,18.53,-6.16,10.75,5621.52,3.65,9.76,70.31999999999999,7.8,47.8,5.86,38.54,2860382,8.029999999999999,,,,,,,,,
2019,Kabkot,7304,JENEPONTO,76.16,1,16.24,6.22,5.47,6685.62,1.99,3.89,77.95999999999999,4.22,57.24,8.73,29.8,2860382,8.029999999999999,,,,,,,,,
2019,Kabkot,7305,TAKALAR,83.91,.85,27.58,33.59,6.87,6616.25,3.78,10.55,55.56,9.76,29.72,11.17,49.36,2860382,8.029999999999999,,,,,,,,,
2019,Kabkot,7306,GOWA,79.37,1.08,33.52,.65,7.46,13783.11,4.35,14.19,62.56,13.1,26.56,13.06,47.28,2860382,8.029999999999999,,,,,,,,,
2019,Kabkot,7307,SINJAI,81.20999999999999,.73,11.05,13.74,6.12,7090.28,2.17,5.24,72.40000000000001,3.66,58.62,2.91,34.81,2860382,8.029999999999999,,,,,,,,,
2019,Kabkot,7308,MAROS,76.08,.95,33.98,2.68,1.24,13726.28,4.42,9.68,54.11,16.08,26.9,8.93,48.09,2860382,8.029999999999999,,,,,,,,,
2019,Kabkot,7309,PANGKAJENE DAN KEPULAUAN,75.68000000000001,.8,32.1,6.33,6.41,17205.17,4.99,14.24,54.69,12.84,28.65,11.65,46.86,2860382,8.029999999999999,,,,,,,,,
2019,Kabkot,7310,BARRU,78.75,.72,29.3,25.38,7.41,4797.43,5.39,13.95,54.44,8.380000000000001,27.07,12.87,51.67,2860382,8.029999999999999,,,,,,,,,
2019,Kabkot,7311,BONE,76.54000000000001,.84,16.11,-2.4,7.01,22108.04,3.01,8.41,70.56,8.779999999999999,56.72,3.14,31.36,2860382,8.029999999999999,,,,,,,,,
2019,Kabkot,7312,SOPPENG,78.01000000000001,.63,15.44,15.52,7.69,6993.53,3.24,12.05,67.37,5.64,51.46,4.4,38.5,2860382,8.029999999999999,,,,,,,,,
2019,Kabkot,7313,WAJO,78.31999999999999,.7,24.37,-11.5,4.06,12858.45,3,8.32,72.66,12.21,41.15,5.04,41.6,2860382,8.029999999999999,,,,,,,,,
2019,Kabkot,7314,SIDENRENG RAPPANG,90.31,.8,30.3,11.1,4.65,8450.690000000001,4.35,12.06,63.08,11.92,37.06,8.83,42.19,2860382,8.029999999999999,,,,,,,,,
2019,Kabkot,7315,PINRANG,74.45999999999999,.8100000000000001,22.02,.24,6.53,12770.08,2.91,7.11,63.77,9.279999999999999,37.05,8.050000000000001,45.63,2860382,8.029999999999999,,,,,,,,,
2019,Kabkot,7316,ENREKANG,71.51000000000001,.89,14.8,25.54,5.43,4535.55,2.15,8.51,76.69,5.88,55.8,2.65,35.67,2860382,8.029999999999999,,,,,,,,,
2019,Kabkot,7317,LUWU,71.95999999999999,.91,17.71,17.12,6.26,9728.969999999999,4.38,10.44,70.27,6.43,54.54,6.69,32.34,2860382,8.029999999999999,,,,,,,,,
2019,Kabkot,7318,TANA TORAJA,78.62,.99,12.69,16.89,7.22,4558.14,2.55,8.68,76.95999999999999,3.49,65.48,7.18,23.85,2860382,8.029999999999999,,,,,,,,,
2019,Kabkot,7322,LUWU UTARA,64.45,.79,20.04,31.36,7.11,8221.200000000001,2.76,8.039999999999999,72.08,7.96,48.65,6.01,37.38,2860382,8.029999999999999,,,,,,,,,
2019,Kabkot,7325,LUWU TIMUR,69.47,1.54,18.48,41.83,1.17,16022.95,3.81,9.77,57.85,4.41,44.04,12.3,39.25,2860382,8.029999999999999,,,,,,,,,
2019,Kabkot,7326,TORAJA UTARA,70.34,.96,18.64,18.22,7.56,5140.01,2.86,7.92,75.66,4.08,56.02,7.82,32.08,2860382,8.029999999999999,,,,,,,,,
2019,Kabkot,7371,MAKASSAR,73.33,1.3,36.95,3.63,8.789999999999999,122465.83,9.83,18.97,32.61,9.31,1.07,9.66,79.95999999999999,2860382,8.029999999999999,,,,,,,,,
2019,Kabkot,7372,PAREPARE,66,1.26,30.08,12.08,6.65,4947.79,6.17,11.15,38.79,7.95,2.47,8.130000000000001,81.45,2860382,8.029999999999999,,,,,,,,,
2019,Kabkot,7373,PALOPO,71.12,1.01,31.11,16.3,6.75,5447.36,9.67,20.76,32.12,10.56,8.49,8.44,72.51000000000001,2860382,8.029999999999999,,,,,,,,,
2019,Kabkot,7401,BUTON,58.32,.63,17.66,-3.03,4.93,2788.04,1.29,4.63,65.56999999999999,10.25,38.82,8.109999999999999,42.82,2351870,8.029999999999999,,,,,,,,,
2019,Kabkot,7402,MUNA,58.41,1.06,30.6,5.8,5.41,5068.04,4.63,11.88,66.76000000000001,12.37,32.19,11.75,43.69,2351870,8.029999999999999,,,,,,,,,
2019,Kabkot,7403,KONAWE,60.71,1.29,26.39,15.63,11.84,6904.79,3.01,6.09,67.34999999999999,13.63,34.74,10.07,41.56,2351870,8.029999999999999,,,,,,,,,
2019,Kabkot,7404,KOLAKA,79.52,1.03,17.31,10.66,6.14,18873.16,3.61,9.16,60.16,5.05,42.61,12,40.34,2351870,8.029999999999999,,,,,,,,,
2019,Kabkot,7405,KONAWE SELATAN,78.95999999999999,1.07,24.22,-7.93,5.69,8443.370000000001,2.21,7.32,71.92,11.18,46.39,8.869999999999999,33.56,2351870,8.029999999999999,,,,,,,,,
2019,Kabkot,7406,BOMBANA,74.23,.87,24.49,-6.93,5.99,4682.49,2.42,6.32,69.73,13.54,39.78,7.12,39.56,2351870,8.029999999999999,,,,,,,,,
2019,Kabkot,7407,WAKATOBI,70.12,.97,24.42,11.22,6.6,3073.27,2.43,7.82,66.42,7.72,40.36,7.54,44.38,2351870,8.029999999999999,,,,,,,,,
2019,Kabkot,7408,KOLAKA UTARA,58.9,.86,10.43,13.14,6.1,6331.38,1.37,1.88,77.75,3.74,64.13,3.75,28.38,2351870,8.029999999999999,,,,,,,,,
2019,Kabkot,7409,BUTON UTARA,68.94,.82,18.05,23.14,5.69,2228.59,2.64,7.53,67.58,8.01,41.78,4.54,45.66,2351870,8.029999999999999,,,,,,,,,
2019,Kabkot,7410,KONAWE UTARA,64.75,1.27,19.49,1.18,6.41,2848.57,3.84,10.77,56.05,11.1,39.32,16.1,33.48,2351870,8.029999999999999,,,,,,,,,
2019,Kabkot,7411,KOLAKA TIMUR,66.18000000000001,1.27,16.86,-16.84,5.91,3266.77,3.14,9.65,72.15000000000001,5.25,43.18,5.48,46.08,2351870,8.029999999999999,,,,,,,,,
2019,Kabkot,7412,KONAWE KEPULAUAN,78.86,.78,14.58,43.41,7.36,1053.58,1.79,6.43,71,6.36,49.92,4.27,39.45,2351870,8.029999999999999,,,,,,,,,
2019,Kabkot,7413,MUNA BARAT,78.81,.78,24.26,12.79,6.79,1843.1,3.1,5.52,71.72,11.32,47.98,6.53,34.18,2351870,8.029999999999999,,,,,,,,,
2019,Kabkot,7414,BUTON TENGAH,83.84,.53,30.32,-27.65,4.9,1656.39,4.03,15.07,74.22,13.87,35.28,14.02,36.83,2351870,8.029999999999999,,,,,,,,,
2019,Kabkot,7415,BUTON SELATAN,77,.86,16.68,-34.23,4.87,2062.35,3.59,14.17,71.31,6.65,47.35,9.029999999999999,36.97,2351870,8.029999999999999,,,,,,,,,
2019,Kabkot,7471,KENDARI,63.08,1.41,35.07,-.59,6.48,16745.4,6.09,11.58,33.95,9.460000000000001,1.55,10.18,78.81,2351870,8.029999999999999,,,,,,,,,
2019,Kabkot,7472,BAUBAU,69.68000000000001,1.04,27.15,3.99,6.59,6626.11,5.68,12.17,46.79,7.06,11.98,9.5,71.45999999999999,2351870,8.029999999999999,,,,,,,,,
2019,Kabkot,7501,BOALEMO,70.92,.9399999999999999,17.4,9.02,6.7,3504.25,2.96,8.460000000000001,68.12,5.48,48.06,6.05,40.41,2384020,8.029999999999999,,,,,,,,,
2019,Kabkot,7502,GORONTALO,76.56999999999999,.97,26.95,9.74,6.22,8868.73,2.97,9.15,65.54000000000001,10.67,33.71,6.32,49.3,2384020,8.029999999999999,,,,,,,,,
2019,Kabkot,7503,POHUWATO,82.15000000000001,.9,18.45,7.01,6.28,4610.49,2.73,7.71,59.9,6.37,39.9,7.04,46.68,2384020,8.029999999999999,,,,,,,,,
2019,Kabkot,7504,BONE BOLANGO,82.02,.99,26.81,27.87,6.35,3153.9,3.99,13.11,50.13,6.31,24.7,16.77,52.23,2384020,8.029999999999999,,,,,,,,,
2019,Kabkot,7505,GORONTALO UTARA,83.42,.92,17.75,-2.85,6.77,2325.47,4.57,13.83,65.16,4.94,46.94,8.130000000000001,39.99,2384020,8.029999999999999,,,,,,,,,
2019,Kabkot,7571,GORONTALO,65.01000000000001,1.23,37.18,-6.5,6.95,6173.37,5.9,16.1,40.91,8.33,2.6,7.65,81.42,2384020,8.029999999999999,,,,,,,,,
2019,Kabkot,7601,MAJENE,72.09,.84,28.64,2.64,5.89,3572.16,3.88,10.52,62.89,10.1,33.64,9.640000000000001,46.62,2381000,8.550000000000001,,,,,,,,,
2019,Kabkot,7602,POLEWALI MANDAR,77.25,.88,23.24,4.09,6.16,9390.940000000001,3.01,7.97,74.59999999999999,12.51,41.25,6.24,40,2381000,8.550000000000001,,,,,,,,,
2019,Kabkot,7603,MAMASA,60.28,.93,11.53,10.84,5.87,2240.36,2.86,8.859999999999999,78.66,3.13,62.15,8.15,26.57,2381000,8.550000000000001,,,,,,,,,
2019,Kabkot,7604,MAMUJU,76.3,.92,19.21,27.44,5.22,8335.09,2.46,6.46,66.23999999999999,5.28,44.93,11.3,38.48,2381000,8.550000000000001,,,,,,,,,
2019,Kabkot,7605,PASANGKAYU,65.95999999999999,1.21,16.1,11.18,4.4,7315.34,3.31,8.460000000000001,71.34999999999999,8.460000000000001,54.09,3.44,34.01,2381000,8.550000000000001,,,,,,,,,
2019,Kabkot,7606,MAMUJU TENGAH,68.79000000000001,.8100000000000001,20.3,2.91,5.21,2230.79,2.54,6.4,77.83,7.77,55.97,6.62,29.64,2381000,8.550000000000001,,,,,,,,,
2019,Kabkot,8101,KEPULAUAN TANIMBAR,56.65,1.17,17.85,-5.97,5.98,1685.82,4.61,16.24,75.19,6.4,53.94,4.45,35.22,2400664,8.029999999999999,,,,,,,,,
2019,Kabkot,8102,MALUKU TENGGARA,70.09,1.04,18.45,5.73,5.85,1971.23,2.45,10.82,66.12,4.61,49.41,6.22,39.75,2400664,8.029999999999999,,,,,,,,,
2019,Kabkot,8103,MALUKU TENGAH,65.95,1.21,25.05,11.21,5.83,5863.23,7.35,24.34,65.52,8.19,33.74,5.76,52.32,2400664,8.029999999999999,,,,,,,,,
2019,Kabkot,8104,BURU,59.21,.91,25.73,-12.68,6.06,1564.45,2.59,8.050000000000001,67.02,12.76,39.41,9.619999999999999,38.2,2400664,8.029999999999999,,,,,,,,,
2019,Kabkot,8105,KEPULAUAN ARU,63.44,1.25,23.49,-6.88,5.82,2278.62,3.86,12.1,64.23,14.23,43.7,5,37.07,2400664,8.029999999999999,,,,,,,,,
2019,Kabkot,8106,SERAM BAGIAN BARAT,59.32,.96,19.73,15.94,5.56,1966.73,5.17,14.85,74.59,9.5,53.75,5.63,31.12,2400664,8.029999999999999,,,,,,,,,
2019,Kabkot,8107,SERAM BAGIAN TIMUR,76.68000000000001,.83,15.28,35.44,1,1936.88,3.29,7.71,75.64,6.55,59.87,6.3,27.27,2400664,8.029999999999999,,,,,,,,,
2019,Kabkot,8108,MALUKU BARAT DAYA,66.70999999999999,1.06,15.32,16.37,5.99,1065.11,3.51,11.66,81.36,9.93,64.59999999999999,2.96,22.52,2400664,8.029999999999999,,,,,,,,,
2019,Kabkot,8109,BURU SELATAN,73.34,.84,24.1,50.63,5.88,892.11,2.29,5.97,78.27,18.07,51.48,3.35,27.1,2400664,8.029999999999999,,,,,,,,,
2019,Kabkot,8171,AMBON,54.81,1.46,35.63,5.54,5.78,10394.97,11.88,28.94,38.64,7.61,2.42,6.56,83.41,2400664,8.029999999999999,,,,,,,,,
2019,Kabkot,8172,TUAL,71.05,1.07,28.21,13.95,5.87,1501.02,8.880000000000001,24.48,47.28,11.14,21.08,8.710000000000001,59.08,2400664,8.029999999999999,,,,,,,,,
2019,Kabkot,8201,HALMAHERA BARAT,68.38,.91,16.62,77.87,5.33,1521.86,3.3,10.63,64.09,4.67,49.13,6.67,39.53,2508091,8.07,,,,,,,,,
2019,Kabkot,8202,HALMAHERA TENGAH,76.26000000000001,1.26,29.27,40.64,6.36,1518.91,4.04,7.79,51.78,17.7,29.09,13.78,39.43,2508091,8.07,,,,,,,,,
2019,Kabkot,8203,KEPULAUAN SULA,51.54,.85,15.24,31.79,6.15,1639.6,4.83,12.9,61.82,4.67,46.56,5.53,43.24,2508091,8.07,,,,,,,,,
2019,Kabkot,8204,HALMAHERA SELATAN,66.98999999999999,1.12,13.82,50.53,12.15,4865.86,4.47,11.45,70.19,5.36,58.15,7.52,28.97,2508091,8.07,,,,,,,,,
2019,Kabkot,8205,HALMAHERA UTARA,75.16,1.09,19.05,-8.44,2.64,3754.69,5.59,17.45,67.14,4.94,49.88,8.27,36.91,2508091,8.07,,,,,,,,,
2019,Kabkot,8206,HALMAHERA TIMUR,69.65000000000001,1.12,17.24,5.05,5.14,2291.77,4.34,10.71,66.2,6.14,49.67,15.15,29.04,2508091,8.07,,,,,,,,,
2019,Kabkot,8207,PULAU MOROTAI,80.06999999999999,.76,14.71,14.05,4.3,1031.74,4.78,9.67,64.83,3.52,50.43,4.67,41.37,2508091,8.07,,,,,,,,,
2019,Kabkot,8208,PULAU TALIABU,81.81999999999999,.88,6.02,1.34,9.23,989.63,4.68,9.869999999999999,78.67,1.98,72.68000000000001,4,21.34,2508091,8.07,,,,,,,,,
2019,Kabkot,8271,TERNATE,51.9,1.37,32.23,1.55,8,7274.9,5.87,16.14,44.89,6.85,9.859999999999999,7.95,75.34,2508091,8.07,,,,,,,,,
2019,Kabkot,8272,TIDORE KEPULAUAN,64.45999999999999,1.08,25.06,-3.34,6.12,2012.28,4.45,14.56,57.25,5.71,34.34,13.55,46.4,2508091,8.07,,,,,,,,,
2019,Kabkot,9101,FAKFAK,64.20999999999999,1.03,24.19,3.16,5.29,3545.31,11.49,30.26,49.71,1.83,19.07,11.96,67.14,2934500,10.03,,,,,,,,,
2019,Kabkot,9102,KAIMANA,76.90000000000001,1.08,19.12,-9.210000000000001,3.71,1803.96,6.51,12.74,64.3,4.13,40.07,6.85,48.95,2934500,10.03,,,,,,,,,
2019,Kabkot,9103,TELUK WONDAMA,64.28,1.01,20.09,-13.44,4.18,1012.03,3.23,6.83,62.09,2.46,32.83,16.16,48.55,2934500,10.03,,,,,,,,,
2019,Kabkot,9104,TELUK BINTUNI,65.15000000000001,1.1,23.71,13.38,3.41,25380.15,8.289999999999999,20.65,45.79,3.36,26.6,14.11,55.93,2934500,10.03,,,,,,,,,
2019,Kabkot,9105,MANOKWARI,69.06,1.18,23.83,2.89,3.6,6815.96,7.31,19.45,45.6,4.59,25.49,11.43,58.48,2934500,10.03,,,,,,,,,
2019,Kabkot,9106,SORONG SELATAN,49.91,1,8.68,-24.79,5.69,1304.83,3.82,8.41,70.54000000000001,.45,60.09,5.95,33.51,2934500,10.03,,,,,,,,,
2019,Kabkot,9107,SORONG,60.92,1.21,27.86,20.02,2.05,8599.91,2.94,8.710000000000001,59.21,7.94,34.21,14.91,42.95,2934500,10.03,,,,,,,,,
2019,Kabkot,9108,RAJA AMPAT,66.06999999999999,1.31,23.88,-2.57,4.16,2324.52,2.16,4.64,54.65,13.44,33.24,8.43,44.9,2934500,10.03,,,,,,,,,
2019,Kabkot,9109,TAMBRAUW,49.03,1,13.82,-.47,6.47,150.35,2.13,6.37,75.98,1.14,57.15,10.41,31.3,2934500,10.03,,,,,,,,,
2019,Kabkot,9110,MAYBRAT,42.68,1.07,6.5,-8,5.44,468.19,.5,1.93,74.23999999999999,1.47,64.45,7.35,26.73,2934500,10.03,,,,,,,,,
2019,Kabkot,9111,MANOKWARI SELATAN,79.81,.99,12.96,-11.03,8.539999999999999,595.22,2.48,5.76,55.84,1.09,37.02,7.94,53.95,2934500,10.03,,,,,,,,,
2019,Kabkot,9112,PEGUNUNGAN ARFAK,64.52,.78,0,152.39,6.91,142.57,.22,.57,90.84999999999999,0,90.72,0,9.279999999999999,2934500,10.03,,,,,,,,,
2019,Kabkot,9171,SORONG,71.81,1.18,27.1,12.51,3,10472.41,9.869999999999999,21.48,32.67,3.39,7.59,9.869999999999999,79.16,2934500,10.03,,,,,,,,,
2019,Kabkot,9401,MERAUKE,70.39,1.02,16.75,-24.15,7.55,10307.37,2.25,5.53,66.26000000000001,5.66,49.21,6.47,38.66,3240900,8.029999999999999,,,,,,,,,
2019,Kabkot,9402,JAYAWIJAYA,30.06,1.27,4.37,17.35,4.97,4746.65,2.18,5.26,86.36,.35,80.12,1.16,18.38,3240900,8.029999999999999,,,,,,,,,
2019,Kabkot,9403,JAYAPURA,61.55,1.21,17.99,-6.84,7.16,9978.84,10.26,19.78,64.73,2.67,38.43,6.67,52.22,3240900,8.029999999999999,,,,,,,,,
2019,Kabkot,9404,NABIRE,45.04,1.15,20.65,14.92,4.66,7457.29,6.55,13,58.89,2.11,28.78,8.470000000000001,60.64,3240900,8.029999999999999,,,,,,,,,
2019,Kabkot,9408,KEPULAUAN YAPEN,61.16,1.14,15.52,-27.88,-25.82,2898.82,5.36,16.33,72.52,5.18,50.88,3.73,40.22,3240900,8.029999999999999,,,,,,,,,
2019,Kabkot,9409,BIAK NUMFOR,64.54000000000001,1.16,18.9,-6.71,2.21,3429.6,10.07,29.02,64.03,5.16,35.12,7.69,52.03,3240900,8.029999999999999,,,,,,,,,
2019,Kabkot,9410,PANIAI,45.12,1.02,3.84,-49.37,3.84,3020.87,.83,2.09,94.48,.58,87.54000000000001,.92,10.95,3240900,8.029999999999999,,,,,,,,,
2019,Kabkot,9411,PUNCAK JAYA,56.5,1.03,2.2,20.41,4.09,1010.15,1.68,3.74,91.29000000000001,.41,88.90000000000001,0,10.68,3240900,8.029999999999999,,,,,,,,,
2019,Kabkot,9412,MIMIKA,58.17,1.7,32.16,-18.65,-38.52,45651.03,7.9,10.89,53.52,4.27,20.7,18.33,56.7,3240900,8.029999999999999,,,,,,,,,
2019,Kabkot,9413,BOVEN DIGOEL,81.77,1.06,21.72,26.27,1.66,3275.51,3.08,7.23,45.8,11.96,50.93,7.71,29.4,3240900,8.029999999999999,,,,,,,,,
2019,Kabkot,9414,MAPPI,74.39,.8100000000000001,7.86,4.93,6.11,1884.4,3.7,8.970000000000001,79.06,.79,68.63,3.7,26.88,3240900,8.029999999999999,,,,,,,,,
2019,Kabkot,9415,ASMAT,61.62,.98,6.45,80.01000000000001,4.79,1522.33,1.1,1.56,83.84,2.79,74.28,1.29,21.65,3240900,8.029999999999999,,,,,,,,,
2019,Kabkot,9416,YAHUKIMO,41.69,1.61,.96,-25.14,4.98,1526.97,1.92,5.86,96.36,.17,95.14,.31,4.38,3240900,8.029999999999999,,,,,,,,,
2019,Kabkot,9417,PEGUNUNGAN BINTANG,39.7,1.79,2.19,18.3,4.74,1409.83,1.55,3.66,86.08,0,84.02,.77,15.2,3240900,8.029999999999999,,,,,,,,,
2019,Kabkot,9418,TOLIKARA,39.24,1.2,2.82,5.16,3.92,1053.1,1.22,3.54,92.09999999999999,1.23,87.56,.33,10.87,3240900,8.029999999999999,,,,,,,,,
2019,Kabkot,9419,SARMI,53.96,1.21,20.36,18.97,5.86,1833.63,5.03,13.72,60.55,3.16,39.63,12.55,44.65,3240900,8.029999999999999,,,,,,,,,
2019,Kabkot,9420,KEEROM,57.09,1.12,11.4,13.19,3.9,1991.01,2.71,7.88,74.87,2.73,64.23,7.26,25.79,3240900,8.029999999999999,,,,,,,,,
2019,Kabkot,9426,WAROPEN,73.02,1.11,16.35,-12.17,5.43,1508.37,3.19,9.67,57.15,6.03,39.08,6.19,48.7,3240900,8.029999999999999,,,,,,,,,
2019,Kabkot,9427,SUPIORI,66.95,.95,11.5,13.48,4.33,760.97,4.4,15.97,64.98,1.97,53.97,6.68,37.38,3240900,8.029999999999999,,,,,,,,,
2019,Kabkot,9428,MAMBERAMO RAYA,59.39,.92,7.23,165.87,5.88,1013.95,2.59,7.42,85.86,.37,75.27,1.42,22.94,3240900,8.029999999999999,,,,,,,,,
2019,Kabkot,9430,LANNY JAYA,88.79000000000001,1.08,0,-10.95,5.16,1159.95,.12,.88,97.97,0,97.59999999999999,0,2.4,3240900,8.029999999999999,,,,,,,,,
2019,Kabkot,9431,MAMBERAMO TENGAH,63.86,1.22,0,143.38,4.94,750.95,.73,2.23,94.23999999999999,0,94.23999999999999,0,5.76,3240900,8.029999999999999,,,,,,,,,
2019,Kabkot,9432,YALIMO,26.75,1.74,.18,17.78,5.49,757.0599999999999,.62,2.14,92.84999999999999,.1,92.55,0,7.35,3240900,8.029999999999999,,,,,,,,,
2019,Kabkot,9433,PUNCAK,74.97,1.07,.08,-85.02,4.8,824.47,0,0,97.70999999999999,0,97.56,.8,1.65,3240900,8.029999999999999,,,,,,,,,
2019,Kabkot,9434,DOGIYAI,48.22,.93,.29,117.58,5.73,892.88,.1,0,96.73999999999999,0,95.98,0,4.02,3240900,8.029999999999999,,,,,,,,,
2019,Kabkot,9435,INTAN JAYA,21.29,1.72,.54,-24.54,2.72,761.71,0,0,94.02,.08,89.67,.53,9.710000000000001,3240900,8.029999999999999,,,,,,,,,
2019,Kabkot,9436,DEIYAI,32.99,1.05,.12,-83.45,3.74,833.65,.21,.57,99.01000000000001,.06,98.56,0,1.38,3240900,8.029999999999999,,,,,,,,,
2019,Kabkot,9471,JAYAPURA,55.86,1.29,28.92,5.19,4.95,22857.3,11.78,27.41,34.26,4.1,4.53,8.869999999999999,82.5,3240900,8.029999999999999,,,,,,,,,
2020,Kabkot,1101,SIMEULUE,,.75,18.22,-24.7,.12,1602.41,5.47,9.33,65.77,6.56,46.13,7.24,40.07,3165031,8.51,,,,,,,,,
2020,Kabkot,1102,ACEH SINGKIL,,.68,16.08,-8.18,-1.01,1713.66,8.24,10.91,56.76,2.95,48,5.72,43.33,3165031,8.51,,,,,,,,,
2020,Kabkot,1103,ACEH SELATAN,,.68,15.4,-1.71,-.05,4241.41,6.54,14.01,63.07,3.26,41.93,9.35,45.46,3165031,8.51,,,,,,,,,
2020,Kabkot,1104,ACEH TENGGARA,,.75,15.72,1.86,-.17,3436.34,5.72,14.03,74.48999999999999,2.13,50.49,4.71,42.67,3165031,8.51,,,,,,,,,
2020,Kabkot,1105,ACEH TIMUR,,.58,25.83,-27.49,1.54,8272.639999999999,7.26,14.66,69.69,6.35,46.61,7.74,39.3,3165031,8.51,,,,,,,,,
2020,Kabkot,1106,ACEH TENGAH,,.83,13.31,-5.48,-1.18,5767.95,3.05,8.380000000000001,75.55,3.27,54.76,5.66,36.32,3165031,8.51,,,,,,,,,
2020,Kabkot,1107,ACEH BARAT,,.85,22.01,-13.7,1.88,7084.15,7.3,17.25,54.18,6.18,32.83,9.5,51.48,3165031,8.51,,,,,,,,,
2020,Kabkot,1108,ACEH BESAR,,.8100000000000001,32.51,-17.03,.39,10016.81,7.62,15.41,51.86,9.890000000000001,20.45,10.13,59.53,3165031,8.51,,,,,,,,,
2020,Kabkot,1109,PIDIE,,.68,28.24,-20.06,-.12,7770.64,6.45,16.08,70.89,13.11,39.07,6.64,41.18,3165031,8.51,,,,,,,,,
2020,Kabkot,1110,BIREUEN,,.5600000000000001,31.05,-4.07,-1.02,9962.58,4.12,10.09,60.6,13.62,32.55,6.94,46.89,3165031,8.51,,,,,,,,,
2020,Kabkot,1111,ACEH UTARA,,.6,23.13,-13.08,.98,17017.45,8.56,17,71.28,9.52,45.87,6.35,38.26,3165031,8.51,,,,,,,,,
2020,Kabkot,1112,ACEH BARAT DAYA,,.65,25.7,-11.71,-.65,2983.76,3.93,10.55,53.84,6.11,32.45,10.3,51.14,3165031,8.51,,,,,,,,,
2020,Kabkot,1113,GAYO LUES,,.86,22.99,-14.17,.88,1936.87,2.01,3.88,80.47,16.74,51.03,2.91,29.32,3165031,8.51,,,,,,,,,
2020,Kabkot,1114,ACEH TAMIANG,,.67,20.58,-8.01,.42,6009.37,7.97,20.92,55.73,8.09,34.69,9.529999999999999,47.69,3165031,8.51,,,,,,,,,
2020,Kabkot,1115,NAGAN RAYA,,.9399999999999999,19.07,-26.46,3.36,6749.95,5.11,13.01,65.2,10.25,50.9,7.83,31.02,3165031,8.51,,,,,,,,,
2020,Kabkot,1116,ACEH JAYA,,.71,21.48,-14.39,-.62,1982.45,4.08,4.26,67.48999999999999,4.59,45.22,8.44,41.75,3165031,8.51,,,,,,,,,
2020,Kabkot,1117,BENER MERIAH,,.84,7.6,11.65,.09,3629.87,1.35,3.45,85.20999999999999,1.72,69.79000000000001,3.41,25.08,3165031,8.51,,,,,,,,,
2020,Kabkot,1118,PIDIE JAYA,,.67,24.72,-5.15,-.79,2583.13,6.58,19.79,61.56,8.83,36.97,8.32,45.89,3165031,8.51,,,,,,,,,
2020,Kabkot,1171,BANDA ACEH,,1.11,32.28,.88,-3.39,14644.29,9.539999999999999,19.15,28.23,8.4,2.51,8.470000000000001,80.62,3165031,8.51,,,,,,,,,
2020,Kabkot,1172,SABANG,,1,34.77,-8.949999999999999,-1.29,1122.89,4.81,12.64,42.32,12.4,12.54,10.93,64.13,3165031,8.51,,,,,,,,,
2020,Kabkot,1173,LANGSA,,.85,29.15,.2,-1.12,3813.19,9.75,17.91,36.23,10.76,9.57,8.58,71.09,3165031,8.51,,,,,,,,,
2020,Kabkot,1174,LHOKSEUMAWE,,.84,31.52,-5.34,-1.8,6984.71,11.99,20.9,45.72,6.57,9.42,8.960000000000001,75.04000000000001,3165031,8.51,,,,,,,,,
2020,Kabkot,1175,SUBULUSSALAM,,.63,14.55,-3.16,1.97,1385.41,6.93,14.06,52.77,3.83,39.9,4.23,52.04,3165031,8.51,,,,,,,,,
2020,Kabkot,1201,NIAS,,.75,5.5,-19.68,1.8,2609.14,3.49,7.14,88.75,1.92,81.62,3.04,13.42,2499423,8.51,,,,,,,,,
2020,Kabkot,1202,MANDAILING NATAL,,.7,19.44,-2.93,-.9399999999999999,9288.65,6.5,15.75,69.61,5.28,43.76,13.23,37.73,2499423,8.51,,,,,,,,,
2020,Kabkot,1203,TAPANULI SELATAN,,.8100000000000001,15.28,-26.86,.39,9721.77,4.42,8.65,83.89,4.78,61.37,4.91,28.95,2499423,8.51,,,,,,,,,
2020,Kabkot,1204,TAPANULI TENGAH,,.75,18.16,-20.21,-.76,6970.58,7.54,13.85,69.62,6.46,52.72,4.64,36.17,2499423,8.51,,,,,,,,,
2020,Kabkot,1205,TAPANULI UTARA,,1.1,16.36,1.29,1.5,5851.4,2.94,4.89,81.45,6.64,61.9,3.49,27.97,2499423,8.51,,,,,,,,,
2020,Kabkot,1206,TOBA,,1.16,17.26,-17.05,-.27,5488.92,2.5,7.65,78.83,5.37,59.36,3.51,31.76,2499423,8.51,,,,,,,,,
2020,Kabkot,1207,LABUHANBATU,,.96,19.01,7.73,.09,23252.75,6.05,14.88,49.14,4.22,40.44,3.77,51.57,2499423,8.51,,,,,,,,,
2020,Kabkot,1208,ASAHAN,,.91,26.61,1.05,.21,26299.57,7.24,15.38,51.53,9.77,32.03,7.33,50.87,2499423,8.51,,,,,,,,,
2020,Kabkot,1209,SIMALUNGUN,,.86,25.43,-16.72,1.01,27625.7,4.58,10.77,67.09999999999999,10.39,46.56,6.06,36.99,2499423,8.51,,,,,,,,,
2020,Kabkot,1210,DAIRI,,1.06,6.39,-33.59,-.9399999999999999,6508.05,1.75,4.91,87.34999999999999,1.39,73.48999999999999,1.92,23.2,2499423,8.51,,,,,,,,,
2020,Kabkot,1211,KARO,,.97,13.57,-.11,-.8,14261.47,1.83,4.95,78.98,3.69,64.22,1.78,30.3,2499423,8.51,,,,,,,,,
2020,Kabkot,1212,DELI SERDANG,,.97,41.28,-10.7,-1.78,70596.83,9.5,18.9,46.78,13.96,14.17,11.71,60.15,2499423,8.51,,,,,,,,,
2020,Kabkot,1213,LANGKAT,,.78,30.78,-20.12,-.86,29343.26,7.02,14.31,61.17,13.33,40.19,7.97,38.51,2499423,8.51,,,,,,,,,
2020,Kabkot,1214,NIAS SELATAN,,.76,7.89,-21.52,.61,4246.83,4.15,5.76,89.23,2.1,75.69,3.54,18.67,2499423,8.51,,,,,,,,,
2020,Kabkot,1215,HUMBANG HASUNDUTAN,,1.24,8.66,-16.84,-.13,4135.6,.84,1.48,85.56999999999999,.99,71.63,4.24,23.14,2499423,8.51,,,,,,,,,
2020,Kabkot,1216,PAKPAK BHARAT,,1.09,6.63,-2.85,.06,850.79,1.93,2.43,80.02,1.89,69.18000000000001,2.39,26.55,2499423,8.51,,,,,,,,,
2020,Kabkot,1217,SAMOSIR,,1.03,9.44,-28.26,-.59,3080.43,1.2,3.06,86,1.91,71.14,1.65,25.3,2499423,8.51,,,,,,,,,
2020,Kabkot,1218,SERDANG BEDAGAI,,.79,29.06,.1,-.44,19308.46,5.54,12.81,58.59,10.98,37.94,4.87,46.22,2499423,8.51,,,,,,,,,
2020,Kabkot,1219,BATU BARA,,.82,31.67,-13.97,-.31,23923.64,6.48,9.619999999999999,58.92,12.44,33.5,5.25,48.81,2499423,8.51,,,,,,,,,
2020,Kabkot,1220,PADANG LAWAS UTARA,,.76,8.35,-15.12,1.14,8322.51,3.11,8.539999999999999,79.48999999999999,2.58,72.13,1.77,23.52,2499423,8.51,,,,,,,,,
2020,Kabkot,1221,PADANG LAWAS,,.77,16.17,-17.55,1.18,8053.5,4.11,7.71,74.5,3.84,54.54,3.79,37.84,2499423,8.51,,,,,,,,,
2020,Kabkot,1222,LABUHANBATU SELATAN,,.96,15.08,-12.66,.8,18899.31,4.9,12.4,44.94,5.24,57.25,2.51,35,2499423,8.51,,,,,,,,,
2020,Kabkot,1223,LABUHANBATU UTARA,,.9,18.21,-17.46,.27,17306.59,6.82,15.36,63.64,4.04,48.37,4.17,43.42,2499423,8.51,,,,,,,,,
2020,Kabkot,1224,NIAS UTARA,,.85,7.85,-1.52,1.58,2369.36,4.54,9.199999999999999,79.48999999999999,2.73,67.11,4.24,25.92,2499423,8.51,,,,,,,,,
2020,Kabkot,1225,NIAS BARAT,,.5600000000000001,2.53,-62.95,1.66,1257.28,1.71,3.47,92.59999999999999,1.42,85.92,1.37,11.28,2499423,8.51,,,,,,,,,
2020,Kabkot,1271,SIBOLGA,,.83,36.23,-.53,-1.36,3521.72,8,16.18,40.42,11.44,13.77,6.35,68.44,2499423,8.51,,,,,,,,,
2020,Kabkot,1272,TANJUNG BALAI,,.82,32,-6.55,-.47,5763.21,6.97,14.54,36.45,12.2,23.45,3.56,60.79,2499423,8.51,,,,,,,,,
2020,Kabkot,1273,PEMATANG SIANTAR,,1.08,35.77,-17.46,-1.89,9430.040000000001,11.5,21.83,58.28,10.32,6.85,6,76.81999999999999,2499423,8.51,,,,,,,,,
2020,Kabkot,1274,TEBING TINGGI,,.8100000000000001,36.98,-9.960000000000001,-.7,3926.39,9.98,22.69,46.76,12.59,5.33,7.03,75.04000000000001,2499423,8.51,,,,,,,,,
2020,Kabkot,1275,MEDAN,,1.15,44.33,-7.68,-1.96,153699.95,10.74,20.24,41.62,14.85,3.69,7.91,73.54000000000001,2499423,8.51,,,,,,,,,
2020,Kabkot,1276,BINJAI,,.98,39.54,-9.99,-2.55,7984.46,8.67,17.36,43.97,13.83,6.75,13.06,66.37,2499423,8.51,,,,,,,,,
2020,Kabkot,1277,PADANGSIDIMPUAN,,.92,32.57,-10.8,-.73,4230.41,7.45,15.59,57.31,8.539999999999999,18.28,6.16,67.02,2499423,8.51,,,,,,,,,
2020,Kabkot,1278,GUNUNGSITOLI,,.91,24.07,-15.02,.39,3441.65,5.94,12.74,61.62,5.98,26.67,13.89,53.46,2499423,8.51,,,,,,,,,
2020,Kabkot,1301,KEPULAUAN MENTAWAI,,.91,6.7,-19.49,-1.85,2956.01,3.98,10.31,83.04000000000001,1.9,71.69,2.51,23.91,2484041,8.51,,,,,,,,,
2020,Kabkot,1302,PESISIR SELATAN,,.88,23.61,-17.69,-1.11,9470.780000000001,7,16.2,71.08,6.78,41.94,6.43,44.85,2484041,8.51,,,,,,,,,
2020,Kabkot,1303,SOLOK,,.8100000000000001,17.15,-15.96,-1.14,9792.92,4.65,5.92,80.11,6.78,58.45,4.34,30.44,2484041,8.51,,,,,,,,,
2020,Kabkot,1304,SIJUNJUNG,,1.01,23.42,-2.4,-1.1,6683.02,5.3,12.37,64.79000000000001,8.43,35.76,9.140000000000001,46.67,2484041,8.51,,,,,,,,,
2020,Kabkot,1305,TANAH DATAR,,1.07,22.02,-16.54,-1.12,9575.9,4.79,11,78.01000000000001,7.66,47.33,6.53,38.48,2484041,8.51,,,,,,,,,
2020,Kabkot,1306,PADANG PARIAMAN,,.84,31.59,-16.91,-10.46,11939.48,8.130000000000001,15.33,72.09999999999999,14.44,35.64,5.49,44.43,2484041,8.51,,,,,,,,,
2020,Kabkot,1307,AGAM,,1.15,28.28,-26.48,-1.37,14409.17,4.61,14.85,75.17,13.73,41.1,5.71,39.47,2484041,8.51,,,,,,,,,
2020,Kabkot,1308,LIMA PULUH KOTA,,.83,26.39,4.93,-1.16,11062.32,3.03,6.65,71.25,11.69,46.49,8.94,32.89,2484041,8.51,,,,,,,,,
2020,Kabkot,1309,PASAMAN,,.88,13.61,6.39,-.87,6122.76,5.04,13.61,79.27,5.48,57.16,4.94,32.41,2484041,8.51,,,,,,,,,
2020,Kabkot,1310,SOLOK SELATAN,,1.03,15.09,6.86,-1.24,3928.03,5.62,10.96,66.97,3.91,48.3,11.22,36.56,2484041,8.51,,,,,,,,,
2020,Kabkot,1311,DHARMASRAYA,,.96,20.29,-11.8,-1.39,7454.97,5.31,8.91,63.46,6.16,42.95,7.4,43.5,2484041,8.51,,,,,,,,,
2020,Kabkot,1312,PASAMAN BARAT,,.84,19.09,-14.24,-1.34,11258.35,4.69,9,69.53,7.3,52.18,4.39,36.13,2484041,8.51,,,,,,,,,
2020,Kabkot,1371,PADANG,,1.34,36.31,-10.42,-1.86,43631.94,13.64,27.07,45.39,10.99,4.13,8.01,76.87,2484041,8.51,,,,,,,,,
2020,Kabkot,1372,SOLOK,,1.2,30.83,-2.69,-1.42,2835.75,8.35,16.42,48.77,9.1,10.93,5.92,74.06,2484041,8.51,,,,,,,,,
2020,Kabkot,1373,SAWAH LUNTO,,.99,25.92,-12.67,-1.27,2760.92,8.199999999999999,23.38,55.91,8.92,18.63,15.37,57.09,2484041,8.51,,,,,,,,,
2020,Kabkot,1374,PADANG PANJANG,,1.32,35.51,-3.02,-1.44,2543.4,7.22,15.57,50.99,11.15,8.640000000000001,7.51,72.7,2484041,8.51,,,,,,,,,
2020,Kabkot,1375,BUKITTINGGI,,1.04,32.68,-4.93,-1.74,6045.09,7.51,15.58,50.72,12.19,1.98,4.36,81.47,2484041,8.51,,,,,,,,,
2020,Kabkot,1376,PAYAKUMBUH,,1.24,33.41,4.43,-1.65,4414.29,6.68,18.2,49.6,13.79,9.609999999999999,7.53,69.06999999999999,2484041,8.51,,,,,,,,,
2020,Kabkot,1377,PARIAMAN,,1.03,40.31,-9.890000000000001,-1.32,3544.66,5.73,9.289999999999999,49.36,15.36,12.75,6.9,64.98999999999999,2484041,8.51,,,,,,,,,
2020,Kabkot,1401,KUANTAN SINGINGI,,.85,16.95,-3.53,1.01,23853.04,5.21,15.97,59.26,5.88,45.96,8.57,39.6,2888564,8.51,,,,,,,,,
2020,Kabkot,1402,INDRAGIRI HULU,,.78,20.7,-9.69,-.12,29831.96,4.91,10.31,59.92,6.6,43.56,6,43.84,2888564,8.51,,,,,,,,,
2020,Kabkot,1403,INDRAGIRI HILIR,,.7,23.33,-16.99,.43,44967.54,4.35,10.53,77.68000000000001,9.800000000000001,48.57,4.14,37.5,2888564,8.51,,,,,,,,,
2020,Kabkot,1404,PELALAWAN,,.93,17.84,-9.94,2.25,35110.42,5.99,9.970000000000001,56.55,4.68,55.83,5.27,34.21,2888564,8.51,,,,,,,,,
2020,Kabkot,1405,S I A K,,1.04,28.46,-3.76,-.1,53311.01,5.8,14.22,50.02,12.54,43.82,3.66,39.99,2888564,8.51,,,,,,,,,
2020,Kabkot,1406,KAMPAR,,.89,23.57,-10.82,-.9,51419.3,6.15,14.73,57.39,6.31,42.12,6.7,44.87,2888564,8.51,,,,,,,,,
2020,Kabkot,1407,ROKAN HULU,,.86,16.15,-16.23,1.52,25482.41,4.42,7.92,62.98,5.31,54.65,4.34,35.7,2888564,8.51,,,,,,,,,
2020,Kabkot,1408,BENGKALIS,,.93,22.76,-5.78,-3.3,73856.67999999999,9.31,19.58,53.28,7.31,40.39,10.34,41.96,2888564,8.51,,,,,,,,,
2020,Kabkot,1409,ROKAN HILIR,,.85,13.9,-6.49,-.99,45978.08,4.8,13.78,63.14,4.02,58.21,3.47,34.3,2888564,8.51,,,,,,,,,
2020,Kabkot,1410,KEPULAUAN MERANTI,,.6899999999999999,22.63,-17.9,.43,12683.87,7.94,18.14,63.59,7.57,42.34,4.45,45.64,2888564,8.51,,,,,,,,,
2020,Kabkot,1471,PEKANBARU,,1.09,33.68,-.65,-4.41,69000.14,8.56,15.56,35.22,9.619999999999999,4.06,9.16,77.16,2888564,8.51,,,,,,,,,
2020,Kabkot,1473,D U M A I,,1.01,36.59,-4.17,-1.04,24597.99,8.19,11.58,42.76,11.77,14.59,9.869999999999999,63.78,2888564,8.51,,,,,,,,,
2020,Kabkot,1501,KERINCI,,1,11.35,-24.95,3.81,6567.28,2.43,9.539999999999999,83.09,2.62,67.72,5.12,24.53,2630162,8.51,,,,,,,,,
2020,Kabkot,1502,MERANGIN,,.83,9.93,-10.66,.78,9863.65,4.86,13.32,67.23,3.31,51.98,12.73,31.98,2630162,8.51,,,,,,,,,
2020,Kabkot,1503,SAROLANGUN,,.74,13.41,-2,-.25,10690.59,5.71,17.23,59.39,4.31,45.11,13.99,36.59,2630162,8.51,,,,,,,,,
2020,Kabkot,1504,BATANG HARI,,.74,17.01,-20.7,-.43,11662.61,4.42,11.91,61.44,8.25,50.83,6.59,34.34,2630162,8.51,,,,,,,,,
2020,Kabkot,1505,MUARO JAMBI,,.84,24.73,-2.1,.35,16183.86,5.43,15,55.53,6.97,48.79,8.02,36.22,2630162,8.51,,,,,,,,,
2020,Kabkot,1506,TANJUNG JABUNG TIMUR,,.76,9.789999999999999,-20.06,-3.44,17349.98,1.41,3.01,80.05,2.42,71.15000000000001,3.05,23.38,2630162,8.51,,,,,,,,,
2020,Kabkot,1507,TANJUNG JABUNG BARAT,,.83,12.96,-12.68,-.29,30654.42,2.16,5.8,75.44,2.9,63.48,4.16,29.47,2630162,8.51,,,,,,,,,
2020,Kabkot,1508,TEBO,,.73,11.8,-12.39,-.03,10158.23,2.95,7.78,63.62,4.09,58.57,10.31,27.02,2630162,8.51,,,,,,,,,
2020,Kabkot,1509,BUNGO,,.75,15.94,-9.73,-.48,12490.07,5.94,14.25,55.14,5.31,42.92,12.15,39.62,2630162,8.51,,,,,,,,,
2020,Kabkot,1571,JAMBI,,.99,38.44,-16.22,-4.24,18721.13,10.49,22.71,45.8,7.81,4.25,11.92,76.02,2630162,8.51,,,,,,,,,
2020,Kabkot,1572,SUNGAI PENUH,,.98,23.2,-11.86,-.16,4600.23,5.56,14.35,59.18,5.75,22.25,6.9,65.09,2630162,8.51,,,,,,,,,
2020,Kabkot,1601,OGAN KOMERING ULU,,.5,17.21,-8.56,-.01,9866.719999999999,6.01,14.32,58.16,3.95,49.28,4.34,42.43,3043111,8.51,,,,,,,,,
2020,Kabkot,1602,OGAN KOMERING ILIR,,.67,16.21,-31.92,.24,20228.21,3.29,6.94,81.75,7.26,62.05,3.02,27.67,3043111,8.51,,,,,,,,,
2020,Kabkot,1603,MUARA ENIM,,.71,11.67,-.6899999999999999,.03,41594.54,4.9,14.69,69.05,2.32,57.94,8.140000000000001,31.61,3043111,8.51,,,,,,,,,
2020,Kabkot,1604,LAHAT,,.74,12.94,-12.89,.36,12427.42,4.18,12.72,73.19,2.44,55.13,8.77,33.66,3043111,8.51,,,,,,,,,
2020,Kabkot,1605,MUSI RAWAS,,.53,13.07,-5.69,.23,13712.55,3.29,9.44,67.51000000000001,4.02,65.29000000000001,5.85,24.83,3043111,8.51,,,,,,,,,
2020,Kabkot,1606,MUSI BANYUASIN,,.78,13.1,-15.74,-.04,44604.66,4.79,11.87,64,3.37,60.23,6.03,30.38,3043111,8.51,,,,,,,,,
2020,Kabkot,1607,BANYU ASIN,,.72,24.11,-21.22,.13,19999.57,4.73,11.77,65.22,7.91,50.79,7.69,33.61,3043111,8.51,,,,,,,,,
2020,Kabkot,1608,OGAN KOMERING ULU SELATAN,,.54,7.79,6.82,.37,5734.09,3.28,8.720000000000001,85.73,.5,74.48999999999999,3.52,21.49,3043111,8.51,,,,,,,,,
2020,Kabkot,1609,OGAN KOMERING ULU TIMUR,,.46,14.34,.68,.37,10081.03,3.81,11.1,71.22,6.79,63.04,3.27,26.9,3043111,8.51,,,,,,,,,
2020,Kabkot,1610,OGAN ILIR,,.58,24.87,-16.33,.14,7492.94,4.91,11.94,70.15000000000001,12.03,45.81,5.53,36.62,3043111,8.51,,,,,,,,,
2020,Kabkot,1611,EMPAT LAWANG,,.66,9.779999999999999,-21.35,.09,3473.4,3.61,10.39,81.73999999999999,1.64,64.89,3.15,30.32,3043111,8.51,,,,,,,,,
2020,Kabkot,1612,PENUKAL ABAB LEMATANG ILIR,,.6899999999999999,11.62,-18.76,.28,4716.96,3.74,10.06,73.52,1.72,57.58,8.84,31.86,3043111,8.51,,,,,,,,,
2020,Kabkot,1613,MUSI RAWAS UTARA,,.52,9.49,-21.11,.37,5573.36,6.88,18.48,64.84,2.55,54.27,13.05,30.13,3043111,8.51,,,,,,,,,
2020,Kabkot,1671,PALEMBANG,,.93,42.94,-10.24,-.28,103952.69,9.859999999999999,20.95,44.3,10.19,1.67,11.02,77.12,3043111,8.51,,,,,,,,,
2020,Kabkot,1672,PRABUMULIH,,.78,22.68,-16.51,-.18,5377.93,6.64,14.13,56.66,4.56,23.66,12.17,59.61,3043111,8.51,,,,,,,,,
2020,Kabkot,1673,PAGAR ALAM,,.6,12.56,-23.04,.02,2234.27,2.5,5.42,76.77,2.53,54.67,2.52,40.27,3043111,8.51,,,,,,,,,
2020,Kabkot,1674,LUBUKLINGGAU,,.71,27.48,-9.18,-.13,4333.67,7.41,15.83,47.41,5.07,15.04,7.57,72.31999999999999,3043111,8.51,,,,,,,,,
2020,Kabkot,1701,BENGKULU SELATAN,,1.15,14.15,7.32,.26,3624.59,3.52,11.9,70.72,5.74,46.46,4.87,42.93,2213604,8.49,,,,,,,,,
2020,Kabkot,1702,REJANG LEBONG,,.98,16.19,-12.19,.07,6083.03,3.7,10.76,79.44,5.14,53.65,5.19,36.01,2213604,8.49,,,,,,,,,
2020,Kabkot,1703,BENGKULU UTARA,,1.09,13.62,-19.1,.23,5216.35,3.82,12.15,69.84,4.9,54.6,6.65,33.84,2213604,8.49,,,,,,,,,
2020,Kabkot,1704,KAUR,,.9399999999999999,14.58,-16.27,.12,2263.55,2.73,8.26,77.44,4.73,57.92,6.99,30.36,2213604,8.49,,,,,,,,,
2020,Kabkot,1705,SELUMA,,.86,14.1,-12.54,-.01,2870.32,3.04,7.44,78.56999999999999,3.49,63.05,4.51,28.95,2213604,8.49,,,,,,,,,
2020,Kabkot,1706,MUKOMUKO,,1.02,15.67,-10.75,.06,3327.35,3.59,6.38,59.87,5.07,52.8,4.53,37.6,2213604,8.49,,,,,,,,,
2020,Kabkot,1707,LEBONG,,.99,14.39,-26.05,.1,2126.72,3.92,8.01,83.34,5.68,50.46,12.1,31.76,2213604,8.49,,,,,,,,,
2020,Kabkot,1708,KEPAHIANG,,.93,12.33,-6.38,.06,2805.56,2.52,6.66,77.73,2.44,61.52,4.69,31.35,2213604,8.49,,,,,,,,,
2020,Kabkot,1709,BENGKULU TENGAH,,.9,22.01,-9.19,-.06,2885.34,4.45,7.05,66.62,7.73,48.62,10.81,32.84,2213604,8.49,,,,,,,,,
2020,Kabkot,1771,BENGKULU,,1.49,31.02,-10.21,-.25,15301.49,6.82,16.48,46.49,8.18,8.380000000000001,7.59,75.84999999999999,2213604,8.49,,,,,,,,,
2020,Kabkot,1801,LAMPUNG BARAT,,.83,5.25,-23.36,-1.16,4926.3,2.13,3.73,88.02,1.18,77.70999999999999,2.82,18.29,2432002,8.51,,,,,,,,,
2020,Kabkot,1802,TANGGAMUS,,.6899999999999999,14.44,-28.42,-1.77,10679.82,2.96,8.5,87.75,4.67,63.94,4.1,27.29,2432002,8.51,,,,,,,,,
2020,Kabkot,1803,LAMPUNG SELATAN,,.84,32.06,-14.16,-1.73,29743.3,5.19,11.22,71.95999999999999,12.37,36.68,10.59,40.35,2432002,8.51,,,,,,,,,
2020,Kabkot,1804,LAMPUNG TIMUR,,.82,22.28,-7.86,-2.26,28931.29,2.64,6.4,78.05,11.51,48.06,5.59,34.84,2432002,8.51,,,,,,,,,
2020,Kabkot,1805,LAMPUNG TENGAH,,.85,23.28,-15.74,-1.02,47347.97,4.22,10.87,75.39,11.47,50.68,6.75,31.09,2432002,8.51,,,,,,,,,
2020,Kabkot,1806,LAMPUNG UTARA,,.89,17.32,-13.76,-1.45,16269.34,5.34,10.91,75.92,4.91,50.56,3.99,40.54,2432002,8.51,,,,,,,,,
2020,Kabkot,1807,WAY KANAN,,.8100000000000001,12.12,-9.93,-1.16,9462.309999999999,3.56,8.48,76.81999999999999,5.19,66.2,4.06,24.55,2432002,8.51,,,,,,,,,
2020,Kabkot,1808,TULANGBAWANG,,.77,18.67,-13.96,-1.34,15614.89,4.84,12.05,67.84,8.26,52.23,4.53,34.98,2432002,8.51,,,,,,,,,
2020,Kabkot,1809,PESAWARAN,,.91,24.52,-12.8,-1.26,11258.77,4.64,12.74,76.89,8.02,42.71,8.949999999999999,40.32,2432002,8.51,,,,,,,,,
2020,Kabkot,1810,PRINGSEWU,,.78,32.72,-6.59,-1.21,7647.66,5.77,16.86,66.84,19.07,34.04,8.93,37.96,2432002,8.51,,,,,,,,,
2020,Kabkot,1811,MESUJI,,.86,16.24,-6.54,-1.35,6911.12,3.71,7.18,75.95,5.38,61.05,4.44,29.13,2432002,8.51,,,,,,,,,
2020,Kabkot,1812,TULANG BAWANG BARAT,,.7,15.23,-16.55,-1.32,7747.24,3.46,9.17,80.48999999999999,5.94,57.49,4.41,32.16,2432002,8.51,,,,,,,,,
2020,Kabkot,1813,PESISIR BARAT,,.75,20.62,-20.67,-1.18,3069.6,3.41,9.279999999999999,82.16,5.63,50.16,8.529999999999999,35.68,2432002,8.51,,,,,,,,,
2020,Kabkot,1871,BANDAR LAMPUNG,,1.08,33.84,-8.460000000000001,-6.96,36632.2,8.789999999999999,15.49,44.35,8.76,5.07,7.64,78.54000000000001,2432002,8.51,,,,,,,,,
2020,Kabkot,1872,METRO,,1.18,32.23,-11.13,-1.79,4235,5.4,8.66,53.3,12.34,9.800000000000001,7.97,69.90000000000001,2432002,8.51,,,,,,,,,
2020,Kabkot,1901,BANGKA,,.75,20.82,-11.56,-.7,9988.799999999999,5.42,13.34,49.11,7.46,32.88,16.6,43.06,3230024,8.51,,,,,,,,,
2020,Kabkot,1902,BELITUNG,,.76,25.47,-7.82,-2.69,6325.86,4.82,9.5,50.48,9.69,34.68,12.39,43.24,3230024,8.51,,,,,,,,,
2020,Kabkot,1903,BANGKA BARAT,,.66,15.25,-3.74,-5.04,10312.21,4.12,10.95,58.26,7.86,41.59,16.39,34.17,3230024,8.51,,,,,,,,,
2020,Kabkot,1904,BANGKA TENGAH,,.74,20.74,-8.609999999999999,-2.85,5715.6,5.59,11.08,54.39,7.78,32.63,15.88,43.72,3230024,8.51,,,,,,,,,
2020,Kabkot,1905,BANGKA SELATAN,,.64,12.81,-34.35,-1.93,6057.88,5.42,14.09,72.2,5.64,47.9,15.63,30.84,3230024,8.51,,,,,,,,,
2020,Kabkot,1906,BELITUNG TIMUR,,.8,19.33,-3.89,-.63,5465.46,3.93,4.36,47.51,9.550000000000001,34.33,19.1,37.02,3230024,8.51,,,,,,,,,
2020,Kabkot,1971,PANGKALPINANG,,.85,34.98,-9.1,-3,8797.129999999999,6.93,11.86,38.14,10.31,2.52,11.07,76.09999999999999,3230024,8.51,,,,,,,,,
2020,Kabkot,2101,KARIMUN,,.89,30.92,-17.13,-3.59,9117.120000000001,8.359999999999999,15.23,46.53,8.74,23.23,14.38,53.66,3005460,8.51,,,,,,,,,
2020,Kabkot,2102,BINTAN,,1.15,34.65,-14.32,-4.2,13902.16,8.859999999999999,17.14,42.59,14.26,23.2,14.35,48.18,3005460,8.51,,,,,,,,,
2020,Kabkot,2103,NATUNA,,1.05,28.49,-14.17,-4.29,14642.75,4.1,8.52,56.12,10.16,22.66,11.94,55.24,3005460,8.51,,,,,,,,,
2020,Kabkot,2104,LINGGA,,.8,27.1,13.03,-.68,2914.6,4.41,10.27,52.61,10.6,32.14,8.970000000000001,48.29,3005460,8.51,,,,,,,,,
2020,Kabkot,2105,KEPULAUAN ANAMBAS,,1.23,21.18,4.18,-7.83,11104.45,3.44,7.35,54.61,4.45,28.45,8.91,58.19,3005460,8.51,,,,,,,,,
2020,Kabkot,2171,B A T A M,,1.53,54.87,-7.04,-2.55,106029.65,11.79,17.53,29.48,29.77,3.11,7.92,59.2,3005460,8.51,,,,,,,,,
2020,Kabkot,2172,TANJUNG PINANG,,1.17,36.88,-11.3,-3.45,13938.24,9.300000000000001,23.11,39.85,8.779999999999999,4.45,8.199999999999999,78.56999999999999,3005460,8.51,,,,,,,,,
2020,Kabkot,3101,KEPULAUAN SERIBU,,.89,18.84,-9.81,-4.94,3706.25,7.37,26.53,58.84,3.42,28.79,2.96,64.83,4276350,8.51,,,,,,,,,
2020,Kabkot,3171,JAKARTA SELATAN,,.98,38.8,-8.32,-.49,419257.19,10.79,20.94,37.92,4.67,.63,4.18,90.52,4276350,8.51,,,,,,,,,
2020,Kabkot,3172,JAKARTA TIMUR,,1.04,39.79,-6.88,-4.47,299515.16,9.289999999999999,18.59,35.05,11.83,.05,6.32,81.8,4276350,8.51,,,,,,,,,
2020,Kabkot,3173,JAKARTA PUSAT,,1.13,42.28,-10.71,-.66,449518.14,10.97,22.19,41.15,7.35,0,3.18,89.48,4276350,8.51,,,,,,,,,
2020,Kabkot,3174,JAKARTA BARAT,,.91,46.49,-11.75,-.86,316172.61,12.27,23.96,39.09,15.56,.8,5.83,77.81,4276350,8.51,,,,,,,,,
2020,Kabkot,3175,JAKARTA UTARA,,.96,47.87,-14.04,-6.22,312100.58,11.79,20.74,40.52,13.14,.96,4.8,81.09999999999999,4276350,8.51,,,,,,,,,
2020,Kabkot,3201,BOGOR,,1.86,44.91,-13.5,-1.76,154113.6,14.29,28.12,51.3,19.76,10.07,9.140000000000001,61.03,1810351,8.51,,,,,,,,,
2020,Kabkot,3202,SUKABUMI,,1.22,34.14,-10.18,-.91,46205.28,9.6,24.34,66.41,16.24,30.8,9.039999999999999,43.91,1810351,8.51,,,,,,,,,
2020,Kabkot,3203,CIANJUR,,1.12,28.79,-9.890000000000001,-.77,31792.32,11.05,25.21,71.09,11.42,38.94,8.130000000000001,41.52,1810351,8.51,,,,,,,,,
2020,Kabkot,3204,BANDUNG,,1.29,48.28,-7.33,-1.8,81060.97,8.58,18.01,47.47,29.58,13.11,7.68,49.64,1810351,8.51,,,,,,,,,
2020,Kabkot,3205,GARUT,,1.03,33.51,-15.63,-1.26,38598.43,8.960000000000001,21.15,75.09,15.72,29.22,8.859999999999999,46.2,1810351,8.51,,,,,,,,,
2020,Kabkot,3206,TASIKMALAYA,,.97,28.56,-10.31,-.98,24344.86,7.12,23.14,76.20999999999999,14.72,37.17,7.02,41.08,1810351,8.51,,,,,,,,,
2020,Kabkot,3207,CIAMIS,,.93,36.31,-5.04,-.14,21970.41,5.66,17,70.26000000000001,19.2,30.53,7.09,43.17,1810351,8.51,,,,,,,,,
2020,Kabkot,3208,KUNINGAN,,1.09,31.9,-12.04,.11,16882.76,11.22,27.4,66.69,8.460000000000001,28.67,9.26,53.62,1810351,8.51,,,,,,,,,
2020,Kabkot,3209,CIREBON,,1.01,48.02,-4.17,-1.08,33304.05,11.52,23.39,60.41,21.38,11.07,12.31,55.25,1810351,8.51,,,,,,,,,
2020,Kabkot,3210,MAJALENGKA,,1.12,39.29,-7.31,.89,21754.54,5.84,16.08,66.69,20.91,27.88,7.07,44.14,1810351,8.51,,,,,,,,,
2020,Kabkot,3211,SUMEDANG,,1.52,36.59,-15.35,-1.12,23665.01,9.890000000000001,25.27,62.86,16.37,25.87,10.42,47.34,1810351,8.51,,,,,,,,,
2020,Kabkot,3212,INDRAMAYU,,1.31,30.34,-.77,-1.58,59200,9.210000000000001,21.58,73.73,9.109999999999999,32.91,7.34,50.63,1810351,8.51,,,,,,,,,
2020,Kabkot,3213,SUBANG,,1.48,33.48,-6.97,-1.15,28344.32,9.48,21.74,63.09,16.26,30.52,7.26,45.95,1810351,8.51,,,,,,,,,
2020,Kabkot,3214,PURWAKARTA,,1.72,42.43,-13.87,-2.13,45293.24,11.07,23.11,54.34,21.97,16.27,13.14,48.62,1810351,8.51,,,,,,,,,
2020,Kabkot,3215,KARAWANG,,1.77,46.26,-9.49,-3.8,157710.59,11.52,26.87,57.08,22.13,16.23,10.02,51.62,1810351,8.51,,,,,,,,,
2020,Kabkot,3216,BEKASI,,2.22,52.4,-14.95,-3.39,242971.39,11.54,21.38,41.85,28.24,4.21,8.789999999999999,58.76,1810351,8.51,,,,,,,,,
2020,Kabkot,3217,BANDUNG BARAT,,1.34,38.25,-9.52,-2.41,30640.41,12.25,31.43,59.48,15.15,25.56,13.4,45.89,1810351,8.51,,,,,,,,,
2020,Kabkot,3218,PANGANDARAN,,1.15,38.7,-17.88,-.05,7738.97,5.08,16.53,74.53,19.52,28.4,9.199999999999999,42.88,1810351,8.51,,,,,,,,,
2020,Kabkot,3271,BOGOR,,1.87,44.83,-12.48,-.41,32162.74,12.68,23.41,42.15,14.11,1.44,7.53,76.93000000000001,1810351,8.51,,,,,,,,,
2020,Kabkot,3272,SUKABUMI,,1.46,41.99,4.1,-1.49,8534.719999999999,12.17,21.82,43.69,16.92,4.01,7.24,71.83,1810351,8.51,,,,,,,,,
2020,Kabkot,3273,BANDUNG,,1.63,44.19,-13.18,-2.28,193144.95,11.19,21.79,41.74,16.96,.49,5.63,76.92,1810351,8.51,,,,,,,,,
2020,Kabkot,3274,CIREBON,,1.38,41.56,-9.66,-.98,16648.21,10.97,20.67,47.37,11.51,1.75,8.609999999999999,78.13,1810351,8.51,,,,,,,,,
2020,Kabkot,3275,BEKASI,,2.53,44.71,-7.37,-2.58,67619.24000000001,10.68,19.22,34.8,15.51,.52,7.29,76.68000000000001,1810351,8.51,,,,,,,,,
2020,Kabkot,3276,DEPOK,,2.43,39.93,-7.58,-1.92,48135.93,9.869999999999999,17.32,35.07,12.57,.88,6.69,79.86,1810351,8.51,,,,,,,,,
2020,Kabkot,3277,CIMAHI,,1.84,50.04,-13.35,-2.26,22340.56,13.3,22.63,41.38,27.57,.61,5.88,65.94,1810351,8.51,,,,,,,,,
2020,Kabkot,3278,TASIKMALAYA,,1.04,48.4,-7.33,-2.01,15430.02,7.99,17.45,49.99,25.57,4.27,6.12,64.04000000000001,1810351,8.51,,,,,,,,,
2020,Kabkot,3279,BANJAR,,1.22,40.79,4.65,.9399999999999999,3251.76,6.73,16.1,56.8,16.76,13.65,10.06,59.52,1810351,8.51,,,,,,,,,
2020,Kabkot,3301,CILACAP,,1.21,35.8,-17.48,-10.28,90011.58,9.1,24.88,72.84,17.58,31.75,10.91,39.76,1742015,8.51,,,,,,,,,
2020,Kabkot,3302,BANYUMAS,,1.15,39.63,-14.37,-1.65,39121.62,6,16,67.31,21.09,21.38,9.369999999999999,48.15,1742015,8.51,,,,,,,,,
2020,Kabkot,3303,PURBALINGGA,,.98,40.99,-14.2,-1.18,17182.87,6.1,15.95,62.9,24.98,25.66,7.8,41.55,1742015,8.51,,,,,,,,,
2020,Kabkot,3304,BANJARNEGARA,,1.08,30.96,-9.67,-1.32,15045.88,5.86,14.26,72.42,13.81,40.95,10.79,34.45,1742015,8.51,,,,,,,,,
2020,Kabkot,3305,KEBUMEN,,1.09,36.75,5.85,-1.45,19527.66,6.07,19.53,69.79000000000001,20.08,32.36,7.82,39.74,1742015,8.51,,,,,,,,,
2020,Kabkot,3306,PURWOREJO,,1.17,26.94,-18.66,-1.61,13138.29,4.04,13.76,73.11,13.02,43.63,7.02,36.33,1742015,8.51,,,,,,,,,
2020,Kabkot,3307,WONOSOBO,,.99,29.14,-16.82,-1.64,13566.18,5.37,12.4,74.29000000000001,14.91,40.84,7.88,36.36,1742015,8.51,,,,,,,,,
2020,Kabkot,3308,MAGELANG,,1.13,33.91,-.03,-1.67,22865.15,4.27,10.77,67.11,19.22,31.42,8.199999999999999,41.16,1742015,8.51,,,,,,,,,
2020,Kabkot,3309,BOYOLALI,,1.16,39.52,-17.4,-1.2,22409.73,5.28,12.33,66.40000000000001,20.73,32.66,10.48,36.13,1742015,8.51,,,,,,,,,
2020,Kabkot,3310,KLATEN,,1.07,44.69,-4.82,-1.17,27480.36,5.46,14.46,59.91,24.72,18.93,9.51,46.84,1742015,8.51,,,,,,,,,
2020,Kabkot,3311,SUKOHARJO,,1.16,51.75,-5.88,-1.7,26616.5,6.93,12.37,47.72,27.46,10.91,8.99,52.64,1742015,8.51,,,,,,,,,
2020,Kabkot,3312,WONOGIRI,,1.14,30.21,-19.18,-1.41,20563.14,4.27,17.17,74.83,12.39,43.49,8.369999999999999,35.75,1742015,8.51,,,,,,,,,
2020,Kabkot,3313,KARANGANYAR,,1.17,43.52,-4.56,-1.87,26103.23,5.96,12.29,55.42,24.87,19.79,8.92,46.42,1742015,8.51,,,,,,,,,
2020,Kabkot,3314,SRAGEN,,1.16,35.93,-17.01,-1.81,26367.26,4.75,12.01,68.25,18.05,36.06,7.93,37.96,1742015,8.51,,,,,,,,,
2020,Kabkot,3315,GROBOGAN,,1.25,30.69,-36.18,-1.57,19383.03,4.5,11.9,79.59999999999999,9.84,43.92,12.5,33.74,1742015,8.51,,,,,,,,,
2020,Kabkot,3316,BLORA,,1.11,24.39,-17.31,-4.56,17483.89,4.89,11.36,73.88,9.1,47.51,8.32,35.06,1742015,8.51,,,,,,,,,
2020,Kabkot,3317,REMBANG,,1.09,30.17,-14.4,-1.49,13409.63,4.83,12.12,64.43000000000001,11.11,38.55,10.99,39.35,1742015,8.51,,,,,,,,,
2020,Kabkot,3318,PATI,,1.11,35.98,-12,-1.16,30527.47,4.74,15.17,64.45999999999999,16.51,32.7,10.47,40.32,1742015,8.51,,,,,,,,,
2020,Kabkot,3319,KUDUS,,1.15,60.25,-3.72,-3.11,70964.73,5.53,10.97,40.91,36.53,6.95,13.68,42.83,1742015,8.51,,,,,,,,,
2020,Kabkot,3320,JEPARA,,.98,60.22,-10.32,-1.92,20973.09,6.7,13,51.13,44.14,14.1,8.58,33.18,1742015,8.51,,,,,,,,,
2020,Kabkot,3321,DEMAK,,1.29,44.95,-9.17,-.23,18374.56,7.31,16.18,60.26,22.92,23.55,13.38,40.15,1742015,8.51,,,,,,,,,
2020,Kabkot,3322,SEMARANG,,1.32,45.62,-13.31,-2.67,34688.04,4.57,8.24,52.91,28.64,23.23,7.65,40.48,1742015,8.51,,,,,,,,,
2020,Kabkot,3323,TEMANGGUNG,,1.08,30.26,-23.92,-2.13,14890.76,3.85,10.08,75.83,19.45,41.98,4.42,34.15,1742015,8.51,,,,,,,,,
2020,Kabkot,3324,KENDAL,,1.35,40.87,-11.95,-1.51,30449.02,7.56,16.7,61.15,23.62,24.75,7.36,44.27,1742015,8.51,,,,,,,,,
2020,Kabkot,3325,BATANG,,1.11,44.91,-2.19,-1.29,15031.08,6.92,17.27,60.69,21.46,23.58,12.71,42.26,1742015,8.51,,,,,,,,,
2020,Kabkot,3326,PEKALONGAN,,.9399999999999999,53.19,-12.52,-1.89,16047.51,6.97,14.2,58.44,36.92,16.05,6.65,40.38,1742015,8.51,,,,,,,,,
2020,Kabkot,3327,PEMALANG,,1.09,38.81,-14.58,-.61,18155.6,7.64,20.38,63.59,17.76,26.83,9.25,46.16,1742015,8.51,,,,,,,,,
2020,Kabkot,3328,TEGAL,,.95,42.22,-6.49,-1.48,24492.62,9.82,22.62,63.24,17.77,20.14,8.289999999999999,53.81,1742015,8.51,,,,,,,,,
2020,Kabkot,3329,BREBES,,1.07,37.21,-9.92,-.47,32693.08,9.83,24.21,74.2,10.63,30.92,11.23,47.22,1742015,8.51,,,,,,,,,
2020,Kabkot,3371,MAGELANG,,1.38,38.89,-10.04,-2.45,6312.05,8.59,16.72,45.81,17.69,1.3,3.82,77.2,1742015,8.51,,,,,,,,,
2020,Kabkot,3372,SURAKARTA,,1.14,51.07,-6.58,-1.76,34815.97,7.92,13.3,41.32,25.25,.97,4.29,69.5,1742015,8.51,,,,,,,,,
2020,Kabkot,3373,SALATIGA,,1.45,47.59,-14.93,-1.68,9503.709999999999,7.44,13.9,46.37,22.45,5.37,7.75,64.43000000000001,1742015,8.51,,,,,,,,,
2020,Kabkot,3374,SEMARANG,,1.9,46.36,-10.42,-1.85,137601.98,9.57,17.5,37.78,18.59,1.61,7.2,72.59999999999999,1742015,8.51,,,,,,,,,
2020,Kabkot,3375,PEKALONGAN,,.9399999999999999,55.5,2.67,-1.87,7337.83,7.02,13.32,38.27,36.24,2.61,5.64,55.5,1742015,8.51,,,,,,,,,
2020,Kabkot,3376,TEGAL,,1.13,42.26,-17.34,-2.29,10949.12,8.4,16.06,52.19,15.37,7.45,5.6,71.59,1742015,8.51,,,,,,,,,
2020,Kabkot,3401,KULON PROGO,,1.27,35.65,-11.38,-3.45,8468.290000000001,3.71,8.16,64.28,20.36,31.39,7.5,40.75,1704608,8.51,,,,,,,,,
2020,Kabkot,3402,BANTUL,,1.29,37.77,-5.56,-1.65,18839.37,4.06,7.1,52.04,18.82,16.01,7.85,57.33,1704608,8.51,,,,,,,,,
2020,Kabkot,3403,GUNUNGKIDUL,,1.06,31.92,-23.4,-.68,13512.44,2.16,8.970000000000001,76.36,18.91,42.66,8.31,30.12,1704608,8.51,,,,,,,,,
2020,Kabkot,3404,SLEMAN,,1.52,36.25,-13.75,-4.05,33857.33,5.09,8.960000000000001,50.81,13.89,12.76,6.93,66.42,1704608,8.51,,,,,,,,,
2020,Kabkot,3471,YOGYAKARTA,,1.33,41.28,-17.19,-2.42,27016.5,9.16,16.76,50.18,14.56,1.12,3.54,80.79000000000001,1704608,8.51,,,,,,,,,
2020,Kabkot,3501,PACITAN,,1.09,17.32,-8.4,-1.84,10837.87,2.28,6.82,80.83,8.130000000000001,59,7.03,25.85,1768777,8.51,,,,,,,,,
2020,Kabkot,3502,PONOROGO,,1.32,24.79,-13.28,-.9,14168.62,4.45,11.39,77.31999999999999,9.51,45.54,9.029999999999999,35.91,1768777,8.51,,,,,,,,,
2020,Kabkot,3503,TRENGGALEK,,1.24,25.51,-6.12,-2.17,12502.39,4.11,9.08,74.98999999999999,14.74,50.05,6.75,28.46,1768777,8.51,,,,,,,,,
2020,Kabkot,3504,TULUNGAGUNG,,1,35.76,4.71,-3.09,26455.76,4.61,11.33,65.52,18.33,32.84,9.4,39.42,1768777,8.51,,,,,,,,,
2020,Kabkot,3505,BLITAR,,.97,23.72,-4.73,-2.29,24945.46,3.82,7.37,70.66,11.66,47.13,7.4,33.81,1768777,8.51,,,,,,,,,
2020,Kabkot,3506,KEDIRI,,1.02,29.95,-1.46,-2.41,28490.95,5.24,12.06,64.16,13.7,36.46,8.1,41.74,1768777,8.51,,,,,,,,,
2020,Kabkot,3507,MALANG,,1.1,33.68,-1.5,-2.68,66545.47,5.49,11.97,60.28,13.93,32.35,9.81,43.91,1768777,8.51,,,,,,,,,
2020,Kabkot,3508,LUMAJANG,,.97,30.52,-25.28,-2.79,21933.79,3.36,9.85,74.69,12.67,43.25,8.6,35.48,1768777,8.51,,,,,,,,,
2020,Kabkot,3509,JEMBER,,1,27.61,-6.66,-2.98,52586.56,5.12,14.23,65.34999999999999,12.46,40.88,8.050000000000001,38.62,1768777,8.51,,,,,,,,,
2020,Kabkot,3510,BANYUWANGI,,1.03,31.12,-10.6,-3.58,53295.11,5.34,15.3,64.51000000000001,12.81,35.51,7.67,44.01,1768777,8.51,,,,,,,,,
2020,Kabkot,3511,BONDOWOSO,,.86,24.85,3.48,-1.36,13451.77,4.13,7.66,75.45,14.67,48.33,5.58,31.41,1768777,8.51,,,,,,,,,
2020,Kabkot,3512,SITUBONDO,,1.03,22.79,12.13,-2.33,13282.84,3.85,9.109999999999999,65.01000000000001,10.56,43.31,5,41.13,1768777,8.51,,,,,,,,,
2020,Kabkot,3513,PROBOLINGGO,,.92,27.39,-18.96,-2.12,22898.24,4.86,13.55,74.13,13.08,46.32,7.15,33.45,1768777,8.51,,,,,,,,,
2020,Kabkot,3514,PASURUAN,,1.4,45.33,-7.59,-2.03,103152.8,6.24,16.2,59.45,22.25,24.01,10.9,42.84,1768777,8.51,,,,,,,,,
2020,Kabkot,3515,SIDOARJO,,1.92,53.2,-7.96,-3.69,135305.32,10.97,20.14,37.01,29.86,3.1,7.27,59.76,1768777,8.51,,,,,,,,,
2020,Kabkot,3516,MOJOKERTO,,1.5,47.77,-.78,-1.11,57818.42,5.75,13.25,51.53,27.81,18.04,7.54,46.61,1768777,8.51,,,,,,,,,
2020,Kabkot,3517,JOMBANG,,1.14,39.42,-5.86,-1.98,27657.58,7.48,14.29,60.49,18.44,20.33,7.68,53.55,1768777,8.51,,,,,,,,,
2020,Kabkot,3518,NGANJUK,,1.12,28.29,-2.03,-1.71,17990.36,4.8,13.16,72.63,12.11,42.36,6.98,38.55,1768777,8.51,,,,,,,,,
2020,Kabkot,3519,MADIUN,,1.27,25.08,-2.19,-.12,13146.12,4.8,14.72,68.83,8.609999999999999,38.51,10.16,42.72,1768777,8.51,,,,,,,,,
2020,Kabkot,3520,MAGETAN,,1.54,31.2,-13.29,-1.64,13020.89,3.74,10.48,73.70999999999999,14.81,37.42,7.97,39.8,1768777,8.51,,,,,,,,,
2020,Kabkot,3521,NGAWI,,1.19,23.32,-13.28,-1.69,13479.74,5.44,16.6,77.39,8.300000000000001,46.24,8.039999999999999,37.42,1768777,8.51,,,,,,,,,
2020,Kabkot,3522,BOJONEGORO,,1.24,27.39,-14.68,-.4,69703.42,4.92,16.56,71.81999999999999,10.08,43.25,9.17,37.5,1768777,8.51,,,,,,,,,
2020,Kabkot,3523,TUBAN,,1.16,29.9,-2.83,-5.85,42705.01,4.81,11.56,69.92,11.01,38.89,9.710000000000001,40.39,1768777,8.51,,,,,,,,,
2020,Kabkot,3524,LAMONGAN,,1.22,33.4,-2.26,-2.65,26972.65,5.13,14.97,67.15000000000001,12.52,35.5,6.8,45.18,1768777,8.51,,,,,,,,,
2020,Kabkot,3525,GRESIK,,1.79,48.1,-2.4,-3.68,97616.60000000001,8.210000000000001,17.42,49.92,27.85,16.89,8.130000000000001,47.13,1768777,8.51,,,,,,,,,
2020,Kabkot,3526,BANGKALAN,,1.18,23.36,-1.13,-5.59,17514.62,8.77,26.73,76.64,7,46.99,9.109999999999999,36.9,1768777,8.51,,,,,,,,,
2020,Kabkot,3527,SAMPANG,,.9,18.05,-11.82,-.29,13953.74,3.35,9.51,83.23,5.08,59.64,7.05,28.23,1768777,8.51,,,,,,,,,
2020,Kabkot,3528,PAMEKASAN,,1.11,22,-16.56,-2.54,11117.62,3.49,10.41,80.70999999999999,9.390000000000001,49.14,7.79,33.68,1768777,8.51,,,,,,,,,
2020,Kabkot,3529,SUMENEP,,1.01,15.14,-.36,-1.13,23546.51,2.84,7.81,81.66,7.31,61.15,5.4,26.14,1768777,8.51,,,,,,,,,
2020,Kabkot,3571,KEDIRI,,1.27,38.2,-13.37,-6.25,84374.98,6.21,11.76,45.65,12.87,4.07,7.38,75.68000000000001,1768777,8.51,,,,,,,,,
2020,Kabkot,3572,BLITAR,,1.22,39.1,-11.41,-2.28,4722.55,6.68,11.26,52.54,13.1,8.789999999999999,5.47,72.64,1768777,8.51,,,,,,,,,
2020,Kabkot,3573,MALANG,,1.41,44.89,-7.73,-2.24,51154.53,9.609999999999999,16.44,43.81,16.38,1.1,4.99,77.52,1768777,8.51,,,,,,,,,
2020,Kabkot,3574,PROBOLINGGO,,1.33,41.53,-13.43,-3.64,8035.27,6.7,14.47,47.92,21.48,9.130000000000001,5.39,63.99,1768777,8.51,,,,,,,,,
2020,Kabkot,3575,PASURUAN,,1.57,46.84,-8.380000000000001,-4.33,5706.6,6.33,13.07,43.4,21.73,4.31,5.04,68.92,1768777,8.51,,,,,,,,,
2020,Kabkot,3576,MOJOKERTO,,1.72,44.85,.52,-3.69,4801.46,6.74,14.29,38.2,24.81,3.42,6.84,64.93000000000001,1768777,8.51,,,,,,,,,
2020,Kabkot,3577,MADIUN,,1.46,33.06,-6.33,-5.34,10055.91,8.32,17.91,44.41,8.02,2.11,7.62,82.25,1768777,8.51,,,,,,,,,
2020,Kabkot,3578,SURABAYA,,1.9,47.61,-11.28,-4.85,390936.42,9.789999999999999,18.02,39.19,14.96,.67,6.79,77.58,1768777,8.51,,,,,,,,,
2020,Kabkot,3579,BATU,,1.16,33.51,-19.73,-6.46,11025.81,5.93,14.56,55.83,10.38,26.64,5.69,57.29,1768777,8.51,,,,,,,,,
2020,Kabkot,3601,PANDEGLANG,,.98,24.81,-25.4,-.67,19511.68,9.15,21.04,80.36,8.1,45.08,6.51,40.3,2460997,8.51,,,,,,,,,
2020,Kabkot,3602,LEBAK,,.98,25.02,-16.09,-.91,20622.04,9.630000000000001,25.44,77.91,8.58,38.88,6.93,45.6,2460997,8.51,,,,,,,,,
2020,Kabkot,3603,TANGERANG,,1.35,55.54,-10.02,-3.76,93480.39,13.06,25.2,40.61,31.13,5.34,6.85,56.69,2460997,8.51,,,,,,,,,
2020,Kabkot,3604,SERANG,,1.27,45.47,-10.55,-2.73,52866.43,12.22,30.55,57.62,27.26,20.05,8.880000000000001,43.81,2460997,8.51,,,,,,,,,
2020,Kabkot,3671,TANGERANG,,1.59,49.57,-11.51,-7.36,102415.68,8.630000000000001,17.27,36.47,23.27,.8100000000000001,5.86,70.06,2460997,8.51,,,,,,,,,
2020,Kabkot,3672,CILEGON,,1.4,50.98,-13.33,-1.23,73319.12,12.69,23.48,40.85,20.33,2.34,12.99,64.34,2460997,8.51,,,,,,,,,
2020,Kabkot,3673,SERANG,,1.61,37.89,-20.04,-1.29,22518.66,9.26,22.7,51.46,16.32,4.24,8.91,70.53,2460997,8.51,,,,,,,,,
2020,Kabkot,3674,TANGERANG SELATAN,,2.01,37.03,-8.5,-1.01,59531.08,8.48,19.91,36.38,6.54,.84,8,84.61,2460997,8.51,,,,,,,,,
2020,Kabkot,5101,JEMBRANA,,.92,35.72,-13.91,-4.98,8951.35,4.52,10.21,60.28,20.14,28.84,8.85,42.17,2494000,8.529999999999999,,,,,,,,,
2020,Kabkot,5102,TABANAN,,.96,33.02,-23.29,-6.17,14808.65,4.21,12.56,67,16.99,31.54,7.81,43.66,2494000,8.529999999999999,,,,,,,,,
2020,Kabkot,5103,BADUNG,,1.01,43.9,-21.16,-16.55,31147.82,6.92,10.72,51.16,16.33,10.69,7.2,65.78,2494000,8.529999999999999,,,,,,,,,
2020,Kabkot,5104,GIANYAR,,.86,46.19,-11.46,-8.390000000000001,17442.44,7.53,18.82,51.71,23.16,15.61,8.68,52.54,2494000,8.529999999999999,,,,,,,,,
2020,Kabkot,5105,KLUNGKUNG,,.95,34.97,-17.9,-6.38,5608.69,5.42,16.45,62.57,14.1,26.73,7.54,51.63,2494000,8.529999999999999,,,,,,,,,
2020,Kabkot,5106,BANGLI,,.95,30.64,-5.76,-4.1,4399.19,1.86,5.84,68.65000000000001,17.64,43.45,9.210000000000001,29.69,2494000,8.529999999999999,,,,,,,,,
2020,Kabkot,5107,KARANGASEM,,.78,26.56,-20.86,-4.49,10630.37,2.42,6.31,72.90000000000001,14.93,42.48,8.18,34.4,2494000,8.529999999999999,,,,,,,,,
2020,Kabkot,5108,BULELENG,,.88,26.05,-8.609999999999999,-5.8,22066.16,5.19,12.18,65.01000000000001,10.17,34.81,7.47,47.54,2494000,8.529999999999999,,,,,,,,,
2020,Kabkot,5171,DENPASAR,,1.13,41.6,-7.04,-9.44,32740.22,7.62,10.54,38.05,13.53,2.29,5.79,78.39,2494000,8.529999999999999,,,,,,,,,
2020,Kabkot,5201,LOMBOK BARAT,,.95,31.86,-4.72,-7.03,10128.3,4.58,8.31,64.79000000000001,13.18,25.79,11.21,49.82,2183883,8.51,,,,,,,,,
2020,Kabkot,5202,LOMBOK TENGAH,,.7,26.28,-6.42,-6.67,11571,3.74,7.75,82.12,12.87,43.69,8.24,35.19,2183883,8.51,,,,,,,,,
2020,Kabkot,5203,LOMBOK TIMUR,,.87,27.44,-14.66,-3.12,13974.02,4.17,8.56,82.14,14.63,35.69,7.22,42.46,2183883,8.51,,,,,,,,,
2020,Kabkot,5204,SUMBAWA,,1.12,18.95,-4.12,-4.18,10032.95,4.01,9.08,75.20999999999999,6.5,44.59,6.94,41.97,2183883,8.51,,,,,,,,,
2020,Kabkot,5205,DOMPU,,1,20.02,-11.05,-3.21,4896.65,3.28,6.96,72.73,5.23,40.66,6.58,47.53,2183883,8.51,,,,,,,,,
2020,Kabkot,5206,BIMA,,.82,20.12,-17.46,-3.53,7943.64,2.89,4.98,79.58,8.75,49.17,4.15,37.92,2183883,8.51,,,,,,,,,
2020,Kabkot,5207,SUMBAWA BARAT,,1.33,18.98,-13.15,28.79,16470.71,5.5,7.63,56.7,3.97,28.76,13.46,53.81,2183883,8.51,,,,,,,,,
2020,Kabkot,5208,LOMBOK UTARA,,.75,18.85,-19.1,-7.46,3217.77,3.01,6.9,77.48,4.88,48.04,8.619999999999999,38.45,2183883,8.51,,,,,,,,,
2020,Kabkot,5271,MATARAM,,1.26,34.6,-.2,-5.52,13049.74,6.83,14.03,48.06,9.859999999999999,3.16,7.68,79.31,2183883,8.51,,,,,,,,,
2020,Kabkot,5272,BIMA,,1.18,36.02,-9.390000000000001,-4.95,2879.23,4.42,9.31,58.56,14.52,11.06,7.88,66.55,2183883,8.51,,,,,,,,,
2020,Kabkot,5301,SUMBA BARAT,,1.11,15.8,-18.25,-.27,1437.37,3.96,7.34,75.56999999999999,7.18,55.74,5.24,31.84,1950000,8.640000000000001,,,,,,,,,
2020,Kabkot,5302,SUMBA TIMUR,,1.54,14.02,-12.43,-.88,3966.2,3.49,6.72,73.56999999999999,6.52,53.73,4.99,34.76,1950000,8.640000000000001,,,,,,,,,
2020,Kabkot,5303,KUPANG,,.95,14.22,-20.77,-.77,4754.94,4.9,7.96,78.26000000000001,6.71,59.04,5.66,28.59,1950000,8.640000000000001,,,,,,,,,
2020,Kabkot,5304,TIMOR TENGAH SELATAN,,1.09,19.38,-10.68,-.06,4769.17,2.63,7.2,80.23,10.34,57.37,5.13,27.16,1950000,8.640000000000001,,,,,,,,,
2020,Kabkot,5305,TIMOR TENGAH UTARA,,.95,27.14,-10.08,-.65,2880.93,4.26,13.29,76.78,14.8,51.53,6.68,26.99,1950000,8.640000000000001,,,,,,,,,
2020,Kabkot,5306,BELU,,1.28,26.11,-13.68,.4,2968.23,7.42,17.27,72.97,10.1,44.11,7.65,38.14,1950000,8.640000000000001,,,,,,,,,
2020,Kabkot,5307,ALOR,,.92,18.19,-2.23,-.5600000000000001,1996.04,3.11,6.49,72.33,6.28,51.44,5.95,36.33,1950000,8.640000000000001,,,,,,,,,
2020,Kabkot,5308,LEMBATA,,1.01,21.08,-28.58,-.35,1162.84,4.88,11.17,75.67,9.17,51.15,5.78,33.9,1950000,8.640000000000001,,,,,,,,,
2020,Kabkot,5309,FLORES TIMUR,,.93,20.79,-12.29,.14,3498.47,3.16,7.93,76.02,10.75,48.05,5.48,35.73,1950000,8.640000000000001,,,,,,,,,
2020,Kabkot,5310,SIKKA,,1.12,27.25,-12.68,-.86,3305.67,4,9.050000000000001,74.8,12.56,42.16,5.66,39.62,1950000,8.640000000000001,,,,,,,,,
2020,Kabkot,5311,ENDE,,1.1,28.81,-14.64,-1.33,4076.21,2.95,5.23,78.56999999999999,17.78,43.51,5.13,33.58,1950000,8.640000000000001,,,,,,,,,
2020,Kabkot,5312,NGADA,,1.09,16.68,-26.24,.04,2310.19,4.69,8.210000000000001,74.29000000000001,6.03,51.28,5.69,37,1950000,8.640000000000001,,,,,,,,,
2020,Kabkot,5313,MANGGARAI,,1.21,20.07,-26.67,-.89,2991.32,4.09,8.369999999999999,82.89,8.76,54.51,7.22,29.52,1950000,8.640000000000001,,,,,,,,,
2020,Kabkot,5314,ROTE NDAO,,.89,22.62,-13.96,.21,1931.72,4.9,9.99,75.63,11.92,47.71,8.039999999999999,32.33,1950000,8.640000000000001,,,,,,,,,
2020,Kabkot,5315,MANGGARAI BARAT,,1.03,9.289999999999999,-27.79,.9,2267.58,3.72,9.91,82.41,3.34,69.13,4.67,22.86,1950000,8.640000000000001,,,,,,,,,
2020,Kabkot,5316,SUMBA TENGAH,,1.06,15.37,14.27,.86,756.61,4.02,8.300000000000001,70.34999999999999,4.57,56.68,9.74,29,1950000,8.640000000000001,,,,,,,,,
2020,Kabkot,5317,SUMBA BARAT DAYA,,.99,22.3,-11.75,.1,2307.21,2.36,4.31,86.06,16.26,57.83,5.11,20.8,1950000,8.640000000000001,,,,,,,,,
2020,Kabkot,5318,NAGEKEO,,.99,17.17,-5.84,.49,1378.04,3.09,7.1,81.27,8.56,62.9,5.21,23.33,1950000,8.640000000000001,,,,,,,,,
2020,Kabkot,5319,MANGGARAI TIMUR,,.74,8.73,-18.37,.8100000000000001,2040.01,2.1,2.94,90.81,2.73,79.59999999999999,5.02,12.64,1950000,8.640000000000001,,,,,,,,,
2020,Kabkot,5320,SABU RAIJUA,,1.2,18.34,-14.34,-1.11,773.18,3.08,5.82,79.87,11.35,55.01,10.06,23.58,1950000,8.640000000000001,,,,,,,,,
2020,Kabkot,5321,MALAKA,,1.1,20.45,.79,1,1879.14,3.63,7.81,77.08,11.91,53.09,4.98,30.02,1950000,8.640000000000001,,,,,,,,,
2020,Kabkot,5371,KUPANG,,1.27,30.4,-10.33,-2.05,16351,10.9,18.43,41.6,6.91,5.63,10.05,77.42,1950000,8.640000000000001,,,,,,,,,
2020,Kabkot,6101,SAMBAS,,.9,18.9,-25.56,-2.04,13363.52,3.71,11.22,76.67,7.41,60.43,5.59,26.58,2399699,8.51,,,,,,,,,
2020,Kabkot,6102,BENGKAYANG,,1,12.84,-4.41,-1.99,5600.32,3.91,7.68,70.77,2.73,57.31,13.74,26.22,2399699,8.51,,,,,,,,,
2020,Kabkot,6103,LANDAK,,.9,11.44,-.32,-.71,6972.05,3.38,11.08,68.58,2.13,68.31999999999999,6.54,23.01,2399699,8.51,,,,,,,,,
2020,Kabkot,6104,MEMPAWAH,,1,30.19,-20.15,.18,5251.04,7.55,18.04,57.48,10.5,34.33,11.34,43.83,2399699,8.51,,,,,,,,,
2020,Kabkot,6105,SANGGAU,,.99,14.03,-10.85,.71,13235.26,3.52,10.85,70.90000000000001,4.53,67.48999999999999,7.1,20.88,2399699,8.51,,,,,,,,,
2020,Kabkot,6106,KETAPANG,,1.11,21.69,8.25,-.49,17911.87,7.3,19.57,49.38,6.45,51,11.15,31.39,2399699,8.51,,,,,,,,,
2020,Kabkot,6107,SINTANG,,1.01,9.25,-6.71,-2.19,9375.709999999999,4.5,12.02,75.56,1.73,64.13,9.039999999999999,25.1,2399699,8.51,,,,,,,,,
2020,Kabkot,6108,KAPUAS HULU,,.91,12.37,15.16,-2.43,6234.48,4.02,10.27,61.97,3.88,52.68,16.21,27.23,2399699,8.51,,,,,,,,,
2020,Kabkot,6109,SEKADAU,,.82,12.62,8.92,-.98,4252.1,3.39,9.119999999999999,77.36,2.6,67.44,6.87,23.09,2399699,8.51,,,,,,,,,
2020,Kabkot,6110,MELAWI,,.86,11.19,20.03,-1.11,3348.11,2.7,3.89,65.68000000000001,5.15,50.98,17.21,26.65,2399699,8.51,,,,,,,,,
2020,Kabkot,6111,KAYONG UTARA,,.89,16.89,-3.46,-.76,2517.55,3.71,7.57,59.61,5.43,49.57,12.1,32.9,2399699,8.51,,,,,,,,,
2020,Kabkot,6112,KUBU RAYA,,.95,27.22,-13.25,-2.39,17831.73,7.14,16.54,55.08,8.369999999999999,41.07,9.31,41.24,2399699,8.51,,,,,,,,,
2020,Kabkot,6171,PONTIANAK,,1.15,40.92,-7.18,-3.96,23822.51,12.36,20.95,42.61,9.32,3.4,9.18,78.09,2399699,8.51,,,,,,,,,
2020,Kabkot,6172,SINGKAWANG,,1.02,28.27,-12,-2.51,6657.05,8.779999999999999,16.37,51.33,9.130000000000001,22.49,11.43,56.95,2399699,8.51,,,,,,,,,
2020,Kabkot,6201,KOTAWARINGIN BARAT,,.96,28.39,-6.04,.98,13004.27,4.76,11.42,48.5,10.38,30,6.23,53.39,2903145,9,,,,,,,,,
2020,Kabkot,6202,KOTAWARINGIN TIMUR,,.86,21.21,-11.48,-3.06,17893.09,5.25,12.98,53.24,5.51,38.85,9.77,45.87,2903145,9,,,,,,,,,
2020,Kabkot,6203,KAPUAS,,.93,9.51,-11.75,-1.04,10797.99,4.98,14.29,69.95999999999999,2.13,56.15,9.56,32.17,2903145,9,,,,,,,,,
2020,Kabkot,6204,BARITO SELATAN,,.97,19.95,-12.62,-2.9,4240.61,4.21,12.85,60.26,5.98,41.71,11.86,40.45,2903145,9,,,,,,,,,
2020,Kabkot,6205,BARITO UTARA,,.97,18.97,-.6899999999999999,-2.24,6955.41,5.29,12.77,59.39,6.92,37.36,13.98,41.74,2903145,9,,,,,,,,,
2020,Kabkot,6206,SUKAMARA,,.96,24.67,-10.95,1.98,2905.47,4.7,11.71,46.46,7.44,42.42,6.94,43.2,2903145,9,,,,,,,,,
2020,Kabkot,6207,LAMANDAU,,.9399999999999999,16.08,-14.95,1.85,3815.65,2.83,6.8,54.54,3.48,52.71,8.73,35.08,2903145,9,,,,,,,,,
2020,Kabkot,6208,SERUYAN,,.97,14.24,-12.4,-2.23,5908.25,4.3,11.39,38.41,6.55,47.59,5.34,40.52,2903145,9,,,,,,,,,
2020,Kabkot,6209,KATINGAN,,.85,18.26,18.35,-3.18,4947.51,5.69,8.029999999999999,58.83,8.52,35.03,21.83,34.62,2903145,9,,,,,,,,,
2020,Kabkot,6210,PULANG PISAU,,.91,15.51,-22.54,2.68,3484.01,2.63,6.08,73.2,5.35,47.27,13.54,33.84,2903145,9,,,,,,,,,
2020,Kabkot,6211,GUNUNG MAS,,.89,14.35,-4.39,3.39,3620.43,2.49,5.72,51.27,7.09,23.13,35.91,33.87,2903145,9,,,,,,,,,
2020,Kabkot,6212,BARITO TIMUR,,1.03,12.59,-20.26,-2.71,5182.5,2.91,6.87,69.11,4.2,54.31,6.12,35.37,2903145,9,,,,,,,,,
2020,Kabkot,6213,MURUNG RAYA,,1.16,14.83,-7.48,-2.45,5724.09,3.1,8.5,59.64,3.67,29.08,28.51,38.73,2903145,9,,,,,,,,,
2020,Kabkot,6271,PALANGKA RAYA,,1.48,24.5,-10.29,-2.85,10574.67,5.95,15.37,43.03,4.3,6.93,10.24,78.53,2903145,9,,,,,,,,,
2020,Kabkot,6301,TANAH LAUT,,1,18.92,-12.77,-1.95,10164.06,3.57,8.119999999999999,61.77,6.39,49.35,9.289999999999999,34.98,2877449,8.51,,,,,,,,,
2020,Kabkot,6302,KOTABARU,,.96,22.18,-5.11,-1.88,17304.87,4.96,11.45,51.76,9.48,43.91,7.09,39.52,2877449,8.51,,,,,,,,,
2020,Kabkot,6303,BANJAR,,.75,26.09,-12.81,-1.96,11732.66,3.87,9.01,67.37,8.27,39.45,8.65,43.64,2877449,8.51,,,,,,,,,
2020,Kabkot,6304,BARITO KUALA,,.86,18.64,1.83,-1.06,5760.37,2.93,8.76,70.87,8.300000000000001,51.65,5.12,34.93,2877449,8.51,,,,,,,,,
2020,Kabkot,6305,TAPIN,,1.05,19.21,-13.63,-1.49,6358.49,3.73,6.88,67.78,5.15,40.78,10.72,43.34,2877449,8.51,,,,,,,,,
2020,Kabkot,6306,HULU SUNGAI SELATAN,,.83,28.42,-13.52,-1.19,4650.23,2.24,7.57,71.06999999999999,14.59,37.05,6.96,41.4,2877449,8.51,,,,,,,,,
2020,Kabkot,6307,HULU SUNGAI TENGAH,,.75,23.84,-5.32,-1.01,4832.75,3.9,9.56,72.13,9.289999999999999,40.01,5.62,45.08,2877449,8.51,,,,,,,,,
2020,Kabkot,6308,HULU SUNGAI UTARA,,.66,28.34,-9.23,-.66,3303.34,4.49,10.14,66.73999999999999,15.19,27.57,4.37,52.87,2877449,8.51,,,,,,,,,
2020,Kabkot,6309,TABALONG,,1.37,17.1,-11.18,-2.5,14481.31,3.07,7.61,69.62,3.41,46.52,12.58,37.49,2877449,8.51,,,,,,,,,
2020,Kabkot,6310,TANAH BUMBU,,.91,25.26,-9.300000000000001,-1.39,15395.66,6.95,13.92,51.5,5.38,25.47,16.42,52.73,2877449,8.51,,,,,,,,,
2020,Kabkot,6311,BALANGAN,,1.06,10.31,-5.76,-2.47,9177.870000000001,2.46,5.15,74.70999999999999,2.64,54.93,7.25,35.18,2877449,8.51,,,,,,,,,
2020,Kabkot,6371,BANJARMASIN,,.9,40.23,-8.49,-1.88,21929.24,8.32,14.49,43.58,11.55,1.62,8.859999999999999,77.97,2877449,8.51,,,,,,,,,
2020,Kabkot,6372,BANJAR BARU,,1.08,34.19,-7.86,-1.83,6118.39,5.54,9.449999999999999,45.7,10.76,10.28,14.35,64.61,2877449,8.51,,,,,,,,,
2020,Kabkot,6401,PASER,,1.09,16.49,-9.82,-2.86,34712.07,4.52,12.52,57.03,4.01,38.08,13.05,44.86,2981379,8.51,,,,,,,,,
2020,Kabkot,6402,KUTAI BARAT,,1.07,18.55,-15.77,-2.87,20644.38,4.97,11.46,62.09,6.2,39.25,10,44.55,2981379,8.51,,,,,,,,,
2020,Kabkot,6403,KUTAI KARTANEGARA,,1.22,20.3,-8.84,-4.21,120953.7,5.7,13.68,52.85,5.8,29.44,18.81,45.95,2981379,8.51,,,,,,,,,
2020,Kabkot,6404,KUTAI TIMUR,,1.28,22.75,-11.91,-3.08,92868.67999999999,5.45,13.61,48.57,2.09,29.47,19.08,49.36,2981379,8.51,,,,,,,,,
2020,Kabkot,6405,BERAU,,1.3,21.25,-24.54,-3.32,27337.09,5.08,11.46,54.64,4.98,31.11,16.19,47.73,2981379,8.51,,,,,,,,,
2020,Kabkot,6409,PENAJAM PASER UTARA,,.96,24.85,-9.4,-2.34,6604.62,6.22,14.8,60.9,9.6,40.08,9.130000000000001,41.19,2981379,8.51,,,,,,,,,
2020,Kabkot,6411,MAHAKAM ULU,,1.03,11.01,21.55,-.22,1763.93,3.49,5.02,61.53,1.3,43.91,10.61,44.17,2981379,8.51,,,,,,,,,
2020,Kabkot,6471,BALIKPAPAN,,1.26,38.05,-2.61,-.91,83034.71000000001,9,17.95,36.77,7.42,4.09,11.53,76.97,2981379,8.51,,,,,,,,,
2020,Kabkot,6472,SAMARINDA,,1.1,32.88,-8.279999999999999,-.99,45041.33,8.26,13.89,39.35,7.49,5.39,13.76,73.36,2981379,8.51,,,,,,,,,
2020,Kabkot,6474,BONTANG,,1.88,35.38,-7.53,-2.74,39320.23,9.460000000000001,19.76,37.98,10.08,9.35,17.51,63.06,2981379,8.51,,,,,,,,,
2020,Kabkot,6501,MALINAU,,1.4,11.55,-11.05,-.53,7807.64,5.08,11.8,58.96,2.47,42.06,10.15,45.32,3000804,8.51,,,,,,,,,
2020,Kabkot,6502,BULUNGAN,,1.15,20.84,-9.9,-.7,11547.04,4.45,6.76,51.96,6.39,33.32,13.39,46.9,3000804,8.51,,,,,,,,,
2020,Kabkot,6503,TANA TIDUNG,,1.39,14.82,-15.84,-.97,3659.9,4.83,5,48.5,3.12,30.17,9.92,56.79,3000804,8.51,,,,,,,,,
2020,Kabkot,6504,NUNUKAN,,1,16.05,-6.71,-.97,15708.37,4.14,9.85,60.31,4.18,44.89,6.41,44.52,3000804,8.51,,,,,,,,,
2020,Kabkot,6571,TARAKAN,,1.05,35.78,-6.84,-.75,22065.1,5.86,11.36,40.8,13.68,16.3,9.880000000000001,60.14,3000804,8.51,,,,,,,,,
2020,Kabkot,7101,BOLAANG MONGONDOW,,.76,18.17,-8.720000000000001,.98,5512.88,4.87,8.66,76.29000000000001,4.67,49.77,14.06,31.5,3310723,8.51,,,,,,,,,
2020,Kabkot,7102,MINAHASA,,1.07,28.55,-12.4,-1.02,11685.36,6.3,22.59,62.04,9.81,30.67,8.52,50.99,3310723,8.51,,,,,,,,,
2020,Kabkot,7103,KEPULAUAN SANGIHE,,.8100000000000001,23.11,-30.42,.47,3024.28,4.91,15.47,71.51000000000001,8.640000000000001,42.17,7.64,41.55,3310723,8.51,,,,,,,,,
2020,Kabkot,7104,KEPULAUAN TALAUD,,.76,15.26,-26.83,.43,1611.74,2.64,3.84,78.98,6.57,57.66,2.66,33.11,3310723,8.51,,,,,,,,,
2020,Kabkot,7105,MINAHASA SELATAN,,.89,26.48,-22.66,-.77,6073.03,5.01,15.38,70.94,11.8,40.44,8.67,39.09,3310723,8.51,,,,,,,,,
2020,Kabkot,7106,MINAHASA UTARA,,.96,30.42,-11.96,-.9,9295.280000000001,7.88,15.48,51.92,11.93,25.71,11.78,50.58,3310723,8.51,,,,,,,,,
2020,Kabkot,7107,BOLAANG MONGONDOW UTARA,,.71,22.35,-4.69,.71,1691.1,5.48,13.77,64.51000000000001,7.26,39.55,9.24,43.96,3310723,8.51,,,,,,,,,
2020,Kabkot,7108,SIAU TAGULANDANG BIARO,,.74,13.33,13.76,1.03,1610.52,3.31,13.67,65.48,2.01,45.36,7.14,45.49,3310723,8.51,,,,,,,,,
2020,Kabkot,7109,MINAHASA TENGGARA,,.8,26.75,-10.01,-.64,3614.41,3.31,9.609999999999999,69.41,10.07,28.27,17.25,44.41,3310723,8.51,,,,,,,,,
2020,Kabkot,7110,BOLAANG MONGONDOW SELATAN,,.66,17.67,-9.85,.63,1336.97,4.39,10.55,67.79000000000001,4.05,43.5,10.32,42.13,3310723,8.51,,,,,,,,,
2020,Kabkot,7111,BOLAANG MONGONDOW TIMUR,,.75,12.94,-4.3,.16,1881.48,6.13,8.84,63.26,2.42,42.05,17.15,38.38,3310723,8.51,,,,,,,,,
2020,Kabkot,7171,MANADO,,1.08,37.17,-9.48,-3.16,24778.18,13.88,28.67,45.81,5.22,5.37,10.29,79.12,3310723,8.51,,,,,,,,,
2020,Kabkot,7172,BITUNG,,.91,45.55,-1.05,1.37,11325.1,10.23,20.74,39.43,19.71,11.73,8.390000000000001,60.17,3310723,8.51,,,,,,,,,
2020,Kabkot,7173,TOMOHON,,1.02,36.16,-18.21,-.41,3150.49,8.99,20.08,52.74,6.07,17.6,14.19,62.14,3310723,8.51,,,,,,,,,
2020,Kabkot,7174,KOTAMOBAGU,,.91,30.57,-12.4,.19,2396.96,7.44,16.65,54.61,7.4,18.06,10.18,64.36,3310723,8.51,,,,,,,,,
2020,Kabkot,7201,BANGGAI KEPULAUAN,,.98,19.51,-20.17,-2.36,2603.27,2.47,5.13,71.2,9.66,44.66,6.27,39.41,2303711,8.51,,,,,,,,,
2020,Kabkot,7202,BANGGAI,,1.05,21.8,-10.8,-4.8,18517.22,2.42,6.65,66.63,6.68,42.69,7.38,43.25,2303711,8.51,,,,,,,,,
2020,Kabkot,7203,MOROWALI,,1.43,19.31,-7.94,28.74,43902.29,5.21,13.18,57.66,7.93,35.99,10.32,45.76,2303711,8.51,,,,,,,,,
2020,Kabkot,7204,POSO,,1.11,16.65,-14.76,-3.94,6221.16,2.39,7.5,72.92,6.17,51.53,7.75,34.55,2303711,8.51,,,,,,,,,
2020,Kabkot,7205,DONGGALA,,.9,22.19,-13.18,-4.26,8165.36,2.58,7.3,68.89,6.77,46,10.1,37.12,2303711,8.51,,,,,,,,,
2020,Kabkot,7206,TOLI-TOLI,,.97,16.19,-3.36,-3.39,5534.73,3.74,6.49,66.31999999999999,6.35,44.47,6.32,42.87,2303711,8.51,,,,,,,,,
2020,Kabkot,7207,BUOL,,.87,12.95,-17.76,-2.89,3842.19,4.36,7.9,70.65000000000001,5.01,46.95,9.41,38.62,2303711,8.51,,,,,,,,,
2020,Kabkot,7208,PARIGI MOUTONG,,.84,16.7,-19.17,-4.95,11098.5,2.7,4.87,79.63,6.63,57.94,6.21,29.21,2303711,8.51,,,,,,,,,
2020,Kabkot,7209,TOJO UNA-UNA,,.88,15.85,-5.28,-3.17,3720.6,2.84,5.28,70.01000000000001,5.4,51.19,4.93,38.48,2303711,8.51,,,,,,,,,
2020,Kabkot,7210,SIGI,,.9,21.97,-13.7,-1.5,6118.11,3.36,9.470000000000001,72.37,4.76,49.75,12.49,33,2303711,8.51,,,,,,,,,
2020,Kabkot,7211,BANGGAI LAUT,,.87,13.56,10.67,-3.97,1607.82,3.09,3.17,67.81,5.48,49.52,4.81,40.19,2303711,8.51,,,,,,,,,
2020,Kabkot,7212,MOROWALI UTARA,,1.12,15.74,-16.26,-.23,8071.78,5.16,10.96,65.52,6.34,52.16,9.26,32.24,2303711,8.51,,,,,,,,,
2020,Kabkot,7271,PALU,,1.42,33.13,-7.75,-4.43,15462.91,8.380000000000001,19.96,43.04,9.31,1.63,9.23,79.83,2303711,8.51,,,,,,,,,
2020,Kabkot,7301,KEPULAUAN SELAYAR,,.6899999999999999,20.82,-10.76,-1.78,3620.2,2.44,7.02,62.06,10.52,36.07,7.56,45.85,3103800,8.51,,,,,,,,,
2020,Kabkot,7302,BULUKUMBA,,.74,15.77,-16.8,.43,8604.200000000001,3.42,7.8,76.27,6.84,56.46,4.99,31.7,3103800,8.51,,,,,,,,,
2020,Kabkot,7303,BANTAENG,,.63,17.31,-24.54,.52,5650.54,4.27,10.79,77.59999999999999,6.39,54.78,5.77,33.07,3103800,8.51,,,,,,,,,
2020,Kabkot,7304,JENEPONTO,,.73,13.71,-7.79,.16,6696.42,2.31,7.07,79.67,3.69,59.54,5.71,31.06,3103800,8.51,,,,,,,,,
2020,Kabkot,7305,TAKALAR,,.73,27.94,-18.13,-.61,6575.76,4.16,9.369999999999999,63.62,12.06,32.67,8.890000000000001,46.38,3103800,8.51,,,,,,,,,
2020,Kabkot,7306,GOWA,,.9,32.38,4.3,1.76,14025.76,6.44,13.41,60.95,11.62,28.18,10.63,49.57,3103800,8.51,,,,,,,,,
2020,Kabkot,7307,SINJAI,,.59,12.21,-.74,1.55,7200.23,2.65,7.1,72.59999999999999,5.01,60.45,3.99,30.55,3103800,8.51,,,,,,,,,
2020,Kabkot,7308,MAROS,,.77,33.72,-6.6,-10.87,12233.66,6.28,13.63,57.14,14.81,27.75,7.25,50.19,3103800,8.51,,,,,,,,,
2020,Kabkot,7309,PANGKAJENE DAN KEPULAUAN,,.84,24.42,-7.53,-1.69,16915.23,5.18,13.72,58.1,9.17,34.6,9.630000000000001,46.6,3103800,8.51,,,,,,,,,
2020,Kabkot,7310,BARRU,,.75,27.72,-5.4,.87,4839.12,6.39,20.29,56.9,6.72,31.43,11.91,49.95,3103800,8.51,,,,,,,,,
2020,Kabkot,7311,BONE,,.59,15.76,-12.57,-.25,22053.74,3.2,7.88,74.27,8.359999999999999,57,2.86,31.77,3103800,8.51,,,,,,,,,
2020,Kabkot,7312,SOPPENG,,.6,15.01,-16.96,2.19,7146.65,4.42,15.91,72.90000000000001,6.2,52.7,4.54,36.55,3103800,8.51,,,,,,,,,
2020,Kabkot,7313,WAJO,,.54,22.82,-1.93,-1.17,12708.31,4.33,11.13,73.19,10.97,45.32,6.15,37.56,3103800,8.51,,,,,,,,,
2020,Kabkot,7314,SIDENRENG RAPPANG,,.68,26.97,.11,-.59,8401.059999999999,5.91,15.38,63.04,11.71,40.41,7.23,40.66,3103800,8.51,,,,,,,,,
2020,Kabkot,7315,PINRANG,,.71,22.37,-6.36,.44,12826.45,4.19,12.87,66.06999999999999,8.390000000000001,40.64,8.67,42.29,3103800,8.51,,,,,,,,,
2020,Kabkot,7316,ENREKANG,,.7,15.57,3.53,1.25,4592.23,2.44,6.25,75.87,6.92,55.39,4.14,33.56,3103800,8.51,,,,,,,,,
2020,Kabkot,7317,LUWU,,.74,12.62,-12.68,1.3,9855.91,4.94,12.01,74.04000000000001,4.44,63.41,4.1,28.05,3103800,8.51,,,,,,,,,
2020,Kabkot,7318,TANA TORAJA,,.95,6.85,-45.37,-.28,4545.29,2.6,3.78,87.41,1.37,79.34999999999999,3.78,15.5,3103800,8.51,,,,,,,,,
2020,Kabkot,7322,LUWU UTARA,,.71,15.79,7.59,-.59,8172.74,3.01,7.51,69.95999999999999,5.18,53.33,5.43,36.07,3103800,8.51,,,,,,,,,
2020,Kabkot,7325,LUWU TIMUR,,1.3,21.02,-17.3,1.46,16256.9,4.46,10.05,65.14,6.38,44.41,11.75,37.46,3103800,8.51,,,,,,,,,
2020,Kabkot,7326,TORAJA UTARA,,.72,11.71,-11.58,.17,5148.55,3.17,4.71,78.48,2.13,62.15,4.69,31.03,3103800,8.51,,,,,,,,,
2020,Kabkot,7371,MAKASSAR,,1.24,37.96,-8.550000000000001,-1.27,120905.75,15.92,31.75,38.37,8.710000000000001,3.01,9.529999999999999,78.75,3103800,8.51,,,,,,,,,
2020,Kabkot,7372,PAREPARE,,.96,33.36,-11.64,-.08,4944.03,7.14,13.06,45.91,10.03,4.29,7.72,77.97,3103800,8.51,,,,,,,,,
2020,Kabkot,7373,PALOPO,,.9399999999999999,28.73,-14.54,.45,5472.08,10.37,17.79,41.99,9.48,12.41,8.699999999999999,69.41,3103800,8.51,,,,,,,,,
2020,Kabkot,7401,BUTON,,.55,24.35,10.72,-.49,2774.41,4.78,9.75,61.88,8.390000000000001,39.53,13.73,38.35,2552015,8.51,,,,,,,,,
2020,Kabkot,7402,MUNA,,.9,27.17,-5.12,.01,5068.45,6.45,10.93,68.45999999999999,9,32.62,11.49,46.89,2552015,8.51,,,,,,,,,
2020,Kabkot,7403,KONAWE,,1.2,28.67,.62,6.89,7380.39,5.42,12.4,67.14,16.17,37.07,8.460000000000001,38.3,2552015,8.51,,,,,,,,,
2020,Kabkot,7404,KOLAKA,,.93,17.06,-13.96,-3.4,18231.97,5.29,10.4,65.73,5.84,48.6,8.970000000000001,36.6,2552015,8.51,,,,,,,,,
2020,Kabkot,7405,KONAWE SELATAN,,.9399999999999999,20.98,-6.45,-2.22,8256.32,2.58,7.61,73.73,10.02,46.72,8.48,34.78,2552015,8.51,,,,,,,,,
2020,Kabkot,7406,BOMBANA,,.86,21.05,12.05,.5600000000000001,4708.74,2.74,6.14,66.09,12.73,38.9,9.789999999999999,38.58,2552015,8.51,,,,,,,,,
2020,Kabkot,7407,WAKATOBI,,.8100000000000001,22.17,-10.93,.76,3096.55,4.18,13.11,70.09,9.130000000000001,41.82,7.06,41.99,2552015,8.51,,,,,,,,,
2020,Kabkot,7408,KOLAKA UTARA,,.96,8.050000000000001,-5.64,.46,6360.26,2.13,5.36,79,3.09,67.5,3.45,25.97,2552015,8.51,,,,,,,,,
2020,Kabkot,7409,BUTON UTARA,,.9399999999999999,22.43,-13.64,.99,2250.75,4.11,7.15,72,12.65,42.34,5.89,39.11,2552015,8.51,,,,,,,,,
2020,Kabkot,7410,KONAWE UTARA,,1.05,19.59,-.83,-.72,2828.03,3.79,7.23,56.41,10.2,37.16,16.6,36.04,2552015,8.51,,,,,,,,,
2020,Kabkot,7411,KOLAKA TIMUR,,1.12,14.59,-12.49,-.31,3256.58,3.29,3.86,75.63,4.58,41.16,3.77,50.49,2552015,8.51,,,,,,,,,
2020,Kabkot,7412,KONAWE KEPULAUAN,,.85,17.03,-30.56,-.63,1046.99,1.55,2.56,79.86,9.119999999999999,52.1,4.01,34.77,2552015,8.51,,,,,,,,,
2020,Kabkot,7413,MUNA BARAT,,.63,17.22,-11.13,.42,1850.88,3.36,6.61,74.87,10.45,49.91,4.66,34.98,2552015,8.51,,,,,,,,,
2020,Kabkot,7414,BUTON TENGAH,,.6,24.93,-.78,3.04,1706.71,4.22,10.78,74.42,12.76,41.54,10.09,35.6,2552015,8.51,,,,,,,,,
2020,Kabkot,7415,BUTON SELATAN,,.88,17.82,-17.53,-1.39,2033.59,3.9,9.73,76.34,7.69,50.35,11.87,30.1,2552015,8.51,,,,,,,,,
2020,Kabkot,7471,KENDARI,,1.27,32.14,-2.83,-1.3,16527.13,7.08,13.02,35.82,6.49,1.34,14.55,77.63,2552015,8.51,,,,,,,,,
2020,Kabkot,7472,BAUBAU,,.86,33.79,-8.44,-.8100000000000001,6572.25,6.57,10.44,51.28,9.369999999999999,11.24,11.06,68.33,2552015,8.51,,,,,,,,,
2020,Kabkot,7501,BOALEMO,,.79,17.45,-9.93,-.21,3497.05,3.66,7.82,71.29000000000001,6.04,48.03,5.64,40.29,2788826,16.98,,,,,,,,,
2020,Kabkot,7502,GORONTALO,,.76,24.19,4.33,-.01,8867.719999999999,3.41,10.17,64.05,9.470000000000001,36.23,5.07,49.23,2788826,16.98,,,,,,,,,
2020,Kabkot,7503,POHUWATO,,.74,21.12,-13.94,-.18,4602.33,3.1,8.07,65.48999999999999,8.02,36.8,9.960000000000001,45.22,2788826,16.98,,,,,,,,,
2020,Kabkot,7504,BONE BOLANGO,,.77,27.88,-15.34,.06,3155.95,4.48,11.07,57.78,7.59,26.02,12.36,54.03,2788826,16.98,,,,,,,,,
2020,Kabkot,7505,GORONTALO UTARA,,.6899999999999999,21.44,-14.62,-.02,2325.06,5.21,7.64,70.26000000000001,6.28,47.45,6.08,40.19,2788826,16.98,,,,,,,,,
2020,Kabkot,7571,GORONTALO,,.9399999999999999,38.83,-11.32,-.02,6172.4,6.52,14.1,47.6,9.77,4.59,7.27,78.37,2788826,16.98,,,,,,,,,
2020,Kabkot,7601,MAJENE,,.77,27.37,-10.47,-1.38,3522.82,4.26,7.05,66.78,10.25,33.06,7.05,49.63,2678863,12.51,,,,,,,,,
2020,Kabkot,7602,POLEWALI MANDAR,,.68,21.94,-2.75,-1.58,9242.32,3.15,5.3,75.3,10.99,44.74,6.47,37.8,2678863,12.51,,,,,,,,,
2020,Kabkot,7603,MAMASA,,.82,8.800000000000001,-12.81,-1.27,2211.84,3.67,8.32,81.39,2.17,69.56999999999999,4.62,23.64,2678863,12.51,,,,,,,,,
2020,Kabkot,7604,MAMUJU,,.74,16.24,-19.07,-2.29,8144,2.89,6.93,72.68000000000001,5.21,53.23,7.81,33.75,2678863,12.51,,,,,,,,,
2020,Kabkot,7605,PASANGKAYU,,1.02,19.1,24.03,-2.73,7115.91,3.7,8.550000000000001,64.45999999999999,7.05,52.11,6.34,34.5,2678863,12.51,,,,,,,,,
2020,Kabkot,7606,MAMUJU TENGAH,,.6899999999999999,17.61,37.67,-1.02,2207.93,2.71,6.46,69.48,5.84,55.95,5.92,32.28,2678863,12.51,,,,,,,,,
2020,Kabkot,8101,KEPULAUAN TANIMBAR,,1,13.89,-21.93,-.03,1685.32,4.51,13.33,80.63,6.6,60.61,3.71,29.07,2604961,8.51,,,,,,,,,
2020,Kabkot,8102,MALUKU TENGGARA,,.96,15.27,-18.88,-.22,1966.83,4.95,13.61,72.52,2.83,53.69,5.36,38.12,2604961,8.51,,,,,,,,,
2020,Kabkot,8103,MALUKU TENGAH,,.9399999999999999,32.61,-7.26,-.4,5840.04,7.93,18.26,68.02,12.09,31.83,4.89,51.19,2604961,8.51,,,,,,,,,
2020,Kabkot,8104,BURU,,.95,25.18,-8.56,-.02,1564.1,6.28,14.86,69.84,14.21,40.8,8.4,36.59,2604961,8.51,,,,,,,,,
2020,Kabkot,8105,KEPULAUAN ARU,,1.15,20.34,-16.8,-.04,2277.8,3.83,8.449999999999999,70.23999999999999,13.25,46.66,3.6,36.49,2604961,8.51,,,,,,,,,
2020,Kabkot,8106,SERAM BAGIAN BARAT,,.88,22.65,-14.08,-.17,1963.37,5.47,6.99,78.17,14.28,50.23,4.79,30.7,2604961,8.51,,,,,,,,,
2020,Kabkot,8107,SERAM BAGIAN TIMUR,,.8,27.95,5.43,-.06,1935.79,3.61,8.66,74.31,15.52,42.21,7.2,35.07,2604961,8.51,,,,,,,,,
2020,Kabkot,8108,MALUKU BARAT DAYA,,.9,17.64,.9,-.13,1063.73,3.6,6.82,81.19,12.01,57.87,3.62,26.5,2604961,8.51,,,,,,,,,
2020,Kabkot,8109,BURU SELATAN,,.8,26.05,-14.98,-.01,892,2.31,5.22,81.52,18.28,45.62,4.3,31.79,2604961,8.51,,,,,,,,,
2020,Kabkot,8171,AMBON,,1.24,34.03,-12.71,-1.95,10192.38,12.84,18.17,46.44,8.58,3.25,6.19,81.98,2604961,8.51,,,,,,,,,
2020,Kabkot,8172,TUAL,,1.01,20.88,-31.65,-.18,1498.28,8.699999999999999,20.93,63.96,6.16,31.77,4.96,57.1,2604961,8.51,,,,,,,,,
2020,Kabkot,8201,HALMAHERA BARAT,,.96,14.57,-18.76,.53,1530,3.26,5.77,70.81999999999999,4.79,49.95,5.55,39.71,2721530,8.51,,,,,,,,,
2020,Kabkot,8202,HALMAHERA TENGAH,,1.47,32.46,-10.88,31.93,2003.83,6.74,16.94,57.03,18.59,28.38,16.51,36.53,2721530,8.51,,,,,,,,,
2020,Kabkot,8203,KEPULAUAN SULA,,.82,16.36,.5600000000000001,.1,1641.28,4.9,11.43,61.61,5,43.36,7.67,43.97,2721530,8.51,,,,,,,,,
2020,Kabkot,8204,HALMAHERA SELATAN,,.85,14.4,-16.53,17.64,5723.96,4.4,8.76,75.12,5.48,59.92,7.03,27.57,2721530,8.51,,,,,,,,,
2020,Kabkot,8205,HALMAHERA UTARA,,1.03,15.43,-12.37,-.43,3738.61,6.49,18.54,71.2,4.94,52.77,7.69,34.6,2721530,8.51,,,,,,,,,
2020,Kabkot,8206,HALMAHERA TIMUR,,1.11,17.71,-22.69,.24,2297.2,5.21,10.26,73.87,5.61,51.8,13.83,28.76,2721530,8.51,,,,,,,,,
2020,Kabkot,8207,PULAU MOROTAI,,.59,17.64,-13.59,2.01,1052.46,4.7,6.15,69.61,7.43,52.52,5.7,34.35,2721530,8.51,,,,,,,,,
2020,Kabkot,8208,PULAU TALIABU,,.76,6.16,-3.37,.67,996.25,4.75,7.06,79.39,2.45,71.53,3.25,22.77,2721530,8.51,,,,,,,,,
2020,Kabkot,8271,TERNATE,,1.3,31.63,-9.470000000000001,-1.61,7158.13,5.8,13.28,50.11,3.79,7.93,8.99,79.29000000000001,2721530,8.51,,,,,,,,,
2020,Kabkot,8272,TIDORE KEPULAUAN,,1,24.24,-5.11,1.07,2033.84,4.95,13.55,59.43,7.19,31.67,9.640000000000001,51.49,2721530,8.51,,,,,,,,,
2020,Kabkot,9101,FAKFAK,,.96,23.13,-7.92,-2.95,3440.58,11.45,26.7,53.69,1.39,21.66,10.88,66.06999999999999,3134600,6.82,,,,,,,,,
2020,Kabkot,9102,KAIMANA,,1.13,14.95,-4.27,-2.83,1752.82,6.9,14.6,65.81999999999999,4.19,46.38,4.81,44.63,3134600,6.82,,,,,,,,,
2020,Kabkot,9103,TELUK WONDAMA,,.86,25.99,-7.26,-3.22,979.43,4.43,10.9,64.84,4.15,29.04,17.54,49.27,3134600,6.82,,,,,,,,,
2020,Kabkot,9104,TELUK BINTUNI,,.96,24.68,-4.21,1.06,25648.78,8.58,19.43,48.07,3.07,25.35,13.65,57.93,3134600,6.82,,,,,,,,,
2020,Kabkot,9105,MANOKWARI,,1.11,22.33,-12.27,-6.27,6388.76,7.47,13.46,52.28,4.86,26.33,8.140000000000001,60.67,3134600,6.82,,,,,,,,,
2020,Kabkot,9106,SORONG SELATAN,,.92,8.98,3.86,-3.67,1256.92,3.69,2.85,69.41,3.52,58.47,4.26,33.76,3134600,6.82,,,,,,,,,
2020,Kabkot,9107,SORONG,,1.04,27.04,-4.97,-2.5,8385.33,3.29,8.130000000000001,61.23,10.55,34.05,10.49,44.9,3134600,6.82,,,,,,,,,
2020,Kabkot,9108,RAJA AMPAT,,1.19,24.56,-4.75,-2.28,2271.48,2.73,6.02,56.81,12.48,34.9,9.449999999999999,43.17,3134600,6.82,,,,,,,,,
2020,Kabkot,9109,TAMBRAUW,,.89,6.73,-8.84,-2.41,146.73,2.46,7.35,78.09999999999999,2.24,63.57,2.32,31.87,3134600,6.82,,,,,,,,,
2020,Kabkot,9110,MAYBRAT,,1.2,7.28,-4.75,-1.25,462.34,2.26,5.97,75.45999999999999,1.63,63.31,4.47,30.6,3134600,6.82,,,,,,,,,
2020,Kabkot,9111,MANOKWARI SELATAN,,.93,11.73,-20.2,-2.82,578.45,2.43,4.84,64.76000000000001,1.97,44.55,5.81,47.67,3134600,6.82,,,,,,,,,
2020,Kabkot,9112,PEGUNUNGAN ARFAK,,.78,.31,-21.72,6.07,151.23,1.62,2.49,92.84,0,92.34,.2,7.46,3134600,6.82,,,,,,,,,
2020,Kabkot,9171,SORONG,,1.08,31.85,-20.81,-3.24,10133.16,9.93,22.48,46.68,6.42,9.91,8.43,75.23999999999999,3134600,6.82,,,,,,,,,
2020,Kabkot,9401,MERAUKE,,.93,20.94,-14.44,-.95,10209.57,3.43,6.1,71.13,8.06,45.68,4.8,41.46,3516700,8.51,,,,,,,,,
2020,Kabkot,9402,JAYAWIJAYA,,1.23,3.63,17.34,-3.24,4592.94,2.51,2.32,83.98999999999999,.55,77.51000000000001,1.02,20.92,3516700,8.51,,,,,,,,,
2020,Kabkot,9403,JAYAPURA,,1.04,17.36,-20.98,-2.5,9729.66,10.33,19.12,72.13,3.13,44.07,7.13,45.66,3516700,8.51,,,,,,,,,
2020,Kabkot,9404,NABIRE,,1.01,17.29,-5.51,-1.36,7355.88,6.65,14.37,61.16,4.51,35.71,6.45,53.33,3516700,8.51,,,,,,,,,
2020,Kabkot,9408,KEPULAUAN YAPEN,,.9399999999999999,19.79,7.23,-4.53,2767.49,5.3,16.29,70.53,7.69,48,6.85,37.47,3516700,8.51,,,,,,,,,
2020,Kabkot,9409,BIAK NUMFOR,,.91,17.62,-10.84,-5.06,3255.91,10.38,27.32,67.93000000000001,4.22,37.11,6.09,52.58,3516700,8.51,,,,,,,,,
2020,Kabkot,9410,PANIAI,,1.1,2.1,-29.79,.46,3034.64,.83,1.53,96.12,1.22,91.97,1.42,5.38,3516700,8.51,,,,,,,,,
2020,Kabkot,9411,PUNCAK JAYA,,1.15,.42,-50.51,-4.04,969.3200000000001,1.5,2.49,95.69,0,90.67,.22,9.119999999999999,3516700,8.51,,,,,,,,,
2020,Kabkot,9412,MIMIKA,,1.69,26.99,-12.23,11.44,50871.59,7.8,14.46,59.21,2.61,28.7,18.03,50.65,3516700,8.51,,,,,,,,,
2020,Kabkot,9413,BOVEN DIGOEL,,.87,9.949999999999999,-19.49,-2.6,3190.5,8.09,20.98,56.36,4.4,56.12,4.02,35.47,3516700,8.51,,,,,,,,,
2020,Kabkot,9414,MAPPI,,.86,7.88,-3.76,-1.26,1860.73,5.77,14.82,79.84,2.57,65.48,1.86,30.09,3516700,8.51,,,,,,,,,
2020,Kabkot,9415,ASMAT,,1.46,7.83,11.38,.59,1531.36,2.38,6.27,82.01000000000001,1.37,70.12,1.6,26.92,3516700,8.51,,,,,,,,,
2020,Kabkot,9416,YAHUKIMO,,1.66,.63,25.65,.02,1527.28,3.88,9.09,95.42,.13,94.34,0,5.52,3516700,8.51,,,,,,,,,
2020,Kabkot,9417,PEGUNUNGAN BINTANG,,1.41,3.78,1.87,-.1,1408.48,4.12,9.74,85.81999999999999,.39,81.54000000000001,1.64,16.43,3516700,8.51,,,,,,,,,
2020,Kabkot,9418,TOLIKARA,,1.28,2.67,-7.83,.5,1058.38,1.07,2.03,92.72,1.48,88.06999999999999,.3,10.15,3516700,8.51,,,,,,,,,
2020,Kabkot,9419,SARMI,,.98,7.2,-15.6,.03,1834.11,4.83,9.720000000000001,66.70999999999999,1.49,49.24,3.08,46.18,3516700,8.51,,,,,,,,,
2020,Kabkot,9420,KEEROM,,1,13.27,-11.67,.13,1993.55,2.56,7.08,77.8,3.21,64.76000000000001,4.82,27.21,3516700,8.51,,,,,,,,,
2020,Kabkot,9426,WAROPEN,,1.02,13,-25.14,-2.82,1465.79,4.76,15.91,67.92,3.97,44.71,4.72,46.59,3516700,8.51,,,,,,,,,
2020,Kabkot,9427,SUPIORI,,.76,9.83,-40.38,1.07,769.12,4.12,9.32,79.12,2.35,64.88,4.74,28.02,3516700,8.51,,,,,,,,,
2020,Kabkot,9428,MAMBERAMO RAYA,,.88,.88,-46.74,.32,1017.23,2.55,1.03,92.47,0,88.48999999999999,.45,11.06,3516700,8.51,,,,,,,,,
2020,Kabkot,9430,LANNY JAYA,,1.14,0,7.63,1.78,1180.65,.9,.77,97.81999999999999,0,97.81999999999999,0,2.18,3516700,8.51,,,,,,,,,
2020,Kabkot,9431,MAMBERAMO TENGAH,,.88,.47,8.09,.96,758.15,.8,1.19,93.77,.31,94.26000000000001,0,5.44,3516700,8.51,,,,,,,,,
2020,Kabkot,9432,YALIMO,,1.19,.48,79.47,.99,764.52,.86,.78,87.17,0,84.25,.48,15.27,3516700,8.51,,,,,,,,,
2020,Kabkot,9433,PUNCAK,,.82,.62,339.52,.08,825.11,.5600000000000001,.59,89.95,0,89.92,.76,9.32,3516700,8.51,,,,,,,,,
2020,Kabkot,9434,DOGIYAI,,.9,.71,-12.03,.34,895.96,.21,0,97.13,0,96.86,0,3.14,3516700,8.51,,,,,,,,,
2020,Kabkot,9435,INTAN JAYA,,1.58,1,5.98,-.38,758.85,1.22,2.92,93.66,0,89.39,.62,9.99,3516700,8.51,,,,,,,,,
2020,Kabkot,9436,DEIYAI,,.74,1.53,88.98,-.35,830.73,.41,1.46,98.14,.57,96.45,1.06,1.92,3516700,8.51,,,,,,,,,
2020,Kabkot,9471,JAYAPURA,,1.11,29.72,-14.11,-3.24,22117.78,11.62,21.97,43.53,3.49,7.16,9.039999999999999,80.31,3516700,8.51,,,,,,,,,
2021,Kabkot,1101,SIMEULUE,67.8,.76,16.91,5,3.41,1657.03,5.71,15.73,64.06,6.1,45.53,5.69,42.68,3165031,0,12,Kuning (Perlu perhatian),1,4,2,2,2,11,1
2021,Kabkot,1102,ACEH SINGKIL,66.41,.66,16.56,-5.56,3.9,1780.42,8.359999999999999,15.03,59.16,3.89,46.42,4.84,44.85,3165031,0,15,Oranye (Risiko PHK),1,4,1,4,2,12,2
2021,Kabkot,1103,ACEH SELATAN,84.36,.65,18.21,-6.86,2.46,4345.78,6.46,15.87,65.59999999999999,5.68,38.2,9.550000000000001,46.57,3165031,0,16,Oranye (Risiko PHK),4,4,2,4,3,17,4
2021,Kabkot,1104,ACEH TENGGARA,64.92,.78,15.99,-13.71,1.57,3490.16,6.43,16.82,77.98999999999999,2.41,50.47,4.93,42.2,3165031,0,16,Oranye (Risiko PHK),1,4,1,4,4,14,3
2021,Kabkot,1105,ACEH TIMUR,77.62,.57,23.68,15.61,1.94,8433.530000000001,7.13,15.98,64.95999999999999,5.69,47.52,6.84,39.95,3165031,0,13,Kuning (Perlu perhatian),3,4,2,1,4,14,3
2021,Kabkot,1106,ACEH TENGAH,58.48,.76,13.67,5.51,3.3,5958.12,2.61,5.72,74.20999999999999,3.3,54.39,5.29,37.03,3165031,0,12,Kuning (Perlu perhatian),1,4,1,2,3,11,1
2021,Kabkot,1107,ACEH BARAT,78.01000000000001,.82,22.73,-1.21,5.84,7498.18,7.09,17.62,54.74,6.85,33.96,9.449999999999999,49.74,3165031,0,14,Oranye (Risiko PHK),3,4,2,3,1,13,3
2021,Kabkot,1108,ACEH BESAR,74.98,.84,30.24,-1.69,2.44,10261.59,7.7,19.43,52.68,10.42,22.16,8.02,59.41,3165031,0,17,Oranye (Risiko PHK),2,3,3,4,3,15,4
2021,Kabkot,1109,PIDIE,80.06,.61,28.01,20.36,2.63,7975.1,7.28,20.65,64.97,13.39,35.42,5.03,46.16,3165031,0,14,Oranye (Risiko PHK),3,4,3,1,3,14,3
2021,Kabkot,1110,BIREUEN,81.31999999999999,.54,29.97,.2,4.09,10369.98,4.32,10.65,60.52,13.04,29.37,7.66,49.93,3165031,0,15,Oranye (Risiko PHK),3,4,3,3,2,15,4
2021,Kabkot,1111,ACEH UTARA,75.48999999999999,.68,24.7,.99,-.54,16926.1,8.31,22.32,70.98999999999999,10.37,46.61,6.96,36.06,3165031,0,16,Oranye (Risiko PHK),2,4,3,3,4,16,4
2021,Kabkot,1112,ACEH BARAT DAYA,83.13,.64,26.42,3.93,2.88,3069.8,4.04,9.77,52.02,6.59,31.98,10.78,50.65,3165031,0,14,Oranye (Risiko PHK),4,4,3,2,3,16,4
2021,Kabkot,1113,GAYO LUES,64.43000000000001,.92,21.66,-9.630000000000001,2.48,1984.88,1.84,3.74,82.34999999999999,15.75,53.87,2.26,28.13,3165031,0,16,Oranye (Risiko PHK),1,3,2,4,3,13,3
2021,Kabkot,1114,ACEH TAMIANG,78.95,.65,19.68,3.56,.88,6062.52,5.87,14.25,54.15,7.3,34.28,7.84,50.58,3165031,0,14,Oranye (Risiko PHK),3,4,2,2,4,15,4
2021,Kabkot,1115,NAGAN RAYA,59.15,.97,18.38,-.92,4.26,7037.42,4.99,15.85,65.52,9.960000000000001,50.05,6.66,33.33,3165031,0,15,Oranye (Risiko PHK),1,2,2,3,1,9,1
2021,Kabkot,1116,ACEH JAYA,74.14,.71,18.21,22.98,2.59,2033.84,3.47,7.01,60.02,4.87,41.78,6.01,47.33,3165031,0,13,Kuning (Perlu perhatian),2,4,2,1,3,12,2
2021,Kabkot,1117,BENER MERIAH,70.92,.76,9.24,5.83,3.42,3754.09,1.24,4.4,84.34999999999999,2.01,68.53,2.58,26.87,3165031,0,12,Kuning (Perlu perhatian),2,4,1,2,2,11,1
2021,Kabkot,1118,PIDIE JAYA,80.37,.66,23.66,12.15,2.03,2635.52,3.57,11.9,56.89,8.949999999999999,33.32,7.12,50.61,3165031,0,13,Kuning (Perlu perhatian),3,4,2,1,4,14,3
2021,Kabkot,1171,BANDA ACEH,66.7,1.05,29.48,-4.54,5.5,15449.9,8.94,15.66,31.49,8.24,1.57,6.66,83.53,3165031,0,15,Oranye (Risiko PHK),1,2,3,4,1,11,1
2021,Kabkot,1172,SABANG,62.17,.91,32.65,-.12,2.67,1152.87,3.56,12.64,42.38,10.99,15.35,11.04,62.63,3165031,0,17,Oranye (Risiko PHK),1,3,3,3,3,13,3
2021,Kabkot,1173,LANGSA,71.17,.83,29.19,-1.46,3.92,3962.71,7.21,16.74,37.16,10.23,10.29,10.25,69.22,3165031,0,16,Oranye (Risiko PHK),2,4,3,4,2,15,4
2021,Kabkot,1174,LHOKSEUMAWE,72.79000000000001,.83,35.05,1.88,3.84,7252.9,11.16,22.17,44.7,6.3,9.66,10.77,73.27,3165031,0,14,Oranye (Risiko PHK),2,4,4,3,2,15,4
2021,Kabkot,1175,SUBULUSSALAM,79.09999999999999,.55,16.77,3.73,8.130000000000001,1498,6.26,15.41,51.02,4.8,38.98,4.31,51.91,3165031,0,11,Kuning (Perlu perhatian),3,4,2,2,1,12,2
2021,Kabkot,1201,NIAS,83.83,.6899999999999999,5.91,17.6,2.21,2666.86,3.12,4.14,86.77,1.95,78.83,3.3,15.92,2499423,0,13,Kuning (Perlu perhatian),4,4,1,1,4,14,3
2021,Kabkot,1202,MANDAILING NATAL,78.54000000000001,.77,22.41,8.15,3.2,9585.9,6.12,16.96,67.13,5.08,43.08,11.8,40.04,2499423,0,12,Kuning (Perlu perhatian),3,4,2,1,3,13,3
2021,Kabkot,1203,TAPANULI SELATAN,77.31,.9,18.58,8.640000000000001,3.24,10036.71,4,11.16,82.48999999999999,4.9,62.54,4.32,28.24,2499423,0,12,Kuning (Perlu perhatian),3,3,2,1,3,12,2
2021,Kabkot,1204,TAPANULI TENGAH,86.56,.6899999999999999,18.42,.01,2.56,7149.28,7.24,14.32,69.62,6.21,53.18,3.73,36.89,2499423,0,15,Oranye (Risiko PHK),4,4,2,3,3,16,4
2021,Kabkot,1205,TAPANULI UTARA,58.69,1.11,15.21,-10.22,3.54,6058.35,1.54,4.16,83.34,6.76,62.91,2.31,28.02,2499423,0,14,Oranye (Risiko PHK),1,2,1,4,2,10,1
2021,Kabkot,1206,TOBA,60.46,1.12,17.79,-6.33,2.92,5649.1,.83,2.13,80.17,4.74,59.5,4.17,31.59,2499423,0,15,Oranye (Risiko PHK),1,1,2,4,3,11,1
2021,Kabkot,1207,LABUHAN BATU,82.09999999999999,.96,20.03,2.67,3.85,24147.56,5.66,14.12,47.78,4.49,37.3,2.87,55.34,2499423,0,12,Kuning (Perlu perhatian),4,3,2,3,2,14,3
2021,Kabkot,1208,ASAHAN,79.02,.9,28.19,-1.77,3.73,27279.59,6.39,11.73,52.39,10.69,34.08,7.65,47.58,2499423,0,16,Oranye (Risiko PHK),3,3,3,4,2,15,4
2021,Kabkot,1209,SIMALUNGUN,80.84999999999999,.87,25.71,-2.73,3.7,28648.78,4.17,9.65,68,10.12,47.64,5.87,36.37,2499423,0,16,Oranye (Risiko PHK),3,3,3,4,2,15,4
2021,Kabkot,1210,DAIRI,53.55,1.13,7.95,11.99,2.05,6641.67,1.49,4.25,85.83,1.47,70.06999999999999,1.61,26.85,2499423,0,12,Kuning (Perlu perhatian),1,1,1,1,4,8,1
2021,Kabkot,1211,KARO,78.81,.92,13.53,1.61,2.25,14582.33,1.95,4.91,78.64,3.97,63.3,2.19,30.54,2499423,0,14,Oranye (Risiko PHK),3,3,1,3,4,14,3
2021,Kabkot,1212,DELI SERDANG,90.91,.93,41.87,.63,2.23,72173.62,9.130000000000001,18.21,46.44,14.44,14.54,11.85,59.18,2499423,0,17,Oranye (Risiko PHK),4,3,4,3,4,18,4
2021,Kabkot,1213,LANGKAT,83.67,.79,30.07,.65,3.08,30247.39,5.12,10.78,60.92,12.23,39.12,7.55,41.11,2499423,0,15,Oranye (Risiko PHK),4,4,3,3,3,17,4
2021,Kabkot,1214,NIAS SELATAN,75.45,.71,6.33,28.39,2.02,4332.63,3.91,6.85,86.17,1.33,76.05,2.91,19.72,2499423,0,13,Kuning (Perlu perhatian),2,4,1,1,4,12,2
2021,Kabkot,1215,HUMBANG HASUNDUTAN,59.47,1.16,7.84,5.54,2.02,4219.14,1.94,5.19,84.77,.65,71.59999999999999,3.6,24.15,2499423,0,12,Kuning (Perlu perhatian),1,1,1,2,4,9,1
2021,Kabkot,1216,PAKPAK BHARAT,53.89,1.25,16.92,-13.66,2.54,872.4,1.36,1.98,82.75,9.5,59.12,2.78,28.6,2499423,0,15,Oranye (Risiko PHK),1,1,2,4,3,11,1
2021,Kabkot,1217,SAMOSIR,48.99,1.08,11.48,15.12,2.65,3162.1,.7,1.54,83.89,2.85,65.11,2.86,29.18,2499423,0,12,Kuning (Perlu perhatian),1,2,1,1,3,8,1
2021,Kabkot,1218,SERDANG BEDAGAI,77.73,.86,28.76,1.24,2.87,19863.24,3.93,8.460000000000001,58.08,11.73,35.57,5.33,47.37,2499423,0,15,Oranye (Risiko PHK),3,3,3,3,3,15,4
2021,Kabkot,1219,BATU BARA,89.38,.8100000000000001,29.27,7.49,2.35,24486.06,6.62,12.89,55.84,11.07,33.49,5.71,49.74,2499423,0,14,Oranye (Risiko PHK),4,4,3,1,3,15,4
2021,Kabkot,1220,PADANG LAWAS UTARA,87.5,.79,10.6,12.02,3.26,8593.639999999999,3.19,8.130000000000001,77.02,2.62,67.44,2.62,27.31,2499423,0,12,Kuning (Perlu perhatian),4,4,1,1,3,13,3
2021,Kabkot,1221,PADANG LAWAS,77.58,.75,18.5,3.36,3.83,8362.129999999999,4.07,10.01,73.64,5.36,51.69,3.5,39.45,2499423,0,12,Kuning (Perlu perhatian),3,4,2,2,2,13,3
2021,Kabkot,1222,LABUHAN BATU SELATAN,74.25,.93,15.81,1.76,3.82,19620.41,4.71,12.81,43.97,5.5,55.19,2.4,36.91,2499423,0,13,Kuning (Perlu perhatian),2,3,1,3,2,11,1
2021,Kabkot,1223,LABUHAN BATU UTARA,73.5,.92,17.44,6.51,3.83,17969.26,5.74,12.92,61.27,3.42,50.72,3.81,42.05,2499423,0,12,Kuning (Perlu perhatian),2,3,2,2,2,11,1
2021,Kabkot,1224,NIAS UTARA,69.75,.83,10.54,2.96,2.02,2417.2,3,6.5,78.89,3.98,66.92,3.99,25.11,2499423,0,13,Kuning (Perlu perhatian),2,3,1,2,4,12,2
2021,Kabkot,1225,NIAS BARAT,81.5,.61,7.56,135.11,2.26,1285.7,.74,1.12,82.59,1.87,73.25,4.09,20.78,2499423,0,13,Kuning (Perlu perhatian),4,4,1,1,4,14,3
2021,Kabkot,1271,SIBOLGA,88.27,.77,34.52,.63,2.1,3595.7,8.720000000000001,18.13,40.05,10.79,14.35,5.4,69.45999999999999,2499423,0,16,Oranye (Risiko PHK),4,4,4,3,4,19,4
2021,Kabkot,1272,TANJUNG BALAI,89.18000000000001,.75,32.24,-.17,2.35,5898.81,6.59,13.07,36.56,12.63,21.38,5,60.99,2499423,0,17,Oranye (Risiko PHK),4,4,3,3,3,17,4
2021,Kabkot,1273,PEMATANG SIANTAR,72.17,1.07,34.1,5.6,1.25,9547.700000000001,11,24.6,55.94,11.34,8.08,5.25,75.33,2499423,0,14,Oranye (Risiko PHK),2,2,3,2,4,13,3
2021,Kabkot,1274,TEBING TINGGI,81.25,.78,37.02,-.74,2.51,4024.78,8.369999999999999,14.7,47.15,13.89,5.75,6.21,74.15000000000001,2499423,0,17,Oranye (Risiko PHK),3,4,4,3,3,17,4
2021,Kabkot,1275,MEDAN,79.53,1.12,45.31,.5,2.6,157689.37,10.81,20.11,41.33,15.52,3.59,7.24,73.65000000000001,2499423,0,16,Oranye (Risiko PHK),3,1,4,3,3,14,3
2021,Kabkot,1276,BINJAI,87.34,.97,40.99,-.77,2.23,8162.78,7.86,15.21,44.4,15.55,8.85,12.74,62.86,2499423,0,18,Merah (Kondisi Kritis),4,2,4,3,4,17,4
2021,Kabkot,1277,PADANGSIDIMPUAN,78.2,.95,33.29,7.3,2.75,4346.78,7.18,15.4,54.2,8.970000000000001,17.18,7.63,66.22,2499423,0,14,Oranye (Risiko PHK),3,3,3,2,3,14,3
2021,Kabkot,1278,GUNUNGSITOLI,74.70999999999999,.9399999999999999,24.33,2.19,2.25,3519.13,4.8,10.07,60.78,6.46,25.7,12.17,55.67,2499423,0,13,Kuning (Perlu perhatian),2,3,3,3,4,15,4
2021,Kabkot,1301,KEPULAUAN MENTAWAI,79.94,.92,10.31,21.16,2.87,3040.97,2.79,6.24,79.45,6.42,63.08,2.47,28.04,2484041,0,13,Kuning (Perlu perhatian),3,3,1,1,3,11,1
2021,Kabkot,1302,PESISIR SELATAN,77.12,.88,24.96,7.07,3.35,9788.459999999999,5.97,15.6,69.04000000000001,8.300000000000001,37.56,6.59,47.55,2484041,0,12,Kuning (Perlu perhatian),3,3,3,2,2,13,3
2021,Kabkot,1303,SOLOK,74,.9,16.59,-8.83,3.28,10114.58,4.67,10.76,81.86,6.11,56.24,3.54,34.11,2484041,0,15,Oranye (Risiko PHK),2,3,1,4,3,13,3
2021,Kabkot,1304,SIJUNJUNG,75.03,.93,18.63,-7.02,3.14,6892.61,3.57,11.34,67.26000000000001,5.62,39.1,8.33,46.96,2484041,0,15,Oranye (Risiko PHK),2,3,2,4,3,14,3
2021,Kabkot,1305,TANAH DATAR,69.55,1.03,20.66,-1.72,3.27,9889.459999999999,4.63,12.38,78.39,6.4,48.04,4.66,40.9,2484041,0,15,Oranye (Risiko PHK),2,2,2,4,3,13,3
2021,Kabkot,1306,PADANG PARIAMAN,76.48,.93,35.91,-5.77,2.15,12195.75,8.41,22.08,73.70999999999999,14.72,28.61,8.98,47.69,2484041,0,17,Oranye (Risiko PHK),3,3,4,4,4,18,4
2021,Kabkot,1307,AGAM,73.31999999999999,1,25.47,20.39,3.7,14942.56,5.06,16.44,70.09999999999999,12.21,39.99,5.59,42.2,2484041,0,13,Kuning (Perlu perhatian),2,2,3,1,2,10,1
2021,Kabkot,1308,LIMA PULUH KOTA,84.98,.83,27.01,2.21,3.33,11430.81,2.25,8.130000000000001,70.61,11.37,45.62,6.58,36.43,2484041,0,13,Kuning (Perlu perhatian),4,4,3,3,3,17,4
2021,Kabkot,1309,PASAMAN,72.02,.9399999999999999,15.56,9.800000000000001,3.35,6327.97,4.92,11.34,77.23999999999999,6.54,55.33,4.99,33.15,2484041,0,12,Kuning (Perlu perhatian),2,3,1,1,3,10,1
2021,Kabkot,1310,SOLOK SELATAN,68.05,.98,14.7,-.01,3.32,4058.51,4.84,13.22,66.97,3.74,50.94,11.95,33.36,2484041,0,15,Oranye (Risiko PHK),1,2,1,3,3,10,1
2021,Kabkot,1311,DHARMASRAYA,81,1.04,22.75,5.11,3.4,7708.75,5,10.46,61.59,7.08,41.12,7.74,44.06,2484041,0,12,Kuning (Perlu perhatian),3,2,2,2,2,11,1
2021,Kabkot,1312,PASAMAN BARAT,71.62,.88,18.47,-2.89,3.7,11675.09,5.02,12.03,70.41,5.71,51.1,4.65,38.54,2484041,0,15,Oranye (Risiko PHK),2,3,2,4,2,13,3
2021,Kabkot,1371,PADANG,74.94,1.29,36.77,7.53,3.65,45226.64,13.37,25.66,41.28,9.880000000000001,4.11,7.33,78.68000000000001,2484041,0,12,Kuning (Perlu perhatian),2,1,4,1,2,10,1
2021,Kabkot,1372,SOLOK,62.55,1.23,26.24,-6.57,3.55,2936.55,5.15,9.390000000000001,52.14,6.12,10.1,7.98,75.79000000000001,2484041,0,15,Oranye (Risiko PHK),1,1,3,4,2,11,1
2021,Kabkot,1373,SAWAH LUNTO,74.72,1.05,26.75,12.03,2.48,2829.35,6.38,19.93,50.61,8.380000000000001,18.38,15.97,57.27,2484041,0,14,Oranye (Risiko PHK),2,2,3,1,3,11,1
2021,Kabkot,1374,PADANG PANJANG,66.93000000000001,1.33,35.04,4.47,3.46,2631.38,4.9,15.07,48.8,10.08,8.48,7.44,74,2484041,0,11,Kuning (Perlu perhatian),1,1,4,2,2,10,1
2021,Kabkot,1375,BUKITTINGGI,76.87,1.06,33.63,6.25,3.61,6263.04,6.09,13.37,47.64,12.24,2.95,5.26,79.55,2484041,0,13,Kuning (Perlu perhatian),3,2,3,2,2,12,2
2021,Kabkot,1376,PAYAKUMBUH,69.56999999999999,1.28,32.76,.46,3.58,4572.19,6.47,13.73,49.37,13.8,10.22,6.95,69.04000000000001,2484041,0,14,Oranye (Risiko PHK),2,1,3,3,2,11,1
2021,Kabkot,1377,PARIAMAN,76.8,.98,38.21,5.13,3.51,3668.98,6.09,12.15,46.76,13.74,8.960000000000001,6.69,70.61,2484041,0,13,Kuning (Perlu perhatian),3,2,4,2,2,13,3
2021,Kabkot,1401,KUANTAN SINGINGI,86.40000000000001,.82,16.99,-3.29,3.75,24747.63,2.06,7.1,60.6,5.78,45.25,8.43,40.54,2888564,0,15,Oranye (Risiko PHK),4,4,2,4,2,16,4
2021,Kabkot,1402,INDRAGIRI HULU,74.39,.72,20.06,6.8,4.26,31102.98,3.32,10.95,57.19,6.4,44.24,4.59,44.77,2888564,0,12,Kuning (Perlu perhatian),2,4,2,2,1,11,1
2021,Kabkot,1403,INDRAGIRI HILIR,82.68000000000001,.79,24.01,7.71,4.41,46950.37,2.66,6.9,75.95999999999999,10.41,47.07,3.49,39.03,2888564,0,12,Kuning (Perlu perhatian),4,4,2,1,1,12,2
2021,Kabkot,1404,PELALAWAN,72.15000000000001,.98,21.15,6.5,4.07,36538.81,2.34,5.28,53.73,5.57,52.44,5.64,36.35,2888564,0,12,Kuning (Perlu perhatian),2,2,2,2,2,10,1
2021,Kabkot,1405,S I A K,68.02,.93,27.2,-3.93,2.31,54543.29,4.34,11.6,51.98,11.81,42.89,4.67,40.64,2888564,0,17,Oranye (Risiko PHK),1,3,3,4,4,15,4
2021,Kabkot,1406,KAMPAR,84.31,.86,23.08,-.86,3.45,53193.86,4.27,13.22,57.75,7.4,41.48,7.67,43.45,2888564,0,15,Oranye (Risiko PHK),4,3,2,3,2,14,3
2021,Kabkot,1407,ROKAN HULU,75.64,.86,15.48,9.220000000000001,4.98,26750.94,2.25,5.97,59.57,6.02,55.13,4.26,34.59,2888564,0,12,Kuning (Perlu perhatian),2,3,1,1,1,8,1
2021,Kabkot,1408,BENGKALIS,79.22,.98,24.02,4.53,.51,74229.92,6.63,19.2,51.17,8.359999999999999,36.59,10.92,44.14,2888564,0,14,Oranye (Risiko PHK),3,2,2,2,4,13,3
2021,Kabkot,1409,ROKAN HILIR,81.53,.83,15.12,20.23,1.63,46726.02,3.25,10.49,55.69,4.78,53.3,4.45,37.48,2888564,0,13,Kuning (Perlu perhatian),4,4,1,1,4,14,3
2021,Kabkot,1410,KEPULAUAN MERANTI,82.27,.67,24.59,6.88,2.56,13008.81,4.43,10.96,61.09,9.109999999999999,42.5,6.37,42.03,2888564,0,13,Kuning (Perlu perhatian),4,4,3,2,3,16,4
2021,Kabkot,1471,PEKANBARU,75.13,1.01,33.37,-.14,5.24,72619.08,8.289999999999999,15.18,35.31,10,4.12,9.359999999999999,76.51000000000001,2888564,0,15,Oranye (Risiko PHK),2,2,3,3,1,11,1
2021,Kabkot,1473,D U M A I,69.28,1.05,39.54,1.24,5.98,26068.28,6.29,11.47,42.05,14.16,14.52,9.1,62.22,2888564,0,13,Kuning (Perlu perhatian),1,2,4,3,1,11,1
2021,Kabkot,1501,KERINCI,68.84999999999999,.9399999999999999,12.54,21.07,3.89,6822.79,2.32,11.21,79.53,2.27,63.72,6.4,27.61,2630162,0,12,Kuning (Perlu perhatian),1,3,1,1,2,8,1
2021,Kabkot,1502,MERANGIN,81.06999999999999,.86,11.02,2.81,5.24,10380.35,4.83,11.59,66.31,3.53,52.75,11.42,32.31,2630162,0,11,Kuning (Perlu perhatian),3,3,1,3,1,11,1
2021,Kabkot,1503,SAROLANGUN,73.75,.86,14.81,-2.98,6.61,11396.95,5.52,17.17,60.6,5.4,45.2,13.86,35.54,2630162,0,14,Oranye (Risiko PHK),2,3,1,4,1,11,1
2021,Kabkot,1504,BATANG HARI,72.73,.78,14.73,5.66,4.85,12227.81,4.26,14.65,59.26,6.23,52.32,4.98,36.47,2630162,0,12,Kuning (Perlu perhatian),2,4,1,2,1,10,1
2021,Kabkot,1505,MUARO JAMBI,80.64,.89,25.52,-2.57,3.96,16825.15,5.59,13.3,56.67,7.04,47.37,9.41,36.18,2630162,0,16,Oranye (Risiko PHK),3,3,3,4,2,15,4
2021,Kabkot,1506,TANJUNG JABUNG TIMUR,69.56999999999999,.85,10.21,-13.6,.14,17373.51,1.56,3.43,82.76000000000001,2.47,69.52,3.33,24.68,2630162,0,17,Oranye (Risiko PHK),2,3,1,4,4,14,3
2021,Kabkot,1507,TANJUNG JABUNG BARAT,84.97,.82,13.85,4.67,1.36,31072.19,2.53,7.18,74.29000000000001,2.05,61.26,4.57,32.12,2630162,0,13,Kuning (Perlu perhatian),4,4,1,2,4,15,4
2021,Kabkot,1508,TEBO,82.94,.7,13.8,5.74,4.29,10593.96,2.83,5.99,61.53,3.7,57.54,9.57,29.2,2630162,0,12,Kuning (Perlu perhatian),4,4,1,2,1,12,2
2021,Kabkot,1509,BUNGO,83.98999999999999,.75,17.37,3.65,4.99,13113.57,5.86,12.64,53.5,4.94,43.7,9.539999999999999,41.83,2630162,0,12,Kuning (Perlu perhatian),4,4,2,2,1,13,3
2021,Kabkot,1571,JAMBI,80.70999999999999,1,39.61,1.42,4.13,19494.09,10.66,24.35,45.03,7.43,4.49,12.12,75.95,2630162,0,14,Oranye (Risiko PHK),3,2,4,3,1,13,3
2021,Kabkot,1572,SUNGAI PENUH,67.38,.98,22.7,-1.77,3.67,4768.84,3,8,59.9,5.31,21.45,8.08,65.16,2630162,0,15,Oranye (Risiko PHK),1,2,2,4,2,11,1
2021,Kabkot,1601,OGAN KOMERING ULU,85.2,.54,18.77,-.78,2.53,10116.56,4.57,10.55,58.49,4.78,45.59,4.37,45.26,3144446,3.33,16,Oranye (Risiko PHK),4,4,2,3,3,16,4
2021,Kabkot,1602,OGAN KOMERING ILIR,75.36,.71,14.92,8.43,3.35,20905.99,3.01,6.81,80.20999999999999,6.17,62.07,3.99,27.76,3144446,3.33,12,Kuning (Perlu perhatian),2,4,1,1,3,11,1
2021,Kabkot,1603,MUARA ENIM,84.18000000000001,.74,12.7,-4.57,6.35,44236.77,5.03,15.55,70.45999999999999,2.62,57.11,8.220000000000001,32.05,3144446,3.33,14,Oranye (Risiko PHK),4,4,1,4,1,14,3
2021,Kabkot,1604,LAHAT,78.44,.73,14.77,8.65,4.91,13037.37,3.6,12.24,70.87,2.32,51.29,9.93,36.45,3144446,3.33,12,Kuning (Perlu perhatian),3,4,1,1,1,10,1
2021,Kabkot,1605,MUSI RAWAS,89.55,.52,13.38,12.54,2.33,14032.62,2.78,8.42,63.43,4.98,63.86,5.84,25.32,3144446,3.33,13,Kuning (Perlu perhatian),4,4,1,1,3,13,3
2021,Kabkot,1606,MUSI BANYUASIN,87.83,.77,15.36,7.44,3.42,46128.99,3.99,11.17,61.32,4.05,59.74,6.86,29.35,3144446,3.33,12,Kuning (Perlu perhatian),4,4,1,2,2,13,3
2021,Kabkot,1607,BANYU ASIN,84.22,.73,23.1,4.92,3.84,20767.64,3.84,8.390000000000001,63.51,7.03,49.58,7.66,35.73,3144446,3.33,12,Kuning (Perlu perhatian),4,4,2,2,2,14,3
2021,Kabkot,1608,OGAN KOMERING ULU SELATAN,77.54000000000001,.53,7.98,-16.17,4.19,5974.14,3.23,9.93,88.03,.8,77.16,3.3,18.74,3144446,3.33,15,Oranye (Risiko PHK),3,4,1,4,1,13,3
2021,Kabkot,1609,OGAN KOMERING ULU TIMUR,90.43000000000001,.49,15.99,-3.88,4.64,10549,3.18,9.43,72.33,7.22,59.05,4.16,29.56,3144446,3.33,15,Oranye (Risiko PHK),4,4,1,4,1,14,3
2021,Kabkot,1610,OGAN ILIR,85.47,.57,26.9,14.05,3.69,7769.74,3.07,7.91,65.95999999999999,13.36,42.51,6.06,38.07,3144446,3.33,13,Kuning (Perlu perhatian),4,4,3,1,2,14,3
2021,Kabkot,1611,EMPAT LAWANG,62.04,.63,9.779999999999999,18.17,3.79,3604.94,2.41,5.45,78.42,1.78,62.14,3.19,32.89,3144446,3.33,12,Kuning (Perlu perhatian),1,4,1,1,2,9,1
2021,Kabkot,1612,PENUKAL ABAB LEMATANG ILIR,85.09,.6,7.86,9.109999999999999,2.18,4819.89,3.61,7.24,71.11,.78,58.03,6.77,34.42,3144446,3.33,13,Kuning (Perlu perhatian),4,4,1,1,4,14,3
2021,Kabkot,1613,MUSI RAWAS UTARA,89.3,.49,8.949999999999999,22.78,2.39,5706.51,6.72,18.28,56.83,2.46,57.18,8.970000000000001,31.39,3144446,3.33,13,Kuning (Perlu perhatian),4,4,1,1,3,13,3
2021,Kabkot,1671,PALEMBANG,80.64,.87,42.29,.54,3.11,107182.55,10.11,23.18,44,11.63,1.2,11.05,76.12,3144446,3.33,16,Oranye (Risiko PHK),3,3,4,3,3,16,4
2021,Kabkot,1672,PRABUMULIH,83.98,.72,25.07,3.15,3.05,5541.97,5.86,12.94,55.3,5.49,21.93,13.98,58.6,3144446,3.33,13,Kuning (Perlu perhatian),4,4,3,2,3,16,4
2021,Kabkot,1673,PAGAR ALAM,71.04000000000001,.64,16.37,13.31,4.39,2332.45,1.64,4.57,73.68000000000001,4.8,46.56,3.39,45.25,3144446,3.33,12,Kuning (Perlu perhatian),2,4,1,1,1,9,1
2021,Kabkot,1674,LUBUKLINGGAU,83.06999999999999,.62,30.81,7.35,3.15,4470.23,6.27,15.64,43.54,6.97,14.53,11.28,67.20999999999999,3144446,3.33,13,Kuning (Perlu perhatian),4,4,3,2,3,16,4
2021,Kabkot,1701,BENGKULU SELATAN,59.47,1.22,15.66,-2.74,3.25,3742.51,2.55,9.16,71.52,5.4,46.03,4.62,43.96,2215000,.06,14,Oranye (Risiko PHK),1,1,1,4,3,10,1
2021,Kabkot,1702,REJANG LEBONG,61.74,.97,17.45,-5.35,3.14,6274.23,2.45,6.3,80.54000000000001,6.05,51.17,5.52,37.26,2215000,.06,15,Oranye (Risiko PHK),1,3,2,4,3,13,3
2021,Kabkot,1703,BENGKULU UTARA,80.78,1.06,13.6,20.58,4.01,5425.36,3.51,8.44,63.63,4.71,55.66,6.46,33.16,2215000,.06,12,Kuning (Perlu perhatian),3,2,1,1,2,9,1
2021,Kabkot,1704,KAUR,77.89,.89,12.32,-4.11,3.08,2333.3,3.45,13.03,78.37,2.83,58.3,5.94,32.92,2215000,.06,15,Oranye (Risiko PHK),3,3,1,4,3,14,3
2021,Kabkot,1705,SELUMA,84.29000000000001,.87,15.86,10.82,2.18,2932.95,3.44,11.48,76.26000000000001,5.11,59.57,5.9,29.42,2215000,.06,13,Kuning (Perlu perhatian),4,3,1,1,4,13,3
2021,Kabkot,1706,MUKOMUKO,68.19,.93,13.93,-5.31,3.35,3438.68,3.68,9.26,62.01,5.64,54,4.22,36.14,2215000,.06,15,Oranye (Risiko PHK),1,3,1,4,3,12,2
2021,Kabkot,1707,LEBONG,63.47,1.05,16.41,-.52,3.08,2192.26,3.18,9.869999999999999,83.43000000000001,7.54,50.25,10.47,31.75,2215000,.06,15,Oranye (Risiko PHK),1,2,1,3,3,10,1
2021,Kabkot,1708,KEPAHIANG,81.23999999999999,.87,13.03,4.07,3.16,2894.35,1.89,5.26,76.83,3.71,57.77,5.65,32.88,2215000,.06,12,Kuning (Perlu perhatian),3,3,1,2,3,12,2
2021,Kabkot,1709,BENGKULU TENGAH,76.38,.98,20.34,7.36,2.29,2951.44,4.07,11.78,64.16,8.15,49.04,10.37,32.44,2215000,.06,13,Kuning (Perlu perhatian),3,2,2,2,4,13,3
2021,Kabkot,1771,BENGKULU,67.84999999999999,1.53,29.65,.97,3.47,15833.19,6.35,16.39,45.97,7.47,8.1,7.68,76.75,2215000,.06,12,Kuning (Perlu perhatian),1,1,3,3,2,10,1
2021,Kabkot,1801,LAMPUNG BARAT,76.5,.87,7.85,-2.74,2.55,5051.88,2.83,8.23,88.34999999999999,1.36,74.31999999999999,3.44,20.89,2432002,0,16,Oranye (Risiko PHK),3,3,1,4,3,14,3
2021,Kabkot,1802,TANGGAMUS,83.34999999999999,.76,15.43,32.47,2.34,10929.22,2.93,9.039999999999999,83.78,4.83,59.02,5.65,30.49,2432002,0,13,Kuning (Perlu perhatian),4,4,1,1,3,13,3
2021,Kabkot,1803,LAMPUNG SELATAN,78.63,.9,33.58,-7.63,2.6,30517.4,5.27,14.9,74.09999999999999,14.09,35.77,10.08,40.06,2432002,0,17,Oranye (Risiko PHK),3,3,3,4,3,16,4
2021,Kabkot,1804,LAMPUNG TIMUR,83.55,.78,21.57,2.18,.24,29001.37,3.05,8.550000000000001,77.56999999999999,9.369999999999999,47.13,6.07,37.43,2432002,0,14,Oranye (Risiko PHK),4,4,2,3,4,17,4
2021,Kabkot,1805,LAMPUNG TENGAH,83.97,.87,24.45,5.96,2.88,48710.04,4.31,10.69,73.92,11.56,47.32,7.5,33.62,2432002,0,13,Kuning (Perlu perhatian),4,3,3,2,3,15,4
2021,Kabkot,1806,LAMPUNG UTARA,78.47,.86,15.09,1.13,2.82,16727.89,6.14,15.64,75.65000000000001,5.46,52.07,4.38,38.09,2432002,0,14,Oranye (Risiko PHK),3,3,1,3,3,13,3
2021,Kabkot,1807,WAY KANAN,88.42,.85,13.91,11.01,2.9,9736.5,3.36,8.470000000000001,74.27,5.19,61.97,5.06,27.79,2432002,0,13,Kuning (Perlu perhatian),4,3,1,1,3,12,2
2021,Kabkot,1808,TULANGBAWANG,88.09999999999999,.78,19.29,5.84,2.88,16064.5,4.1,9.4,65.95999999999999,7.14,51.72,4.67,36.47,2432002,0,13,Kuning (Perlu perhatian),4,4,2,2,3,15,4
2021,Kabkot,1809,PESAWARAN,68.95,.89,24.93,.83,2.08,11493.29,4.19,11.85,76.69,8.58,41.67,8.84,40.91,2432002,0,15,Oranye (Risiko PHK),1,3,3,3,4,14,3
2021,Kabkot,1810,PRINGSEWU,84.79000000000001,.79,35.14,8.699999999999999,2.91,7870.04,4.85,11.01,63.96,18.55,28.31,8.81,44.34,2432002,0,14,Oranye (Risiko PHK),4,4,4,1,3,16,4
2021,Kabkot,1811,MESUJI,83.34,.8100000000000001,14.46,3.4,2.84,7107.31,3.42,9.029999999999999,75.13,6,61.35,3.99,28.66,2432002,0,13,Kuning (Perlu perhatian),4,4,1,2,3,14,3
2021,Kabkot,1812,TULANG BAWANG BARAT,90.3,.73,15.52,1.55,2.89,7970.78,3.35,8.69,80.19,6.22,58.05,4.25,31.48,2432002,0,14,Oranye (Risiko PHK),4,4,1,3,3,15,4
2021,Kabkot,1813,PESISIR BARAT,77.64,.75,21.47,9.07,2.06,3132.7,3.08,7.45,80.54000000000001,6.75,49.71,7.05,36.49,2432002,0,13,Kuning (Perlu perhatian),3,4,2,1,4,14,3
2021,Kabkot,1871,BANDAR LAMPUNG,76.36,1.08,36.31,3.75,8.75,39838.17,8.85,17.23,42.27,10.32,3.35,8.140000000000001,78.19,2432002,0,12,Kuning (Perlu perhatian),2,2,4,2,1,11,1
2021,Kabkot,1872,METRO,76.2,1.1,33.12,1.73,2.91,4358.39,5,14.51,52.49,13.24,10.27,8.51,67.98,2432002,0,14,Oranye (Risiko PHK),2,2,3,3,3,13,3
2021,Kabkot,1901,BANGKA,80.73999999999999,.8,18.21,5.44,7.46,10733.86,5.97,13.63,46.34,5.71,28.82,21.39,44.08,3230024,0,11,Kuning (Perlu perhatian),3,4,2,2,1,12,2
2021,Kabkot,1902,BELITUNG,79.12,.84,25.44,-.42,6.07,6710.01,3.51,11.38,50.68,9.960000000000001,28.89,17.47,43.68,3230024,0,15,Oranye (Risiko PHK),3,3,3,3,1,13,3
2021,Kabkot,1903,BANGKA BARAT,79.40000000000001,.82,13.7,.83,.2,10333,3.83,7.88,57.92,6.31,36.3,22.67,34.72,3230024,0,16,Oranye (Risiko PHK),3,4,1,3,4,15,4
2021,Kabkot,1904,BANGKA TENGAH,82.65000000000001,.77,20.08,11.53,4.75,5987.14,4.95,10.44,49.13,8.74,22.82,24.27,44.18,3230024,0,12,Kuning (Perlu perhatian),4,4,2,1,1,12,2
2021,Kabkot,1905,BANGKA SELATAN,83.86,.67,13.04,10.38,3.61,6276.8,5.29,9.02,69.31,5.19,39.49,23.79,31.53,3230024,0,12,Kuning (Perlu perhatian),4,4,1,1,2,12,2
2021,Kabkot,1906,BELITUNG TIMUR,72.45,.85,20.14,4.9,4.56,5714.79,3.78,8.23,44.93,7.78,25.94,25.19,41.09,3230024,0,12,Kuning (Perlu perhatian),2,3,2,2,1,10,1
2021,Kabkot,1971,PANGKALPINANG,76.19,.92,34.67,.04,9.26,9611.440000000001,6.81,15.65,38.11,10.85,2.99,10.29,75.87,3230024,0,14,Oranye (Risiko PHK),2,3,4,3,1,13,3
2021,Kabkot,2101,KARIMUN,86.92,1.06,33.79,6.37,2.37,9332.77,7.2,14.55,43.13,9.66,20.92,14.68,54.75,3005460,0,14,Oranye (Risiko PHK),4,2,3,2,3,14,3
2021,Kabkot,2102,BINTAN,86.95999999999999,1.07,38.28,8.300000000000001,.23,13933.49,8.619999999999999,14.71,37.83,13.62,19.47,13.57,53.35,3005460,0,15,Oranye (Risiko PHK),4,2,4,1,4,15,4
2021,Kabkot,2103,NATUNA,73.89,.93,28.19,3.13,.02,14645.4,5.15,12.74,54.74,10.33,21.28,12.58,55.81,3005460,0,15,Oranye (Risiko PHK),2,3,3,2,4,14,3
2021,Kabkot,2104,LINGGA,82.91,.82,26.83,-1.85,1.95,2971.55,4.23,10.26,53.49,9.51,32.63,8.24,49.61,3005460,0,17,Oranye (Risiko PHK),4,4,3,4,4,19,4
2021,Kabkot,2105,KEPULAUAN ANAMBAS,76.31,1.17,22.1,-2.09,.04,11108.49,1.27,4.83,55.56,7.13,29.4,7.44,56.02,3005460,0,16,Oranye (Risiko PHK),2,1,2,4,4,13,3
2021,Kabkot,2171,B A T A M,78.19,1.46,55.32,-1.63,4.75,111068.95,11.64,15.49,30.63,32.67,4.35,6.8,56.18,3005460,0,16,Oranye (Risiko PHK),3,1,4,4,1,13,3
2021,Kabkot,2172,TANJUNG PINANG,66.34999999999999,1.2,37.13,2.94,.59,14020.21,6.31,15.37,38.09,9.32,3.01,9.25,78.43000000000001,3005460,0,14,Oranye (Risiko PHK),1,1,4,2,4,12,2
2021,Kabkot,3101,KEPULAUAN SERIBU,74.89,.95,24.09,6.54,-1.55,3648.8,8.58,32.37,56.15,4.25,24.35,4.99,66.41,4416187,3.27,14,Oranye (Risiko PHK),2,3,3,2,4,14,3
2021,Kabkot,3171,JAKARTA SELATAN,75.18000000000001,.84,40.16,.97,2.39,429259.25,7.33,16.13,37.32,5.88,.85,4.74,88.53,4416187,3.27,17,Oranye (Risiko PHK),2,3,4,3,3,15,4
2021,Kabkot,3172,JAKARTA TIMUR,72,1.04,40.12,-.8100000000000001,4.77,313808.7,8.23,19.34,35.58,11.65,.35,7.15,80.84999999999999,4416187,3.27,17,Oranye (Risiko PHK),2,2,4,3,1,12,2
2021,Kabkot,3173,JAKARTA PUSAT,82.23999999999999,.97,43.45,-.93,2.33,459971.27,7.75,14.54,41.7,6.74,.16,2.89,90.22,4416187,3.27,18,Merah (Kondisi Kritis),4,2,4,3,3,16,4
2021,Kabkot,3174,JAKARTA BARAT,80.87,.83,49.09,-.86,3.61,327599.16,9.06,17.24,39.61,15.91,.73,5.94,77.42,4416187,3.27,17,Oranye (Risiko PHK),3,4,4,3,2,16,4
2021,Kabkot,3175,JAKARTA UTARA,80.47,.89,47.71,1.61,6.02,330890.18,9.84,18.88,39.56,14.2,.93,3.52,81.34999999999999,4416187,3.27,14,Oranye (Risiko PHK),3,3,4,3,1,14,3
2021,Kabkot,3201,BOGOR,80.06,1.79,44.61,6.18,3.55,159589.55,12.22,26.08,48.29,20.58,10.51,9.56,59.34,1810351,0,11,Kuning (Perlu perhatian),3,1,4,2,2,12,2
2021,Kabkot,3202,SUKABUMI,84.79000000000001,1.39,38.74,-4.88,3.74,47935.63,9.51,21.58,68.05,19.23,28.01,8.789999999999999,43.97,1810351,0,14,Oranye (Risiko PHK),4,1,4,4,2,15,4
2021,Kabkot,3203,CIANJUR,77.59999999999999,1.24,31.96,3.56,3.48,32897.53,9.32,20.5,70.06,14.06,36.43,8.01,41.5,1810351,0,12,Kuning (Perlu perhatian),3,1,3,2,2,11,1
2021,Kabkot,3204,BANDUNG,77.66,1.29,49.49,-11.08,3.56,83949.37,8.32,19.33,53.29,28.39,13.22,8.93,49.46,1810351,0,16,Oranye (Risiko PHK),3,1,4,4,2,14,3
2021,Kabkot,3205,GARUT,83.7,1.06,34.41,28.69,3.58,39981.19,8.68,18.57,67.94,17,29.08,8.35,45.57,1810351,0,13,Kuning (Perlu perhatian),4,2,4,1,2,13,3
2021,Kabkot,3206,TASIKMALAYA,87.3,1,34.13,23.14,3.43,25179.48,6.16,18.95,70.7,16.02,32.3,8.06,43.62,1810351,0,13,Kuning (Perlu perhatian),4,2,4,1,2,13,3
2021,Kabkot,3207,CIAMIS,86.42,1,38.85,2.61,3.66,22774.93,5.06,19.36,69.48,20.44,26.93,8.43,44.2,1810351,0,13,Kuning (Perlu perhatian),4,2,4,3,2,15,4
2021,Kabkot,3208,KUNINGAN,79.19,1.1,34.11,.03,3.56,17483.56,11.68,25.3,66.68000000000001,8.06,25.59,10.57,55.78,1810351,0,15,Oranye (Risiko PHK),3,2,4,3,2,14,3
2021,Kabkot,3209,CIREBON,90.52,1.02,50.98,7.39,2.47,34127.52,10.38,20.39,57.49,24.01,9.57,11.91,54.51,1810351,0,16,Oranye (Risiko PHK),4,2,4,2,3,15,4
2021,Kabkot,3210,MAJALENGKA,83.53,1.16,45.23,17.05,4.75,22787.9,5.71,15.15,61.01,24.54,21.9,6.91,46.65,1810351,0,13,Kuning (Perlu perhatian),4,1,4,1,1,11,1
2021,Kabkot,3211,SUMEDANG,74.27,1.45,38.8,-2.7,2.97,24368.73,9.18,25.34,63.86,17.97,22.55,11.96,47.52,1810351,0,15,Oranye (Risiko PHK),2,1,4,4,3,14,3
2021,Kabkot,3212,INDRAMAYU,82.63,1.35,31.87,-8.300000000000001,.58,59544.87,8.300000000000001,16.98,75.91,9.16,31.26,7.16,52.42,1810351,0,16,Oranye (Risiko PHK),4,1,3,4,4,16,4
2021,Kabkot,3213,SUBANG,75.09999999999999,1.47,36,1.32,2.18,28960.89,9.77,23.52,62.6,18.64,27.66,8.02,45.68,1810351,0,13,Kuning (Perlu perhatian),2,1,4,3,4,14,3
2021,Kabkot,3214,PURWAKARTA,75.81,1.86,45.58,5.66,3.42,46840.15,10.7,21.54,51.76,23.71,15.15,12.63,48.51,1810351,0,11,Kuning (Perlu perhatian),2,1,4,2,2,11,1
2021,Kabkot,3215,KARAWANG,67.58,2.03,46.67,-1.47,5.85,166941.49,11.83,30.33,57.71,23,15.4,9.16,52.44,1810351,0,13,Kuning (Perlu perhatian),1,1,4,4,1,11,1
2021,Kabkot,3216,BEKASI,66.54000000000001,2.25,51.37,2.26,3.62,251778.52,10.09,19.77,40.53,27.62,3.46,7.94,60.98,1810351,0,12,Kuning (Perlu perhatian),1,1,4,3,2,11,1
2021,Kabkot,3217,BANDUNG BARAT,84.86,1.28,36.7,4.7,3.46,31701.79,11.65,28.82,57.58,16.25,25.39,11.8,46.56,1810351,0,12,Kuning (Perlu perhatian),4,1,4,2,2,13,3
2021,Kabkot,3218,PANGANDARAN,79.81999999999999,1.15,38.76,6.35,3.67,8022.78,3.25,13.4,72.92,20.39,28.65,8.640000000000001,42.32,1810351,0,12,Kuning (Perlu perhatian),3,1,4,2,2,12,2
2021,Kabkot,3271,BOGOR,74.95,1.82,43.43,7.68,3.76,33372.48,11.79,22.91,37.71,14.22,1.5,8.789999999999999,75.48999999999999,1810351,0,11,Kuning (Perlu perhatian),2,1,4,1,2,10,1
2021,Kabkot,3272,SUKABUMI,73.54000000000001,1.56,40.38,-5.7,3.71,8851.049999999999,10.78,19.87,46.9,17.91,4.26,6.94,70.89,1810351,0,14,Oranye (Risiko PHK),2,1,4,4,2,13,3
2021,Kabkot,3273,BANDUNG,76.45,1.7,45.93,-.82,3.76,200414.03,11.46,20.56,42.22,16.87,.76,5.77,76.59,1810351,0,14,Oranye (Risiko PHK),3,1,4,3,2,13,3
2021,Kabkot,3274,CIREBON,76.19,1.32,43.7,-3.04,3.05,17155.75,10.53,23.46,48.97,12.45,1.48,9.220000000000001,76.84999999999999,1810351,0,15,Oranye (Risiko PHK),2,1,4,4,3,14,3
2021,Kabkot,3275,BEKASI,76.33,2.52,48.27,-2.06,3.22,69796.94,10.88,20.03,36.14,15.55,.6,7.92,75.94,1810351,0,14,Oranye (Risiko PHK),2,1,4,4,3,14,3
2021,Kabkot,3276,DEPOK,66.98999999999999,2.36,39.58,-.55,3.76,49947.24,9.76,17.78,35.43,11.06,.83,7.17,80.95,1810351,0,13,Kuning (Perlu perhatian),1,1,4,3,2,11,1
2021,Kabkot,3277,CIMAHI,71.56999999999999,1.78,49.67,7.27,4.19,23275.78,13.07,27.75,37.12,26.6,1.81,6.03,65.56,1810351,0,11,Kuning (Perlu perhatian),2,1,4,2,1,10,1
2021,Kabkot,3278,TASIKMALAYA,88.23999999999999,.97,48.62,9.300000000000001,3.57,15980.75,7.66,15.7,45.33,25.51,4.75,6.21,63.52,1810351,0,14,Oranye (Risiko PHK),4,2,4,1,2,13,3
2021,Kabkot,3279,BANJAR,77.18000000000001,1.29,40.63,8.460000000000001,3.69,3371.78,6.09,14.95,53.15,16.95,10.51,10.26,62.28,1810351,0,13,Kuning (Perlu perhatian),3,1,4,1,2,11,1
2021,Kabkot,3301,CILACAP,86.62,1.14,39.13,10.77,2.15,91944.59,9.970000000000001,28.99,69.91,18.99,25.36,11.73,43.92,1798979,3.27,13,Kuning (Perlu perhatian),4,1,4,1,4,14,3
2021,Kabkot,3302,BANYUMAS,78.25,1.09,42.36,15.84,4,40686.81,6.05,18.4,62.14,21.92,19.11,10.09,48.88,1798979,3.27,14,Oranye (Risiko PHK),3,2,4,1,2,12,2
2021,Kabkot,3303,PURBALINGGA,87.56,.9399999999999999,43.81,12.29,3.19,17731.44,6.05,12.69,58.34,28.11,23.39,7.09,41.42,1798979,3.27,14,Oranye (Risiko PHK),4,3,4,1,3,15,4
2021,Kabkot,3304,BANJARNEGARA,80.77,1.02,30.08,.75,3.26,15536.48,5.86,14.52,72.20999999999999,15.74,39.44,9.44,35.38,1798979,3.27,15,Oranye (Risiko PHK),3,2,3,3,3,14,3
2021,Kabkot,3305,KEBUMEN,83.58,.98,39.44,.61,3.71,20253.06,6.03,15.5,69.59999999999999,19.82,27.39,9.720000000000001,43.07,1798979,3.27,15,Oranye (Risiko PHK),4,2,4,3,2,15,4
2021,Kabkot,3306,PURWOREJO,79.25,1.18,29.84,10.78,3.31,13573.47,3.59,9.529999999999999,70.20999999999999,14.78,38.11,7.78,39.33,1798979,3.27,12,Kuning (Perlu perhatian),3,1,3,1,3,11,1
2021,Kabkot,3307,WONOSOBO,88.89,.99,31.34,9,3.68,14064.76,5.26,12.62,71.98,17.12,38.64,7.8,36.45,1798979,3.27,13,Kuning (Perlu perhatian),4,2,3,1,2,12,2
2021,Kabkot,3308,MAGELANG,81.06999999999999,1.05,34.18,5.19,3.48,23661.71,5.03,12.54,65.41,19.68,30.81,8.59,40.92,1798979,3.27,13,Kuning (Perlu perhatian),3,2,4,2,2,13,3
2021,Kabkot,3309,BOYOLALI,78.45999999999999,1.1,44.83,7.07,4.63,23447.37,5.09,10.31,64.02,24.95,28.25,9.6,37.19,1798979,3.27,14,Oranye (Risiko PHK),3,2,4,2,1,12,2
2021,Kabkot,3310,KLATEN,82.26000000000001,1.03,45.31,5.64,3.82,28531.11,5.48,13.67,57.65,25.93,17.03,9.41,47.63,1798979,3.27,14,Oranye (Risiko PHK),4,2,4,2,2,14,3
2021,Kabkot,3311,SUKOHARJO,77.15000000000001,1.12,51.8,3.53,3.82,27634.12,3.32,8.44,45.87,27.36,9.960000000000001,9.529999999999999,53.15,1798979,3.27,14,Oranye (Risiko PHK),3,1,4,2,2,12,2
2021,Kabkot,3312,WONOGIRI,85.98999999999999,1.04,31,8.800000000000001,3.35,21251.17,2.43,10.87,72.62,13.84,42.33,8.16,35.68,1798979,3.27,13,Kuning (Perlu perhatian),4,2,3,1,3,13,3
2021,Kabkot,3313,KARANGANYAR,82.58,1.16,43.93,-.21,3.59,27039.61,5.89,13.97,55.52,25.58,20.4,9.119999999999999,44.89,1798979,3.27,16,Oranye (Risiko PHK),4,1,4,3,2,14,3
2021,Kabkot,3314,SRAGEN,84.01000000000001,1.13,37.5,9.029999999999999,3.75,27355.15,4.76,9.9,65.38,19.45,32.19,7.73,40.64,1798979,3.27,12,Kuning (Perlu perhatian),4,1,4,1,2,12,2
2021,Kabkot,3315,GROBOGAN,80.58,1.3,34.59,22.02,3.78,20115.53,4.38,11.64,75.11,11.33,38.72,14.02,35.93,1798979,3.27,12,Kuning (Perlu perhatian),3,1,4,1,2,11,1
2021,Kabkot,3316,BLORA,81.94,1.11,25.19,6.72,3.68,18126.45,3.81,9.699999999999999,72.12,9.380000000000001,45.63,8.210000000000001,36.78,1798979,3.27,12,Kuning (Perlu perhatian),4,2,3,2,2,13,3
2021,Kabkot,3317,REMBANG,83.52,1.03,36.63,9.73,3.85,13925.52,3.67,10.19,60.97,16.14,32.32,10.88,40.65,1798979,3.27,13,Kuning (Perlu perhatian),4,2,4,1,2,13,3
2021,Kabkot,3318,PATI,87.84999999999999,1.08,37.42,7.64,3.38,31559.08,4.6,10.47,61.75,17.28,29.24,10.86,42.62,1798979,3.27,13,Kuning (Perlu perhatian),4,2,4,1,2,13,3
2021,Kabkot,3319,KUDUS,71.11,1.09,60.79,3.44,-1.54,69872.17999999999,3.77,7.9,38.88,37.73,5.54,12.68,44.05,1798979,3.27,17,Oranye (Risiko PHK),2,2,4,2,4,14,3
2021,Kabkot,3320,JEPARA,93.22,.99,63.52,4.05,4.63,21944.23,4.23,8.699999999999999,49.16,46.87,10.97,9.859999999999999,32.29,1798979,3.27,15,Oranye (Risiko PHK),4,2,4,2,1,13,3
2021,Kabkot,3321,DEMAK,81.79000000000001,1.24,45.92,10.23,2.62,18856.42,5.28,12.27,56.2,24.01,20.87,14.15,40.97,1798979,3.27,14,Oranye (Risiko PHK),4,1,4,1,3,13,3
2021,Kabkot,3322,SEMARANG,76.68000000000001,1.3,47.43,-.53,3.63,35948.86,5.02,11,53.16,29.65,21.44,8.77,40.14,1798979,3.27,16,Oranye (Risiko PHK),3,1,4,3,2,13,3
2021,Kabkot,3323,TEMANGGUNG,80.67,1.08,36.59,21.21,3.34,15387.93,2.62,7.25,70.7,24.75,34.4,6.5,34.35,1798979,3.27,13,Kuning (Perlu perhatian),3,2,4,1,3,13,3
2021,Kabkot,3324,KENDAL,78.47,1.28,42.42,8.84,3.89,31632.28,7.55,13.69,57.72,24.7,23.77,7.36,44.16,1798979,3.27,13,Kuning (Perlu perhatian),3,1,4,1,2,11,1
2021,Kabkot,3325,BATANG,85.56,1.11,46.1,.4,4.88,15764.27,6.59,13.5,60.54,24.83,21.81,10.24,43.12,1798979,3.27,15,Oranye (Risiko PHK),4,2,4,3,1,14,3
2021,Kabkot,3326,PEKALONGAN,87.90000000000001,.9,53.94,6.78,3.54,16615.07,4.28,10.22,55.62,37.47,13.72,6.92,41.89,1798979,3.27,15,Oranye (Risiko PHK),4,3,4,2,2,15,4
2021,Kabkot,3327,PEMALANG,90.20999999999999,1.02,41.48,.95,4.28,18933.19,6.71,15.34,63.24,20.39,24.19,9.41,46.01,1798979,3.27,16,Oranye (Risiko PHK),4,2,4,3,1,14,3
2021,Kabkot,3328,TEGAL,87.25,1.06,44.47,11.55,3.71,25401.91,9.970000000000001,24.82,58.99,20.2,17.29,9.470000000000001,53.04,1798979,3.27,14,Oranye (Risiko PHK),4,2,4,1,2,13,3
2021,Kabkot,3329,BREBES,87.29000000000001,1.02,40.36,3.47,2.57,33533.33,9.779999999999999,22.51,73.31,12.62,28.43,11.31,47.64,1798979,3.27,15,Oranye (Risiko PHK),4,2,4,2,3,15,4
2021,Kabkot,3371,MAGELANG,80.16,1.61,39.07,6.32,3.2,6513.89,8.73,19.48,42.39,17.24,1.59,3.93,77.23,1798979,3.27,10,Kuning (Perlu perhatian),3,1,4,2,3,13,3
2021,Kabkot,3372,SURAKARTA,84.90000000000001,1.16,51.11,3.62,4.01,36211.25,7.85,11.62,39.19,24.4,1.09,4.99,69.53,1798979,3.27,14,Oranye (Risiko PHK),4,1,4,2,2,13,3
2021,Kabkot,3373,SALATIGA,74.56,1.41,48.17,3.57,3.35,9822,7.26,14.33,44.46,23.83,5.05,7.17,63.94,1798979,3.27,12,Kuning (Perlu perhatian),2,1,4,2,3,12,2
2021,Kabkot,3374,SEMARANG,74.47,1.71,47.56,3.22,5.16,144704.57,9.539999999999999,13.5,35.77,18.24,1.5,8.039999999999999,72.22,1798979,3.27,10,Kuning (Perlu perhatian),2,1,4,2,1,10,1
2021,Kabkot,3375,PEKALONGAN,85.19,1.08,53.17,-.13,3.59,7601.49,6.89,10.75,38.35,35.71,3.75,5.15,55.39,1798979,3.27,18,Merah (Kondisi Kritis),4,2,4,3,2,15,4
2021,Kabkot,3376,TEGAL,86.06999999999999,1.1,42.47,4.49,3.12,11290.27,8.25,11.24,50.04,15.38,7.28,7.82,69.52,1798979,3.27,13,Kuning (Perlu perhatian),4,2,4,2,3,15,4
2021,Kabkot,3401,KULON PROGO,76.03,1.24,37.73,4.02,4.37,8838.139999999999,3.69,8.800000000000001,62.85,21.88,26.59,8.19,43.34,1765000,3.54,12,Kuning (Perlu perhatian),2,1,4,2,1,10,1
2021,Kabkot,3402,BANTUL,77.18000000000001,1.31,37.05,5.77,5,19781.89,4.04,5.99,49.28,18.86,13.96,7.5,59.68,1765000,3.54,10,Kuning (Perlu perhatian),3,1,4,2,1,11,1
2021,Kabkot,3403,GUNUNG KIDUL,86.98999999999999,1.12,36.25,12.86,5.31,14230.14,2.2,7.62,73.31999999999999,20.27,35.91,10.25,33.57,1765000,3.54,11,Kuning (Perlu perhatian),4,1,4,1,1,11,1
2021,Kabkot,3404,SLEMAN,78.22,1.34,37.15,5.27,5.61,35755.93,5.17,7.6,48.22,14.64,12.68,7.21,65.48,1765000,3.54,10,Kuning (Perlu perhatian),3,1,4,2,1,11,1
2021,Kabkot,3471,YOGYAKARTA,80.94,1.28,44.15,3.98,5.16,28409.76,9.130000000000001,17.26,48.19,14.53,1.59,3.76,80.12,1765000,3.54,12,Kuning (Perlu perhatian),3,1,4,2,1,11,1
2021,Kabkot,3501,PACITAN,79.41,1.03,17.21,-5,2.49,11107.4,2.04,6.21,81.78,7.13,58.82,5.56,28.5,1868777,5.65,16,Oranye (Risiko PHK),3,2,2,4,3,14,3
2021,Kabkot,3502,PONOROGO,75.93000000000001,1.04,27.23,-1.41,3.19,14619.97,4.38,11.29,77.64,10.82,45.28,8.83,35.07,1868777,5.65,16,Oranye (Risiko PHK),2,2,3,4,3,14,3
2021,Kabkot,3503,TRENGGALEK,80.42,1.08,30.88,6.48,3.65,12959.02,3.53,5.14,73.37,19.95,43.46,7.37,29.22,1868777,5.65,13,Kuning (Perlu perhatian),3,2,3,2,2,12,2
2021,Kabkot,3504,TULUNGAGUNG,83.36,.92,34.35,-.5,3.53,27390.42,4.91,11.9,65.69,18.77,32.57,8.02,40.63,1868777,5.65,16,Oranye (Risiko PHK),4,3,4,3,2,16,4
2021,Kabkot,3505,BLITAR,89.68000000000001,.9399999999999999,24.38,4.15,3.02,25700.02,3.66,6.9,69.44,11.43,44.79,7.39,36.39,1868777,5.65,12,Kuning (Perlu perhatian),4,3,3,2,3,15,4
2021,Kabkot,3506,KEDIRI,88.89,.98,30.18,-4.46,3.06,29361.67,5.15,13.04,65.76000000000001,12.62,34.29,8.34,44.75,1868777,5.65,16,Oranye (Risiko PHK),4,2,3,4,3,16,4
2021,Kabkot,3507,MALANG,90.62,1.02,34.59,6.89,3.12,68619.10000000001,5.4,12.02,57.54,14.95,29.71,9.57,45.76,1868777,5.65,13,Kuning (Perlu perhatian),4,2,4,2,3,15,4
2021,Kabkot,3508,LUMAJANG,85.73999999999999,.99,28.42,2.79,3.14,22623.4,3.51,10.13,73.98,11.37,43.71,7.64,37.28,1868777,5.65,13,Kuning (Perlu perhatian),4,2,3,3,3,15,4
2021,Kabkot,3509,JEMBER,87.73,.91,27.41,4.08,4,54688.72,5.44,15.06,63.93,11.29,39.53,8.789999999999999,40.39,1868777,5.65,13,Kuning (Perlu perhatian),4,3,3,2,2,14,3
2021,Kabkot,3510,BANYUWANGI,85.48999999999999,.92,30.41,-3.91,4.09,55472.57,5.42,14.04,65.90000000000001,13.03,35.72,6.47,44.78,1868777,5.65,16,Oranye (Risiko PHK),4,3,3,4,2,16,4
2021,Kabkot,3511,BONDOWOSO,83.27,.82,25.42,-.06,3.49,13921.65,4.46,9.550000000000001,75.47,14.06,45.78,5.49,34.67,1868777,5.65,16,Oranye (Risiko PHK),4,4,3,3,2,16,4
2021,Kabkot,3512,SITUBONDO,76.97,1.04,24.38,-14.27,3.26,13715.83,3.68,14.28,70,11.31,43.82,4.86,40.01,1868777,5.65,15,Oranye (Risiko PHK),3,2,3,4,3,15,4
2021,Kabkot,3513,PROBOLINGGO,84.98,.88,28.33,17.93,3.35,23664.39,4.55,11.7,69.48999999999999,15.72,41.25,6.36,36.67,1868777,5.65,13,Kuning (Perlu perhatian),4,3,3,1,3,14,3
2021,Kabkot,3514,PASURUAN,81.48,1.37,46.11,1.99,4.34,107630.27,6.03,14.57,58.64,22.94,24.28,11.13,41.65,1868777,5.65,13,Kuning (Perlu perhatian),3,1,4,3,1,12,2
2021,Kabkot,3515,SIDOARJO,73.25,1.79,53.78,.26,4.21,141000.36,10.87,16.94,36.85,31.47,2.93,8.16,57.44,1868777,5.65,14,Oranye (Risiko PHK),2,1,4,3,1,11,1
2021,Kabkot,3516,MOJOKERTO,79.53,1.41,48.77,3.21,4.12,60198.7,5.54,12.39,49.98,29.27,16.75,7.83,46.15,1868777,5.65,12,Kuning (Perlu perhatian),3,1,4,2,2,12,2
2021,Kabkot,3517,JOMBANG,85.09,1.11,41.49,5.38,3.24,28553.45,7.09,13,58.37,21.19,18.53,7.07,53.21,1868777,5.65,13,Kuning (Perlu perhatian),4,2,4,2,3,15,4
2021,Kabkot,3518,NGANJUK,79.59999999999999,1.04,26.83,2.62,3.61,18640.68,4.98,12.97,71.92,11.23,40.33,6.95,41.49,1868777,5.65,13,Kuning (Perlu perhatian),3,2,3,3,2,13,3
2021,Kabkot,3519,MADIUN,74.56,1.23,26.48,3.88,3.32,13582.73,4.99,15.87,67.62,9.19,38.6,8.75,43.45,1868777,5.65,12,Kuning (Perlu perhatian),2,1,3,2,3,11,1
2021,Kabkot,3520,MAGETAN,73.19,1.48,30.99,5.51,3.04,13417.03,3.86,11.72,72.26000000000001,13.46,38.62,7.92,40.01,1868777,5.65,11,Kuning (Perlu perhatian),2,1,3,2,3,11,1
2021,Kabkot,3521,NGAWI,81.98999999999999,1.11,26.01,4.88,2.55,13823.46,4.25,12.15,76.28,9.470000000000001,43.16,8.289999999999999,39.08,1868777,5.65,13,Kuning (Perlu perhatian),4,2,3,2,3,14,3
2021,Kabkot,3522,BOJONEGORO,77.72,1.18,27.81,5.23,-5.54,65839.50999999999,4.82,15.05,70.34999999999999,10.33,41.85,10.2,37.62,1868777,5.65,14,Oranye (Risiko PHK),3,1,3,2,4,13,3
2021,Kabkot,3523,TUBAN,87.45999999999999,1.07,29.44,.75,3,43984.69,4.68,9.24,69.7,11.76,39.43,8.98,39.84,1868777,5.65,16,Oranye (Risiko PHK),4,2,3,3,3,15,4
2021,Kabkot,3524,LAMONGAN,82.05,1.13,35.38,6.9,3.43,27896.54,4.9,13.37,64.88,12.88,34.01,6.84,46.27,1868777,5.65,12,Kuning (Perlu perhatian),4,1,4,2,2,13,3
2021,Kabkot,3525,GRESIK,77.34,1.72,48.05,5.58,3.79,101318.69,8,15.39,47.13,28.73,15.73,7.21,48.33,1868777,5.65,11,Kuning (Perlu perhatian),3,1,4,2,2,12,2
2021,Kabkot,3526,BANGKALAN,89.77,1.14,26.32,2.61,-2.07,17152.78,8.07,24.13,76.02,7.96,46.11,9.119999999999999,36.81,1868777,5.65,14,Oranye (Risiko PHK),4,1,3,3,4,15,4
2021,Kabkot,3527,SAMPANG,79.34,.93,20.15,2.75,.22,13984.57,3.45,9.949999999999999,82.77,7.75,55.61,7.04,29.61,1868777,5.65,14,Oranye (Risiko PHK),3,3,2,3,4,15,4
2021,Kabkot,3528,PAMEKASAN,85.5,1.05,22.32,20.36,3.41,11496.24,3.1,8.76,76.79000000000001,8.93,46.26,9,35.81,1868777,5.65,12,Kuning (Perlu perhatian),4,2,2,1,2,11,1
2021,Kabkot,3529,SUMENEP,79.56999999999999,.92,15.59,6.44,2.61,24161.35,2.31,9.41,80.48,6.69,58.73,4.25,30.33,1868777,5.65,13,Kuning (Perlu perhatian),3,3,1,2,3,12,2
2021,Kabkot,3571,KEDIRI,75.29000000000001,1.25,40.09,1.93,2.5,86485.59,6.37,12.11,44.6,12.14,3.55,7.31,77,1868777,5.65,15,Oranye (Risiko PHK),2,1,4,3,3,13,3
2021,Kabkot,3572,BLITAR,80.63,1.09,38.32,6.2,4.28,4924.57,6.61,10.97,49.59,13.62,8.039999999999999,6.12,72.23,1868777,5.65,13,Kuning (Perlu perhatian),3,2,4,2,1,12,2
2021,Kabkot,3573,MALANG,80.95999999999999,1.42,44.43,.85,4.21,53309.7,9.65,12.31,43.33,15.95,1.61,5.46,76.98,1868777,5.65,14,Oranye (Risiko PHK),3,1,4,3,1,12,2
2021,Kabkot,3574,PROBOLINGGO,75.47,1.29,42.36,3.46,4.06,8361.139999999999,6.55,14.9,46.11,21.35,7.62,5.79,65.25,1868777,5.65,13,Kuning (Perlu perhatian),2,1,4,2,2,11,1
2021,Kabkot,3575,PASURUAN,73.2,1.51,46.6,-.9,3.64,5914.59,6.23,12.34,43.91,23.12,3.61,4.12,69.15000000000001,1868777,5.65,14,Oranye (Risiko PHK),2,1,4,3,2,12,2
2021,Kabkot,3576,MOJOKERTO,75.94,1.62,42.12,.52,3.65,4976.49,6.87,11.26,37.89,21.61,3.73,6.37,68.29000000000001,1868777,5.65,13,Kuning (Perlu perhatian),2,1,4,3,2,12,2
2021,Kabkot,3577,MADIUN,76.68000000000001,1.29,33.26,-3.42,4.79,10537.7,8.15,20.66,46.31,8.289999999999999,2.25,5.94,83.51000000000001,1868777,5.65,15,Oranye (Risiko PHK),3,1,3,4,1,12,2
2021,Kabkot,3578,SURABAYA,78.25,1.75,44.97,2.27,4.29,407725.83,9.68,16.37,37.81,14.85,.9399999999999999,5.22,78.98999999999999,1868777,5.65,11,Kuning (Perlu perhatian),3,1,4,3,1,12,2
2021,Kabkot,3579,BATU,87,1.06,33.57,-.76,4.04,11471.43,6.57,11.5,56.17,9.779999999999999,26.2,6.82,57.2,1868777,5.65,16,Oranye (Risiko PHK),4,2,3,3,2,14,3
2021,Kabkot,3601,PANDEGLANG,77.90000000000001,1.01,25.65,7.5,3.1,20116.9,7.7,25.52,78.89,8.050000000000001,37.68,7.51,46.76,2460997,0,13,Kuning (Perlu perhatian),3,2,3,1,3,12,2
2021,Kabkot,3602,LEBAK,80.15000000000001,.93,29.11,8.130000000000001,3.18,21278.48,7.86,25.1,76.12,9.52,36.91,7.94,45.63,2460997,0,13,Kuning (Perlu perhatian),3,3,3,1,3,13,3
2021,Kabkot,3603,TANGERANG,74.95,1.41,55.14,-1.46,4.7,97869.38,9.06,19.41,41.47,32.24,4.62,6.57,56.58,2460997,0,16,Oranye (Risiko PHK),2,1,4,4,1,12,2
2021,Kabkot,3604,SERANG,72.38,1.31,48.11,-1.74,3.74,54844.65,10.58,25.82,58.36,27.5,19.26,9.470000000000001,43.76,2460997,0,15,Oranye (Risiko PHK),2,1,4,4,2,13,3
2021,Kabkot,3671,TANGERANG,73.04000000000001,1.65,48.88,1.2,3.9,106413.71,9.07,19.1,35.7,22.21,.78,5.77,71.23999999999999,2460997,0,12,Kuning (Perlu perhatian),2,1,4,3,2,12,2
2021,Kabkot,3672,CILEGON,71.25,1.45,51.54,-5.51,5.24,77163.94,10.13,21.35,44.11,19.29,2.04,14.61,64.06,2460997,0,15,Oranye (Risiko PHK),2,1,4,4,1,12,2
2021,Kabkot,3673,SERANG,59.99,1.7,38.7,3,3.88,23392.75,9.41,22.18,50.01,17.72,4.14,7.87,70.26000000000001,2460997,0,10,Kuning (Perlu perhatian),1,1,4,2,2,10,1
2021,Kabkot,3674,TANGERANG SELATAN,76.79000000000001,1.99,41.04,1.94,4.81,62393.12,8.6,17.66,35.14,7.19,.07,8.52,84.20999999999999,2460997,0,12,Kuning (Perlu perhatian),3,1,4,3,1,12,2
2021,Kabkot,5101,JEMBRANA,84.23999999999999,.84,34.89,-8.390000000000001,-.65,8892.799999999999,4.11,9.109999999999999,63.62,20.16,28.81,7.51,43.52,2494000,0,18,Merah (Kondisi Kritis),4,3,4,4,4,19,4
2021,Kabkot,5102,TABANAN,76.26000000000001,.92,33.45,5.17,-1.98,14515.58,3.94,10.11,65.29000000000001,17,30.27,8.09,44.64,2494000,0,15,Oranye (Risiko PHK),2,3,3,2,4,14,3
2021,Kabkot,5103,BADUNG,82.15000000000001,.9399999999999999,42.94,3.36,-6.74,29049.52,6.93,10.13,49.52,16.78,9.08,6.4,67.73999999999999,2494000,0,16,Oranye (Risiko PHK),4,3,4,2,4,17,4
2021,Kabkot,5104,GIANYAR,80.91,.83,44.58,1.63,-1.05,17258.77,6.9,11.87,50.92,23.74,14.66,7.21,54.39,2494000,0,17,Oranye (Risiko PHK),3,4,4,3,4,18,4
2021,Kabkot,5105,KLUNGKUNG,82.22,.89,35.53,.05,-.23,5595.88,5.35,12.17,62.55,14.8,25.95,7.62,51.62,2494000,0,17,Oranye (Risiko PHK),4,3,4,3,4,18,4
2021,Kabkot,5106,BANGLI,77.59999999999999,.95,31.41,-11.56,-.33,4384.73,1.8,3.97,72.27,20.18,43.12,7.93,28.77,2494000,0,18,Merah (Kondisi Kritis),3,3,3,4,4,17,4
2021,Kabkot,5107,KARANGASEM,79.39,.8100000000000001,27.08,-2.73,-.5600000000000001,10570.6,2.32,6.2,73.64,16.09,43.08,7.34,33.48,2494000,0,18,Merah (Kondisi Kritis),3,4,3,4,4,18,4
2021,Kabkot,5108,BULELENG,83.73999999999999,.84,27.66,-3.36,-1.27,21785.73,5.38,13.54,66.18000000000001,11.64,32.29,7.35,48.73,2494000,0,18,Merah (Kondisi Kritis),4,3,3,4,4,18,4
2021,Kabkot,5171,DENPASAR,78.83,1.14,38.96,-1.69,-.92,32439.61,7.02,9.02,39.1,12.04,3.4,6.28,78.29000000000001,2494000,0,17,Oranye (Risiko PHK),3,1,4,4,4,16,4
2021,Kabkot,5201,LOMBOK BARAT,81.47,.79,32.88,-4.21,3.4,10472.21,3.32,7.62,66.27,14.65,24.87,12.15,48.32,2183883,0,16,Oranye (Risiko PHK),3,4,3,4,2,16,4
2021,Kabkot,5202,LOMBOK TENGAH,78.06,.82,29.83,-9.09,4.03,12037.48,2.33,6.48,83.75,14.98,38.4,9.93,36.69,2183883,0,16,Oranye (Risiko PHK),3,4,3,4,2,16,4
2021,Kabkot,5203,LOMBOK TIMUR,77.17,.89,30.17,-7.66,3.12,14410.1,2.79,5.78,83.51000000000001,15.46,33.89,7.83,42.82,2183883,0,16,Oranye (Risiko PHK),3,3,3,4,3,16,4
2021,Kabkot,5204,SUMBAWA,69.95999999999999,1.13,21.15,1.38,1.87,10220.82,3.39,8.050000000000001,74.87,6.97,42.13,7.73,43.17,2183883,0,13,Kuning (Perlu perhatian),2,1,2,3,4,12,2
2021,Kabkot,5205,DOMPU,77.39,.98,22.86,7.38,1.68,4978.99,3.02,6.79,70.72,7.59,38.83,5.82,47.76,2183883,0,13,Kuning (Perlu perhatian),3,2,2,2,4,13,3
2021,Kabkot,5206,BIMA,71.77,.8,18.15,12.04,1.79,8085.7,1.58,2.34,77.13,7.44,48.52,4.33,39.71,2183883,0,13,Kuning (Perlu perhatian),2,4,2,1,4,13,3
2021,Kabkot,5207,SUMBAWA BARAT,61.99,1.29,22.83,-1.67,-.33,16415.89,5.52,14.34,57.42,3.91,27.84,14.43,53.83,2183883,0,16,Oranye (Risiko PHK),1,1,2,4,4,12,2
2021,Kabkot,5208,LOMBOK UTARA,81.01000000000001,.73,19.51,5.67,1.38,3262.16,1.75,3.27,76.2,5.77,47.03,7.45,39.75,2183883,0,13,Kuning (Perlu perhatian),3,4,2,2,4,15,4
2021,Kabkot,5271,MATARAM,83.59,1.29,35.84,-.21,3.27,13475.87,5.19,13.11,48.17,10.37,3.31,6.39,79.92,2183883,0,15,Oranye (Risiko PHK),4,1,4,3,3,15,4
2021,Kabkot,5272,BIMA,69.2,1.07,34.89,3.26,2.08,2939.06,3.56,7.81,57.21,13.82,11.12,7.71,67.36,2183883,0,14,Oranye (Risiko PHK),1,2,4,2,4,13,3
2021,Kabkot,5301,SUMBA BARAT,68.61,1.11,14.83,.64,1.03,1452.22,1.74,4.83,75.41,7.02,54.88,3.96,34.14,1950000,0,14,Oranye (Risiko PHK),1,2,1,3,4,11,1
2021,Kabkot,5302,SUMBA TIMUR,59.1,1.17,17.94,-.14,1.15,4011.75,3.35,8.609999999999999,73.61,8.33,52.35,5.87,33.45,1950000,0,15,Oranye (Risiko PHK),1,1,2,3,4,11,1
2021,Kabkot,5303,KUPANG,68.62,.96,13.94,-4.22,2.75,4885.92,3.99,9.140000000000001,79.18000000000001,6.81,60.93,5.97,26.28,1950000,0,16,Oranye (Risiko PHK),1,3,1,4,3,12,2
2021,Kabkot,5304,TIMOR TENGAH SELATAN,65.67,1.07,23.47,-3.63,2.41,4883.87,2.57,4.89,80.94,15.12,55.01,5.06,24.82,1950000,0,16,Oranye (Risiko PHK),1,2,2,4,3,12,2
2021,Kabkot,5305,TIMOR TENGAH UTARA,69.92,.93,32.11,-2.11,2.36,2949.05,3.88,8.67,77.27,19.65,45.17,6.55,28.63,1950000,0,17,Oranye (Risiko PHK),2,3,3,4,3,15,4
2021,Kabkot,5306,BELU,72.52,1.24,26.22,-2.56,1.75,3020.03,5.35,13.47,73.66,10.79,45.2,8.73,35.28,1950000,0,16,Oranye (Risiko PHK),2,1,3,4,4,14,3
2021,Kabkot,5307,ALOR,77.70999999999999,.72,20.26,5.42,2.5,2045.99,2.59,5.06,70.83,9.09,48.43,5.36,37.11,1950000,0,13,Kuning (Perlu perhatian),3,4,2,2,3,14,3
2021,Kabkot,5308,LEMBATA,70.17,.95,22.76,11.69,1.44,1179.53,4.94,14.28,72.83,8.460000000000001,46.87,6.51,38.16,1950000,0,13,Kuning (Perlu perhatian),2,3,2,1,4,12,2
2021,Kabkot,5309,FLORES TIMUR,71.97,.88,22.82,3.87,.6899999999999999,3522.55,3.81,9.699999999999999,75.09999999999999,13.83,42.06,5.67,38.44,1950000,0,14,Oranye (Risiko PHK),2,3,2,2,4,13,3
2021,Kabkot,5310,SIKKA,65.03,1.15,29.83,1.91,2.13,3375.93,4.54,12.69,74.31999999999999,15.69,37.52,6.1,40.69,1950000,0,14,Oranye (Risiko PHK),1,1,3,3,4,12,2
2021,Kabkot,5311,ENDE,66.95999999999999,1.08,28.32,2.33,2.13,4162.98,2.61,5.41,78.06999999999999,16.91,44.34,5.22,33.53,1950000,0,14,Oranye (Risiko PHK),1,2,3,3,4,13,3
2021,Kabkot,5312,NGADA,69.02,1.14,18.93,-3.92,1.13,2336.24,2.99,8.9,75.3,7.47,50.56,7.2,34.78,1950000,0,15,Oranye (Risiko PHK),1,1,2,4,4,12,2
2021,Kabkot,5313,MANGGARAI,75.06,1.15,19.46,.28,2.43,3064.12,3.7,9.65,82.84,8.390000000000001,56.09,6.8,28.72,1950000,0,14,Oranye (Risiko PHK),2,1,2,3,3,11,1
2021,Kabkot,5314,ROTE NDAO,72.47,.97,16.77,2.07,2.24,1974.99,3.67,8.460000000000001,75.12,8.529999999999999,54.06,6.24,31.17,1950000,0,13,Kuning (Perlu perhatian),2,3,2,3,4,14,3
2021,Kabkot,5315,MANGGARAI BARAT,73.59999999999999,.89,12.21,11.08,1.29,2296.74,4.94,13.32,80.45999999999999,4.14,64.95999999999999,5.55,25.35,1950000,0,13,Kuning (Perlu perhatian),2,3,1,1,4,11,1
2021,Kabkot,5316,SUMBA TENGAH,71.95,1.15,12.07,-12.87,1.41,767.26,1.45,4.59,74.16,3.23,61.73,6.87,28.17,1950000,0,15,Oranye (Risiko PHK),2,1,1,4,4,12,2
2021,Kabkot,5317,SUMBA BARAT DAYA,75.7,.97,17.35,-3.25,2.09,2355.32,2.04,4.24,86.51000000000001,12.17,61.87,4.98,20.98,1950000,0,16,Oranye (Risiko PHK),2,3,2,4,4,15,4
2021,Kabkot,5318,NAGEKEO,71.84,.9399999999999999,18.4,2.93,2.08,1406.75,.97,4.2,80.72,9.029999999999999,60.27,6.86,23.84,1950000,0,13,Kuning (Perlu perhatian),2,3,2,2,4,13,3
2021,Kabkot,5319,MANGGARAI TIMUR,87.56999999999999,.65,9.41,17.7,2.31,2087.11,1.96,4.89,89.18000000000001,3.82,78.08,3.69,14.4,1950000,0,13,Kuning (Perlu perhatian),4,4,1,1,4,14,3
2021,Kabkot,5320,SABU RAIJUA,69.44,1.03,20.36,-5.28,1.7,786.3,1.25,1.4,80.93000000000001,12.75,54.49,9.220000000000001,23.54,1950000,0,16,Oranye (Risiko PHK),2,2,2,4,4,14,3
2021,Kabkot,5321,MALAKA,70.98,1.25,22.77,6.5,1.95,1915.74,3.43,12.49,75.59,14.71,48.73,4.84,31.72,1950000,0,12,Kuning (Perlu perhatian),2,1,2,2,4,11,1
2021,Kabkot,5371,KUPANG,67.47,1.34,30.03,.15,1.34,16569.5,9.76,20.22,41.51,6.61,5.44,10.19,77.76000000000001,1950000,0,14,Oranye (Risiko PHK),1,1,3,3,4,12,2
2021,Kabkot,6101,SAMBAS,82.56999999999999,.91,19.13,16.11,4.37,13947.82,3.97,10.18,72.91,6.44,57.11,6.97,29.47,2399699,0,12,Kuning (Perlu perhatian),4,3,2,1,1,11,1
2021,Kabkot,6102,BENGKAYANG,78.17,.86,14.48,8.07,4.33,5842.93,4.42,11.4,68.42,3.33,54.46,15.11,27.1,2399699,0,12,Kuning (Perlu perhatian),3,3,1,1,1,9,1
2021,Kabkot,6103,LANDAK,67.62,.92,10.24,-1.3,4.88,7312.56,3.22,11.44,68.98999999999999,2.7,67.16,5.97,24.18,2399699,0,15,Oranye (Risiko PHK),1,3,1,4,1,10,1
2021,Kabkot,6104,MEMPAWAH,83.45999999999999,.9,30.7,6,4.1,5466.32,7.71,20.05,54.92,11.74,31.29,11.39,45.58,2399699,0,13,Kuning (Perlu perhatian),4,3,3,2,2,14,3
2021,Kabkot,6105,SANGGAU,80.94,.99,13.91,14.66,4.19,13790.45,3.45,11.25,66.64,5.27,64.47,7.75,22.5,2399699,0,12,Kuning (Perlu perhatian),3,2,1,1,1,8,1
2021,Kabkot,6106,KETAPANG,84.05,1.14,18.85,-1.62,5.23,18848.7,6.94,16.11,50.2,5.99,52.59,8.75,32.66,2399699,0,13,Kuning (Perlu perhatian),4,1,2,4,1,12,2
2021,Kabkot,6107,SINTANG,75.81999999999999,1.16,10.38,22.85,3.8,9731.98,3.95,9.359999999999999,69.98,2.67,61.94,10.98,24.42,2399699,0,11,Kuning (Perlu perhatian),2,1,1,1,2,7,1
2021,Kabkot,6108,KAPUAS HULU,77.28,1.01,12.19,-8.48,4.43,6510.87,4.18,11.56,65.2,3.9,49.78,18.07,28.25,2399699,0,15,Oranye (Risiko PHK),3,2,1,4,1,11,1
2021,Kabkot,6109,SEKADAU,79.70999999999999,.93,14.48,26.68,4.31,4435.32,2.92,6.79,71.31999999999999,3.8,64.44,7.02,24.74,2399699,0,12,Kuning (Perlu perhatian),3,3,1,1,1,9,1
2021,Kabkot,6110,MELAWI,88.43000000000001,.92,12.52,2.23,4.54,3500.14,2.66,7.16,64.91,5.62,46.84,18.56,28.98,2399699,0,12,Kuning (Perlu perhatian),4,3,1,3,1,12,2
2021,Kabkot,6111,KAYONG UTARA,84.3,1,18.49,-4.75,4.6,2633.24,3.78,13.12,61.53,4.83,48.7,11.06,35.41,2399699,0,15,Oranye (Risiko PHK),4,2,2,4,1,13,3
2021,Kabkot,6112,KUBU RAYA,81.84,.97,30.1,-1.05,5.18,18754.97,7.02,16.19,55.55,8.94,39.69,10.49,40.89,2399699,0,15,Oranye (Risiko PHK),4,2,3,3,1,13,3
2021,Kabkot,6171,PONTIANAK,82.76000000000001,1.08,42.66,4.95,4.61,24920.92,12.38,21.81,39.77,9.880000000000001,4.35,9.029999999999999,76.73999999999999,2399699,0,14,Oranye (Risiko PHK),4,2,4,2,1,13,3
2021,Kabkot,6172,SINGKAWANG,81.25,.99,28.72,3.17,4.82,6977.77,9.16,19.33,49.79,7.14,21.57,13.67,57.62,2399699,0,13,Kuning (Perlu perhatian),3,2,3,2,1,11,1
2021,Kabkot,6201,KOTAWARINGIN BARAT,77.58,.99,28.16,-2.39,5.61,13733.18,4.7,10.98,49.73,9.93,28.87,7.56,53.64,2903145,0,15,Oranye (Risiko PHK),3,2,3,4,1,13,3
2021,Kabkot,6202,KOTAWARINGIN TIMUR,83.43000000000001,.9,20.19,-.03,2.1,18269.73,5.15,11.69,53.25,4.83,36.82,9.31,49.04,2903145,0,16,Oranye (Risiko PHK),4,3,2,3,4,16,4
2021,Kabkot,6203,KAPUAS,72.90000000000001,.88,12.08,.9,4.71,11306.38,4.91,12.32,69.69,3.78,51.51,10.98,33.73,2903145,0,14,Oranye (Risiko PHK),2,3,1,3,1,10,1
2021,Kabkot,6204,BARITO SELATAN,62.13,.96,20.3,7.1,2.13,4331.03,4.16,16.25,57.44,8.06,38.93,11.54,41.47,2903145,0,13,Kuning (Perlu perhatian),1,3,2,2,4,12,2
2021,Kabkot,6205,BARITO UTARA,73.90000000000001,1.02,16.66,5.34,2.82,7151.78,5.14,13.25,57.22,6.13,39.03,14.83,40.01,2903145,0,13,Kuning (Perlu perhatian),2,2,1,2,3,10,1
2021,Kabkot,6206,SUKAMARA,77.58,.95,19.26,6.44,4.74,3043.13,4.65,11.27,43.01,7,41.1,6.69,45.22,2903145,0,12,Kuning (Perlu perhatian),3,3,2,2,1,11,1
2021,Kabkot,6207,LAMANDAU,72.08,1.01,17.25,-3.77,4.01,3968.76,2.3,6.08,56.26,3.66,52.32,8.529999999999999,35.49,2903145,0,15,Oranye (Risiko PHK),2,2,2,4,2,12,2
2021,Kabkot,6208,SERUYAN,56.44,1.09,15.36,-1.6,2.12,6033.56,4.25,11.56,39.39,7.23,49.57,5.36,37.85,2903145,0,16,Oranye (Risiko PHK),1,2,1,4,4,12,2
2021,Kabkot,6209,KATINGAN,91.09,.82,13.23,3.42,2.9,5091.12,5.5,13.98,57.42,5.15,36.73,24,34.11,2903145,0,13,Kuning (Perlu perhatian),4,4,1,2,3,14,3
2021,Kabkot,6210,PULANG PISAU,73.92,.9399999999999999,13.02,13.1,3.24,3596.82,2.6,8.550000000000001,69.69,2.79,49.17,13.93,34.1,2903145,0,12,Kuning (Perlu perhatian),2,3,1,1,3,10,1
2021,Kabkot,6211,GUNUNG MAS,78.73,.93,13.13,7.67,5.09,3804.71,3.11,8.68,47.53,6.22,24.92,33.18,35.68,2903145,0,11,Kuning (Perlu perhatian),3,3,1,1,1,9,1
2021,Kabkot,6212,BARITO TIMUR,66.8,.96,10.4,-2.84,2.97,5336.34,3.22,10.65,69.98999999999999,3,56.46,5.65,34.89,2903145,0,16,Oranye (Risiko PHK),1,3,1,4,3,12,2
2021,Kabkot,6213,MURUNG RAYA,77.34999999999999,1.03,11.71,-2.01,4.38,5974.79,3.03,6.51,60.45,3.26,29.78,26.43,40.53,2903145,0,15,Oranye (Risiko PHK),3,2,1,4,1,11,1
2021,Kabkot,6271,PALANGKA RAYA,62.27,1.26,27.64,-4.72,4.32,11031.47,5.86,16.07,45.72,6.28,6.3,11.16,76.26000000000001,2903145,0,15,Oranye (Risiko PHK),1,1,3,4,1,10,1
2021,Kabkot,6301,TANAH LAUT,79.31,1.06,18.85,-2.76,3.47,10517.16,3.52,11.29,62.83,5.74,48.82,9.5,35.94,2877449,0,15,Oranye (Risiko PHK),3,2,2,4,2,13,3
2021,Kabkot,6302,KOTABARU,74.97,.99,22.85,-4,3.35,17884.58,5.57,14.18,53.69,9.119999999999999,42.55,7.52,40.81,2877449,0,15,Oranye (Risiko PHK),2,2,2,4,3,13,3
2021,Kabkot,6303,BANJAR,85.39,.71,27.41,7.48,3.21,12109.22,3.98,10.47,64.93000000000001,10.24,36.82,7.98,44.96,2877449,0,13,Kuning (Perlu perhatian),4,4,3,2,3,16,4
2021,Kabkot,6304,BARITO KUALA,82.53,.84,19.62,7.58,3.17,5942.72,3.22,9.84,68.66,9.06,49.21,5.68,36.05,2877449,0,12,Kuning (Perlu perhatian),4,3,2,1,3,13,3
2021,Kabkot,6305,TAPIN,69.38,1.07,20.49,5.7,3.43,6576.27,4.96,17,65.94,5.65,39.89,12.05,42.41,2877449,0,12,Kuning (Perlu perhatian),1,2,2,2,2,9,1
2021,Kabkot,6306,HULU SUNGAI SELATAN,78.55,.85,28.18,12.44,4.19,4844.91,2.44,9.17,67.47,14.8,33.48,5.72,46,2877449,0,13,Kuning (Perlu perhatian),3,3,3,1,1,11,1
2021,Kabkot,6307,HULU SUNGAI TENGAH,79.84999999999999,.71,25.84,-2.73,3.01,4978.21,3.76,9.029999999999999,72.89,9.32,38.06,6.27,46.36,2877449,0,16,Oranye (Risiko PHK),3,4,3,4,3,17,4
2021,Kabkot,6308,HULU SUNGAI UTARA,73,.66,30.43,8.98,3.21,3409.5,4.8,13.96,63.75,16.5,24.61,4.12,54.77,2877449,0,13,Kuning (Perlu perhatian),2,4,3,1,3,13,3
2021,Kabkot,6309,TABALONG,73.51000000000001,1.24,17.74,-1.59,3.27,14954.31,3.43,9.550000000000001,70.09999999999999,4.2,44.41,10.78,40.61,2877449,0,14,Oranye (Risiko PHK),2,1,2,4,3,12,2
2021,Kabkot,6310,TANAH BUMBU,82.75,.9399999999999999,23.65,7.83,4.23,16046.92,6.83,17.67,47.71,5.19,26.88,15.66,52.26,2877449,0,12,Kuning (Perlu perhatian),4,3,2,1,1,11,1
2021,Kabkot,6311,BALANGAN,68.28,1,9.529999999999999,2.23,3.27,9477.83,2.44,7.06,74.15000000000001,2.32,52.87,5.64,39.17,2877449,0,12,Kuning (Perlu perhatian),1,2,1,3,3,10,1
2021,Kabkot,6371,BANJARMASIN,78.17,.9,41.7,-1.16,3.41,22677.46,8.470000000000001,17.12,44.24,10.86,1.61,8.44,79.09,2877449,0,17,Oranye (Risiko PHK),3,3,4,3,2,15,4
2021,Kabkot,6372,BANJAR BARU,76.73999999999999,1.08,36.34,4.45,3.33,6321.84,5.7,10.35,43.28,12.17,9.039999999999999,13.73,65.06999999999999,2877449,0,13,Kuning (Perlu perhatian),3,2,4,2,3,14,3
2021,Kabkot,6401,PASER,82.84999999999999,1.09,16.38,11.54,5.39,36582.32,5.7,16.87,52.07,4.37,38.94,13.05,43.64,2981379,0,11,Kuning (Perlu perhatian),4,2,1,1,1,9,1
2021,Kabkot,6402,KUTAI BARAT,73.05,1.02,18.17,-3.14,4.19,21509.05,5.14,10.15,63.28,7.51,44.44,8.17,39.88,2981379,0,15,Oranye (Risiko PHK),2,2,2,4,1,11,1
2021,Kabkot,6403,KUTAI KARTANEGARA,78.02,1.22,22.17,-1.42,2.68,124197.1,5.66,17.72,53.52,6.39,27.49,18.99,47.13,2981379,0,15,Oranye (Risiko PHK),3,1,2,4,3,13,3
2021,Kabkot,6404,KUTAI TIMUR,68.83,1.29,22.04,-.5,-.89,92039.28999999999,5.35,12.84,48.83,4.45,30.14,18.26,47.14,2981379,0,16,Oranye (Risiko PHK),1,1,2,3,4,11,1
2021,Kabkot,6405,BERAU,74.70999999999999,1.32,20.49,5.94,5.36,28802.65,5.82,10,51.95,3.77,31.79,14.93,49.51,2981379,0,9,Kuning (Perlu perhatian),2,1,2,2,1,8,1
2021,Kabkot,6409,PENAJAM PASER UTARA,81.33,1,25.69,6.65,-1.69,6492.68,2.95,8.390000000000001,58.29,8.19,38.94,10.26,42.61,2981379,0,15,Oranye (Risiko PHK),3,2,3,2,4,14,3
2021,Kabkot,6411,MAHAKAM HULU,73.09,1.12,10.7,-15.97,1.27,1786.29,3.14,11.75,67.67,1.85,53.27,7.13,37.75,2981379,0,15,Oranye (Risiko PHK),2,1,1,4,4,12,2
2021,Kabkot,6471,BALIKPAPAN,70.53,1.34,36.9,1.03,4.57,86831.69,8.94,19.71,36.12,8.720000000000001,4.69,11.08,75.5,2981379,0,12,Kuning (Perlu perhatian),2,1,4,3,1,11,1
2021,Kabkot,6472,SAMARINDA,74.66,1.1,33.27,-.04,2.78,46294.41,8.16,18.65,39.38,6.36,6.29,12.47,74.88,2981379,0,17,Oranye (Risiko PHK),2,2,3,3,3,13,3
2021,Kabkot,6474,BONTANG,61.97,1.88,35.77,6.07,1.6,39949.08,9.92,23.66,34.22,11.54,8.93,14.32,65.2,2981379,0,11,Kuning (Perlu perhatian),1,1,4,2,4,12,2
2021,Kabkot,6501,MALINAU,71.09999999999999,1.35,13.37,1,4.5,8159.29,4.14,13.26,58.55,3.88,39.06,11.09,45.97,3000804,0,11,Kuning (Perlu perhatian),2,1,1,3,1,8,1
2021,Kabkot,6502,BULUNGAN,72.41,1.12,20.27,-3.09,3.75,11979.8,4.54,13.14,53.45,5.92,34.86,12.47,46.75,3000804,0,14,Oranye (Risiko PHK),2,1,2,4,2,11,1
2021,Kabkot,6503,TANA TIDUNG,71.79000000000001,1.31,14.45,5.8,4.21,3813.9,5.26,9.59,45.51,2.86,29.73,7.71,59.71,3000804,0,10,Kuning (Perlu perhatian),2,1,1,2,1,7,1
2021,Kabkot,6504,NUNUKAN,76.34,.98,16.24,5.42,4.04,16342.24,4.24,10.53,58.15,3.53,41.89,5.47,49.11,3000804,0,12,Kuning (Perlu perhatian),2,2,1,2,2,9,1
2021,Kabkot,6571,TARAKAN,73.19,1.06,37.6,-.64,3.95,22936.54,4.94,12.04,41.18,15.1,16.01,9.06,59.84,3000804,0,16,Oranye (Risiko PHK),2,2,4,3,2,13,3
2021,Kabkot,7101,BOLAANG MONGONDOW,82.48,.8,21.45,-10.16,3.87,5726.21,4.85,16.1,78.7,7.67,44.13,16.34,31.86,3310723,0,15,Oranye (Risiko PHK),4,4,2,4,2,16,4
2021,Kabkot,7102,MINAHASA,73.33,1.06,32.04,-.46,3.96,12148.04,6.14,17.7,62.22,11.29,23.98,10.39,54.35,3310723,0,16,Oranye (Risiko PHK),2,2,3,3,2,12,2
2021,Kabkot,7103,KEPULAUAN SANGIHE,75.45,.8,33.59,12.04,5.98,3204.99,4.72,15.02,68.08,15.08,25.95,12.66,46.3,3310723,0,12,Kuning (Perlu perhatian),2,4,3,1,1,11,1
2021,Kabkot,7104,KEPULAUAN TALAUD,70.53,.75,19.38,12.52,3.34,1665.6,2.3,5.52,76.34999999999999,10.31,46.24,4.33,39.12,3310723,0,12,Kuning (Perlu perhatian),2,4,2,1,3,12,2
2021,Kabkot,7105,MINAHASA SELATAN,68.64,.9399999999999999,31.52,5.97,4.91,6371.37,4.9,15.66,69.2,14.13,32.11,9.300000000000001,44.47,3310723,0,13,Kuning (Perlu perhatian),1,3,3,2,1,10,1
2021,Kabkot,7106,MINAHASA UTARA,69.56,1.08,27.9,-4.38,5.36,9793.83,8.119999999999999,19.74,54.03,11.85,25.4,10.26,52.5,3310723,0,15,Oranye (Risiko PHK),2,2,3,4,1,12,2
2021,Kabkot,7107,BOLAANG MONGONDOW UTARA,78.98999999999999,.65,21.67,8.73,3.46,1749.6,5.23,12.92,61.41,7.52,36.22,8.94,47.33,3310723,0,12,Kuning (Perlu perhatian),3,4,2,1,2,12,2
2021,Kabkot,7108,SIAU TAGULANDANG BIARO,75.73,.84,15.96,-1.7,4.43,1681.88,3.39,13.24,66.06999999999999,3.25,39.82,8.19,48.74,3310723,0,15,Oranye (Risiko PHK),2,3,1,4,1,11,1
2021,Kabkot,7109,MINAHASA TENGGARA,82.36,.74,29.99,12.82,4.29,3769.49,3.39,7.05,65.48999999999999,12.43,27.53,13.48,46.56,3310723,0,13,Kuning (Perlu perhatian),4,4,3,1,1,13,3
2021,Kabkot,7110,BOLAANG MONGONDOW SELATAN,74.43000000000001,.71,21.98,-11.17,3.74,1386.96,4.6,9.640000000000001,71.39,9.050000000000001,41.81,8.74,40.4,3310723,0,15,Oranye (Risiko PHK),2,4,2,4,2,14,3
2021,Kabkot,7111,BOLAANG MONGONDOW TIMUR,83.17,.72,13.33,-8.960000000000001,3.05,1938.8,5.99,13.5,66.55,3.17,39.16,21.45,36.22,3310723,0,15,Oranye (Risiko PHK),4,4,1,4,3,16,4
2021,Kabkot,7171,MANADO,60.56,1.09,41.48,-3.97,5.15,26053.89,12.17,21.42,47.96,5.23,4.85,11.08,78.84,3310723,0,16,Oranye (Risiko PHK),1,2,4,4,1,12,2
2021,Kabkot,7172,BITUNG,82.67,.88,47.47,-4.3,4.6,11846.01,9.960000000000001,25.43,42.03,19.63,12.55,8.640000000000001,59.18,3310723,0,17,Oranye (Risiko PHK),4,3,4,4,1,16,4
2021,Kabkot,7173,TOMOHON,65.61,1.04,37.88,-5.2,1.95,3211.88,8.84,25.96,55.2,9.81,16.54,14.4,59.26,3310723,0,17,Oranye (Risiko PHK),1,2,4,4,4,15,4
2021,Kabkot,7174,KOTAMOBAGU,80.14,.83,32.1,3.41,4.22,2498.05,7.32,16.08,53.06,9.48,14.11,9.800000000000001,66.59999999999999,3310723,0,13,Kuning (Perlu perhatian),3,3,3,2,1,12,2
2021,Kabkot,7201,BANGGAI KEPULAUAN,63.79,1.04,20.32,6.3,5.07,2735.24,2.95,7.36,69.39,11.31,41.47,6.31,40.92,2303711,0,11,Kuning (Perlu perhatian),1,2,2,2,1,8,1
2021,Kabkot,7202,BANGGAI,82.26000000000001,1.07,20.64,-10.06,1.75,18840.59,3.57,9.210000000000001,69.98999999999999,5.61,43.75,7.93,42.71,2303711,0,16,Oranye (Risiko PHK),4,2,2,4,4,16,4
2021,Kabkot,7203,MOROWALI,66.48,1.54,14.95,7.21,25.28,55000.63,5.08,13.83,54.6,2.63,31.63,15.28,50.46,2303711,0,8,Hijau (Aman),1,1,1,2,1,6,1
2021,Kabkot,7204,POSO,64.31,1.13,14.41,1.59,4.86,6523.44,2.47,5.34,72.48999999999999,4.29,52.69,7.5,35.52,2303711,0,12,Kuning (Perlu perhatian),1,1,1,3,1,7,1
2021,Kabkot,7205,DONGGALA,83.67,.84,25.97,-5.25,4.64,8544.440000000001,3.5,7.33,70.52,8.23,44.22,10.23,37.33,2303711,0,16,Oranye (Risiko PHK),4,3,3,4,1,15,4
2021,Kabkot,7206,TOLI-TOLI,68.23999999999999,1.12,20.09,2.92,4.36,5776.24,3.13,6.94,65.33,6.94,38.33,8.890000000000001,45.84,2303711,0,11,Kuning (Perlu perhatian),1,1,2,3,1,8,1
2021,Kabkot,7207,BUOL,70.83,1,13.62,11.94,4.88,4029.74,3.64,6.2,67.14,5.61,43.92,12.78,37.69,2303711,0,12,Kuning (Perlu perhatian),2,2,1,1,1,7,1
2021,Kabkot,7208,PARIGI MOUTONG,70.95999999999999,.91,16.75,-.42,4.67,11616.82,2.97,7.66,79.70999999999999,6.9,55.92,5.91,31.27,2303711,0,15,Oranye (Risiko PHK),2,3,1,3,1,10,1
2021,Kabkot,7209,TOJO UNA-UNA,63.5,1.01,18.49,-6.46,4.25,3878.59,3.44,7.96,71.94,8.27,45.93,5.93,39.87,2303711,0,15,Oranye (Risiko PHK),1,2,2,4,1,10,1
2021,Kabkot,7210,SIGI,76.59,1.03,20.24,-4.88,5.66,6464.34,2.38,6.02,73.72,4.38,48.15,11.65,35.82,2303711,0,14,Oranye (Risiko PHK),3,2,2,4,1,12,2
2021,Kabkot,7211,BANGGAI LAUT,76.58,.78,22.66,14.24,4.37,1678.04,3.35,8.119999999999999,63.23,14.62,35.96,4.11,45.3,2303711,0,12,Kuning (Perlu perhatian),3,4,2,1,1,11,1
2021,Kabkot,7212,MOROWALI UTARA,69.38,1.19,16.21,4.98,10.56,8923.860000000001,2.98,7.74,63.81,4.79,48.28,10.99,35.94,2303711,0,10,Kuning (Perlu perhatian),1,1,1,2,1,6,1
2021,Kabkot,7271,PALU,62.85,1.36,30.09,2.65,5.97,16385.58,7.61,14.48,41.53,7.95,3.42,9.029999999999999,79.59999999999999,2303711,0,10,Kuning (Perlu perhatian),1,1,3,3,1,9,1
2021,Kabkot,7301,KEPULAUAN SELAYAR,61.36,.59,20.41,10.9,4.02,3765.56,2.81,10.78,57.93,11.21,31.27,7.24,50.29,3165876,2,12,Kuning (Perlu perhatian),1,4,2,1,2,10,1
2021,Kabkot,7302,BULUKUMBA,81.59999999999999,.6899999999999999,17.96,26.85,4.76,9013.58,3.14,8.68,69.90000000000001,8.35,49.47,5.68,36.5,3165876,2,12,Kuning (Perlu perhatian),4,4,2,1,1,12,2
2021,Kabkot,7303,BANTAENG,56,.68,17.87,8.17,8.859999999999999,6151.45,4.07,11.19,75.77,7.67,53.1,5.04,34.19,3165876,2,11,Kuning (Perlu perhatian),1,4,2,1,1,9,1
2021,Kabkot,7304,JENEPONTO,75.01000000000001,.7,14.58,4.9,5.4,7058.35,2.38,4.97,78.68000000000001,3.89,54.64,5.08,36.39,3165876,2,11,Kuning (Perlu perhatian),2,4,1,2,1,10,1
2021,Kabkot,7305,TAKALAR,77.13,.68,28.99,12.67,5.05,6908.05,3.93,8.85,59.01,10.75,30.5,10.56,48.2,3165876,2,12,Kuning (Perlu perhatian),3,4,3,1,1,12,2
2021,Kabkot,7306,GOWA,74.91,.93,33,-.97,7.26,15043.7,4.3,10.97,61.33,12.9,27.44,12,47.66,3165876,2,15,Oranye (Risiko PHK),2,3,3,3,1,12,2
2021,Kabkot,7307,SINJAI,75.26000000000001,.58,10.98,3.42,5.23,7576.83,2.61,8.59,71.67,4.98,57.09,3.12,34.81,3165876,2,11,Kuning (Perlu perhatian),2,4,1,2,1,10,1
2021,Kabkot,7308,MAROS,81.70999999999999,.73,33.44,6.57,1.36,12400.62,6.3,16.15,54.32,13.66,27.38,8.199999999999999,50.76,3165876,2,14,Oranye (Risiko PHK),4,4,3,2,4,17,4
2021,Kabkot,7309,PANGKAJENE DAN KEPULAUAN,76.77,.79,25.34,6.06,3.46,17500.61,5.86,16.38,55.56,10.42,30.96,10.36,48.27,3165876,2,13,Kuning (Perlu perhatian),3,4,3,2,2,14,3
2021,Kabkot,7310,BARRU,80.45999999999999,.72,31.32,-.55,4.77,5069.99,6.74,19.47,57.13,9.83,28.26,11.73,50.18,3165876,2,16,Oranye (Risiko PHK),3,4,3,3,1,14,3
2021,Kabkot,7311,BONE,72.43000000000001,.61,14.45,5.78,5.53,23273.87,4.15,11.49,72.78,6.28,56.51,3.43,33.78,3165876,2,11,Kuning (Perlu perhatian),2,4,1,2,1,10,1
2021,Kabkot,7312,SOPPENG,64.77,.6,16.88,14.89,6.15,7585.98,3.92,14.03,68.87,5.46,46.57,6.31,41.67,3165876,2,11,Kuning (Perlu perhatian),1,4,2,1,1,9,1
2021,Kabkot,7313,WAJO,78.95,.55,24.06,1.47,6.77,13569.28,4.32,10.53,72.79000000000001,12.55,40.5,6.01,40.94,3165876,2,12,Kuning (Perlu perhatian),3,4,2,3,1,13,3
2021,Kabkot,7314,SIDENRENG RAPPANG,82.51000000000001,.61,25.11,-4.84,5.54,8866.07,4.93,10.79,64.83,11.51,38.26,6.2,44.03,3165876,2,15,Oranye (Risiko PHK),4,4,3,4,1,16,4
2021,Kabkot,7315,PINRANG,85.31999999999999,.6899999999999999,23.55,1.6,5.04,13472.49,4.06,10.13,65.53,9.07,37.73,8.25,44.95,3165876,2,12,Kuning (Perlu perhatian),4,4,2,3,1,14,3
2021,Kabkot,7316,ENREKANG,69.06,.75,14.93,-5.56,6.36,4884.37,2.34,7.46,77.20999999999999,6.33,55.27,3.64,34.76,3165876,2,14,Oranye (Risiko PHK),1,4,1,4,1,11,1
2021,Kabkot,7317,LUWU,67.40000000000001,.75,13.42,-1.19,6.03,10449.75,4.8,13.52,74.34999999999999,6.25,56.39,4.24,33.11,3165876,2,14,Oranye (Risiko PHK),1,4,1,3,1,10,1
2021,Kabkot,7318,TANA TORAJA,64.63,.9399999999999999,7.8,-8.52,5.19,4780.98,3.09,11.69,88.48999999999999,1.7,79.97,5.29,13.04,3165876,2,14,Oranye (Risiko PHK),1,3,1,4,1,10,1
2021,Kabkot,7322,LUWU UTARA,72.14,.77,18.66,-13.18,3.9,8491.5,3.91,9.73,73.92,6.15,51.89,5.95,36.01,3165876,2,15,Oranye (Risiko PHK),2,4,2,4,2,14,3
2021,Kabkot,7325,LUWU TIMUR,69.52,1.17,21.04,5.27,-1.39,16030.5,4.96,14.72,63.3,6.92,42.72,12.3,38.05,3165876,2,13,Kuning (Perlu perhatian),2,1,2,2,4,11,1
2021,Kabkot,7326,TORAJA UTARA,68.38,.84,13.1,8.51,4.05,5357.13,2.61,6.02,76.65000000000001,2.91,60.28,6.72,30.1,3165876,2,12,Kuning (Perlu perhatian),1,3,1,1,2,8,1
2021,Kabkot,7371,MAKASSAR,72.25,1.19,41.17,-1.61,4.47,126312.83,13.18,28.24,39.36,9.279999999999999,2.97,11.91,75.84,3165876,2,16,Oranye (Risiko PHK),2,1,4,4,1,12,2
2021,Kabkot,7372,PAREPARE,69.25,.95,30.75,2.97,4.41,5162.1,6.72,15.55,44.31,7.22,4.52,9.35,78.92,3165876,2,13,Kuning (Perlu perhatian),1,3,3,2,1,10,1
2021,Kabkot,7373,PALOPO,69.13,.85,26.45,3.23,5.41,5768.28,8.83,23.27,40.11,9.119999999999999,10,8.57,72.31999999999999,3165876,2,12,Kuning (Perlu perhatian),1,3,3,2,1,10,1
2021,Kabkot,7401,BUTON,87.69,.53,22.38,-10.47,2.62,2847.09,4.74,6.98,65.87,8.6,36.61,11.23,43.55,2552015,0,16,Oranye (Risiko PHK),4,4,2,4,3,17,4
2021,Kabkot,7402,MUNA,66.40000000000001,1.01,24.71,1.4,3.16,5228.75,4.97,16.47,68.02,7.96,32.07,11.33,48.64,2552015,0,13,Kuning (Perlu perhatian),1,2,3,3,3,12,2
2021,Kabkot,7403,KONAWE,69.12,1.06,29.23,5.35,7.78,7954.41,4.56,11.95,65.38,15.81,34.72,9.42,40.05,2552015,0,12,Kuning (Perlu perhatian),1,2,3,2,1,9,1
2021,Kabkot,7404,KOLAKA,76.86,.89,18.52,16.55,4.02,18964.44,3.62,5.76,60.06,5.97,41.26,12.57,40.19,2552015,0,12,Kuning (Perlu perhatian),3,3,2,1,2,11,1
2021,Kabkot,7405,KONAWE SELATAN,78.61,.95,21.82,6.14,4.76,8649.17,2.14,5.58,72.11,12.21,43.9,8.81,35.08,2552015,0,12,Kuning (Perlu perhatian),3,3,2,2,1,11,1
2021,Kabkot,7406,BOMBANA,78.51000000000001,.9,22.97,-.75,3.49,4873.22,3.17,5.2,66.34,11.08,37.76,9.5,41.66,2552015,0,15,Oranye (Risiko PHK),3,3,2,3,2,13,3
2021,Kabkot,7407,WAKATOBI,76.98999999999999,.78,27.03,8.51,4.02,3220.93,2.3,6.99,67.55,10.46,37.8,8.869999999999999,42.87,2552015,0,13,Kuning (Perlu perhatian),3,4,3,1,2,13,3
2021,Kabkot,7408,KOLAKA UTARA,65.90000000000001,.83,12.59,8.039999999999999,2.66,6529.38,3.18,9.359999999999999,77.31,5.22,55.23,4.5,35.05,2552015,0,13,Kuning (Perlu perhatian),1,4,1,1,3,10,1
2021,Kabkot,7409,BUTON UTARA,61.86,.97,21.91,18.65,4.08,2342.59,3,7.29,66.78,13.46,35.51,4.21,46.82,2552015,0,12,Kuning (Perlu perhatian),1,2,2,1,2,8,1
2021,Kabkot,7410,KONAWE UTARA,67.54000000000001,1.18,20.15,-3.05,4.59,2957.88,3.36,8.289999999999999,57.74,10.69,34.35,17.8,37.15,2552015,0,14,Oranye (Risiko PHK),1,1,2,4,1,9,1
2021,Kabkot,7411,KOLAKA TIMUR,76.95,.96,18.17,19.46,4.83,3413.96,3.44,6.31,70.89,5.63,38.05,5.95,50.38,2552015,0,12,Kuning (Perlu perhatian),3,3,2,1,1,10,1
2021,Kabkot,7412,KONAWE KEPULAUAN,75.63,.87,15.38,3.74,2.3,1071.11,1.83,5.01,79.11,9.57,53.14,4.76,32.54,2552015,0,13,Kuning (Perlu perhatian),2,3,1,2,4,12,2
2021,Kabkot,7413,MUNA BARAT,79.29000000000001,.6,17.19,1.87,3.96,1924.09,2.84,10.54,74.40000000000001,7.36,50.51,5.44,36.69,2552015,0,13,Kuning (Perlu perhatian),3,4,2,3,2,14,3
2021,Kabkot,7414,BUTON TENGAH,76.12,.63,25.98,-.72,3.12,1759.94,3.77,10.32,74.61,13.96,35.8,12.89,37.36,2552015,0,16,Oranye (Risiko PHK),2,4,3,3,3,15,4
2021,Kabkot,7415,BUTON SELATAN,74.5,.91,15.5,6.21,2.29,2080.2,3.92,10.79,74.87,4.12,53.44,8.82,33.62,2552015,0,13,Kuning (Perlu perhatian),2,3,1,2,4,12,2
2021,Kabkot,7471,KENDARI,68.97,1.28,33.03,.93,3.86,17165.19,5.19,9.99,35.22,8.34,1.37,14.52,75.78,2552015,0,14,Oranye (Risiko PHK),1,1,3,3,2,10,1
2021,Kabkot,7472,BAUBAU,71.65000000000001,.95,32.83,.02,4.15,6844.69,6.87,11.41,51.27,9.66,11.12,9.65,69.56999999999999,2552015,0,15,Oranye (Risiko PHK),2,3,3,3,1,12,2
2021,Kabkot,7501,BOALEMO,59.04,.8100000000000001,18.11,10.07,2.04,3568.35,3.57,10.14,68.40000000000001,5.97,46.66,5.21,42.16,2788826,0,13,Kuning (Perlu perhatian),1,4,2,1,4,12,2
2021,Kabkot,7502,GORONTALO,73.25,.8100000000000001,26.28,-11.22,2.43,9083.620000000001,2.12,7.55,68.08,10.01,32.99,6.59,50.42,2788826,0,17,Oranye (Risiko PHK),2,4,3,4,3,16,4
2021,Kabkot,7503,POHUWATO,81.20999999999999,.68,20.48,5.98,2.21,4704.13,2.45,6.7,63.43,8.15,37.56,8.539999999999999,45.75,2788826,0,13,Kuning (Perlu perhatian),3,4,2,2,4,15,4
2021,Kabkot,7504,BONE BOLANGO,67.78,.84,29.78,1.1,2.2,3225.23,3.45,10.24,57.32,8.390000000000001,22.47,11.76,57.38,2788826,0,15,Oranye (Risiko PHK),1,3,3,3,4,14,3
2021,Kabkot,7505,GORONTALO UTARA,73.09999999999999,.6899999999999999,23.35,4.06,2.21,2376.38,2.3,5.82,69.05,9.49,44.7,6.14,39.67,2788826,0,13,Kuning (Perlu perhatian),2,4,2,2,4,14,3
2021,Kabkot,7571,GORONTALO,79.73,.88,39.21,.57,2.83,6347.38,4.55,14.11,47.3,9.630000000000001,4.12,6.9,79.34999999999999,2788826,0,16,Oranye (Risiko PHK),3,3,4,3,3,16,4
2021,Kabkot,7601,MAJENE,69.81999999999999,.84,26.73,2.75,2.13,3597.75,2.85,9.449999999999999,65.86,10.18,32.7,7.08,50.04,2678863,0,14,Oranye (Risiko PHK),2,3,3,3,4,15,4
2021,Kabkot,7602,POLEWALI MANDAR,81.77,.67,23.81,10.91,1.87,9414.9,3.38,9.449999999999999,72.61,12.2,40.26,6.44,41.1,2678863,0,13,Kuning (Perlu perhatian),4,4,2,1,4,15,4
2021,Kabkot,7603,MAMASA,71.31999999999999,.75,9.5,8.68,2,2256.11,2.18,6.8,79.78,3.16,67.3,3.41,26.13,2678863,0,13,Kuning (Perlu perhatian),2,4,1,1,4,12,2
2021,Kabkot,7604,MAMUJU,79.28,.89,20.56,-4.89,2.35,8335.01,3.79,10.31,74.01000000000001,5.88,49.86,8.48,35.79,2678863,0,16,Oranye (Risiko PHK),3,3,2,4,3,15,4
2021,Kabkot,7605,PASANGKAYU,54.84,1.17,22.51,-20.67,3.78,7384.67,3.13,7.96,71.81,10.79,48.18,6.79,34.25,2678863,0,14,Oranye (Risiko PHK),1,1,2,4,2,10,1
2021,Kabkot,7606,MAMUJU TENGAH,82,.76,15.81,-4.68,3.26,2279.81,2.52,8.5,70.90000000000001,4.54,53.12,6.51,35.83,2678863,0,15,Oranye (Risiko PHK),4,4,1,4,3,16,4
2021,Kabkot,8101,KEPULAUAN TANIMBAR,55.54,1.04,15.39,11.57,3.83,1749.81,4.4,13.99,78.38,7.62,60.54,3.27,28.57,2604961,0,12,Kuning (Perlu perhatian),1,2,1,1,2,7,1
2021,Kabkot,8102,MALUKU TENGGARA,67.29000000000001,.91,17.08,9.99,3.42,2034.04,5.06,16.38,69.77,3.5,52.23,4.59,39.67,2604961,0,12,Kuning (Perlu perhatian),1,3,2,1,2,9,1
2021,Kabkot,8103,MALUKU TENGAH,71.01000000000001,.91,31.86,.5600000000000001,3.32,6033.67,8.07,25.38,67.84,11.65,31.39,7.22,49.73,2604961,0,15,Oranye (Risiko PHK),2,3,3,3,3,14,3
2021,Kabkot,8104,BURU,72.29000000000001,.82,25.13,12.86,2.97,1610.53,4.85,11.55,65.97,13.33,37.7,10.71,38.26,2604961,0,14,Oranye (Risiko PHK),2,4,3,1,3,13,3
2021,Kabkot,8105,KEPULAUAN ARU,65.81999999999999,1.13,17.94,1.54,3.47,2356.73,1.55,4.23,69.78,10.38,47.51,3.36,38.75,2604961,0,12,Kuning (Perlu perhatian),1,1,2,3,2,9,1
2021,Kabkot,8106,SERAM BAGIAN BARAT,60.67,.83,22.82,11.82,3.4,2030.11,5.65,14.26,75.59,14.99,47.4,4.48,33.13,2604961,0,12,Kuning (Perlu perhatian),1,4,2,1,2,10,1
2021,Kabkot,8107,SERAM BAGIAN TIMUR,79.05,.82,29.7,-7.49,1.61,1966.86,3.88,8.43,76.23999999999999,12.87,42.78,6.88,37.47,2604961,0,17,Oranye (Risiko PHK),3,4,3,4,4,18,4
2021,Kabkot,8108,MALUKU BARAT DAYA,69.11,.89,19.32,12.22,19.41,1270.17,1.8,3.4,78.89,11.23,57.9,6.21,24.65,2604961,0,11,Kuning (Perlu perhatian),1,3,2,1,1,8,1
2021,Kabkot,8109,BURU SELATAN,46.71,.72,23.39,11.8,3.5,923.1900000000001,1.63,2.67,79.34,17.61,46.65,2.46,33.28,2604961,0,11,Kuning (Perlu perhatian),1,4,2,1,2,10,1
2021,Kabkot,8171,AMBON,56.92,1.21,34.89,5.2,4.08,10608,11.32,25.93,43.66,7.79,3.04,6.82,82.34,2604961,0,12,Kuning (Perlu perhatian),1,1,4,2,2,10,1
2021,Kabkot,8172,TUAL,66.93000000000001,.97,23.71,16.71,3.58,1551.95,8.710000000000001,21.32,57.94,7.57,23.72,6.08,62.63,2604961,0,12,Kuning (Perlu perhatian),1,2,2,1,2,8,1
2021,Kabkot,8201,HALMAHERA BARAT,54.54,1.02,40.7,8.52,1.2,1548.38,3.26,9.630000000000001,68.34,29.35,23.59,6.4,40.66,2721530,0,15,Oranye (Risiko PHK),1,2,4,1,4,12,2
2021,Kabkot,8202,HALMAHERA TENGAH,71.84,1.68,40.09,3.68,161.85,5247.03,4.23,9.57,55.45,25.52,21.53,13.92,39.03,2721530,0,10,Kuning (Perlu perhatian),2,1,4,2,1,10,1
2021,Kabkot,8203,KEPULAUAN SULA,53.05,.8100000000000001,37.09,-1.18,1.31,1662.75,2.78,8.880000000000001,62.07,28.41,19.4,5.94,46.25,2721530,0,17,Oranye (Risiko PHK),1,4,4,3,4,16,4
2021,Kabkot,8204,HALMAHERA SELATAN,71.54000000000001,.9399999999999999,32.16,19.74,14.22,6538.17,1.94,5.67,70.20999999999999,20.31,37.52,9.300000000000001,32.87,2721530,0,12,Kuning (Perlu perhatian),2,3,3,1,1,10,1
2021,Kabkot,8205,HALMAHERA UTARA,69.43000000000001,1.29,18.08,-1.98,3.1,3854.41,8.01,17.77,71.77,4.44,50.24,8.960000000000001,36.36,2721530,0,14,Oranye (Risiko PHK),1,1,2,4,3,11,1
2021,Kabkot,8206,HALMAHERA TIMUR,61.24,1.08,38.45,41.19,8.93,2502.36,6.78,15.89,63.11,26.4,25.21,14.81,33.58,2721530,0,12,Kuning (Perlu perhatian),1,2,4,1,1,9,1
2021,Kabkot,8207,PULAU MOROTAI,68.63,.67,25.88,-8.94,2.04,1073.91,6.27,19.79,72.33,15.93,41.69,5.71,36.66,2721530,0,17,Oranye (Risiko PHK),1,4,3,4,4,16,4
2021,Kabkot,8208,PULAU TALIABU,79.91,.7,22.66,18.47,12.74,1123.14,6.1,15.9,75.58,18.38,50.93,4.77,25.92,2721530,0,11,Kuning (Perlu perhatian),3,4,2,1,1,11,1
2021,Kabkot,8271,TERNATE,47.84,1.28,30.92,2.33,2.56,7341.33,5.7,15.65,48.94,5.99,7.84,9.119999999999999,77.06,2721530,0,12,Kuning (Perlu perhatian),1,1,3,3,3,11,1
2021,Kabkot,8272,TIDORE KEPULAUAN,64.61,.98,33.13,11.82,1.17,2057.59,2.81,9.529999999999999,54.63,13.97,21.85,12.1,52.08,2721530,0,14,Oranye (Risiko PHK),1,2,3,1,4,11,1
2021,Kabkot,9101,FAKFAK,62.14,.89,19.88,-1.37,.97,3474.01,7.9,18.02,54.33,.99,28.21,5.33,65.47,3134600,0,17,Oranye (Risiko PHK),1,3,2,4,4,14,3
2021,Kabkot,9102,KAIMANA,69.44,1.01,13,-4.91,-2.1,1716,3.23,7.94,67.5,2.63,45.47,3.45,48.45,3134600,0,17,Oranye (Risiko PHK),2,2,1,4,4,13,3
2021,Kabkot,9103,TELUK WONDAMA,51.8,.9,20.41,14.95,1.09,990.09,2.9,4.84,59.58,4.55,31.19,5.75,58.51,3134600,0,13,Kuning (Perlu perhatian),1,3,2,1,4,11,1
2021,Kabkot,9104,TELUK BINTUNI,63.53,.88,22.44,-4.58,-2.3,25058.62,4.74,13.19,50.45,4.66,24.77,10.85,59.71,3134600,0,17,Oranye (Risiko PHK),1,3,2,4,4,14,3
2021,Kabkot,9105,MANOKWARI,62.19,1.09,22.27,.82,3.69,6624.67,7.04,17.61,51.89,3.02,23.32,10,63.67,3134600,0,14,Oranye (Risiko PHK),1,2,2,3,2,10,1
2021,Kabkot,9106,SORONG SELATAN,50.94,.95,6.74,-13.24,3.47,1300.54,3.55,5.66,73.45999999999999,2.27,62.64,4.74,30.35,3134600,0,15,Oranye (Risiko PHK),1,3,1,4,2,11,1
2021,Kabkot,9107,SORONG,72.2,1.03,28.44,3.77,1.95,8548.440000000001,3.36,8.380000000000001,59.77,8.43,32.06,13.41,46.1,3134600,0,14,Oranye (Risiko PHK),2,2,3,2,4,13,3
2021,Kabkot,9108,RAJA AMPAT,53.12,1.13,23.33,-14.31,11.79,2539.34,3.81,9.710000000000001,62.99,10.46,40.62,9.359999999999999,39.56,3134600,0,13,Kuning (Perlu perhatian),1,1,2,4,1,9,1
2021,Kabkot,9109,TAMBRAUW,54.12,.85,7.28,21.5,.51,147.48,1.49,4.4,73.39,2.62,55.87,1.41,40.1,3134600,0,14,Oranye (Risiko PHK),1,3,1,1,4,10,1
2021,Kabkot,9110,MAYBRAT,34.27,1.1,7.28,10.9,1.16,467.69,1.89,4.39,72.79000000000001,1.29,62.74,4.32,31.65,3134600,0,12,Kuning (Perlu perhatian),1,2,1,1,4,9,1
2021,Kabkot,9111,MANOKWARI SELATAN,59.27,1,11.18,11.32,1.23,585.58,2.9,6.51,60.77,1.6,39.16,4.4,54.84,3134600,0,13,Kuning (Perlu perhatian),1,2,1,1,4,9,1
2021,Kabkot,9112,PEGUNUNGAN ARFAK,40.23,1.12,.29,10.97,4.55,158.11,.7,.83,92.05,0,91.67,.18,8.140000000000001,3134600,0,10,Kuning (Perlu perhatian),1,1,1,1,1,5,1
2021,Kabkot,9171,SORONG,72.13,1.09,30.12,2.62,-.83,10049.29,9.949999999999999,23.44,45.28,8.6,9.83,9.82,71.73999999999999,3134600,0,15,Oranye (Risiko PHK),2,2,3,3,4,14,3
2021,Kabkot,9401,MERAUKE,64.38,.96,17.89,9.48,1.47,10359.47,2.19,4.85,68.40000000000001,5.35,46.82,4.51,43.32,3516700,0,13,Kuning (Perlu perhatian),1,3,2,1,4,11,1
2021,Kabkot,9402,JAYAWIJAYA,45.39,1.25,3.52,-9.869999999999999,1.26,4650.82,1.62,1.8,85.56999999999999,.14,79.95,.95,18.96,3516700,0,14,Oranye (Risiko PHK),1,1,1,4,4,11,1
2021,Kabkot,9403,JAYAPURA,57.79,1.03,15.87,12.94,3.86,10105.53,7.87,21.21,68.52,1.13,40.55,5.95,52.37,3516700,0,12,Kuning (Perlu perhatian),1,2,1,1,2,7,1
2021,Kabkot,9404,NABIRE,49.44,1.04,16.91,.96,4.07,7655.17,3.05,9.91,60.79,3.24,33.86,9.199999999999999,53.7,3516700,0,13,Kuning (Perlu perhatian),1,2,2,3,2,10,1
2021,Kabkot,9408,KEPULAUAN YAPEN,59.32,1,18.73,7.49,3.74,2870.9,2.47,9.48,68.31999999999999,5.94,45.39,6.61,42.06,3516700,0,12,Kuning (Perlu perhatian),1,2,2,1,2,8,1
2021,Kabkot,9409,BIAK NUMFOR,69.03,.84,18.77,14.45,2.47,3336.29,9.49,28.54,63.3,4.3,31.83,6.1,57.77,3516700,0,13,Kuning (Perlu perhatian),1,3,2,1,3,10,1
2021,Kabkot,9410,PANIAI,36.86,1.19,4.59,8.34,1.63,3084.09,.74,1.73,95.8,1.48,87.8,.62,10.1,3516700,0,11,Kuning (Perlu perhatian),1,1,1,1,4,8,1
2021,Kabkot,9411,PUNCAK JAYA,65.41,1.81,.71,67.95,1.21,981.03,1.74,2.99,92.76000000000001,.08,89.88,0,10.04,3516700,0,10,Kuning (Perlu perhatian),1,1,1,1,4,8,1
2021,Kabkot,9412,MIMIKA,72.2,1.54,32.59,-1.17,36.85,69619.71000000001,5.37,12.72,59.69,2.8,28.96,16.64,51.6,3516700,0,12,Kuning (Perlu perhatian),2,1,3,3,1,10,1
2021,Kabkot,9413,BOVEN DIGOEL,76.42,.86,10.22,-1.31,.31,3200.39,6.73,13.4,56.93,4.37,54.65,4.01,36.96,3516700,0,17,Oranye (Risiko PHK),3,3,1,4,4,15,4
2021,Kabkot,9414,MAPPI,62.82,.83,13.44,35.87,1.95,1897.02,4.11,8.16,72.61,2.75,59.18,4.28,33.79,3516700,0,13,Kuning (Perlu perhatian),1,4,1,1,4,11,1
2021,Kabkot,9415,ASMAT,66.38,1.05,8.470000000000001,1.91,2.11,1563.64,.45,1.24,81.66,1.59,69.59,2.68,26.14,3516700,0,14,Oranye (Risiko PHK),1,2,1,3,4,11,1
2021,Kabkot,9416,YAHUKIMO,73.26000000000001,1.49,.55,2.31,1.87,1555.78,2.25,5.86,95.31999999999999,.03,94.34999999999999,0,5.63,3516700,0,11,Kuning (Perlu perhatian),2,1,1,3,4,11,1
2021,Kabkot,9417,PEGUNUNGAN BINTANG,44.73,1.35,4.4,-7.8,2.56,1444.53,4.43,9.470000000000001,86.92,.39,81.76000000000001,1.4,16.45,3516700,0,13,Kuning (Perlu perhatian),1,1,1,4,3,10,1
2021,Kabkot,9418,TOLIKARA,49.51,1.18,2.98,11.36,.96,1068.56,1.12,3.54,91.89,1.81,87.43000000000001,.28,10.48,3516700,0,12,Kuning (Perlu perhatian),1,1,1,1,4,8,1
2021,Kabkot,9419,SARMI,44.83,.97,12.14,-1.09,1.03,1852.96,3.5,12.95,67.06999999999999,3.44,46.59,4.83,45.14,3516700,0,15,Oranye (Risiko PHK),1,2,1,3,4,11,1
2021,Kabkot,9420,KEEROM,61.24,.99,12.68,13.12,2.63,2046.03,1.41,4.77,74.89,4.84,62.25,4.24,28.66,3516700,0,13,Kuning (Perlu perhatian),1,2,1,1,3,8,1
2021,Kabkot,9426,WAROPEN,37.97,.9399999999999999,12.8,12.7,.88,1478.76,8.56,29.16,63.85,4.98,48.02,3.31,43.69,3516700,0,13,Kuning (Perlu perhatian),1,3,1,1,4,10,1
2021,Kabkot,9427,SUPIORI,49.32,.74,8.15,31,1.56,781.12,2.66,10.23,72.65000000000001,1.76,61.93,3.54,32.78,3516700,0,12,Kuning (Perlu perhatian),1,4,1,1,4,11,1
2021,Kabkot,9428,MAMBERAMO RAYA,25.67,.98,.13,-14.7,1.24,1029.87,1.91,2.93,93.58,.13,90.48,.16,9.24,3516700,0,14,Oranye (Risiko PHK),1,2,1,4,4,12,2
2021,Kabkot,9430,LANNY JAYA,33.15,1.03,0,-31.17,1.82,1202.14,0,0,98.5,0,98.5,0,1.5,3516700,0,15,Oranye (Risiko PHK),1,2,1,4,4,12,2
2021,Kabkot,9431,MAMBERAMO TENGAH,43.77,1.45,0,-26.54,1.48,769.37,.9,.8,95.42,0,95.42,0,4.58,3516700,0,13,Kuning (Perlu perhatian),1,1,1,4,4,11,1
2021,Kabkot,9432,YALIMO,42.39,1.23,.65,-49.91,2.29,782.02,.41,.6,93.56999999999999,0,90.76000000000001,.46,8.779999999999999,3516700,0,14,Oranye (Risiko PHK),1,1,1,4,4,11,1
2021,Kabkot,9433,PUNCAK,10.73,.85,.61,-48.25,.7,830.87,.9399999999999999,3,94.8,0,94.77,.73,4.5,3516700,0,14,Oranye (Risiko PHK),1,3,1,4,4,13,3
2021,Kabkot,9434,DOGIYAI,44.94,.87,.16,-.31,1.08,905.6,5.68,9.890000000000001,97.14,0,94.88,0,5.12,3516700,0,15,Oranye (Risiko PHK),1,3,1,3,4,12,2
2021,Kabkot,9435,INTAN JAYA,25.02,1.55,.52,-18.92,1.14,767.52,1.43,3.79,94.86,0,90.47,.34,9.199999999999999,3516700,0,11,Kuning (Perlu perhatian),1,1,1,4,4,11,1
2021,Kabkot,9436,DEIYAI,100,.71,1.37,-87.92,1.48,843.0599999999999,.79,3.2,99.77,.65,98.18000000000001,.68,.5,3516700,0,16,Oranye (Risiko PHK),4,4,1,4,4,17,4
2021,Kabkot,9471,JAYAPURA,48.75,1.18,28.69,2.65,3.17,22818.57,11.67,29.25,42.04,3.08,4.89,10.29,81.73,3516700,0,11,Kuning (Perlu perhatian),1,1,3,3,3,11,1
2022,Kabkot,1101,SIMEULUE,68.84,.61,13.42,1.15,4.2,1726.61,6,16.42,63.64,2.71,45.65,6.59,45.05,3166460,.05,13,Kuning (Perlu perhatian),1,4,1,2,3,11,1
2022,Kabkot,1102,ACEH SINGKIL,80.89,.65,20.87,17.21,3.61,1844.66,6.88,19.02,52.14,5.11,43.78,9.52,41.59,3166460,.05,12,Kuning (Perlu perhatian),3,4,2,1,3,13,3
2022,Kabkot,1103,ACEH SELATAN,82.47,.66,19.42,19.03,3.11,4480.84,4.82,10.55,59.06,5.05,44.42,8.970000000000001,41.55,3166460,.05,12,Kuning (Perlu perhatian),3,4,2,1,4,14,3
2022,Kabkot,1104,ACEH TENGGARA,58.24,.79,14.06,-13.27,2.69,3584.21,5.09,12.52,80.91,1.7,56.71,4.54,37.05,3166460,.05,16,Oranye (Risiko PHK),1,4,1,4,4,14,3
2022,Kabkot,1105,ACEH TIMUR,86.62,.64,18.37,25.79,3.73,8748.42,8.07,21.31,55.93,4.42,49.03,7.33,39.22,3166460,.05,12,Kuning (Perlu perhatian),4,4,2,1,3,14,3
2022,Kabkot,1106,ACEH TENGAH,66.76000000000001,.91,8.33,-10.92,4.93,6252.07,4.44,9.81,77.02,2.34,61.98,2.34,33.34,3166460,.05,15,Oranye (Risiko PHK),1,3,1,4,2,11,1
2022,Kabkot,1107,ACEH BARAT,76.64,.91,21.98,-16.47,3.28,7744,6.09,14.78,62.19,5.43,36.25,15.65,42.67,3166460,.05,15,Oranye (Risiko PHK),2,3,2,4,4,15,4
2022,Kabkot,1108,ACEH BESAR,80.20999999999999,.79,31.08,-10.44,3.87,10658.63,8.279999999999999,17.2,57.61,8.59,32.01,10.43,48.96,3166460,.05,16,Oranye (Risiko PHK),3,4,3,4,3,17,4
2022,Kabkot,1109,PIDIE,84.41,.55,26.6,-9.42,3.98,8292.690000000001,5.94,18.18,68.27,9.460000000000001,43.23,9.890000000000001,37.42,3166460,.05,16,Oranye (Risiko PHK),4,4,3,4,3,18,4
2022,Kabkot,1110,BIREUEN,80.93000000000001,.6,31.42,10.32,4.35,10821.13,4.2,7.38,56.45,14.23,32.39,9.300000000000001,44.08,3166460,.05,13,Kuning (Perlu perhatian),3,4,3,1,3,14,3
2022,Kabkot,1111,ACEH UTARA,85.94,.63,22.3,3.58,4.69,17720.06,7.08,25.19,69.95,8.34,48.15,7.32,36.2,3166460,.05,12,Kuning (Perlu perhatian),4,4,2,2,2,14,3
2022,Kabkot,1112,ACEH BARAT DAYA,82.87,.68,28.92,-23.65,3.87,3188.66,4.12,8.93,63.37,7.71,35.8,12.43,44.06,3166460,.05,16,Oranye (Risiko PHK),3,4,3,4,3,17,4
2022,Kabkot,1113,GAYO LUES,71.06,.74,20.11,11.51,3.36,2051.53,2.7,6.67,80.31999999999999,13.03,53.93,2.86,30.18,3166460,.05,12,Kuning (Perlu perhatian),2,4,2,1,4,13,3
2022,Kabkot,1114,ACEH TAMIANG,83.84999999999999,.7,27.02,-12.27,3.27,6260.93,7.38,19.31,59.77,8.16,36.64,8.19,47.01,3166460,.05,16,Oranye (Risiko PHK),4,4,3,4,4,19,4
2022,Kabkot,1115,NAGAN RAYA,68.14,1,14.87,-.51,3.06,7252.93,5.84,14.97,65.7,5.42,57.09,4.94,32.55,3166460,.05,15,Oranye (Risiko PHK),1,3,1,3,4,12,2
2022,Kabkot,1116,ACEH JAYA,76.58,.74,15.26,-10.76,3.68,2108.6,3.12,6.78,64.31999999999999,4.7,52.1,5.47,37.73,3166460,.05,15,Oranye (Risiko PHK),2,4,1,4,3,14,3
2022,Kabkot,1117,BENER MERIAH,62.48,.68,5.7,-1.28,3.42,3882.43,2.61,7.11,84.55,1.59,75.59,1.11,21.71,3166460,.05,15,Oranye (Risiko PHK),1,4,1,3,4,13,3
2022,Kabkot,1118,PIDIE JAYA,79.87,.6899999999999999,20.18,-10.88,3.57,2729.56,4.4,18.11,61.58,7.29,44.04,7.88,40.79,3166460,.05,15,Oranye (Risiko PHK),3,4,2,4,4,17,4
2022,Kabkot,1171,BANDA ACEH,68.92,1.04,33.64,-2.54,5.23,16257.33,8.619999999999999,19.3,33.23,8.4,1.71,6.83,83.06,3166460,.05,15,Oranye (Risiko PHK),1,2,3,3,2,11,1
2022,Kabkot,1172,SABANG,59.13,.83,26.36,-.43,2.57,1182.51,4.01,10.75,42.63,3.57,12.4,11.76,72.27,3166460,.05,17,Oranye (Risiko PHK),1,4,3,3,4,15,4
2022,Kabkot,1173,LANGSA,75.73999999999999,.76,32.44,.38,4.78,4151.97,7.85,18.92,36.92,8.69,9.720000000000001,8.869999999999999,72.73,3166460,.05,15,Oranye (Risiko PHK),2,4,3,2,2,13,3
2022,Kabkot,1174,LHOKSEUMAWE,67.13,.8100000000000001,29.75,-1.91,4.01,7543.74,9.15,23.26,45.75,7.99,12.96,9.289999999999999,69.77,3166460,.05,16,Oranye (Risiko PHK),1,4,3,3,3,14,3
2022,Kabkot,1175,SUBULUSSALAM,68.13,.67,18.32,-10.64,.02,1498.3,5.75,12.64,56.23,4.91,45.77,6.37,42.95,3166460,.05,17,Oranye (Risiko PHK),1,4,2,4,4,15,4
2022,Kabkot,1201,NIAS,63.42,.77,7.29,40.45,3.06,2748.38,2.81,5.16,81.42,2.04,68.37,1.79,27.8,2522610,.93,12,Kuning (Perlu perhatian),1,4,1,1,4,11,1
2022,Kabkot,1202,MANDAILING NATAL,77.70999999999999,.9,22.59,-3.66,4.34,10001.97,7.64,19.55,68.34,3.83,42.04,9.550000000000001,44.58,2522610,.93,15,Oranye (Risiko PHK),2,3,2,3,3,13,3
2022,Kabkot,1203,TAPANULI SELATAN,78.13,.96,19.82,34.78,4.78,10516.04,3.65,7.2,76.41,5.12,56.35,6.42,32.12,2522610,.93,12,Kuning (Perlu perhatian),3,3,2,1,2,11,1
2022,Kabkot,1204,TAPANULI TENGAH,82.31,.85,23.8,20.24,4.18,7447.83,7.97,15.77,63.47,8.140000000000001,40.98,7.41,43.47,2522610,.93,12,Kuning (Perlu perhatian),3,4,2,1,3,13,3
2022,Kabkot,1205,TAPANULI UTARA,65.08,1.23,11.86,-21.8,4.25,6315.72,1.07,4.2,86.97,4.42,69.34999999999999,2.24,24,2522610,.93,14,Oranye (Risiko PHK),1,1,1,4,3,10,1
2022,Kabkot,1206,TOBA SAMOSIR,63.61,1.18,16.06,7.12,4.24,5888.38,1.39,4.61,78.76000000000001,3.72,58.47,4.42,33.39,2522610,.93,11,Kuning (Perlu perhatian),1,1,2,2,3,9,1
2022,Kabkot,1207,LABUHAN BATU,76.2,.93,20.61,-17.85,4.8,25305.99,6.9,15.45,57.1,5.26,37.54,3.66,53.54,2522610,.93,15,Oranye (Risiko PHK),2,3,2,4,2,13,3
2022,Kabkot,1208,ASAHAN,82.11,.87,31.8,.83,4.66,28550.81,6.26,12.5,51.99,14.27,33.97,6.45,45.32,2522610,.93,15,Oranye (Risiko PHK),3,3,3,2,2,13,3
2022,Kabkot,1209,SIMALUNGUN,82.64,.93,27.17,19.48,4.4,29909.35,5.51,15.73,61.77,10.01,42.63,8.07,39.3,2522610,.93,13,Kuning (Perlu perhatian),3,3,3,1,3,13,3
2022,Kabkot,1210,DAIRI,58.95,1.36,11.35,10.31,4.21,6921.48,.88,2.32,84.37,1.2,64.91,2.54,31.36,2522610,.93,10,Kuning (Perlu perhatian),1,1,1,1,3,7,1
2022,Kabkot,1211,KARO,79.23,1.29,15.04,-15.78,4.22,15197.52,2.71,5.36,82.01000000000001,2.56,61.73,3.55,32.16,2522610,.93,14,Oranye (Risiko PHK),3,1,1,4,3,12,2
2022,Kabkot,1212,DELI SERDANG,80.56,1.05,44.42,-10.27,4.73,75586.66,8.789999999999999,18.81,51.94,15.68,16.2,13.96,54.16,2522610,.93,17,Oranye (Risiko PHK),3,2,4,4,2,15,4
2022,Kabkot,1213,LANGKAT,91.31,.78,31.77,6.2,4.69,31665.48,6.88,16.05,58.5,12.06,35.37,8.210000000000001,44.35,2522610,.93,13,Kuning (Perlu perhatian),4,4,3,2,2,15,4
2022,Kabkot,1214,NIAS SELATAN,64.52,.6899999999999999,6.66,8.720000000000001,3.08,4466.09,3.69,5.57,84.95999999999999,2.56,77.44,2.99,17,2522610,.93,12,Kuning (Perlu perhatian),1,4,1,1,4,11,1
2022,Kabkot,1215,HUMBANG HASUNDUTAN,59.47,.99,10.59,-13.35,4.21,4396.56,.42,1.31,86.8,1.44,71.36,2.78,24.42,2522610,.93,15,Oranye (Risiko PHK),1,3,1,4,3,12,2
2022,Kabkot,1216,PAKPAK BHARAT,63.61,1.04,16.19,-4.33,4.27,909.62,.26,.8100000000000001,83.5,11.18,62.33,2.77,23.72,2522610,.93,15,Oranye (Risiko PHK),1,2,2,3,3,11,1
2022,Kabkot,1217,SAMOSIR,66.56999999999999,.92,11.89,13.08,4.48,3303.86,1.16,2.26,81.78,4.09,66.64,2.21,27.05,2522610,.93,12,Kuning (Perlu perhatian),1,3,1,1,3,9,1
2022,Kabkot,1218,SERDANG BEDAGAI,81.16,.9,26.37,-11.5,4.46,20749.07,4.98,11.92,62.9,9.83,36.42,6.5,47.25,2522610,.93,16,Oranye (Risiko PHK),3,3,3,4,3,16,4
2022,Kabkot,1219,BATU BARA,87.29000000000001,.83,30.74,-13.97,4.07,25482.21,6.21,12.75,62.01,13.97,31.54,3.84,50.65,2522610,.93,16,Oranye (Risiko PHK),4,4,3,4,3,18,4
2022,Kabkot,1220,PADANG LAWAS UTARA,80.59999999999999,.9,9.67,30.91,4.12,8947.629999999999,4.31,8.460000000000001,69.92,2.36,68.61,1.1,27.93,2522610,.93,12,Kuning (Perlu perhatian),3,3,1,1,3,11,1
2022,Kabkot,1221,PADANG LAWAS,71.8,.87,15.47,-4.37,4.61,8747.959999999999,5.9,16.18,74.79000000000001,3.28,61.16,1.54,34.02,2522610,.93,15,Oranye (Risiko PHK),2,3,1,3,3,12,2
2022,Kabkot,1222,LABUHAN BATU SELATAN,68.38,.96,22.03,2.57,4.74,20549.86,3.15,7.95,42.53,8.94,42.51,2.79,45.76,2522610,.93,12,Kuning (Perlu perhatian),1,3,2,2,2,10,1
2022,Kabkot,1223,LABUHAN BATU UTARA,73.95999999999999,.92,16.16,19.57,4.62,18799.03,3.75,10.27,53.69,3.85,51.58,3.09,41.48,2522610,.93,12,Kuning (Perlu perhatian),2,3,2,1,3,11,1
2022,Kabkot,1224,NIAS UTARA,78.11,.79,7.19,-11.53,3.03,2490.49,2.59,6.05,81.31999999999999,3,70.79000000000001,3.56,22.65,2522610,.93,15,Oranye (Risiko PHK),2,4,1,4,4,15,4
2022,Kabkot,1225,NIAS BARAT,67.69,.82,6.15,18.24,3.01,1324.42,.53,.8100000000000001,79.42,1.19,72.52,3.55,22.73,2522610,.93,12,Kuning (Perlu perhatian),1,4,1,1,4,11,1
2022,Kabkot,1271,SIBOLGA,89.90000000000001,.77,45.12,-11.47,4.15,3745.07,7.05,17.68,46.93,16.38,13.35,1.81,68.45999999999999,2522610,.93,17,Oranye (Risiko PHK),4,4,4,4,3,19,4
2022,Kabkot,1272,TANJUNG BALAI,91.34,.79,31.32,.22,4.95,6191.04,4.62,10.04,36.42,10.43,18.11,6.21,65.25,2522610,.93,15,Oranye (Risiko PHK),4,4,3,2,2,15,4
2022,Kabkot,1273,PEMATANG SIANTAR,69.81999999999999,1.19,34.15,9.51,3.47,9878.870000000001,9.359999999999999,26.93,51.75,11.54,4.44,6.14,77.88,2522610,.93,12,Kuning (Perlu perhatian),1,1,3,1,4,10,1
2022,Kabkot,1274,TEBING TINGGI,87.38,.88,37.58,12.66,4.01,4186.31,6.39,15.52,40.46,12.22,8.449999999999999,5.4,73.93000000000001,2522610,.93,13,Kuning (Perlu perhatian),4,3,4,1,3,15,4
2022,Kabkot,1275,MEDAN,86.67,1.29,44.3,4.67,4.71,165120.01,8.890000000000001,19.95,38.59,15.61,4.17,6.74,73.48999999999999,2522610,.93,13,Kuning (Perlu perhatian),4,1,4,2,2,13,3
2022,Kabkot,1276,BINJAI,84.44,1.03,49.28,2.88,4.18,8503.58,6.36,11.01,42.8,18.93,2.89,14.74,63.44,2522610,.93,14,Oranye (Risiko PHK),4,2,4,2,3,15,4
2022,Kabkot,1277,PADANGSIDIMPUAN,72.31999999999999,1,30.21,5.55,4.77,4554.02,7.76,19.55,51.66,3.93,16.55,7.1,72.41,2522610,.93,13,Kuning (Perlu perhatian),2,3,3,2,2,12,2
2022,Kabkot,1278,GUNUNGSITOLI,78.98,.76,22.23,1.26,3.11,3628.53,3.65,10.48,60.29,2.89,45.72,13.73,37.65,2522610,.93,13,Kuning (Perlu perhatian),3,4,2,2,4,15,4
2022,Kabkot,1301,KEPULAUAN MENTAWAI,77.87,.79,10.53,6.23,4.94,3191.3,1.39,3.39,78.17,2.52,65.04000000000001,2.97,29.47,2512539,1.15,12,Kuning (Perlu perhatian),2,4,1,2,2,11,1
2022,Kabkot,1302,PESISIR SELATAN,79.16,.9,19.58,-6.26,4.02,10181.47,4.61,6.36,70.98,5.51,43.73,5.37,45.38,2512539,1.15,15,Oranye (Risiko PHK),3,3,2,3,3,14,3
2022,Kabkot,1303,SOLOK,72.39,1.33,12.15,-29.17,4.28,10547.97,5.89,11.25,87.15000000000001,2.56,60.25,4.93,32.25,2512539,1.15,13,Kuning (Perlu perhatian),2,1,1,4,3,11,1
2022,Kabkot,1304,SIJUNJUNG,80.53,1,19.06,3.05,3.93,7163.43,4.87,12.86,66.26000000000001,5.48,38.54,12.89,43.1,2512539,1.15,12,Kuning (Perlu perhatian),3,3,2,2,3,13,3
2022,Kabkot,1305,TANAH DATAR,80.43000000000001,.87,20.91,-6,4.16,10300.93,5.91,15.9,79.68000000000001,7.09,53.25,3.31,36.35,2512539,1.15,15,Oranye (Risiko PHK),3,3,2,3,3,14,3
2022,Kabkot,1306,PADANG PARIAMAN,81.59999999999999,.9399999999999999,32.94,16.7,6.83,13029.17,6.6,11.57,69.31999999999999,11.43,30.96,7.39,50.22,2512539,1.15,12,Kuning (Perlu perhatian),3,3,3,1,1,11,1
2022,Kabkot,1307,AGAM,77.56999999999999,.97,30.65,-3.5,4.21,15572.21,4.93,11.87,71.15000000000001,17.15,34.94,3.93,43.97,2512539,1.15,16,Oranye (Risiko PHK),2,3,3,3,3,14,3
2022,Kabkot,1308,LIMA PULUH KOTA,92.08,.8100000000000001,22.48,10.15,4.02,11890.18,3.72,7.61,67.63,10.32,42.51,6.35,40.82,2512539,1.15,12,Kuning (Perlu perhatian),4,4,2,1,3,14,3
2022,Kabkot,1309,PASAMAN,78.09999999999999,.82,13.73,-11.61,4.08,6586.26,5.38,6.64,79.88,3.55,55.5,3.86,37.09,2512539,1.15,15,Oranye (Risiko PHK),2,4,1,4,3,14,3
2022,Kabkot,1310,SOLOK SELATAN,74.44,.89,12.14,11.53,4.01,4221.15,3.71,10.34,63.16,1.4,59.95,8.41,30.24,2512539,1.15,12,Kuning (Perlu perhatian),2,3,1,1,3,10,1
2022,Kabkot,1311,DHARMASRAYA,81.98999999999999,1,24.02,10.78,4.27,8037.79,6.23,13.07,57.45,9.42,33.61,7.04,49.94,2512539,1.15,12,Kuning (Perlu perhatian),3,3,2,1,3,12,2
2022,Kabkot,1312,PASAMAN BARAT,81.5,.91,17.19,5.79,4.14,12158.62,6.33,16.98,68.7,5.02,45.38,6.43,43.17,2512539,1.15,12,Kuning (Perlu perhatian),3,3,2,2,3,13,3
2022,Kabkot,1371,PADANG,69.04000000000001,1.29,39.16,-6.28,4.31,47175.95,11.69,24.32,44.96,9.619999999999999,4.03,7.42,78.93000000000001,2512539,1.15,15,Oranye (Risiko PHK),1,1,4,3,3,12,2
2022,Kabkot,1372,SOLOK,74.43000000000001,1.3,33.2,7.03,4.6,3071.58,3.9,10.74,48.78,9.33,9.27,6.28,75.11,2512539,1.15,12,Kuning (Perlu perhatian),2,1,3,2,3,11,1
2022,Kabkot,1373,SAWAH LUNTO,80.76000000000001,1,27.72,5.94,3.96,2941.27,5,11.7,47.67,11.32,14.4,15.85,58.44,2512539,1.15,13,Kuning (Perlu perhatian),3,2,3,2,3,13,3
2022,Kabkot,1374,PADANG PANJANG,69.73999999999999,1.31,31.05,4.94,4.39,2746.84,4.84,13.57,46.27,9.99,8.59,6.05,75.37,2512539,1.15,11,Kuning (Perlu perhatian),1,1,3,2,3,10,1
2022,Kabkot,1375,BUKITTINGGI,79.36,1.13,41.19,-3.33,4.67,6555.33,4.9,8.949999999999999,49.39,15.36,3.57,5.26,75.81,2512539,1.15,16,Oranye (Risiko PHK),3,2,4,3,2,14,3
2022,Kabkot,1376,PAYAKUMBUH,73.79000000000001,1.2,34.71,5.91,4.51,4778.35,5.16,11.13,46.37,14.82,12.85,5.79,66.54000000000001,2512539,1.15,12,Kuning (Perlu perhatian),2,1,4,2,3,12,2
2022,Kabkot,1377,PARIAMAN,78.93000000000001,.88,41.19,-12.92,4.53,3835.25,5.19,10.53,53.64,13.13,11.15,8,67.70999999999999,2512539,1.15,17,Oranye (Risiko PHK),3,3,4,4,3,17,4
2022,Kabkot,1401,KUANTAN SINGINGI,73.15000000000001,.9,11.98,3.4,4.75,25923.73,2.66,11.65,59.26,3.63,55.23,7.03,34.11,2938564,1.73,12,Kuning (Perlu perhatian),2,3,1,2,2,10,1
2022,Kabkot,1402,INDRAGIRI HULU,80.59999999999999,.84,20.29,10.47,4.63,32543.67,2.53,7.58,52.71,8.02,48.79,5.5,37.69,2938564,1.73,12,Kuning (Perlu perhatian),3,4,2,1,2,12,2
2022,Kabkot,1403,INDRAGIRI HILIR,75.90000000000001,.93,21.45,18.9,5.25,49416.95,1.5,4.79,71.42,10.86,55.19,3.27,30.68,2938564,1.73,11,Kuning (Perlu perhatian),2,3,2,1,2,10,1
2022,Kabkot,1404,PELALAWAN,71.58,1.1,18.56,21.14,4.39,38141.09,2.73,8.74,43.94,5.38,57.01,7.66,29.96,2938564,1.73,11,Kuning (Perlu perhatian),2,2,2,1,3,10,1
2022,Kabkot,1405,S I A K,72.12,1.08,25.01,3.63,3.78,56605.99,6.11,15.95,50.24,9.01,40.73,5.93,44.33,2938564,1.73,13,Kuning (Perlu perhatian),2,2,3,2,3,12,2
2022,Kabkot,1406,KAMPAR,80.56,.86,19.7,13.76,4.83,55765.14,3.62,12.64,51.94,3.6,43.97,7.28,45.15,2938564,1.73,12,Kuning (Perlu perhatian),3,4,2,1,2,12,2
2022,Kabkot,1407,ROKAN HULU,75.91,.9,13.72,-.96,5.02,28093.71,3.62,10.4,59.96,5.05,55.2,4.46,35.29,2938564,1.73,14,Oranye (Risiko PHK),2,3,1,3,2,11,1
2022,Kabkot,1408,BENGKALIS,74.2,.97,18.99,-.41,2.22,75878.58,7.18,24.12,51.37,4.51,39.88,11.4,44.2,2938564,1.73,16,Oranye (Risiko PHK),2,3,2,3,4,14,3
2022,Kabkot,1409,ROKAN HILIR,79.93000000000001,.77,19.84,-28.44,2.64,47961.77,4.55,12.8,68.29000000000001,7.67,47.95,7.27,37.11,2938564,1.73,16,Oranye (Risiko PHK),3,4,2,4,4,17,4
2022,Kabkot,1410,KEPULAUAN MERANTI,89.98,.63,26.26,18.07,3.17,13421.78,5.5,21.88,54.05,10.71,45.11,5.25,38.92,2938564,1.73,13,Kuning (Perlu perhatian),4,4,3,1,4,16,4
2022,Kabkot,1471,PEKANBARU,80.67,1.16,34.67,-8.06,6.78,77539.10000000001,6.4,13.12,40.53,7.78,3.28,9.640000000000001,79.3,2938564,1.73,14,Oranye (Risiko PHK),3,2,4,3,1,13,3
2022,Kabkot,1473,D U M A I,83.54000000000001,1.11,43.06,-9.09,6.36,27725.87,5.38,14.72,47.32,16.25,16.28,9.31,58.16,2938564,1.73,15,Oranye (Risiko PHK),3,2,4,3,1,13,3
2022,Kabkot,1501,KERINCI,68.93000000000001,.9,11.27,-24.85,4.43,7125.04,2.63,10.8,84.61,2.13,68.16,3.67,26.05,2698941,2.62,15,Oranye (Risiko PHK),1,3,1,4,3,12,2
2022,Kabkot,1502,MERANGIN,85.53,.8100000000000001,14.73,4.47,5.72,10973.71,4.69,11.67,64.8,4.28,52.94,10.31,32.48,2698941,2.62,11,Kuning (Perlu perhatian),4,4,1,2,1,12,2
2022,Kabkot,1503,SAROLANGUN,84.88,.84,18.08,-6.61,6.73,12163.86,5.22,12.34,63.2,5.6,47.41,13.14,33.85,2698941,2.62,14,Oranye (Risiko PHK),4,4,2,3,1,14,3
2022,Kabkot,1504,BATANG HARI,81.14,.76,17.49,-.15,12.27,13728.25,3.53,12.35,59.32,3.9,53.76,7.71,34.64,2698941,2.62,14,Oranye (Risiko PHK),3,4,2,3,1,13,3
2022,Kabkot,1505,MUARO JAMBI,82.19,.86,22.42,5.93,8.050000000000001,18179.03,5.35,12.33,54.1,6.29,51.37,5.37,36.96,2698941,2.62,11,Kuning (Perlu perhatian),3,3,2,2,1,11,1
2022,Kabkot,1506,TANJUNG JABUNG TIMUR,88.2,.82,10.81,67.61,.57,17471.92,1.32,4.88,71.11,2.22,70.97,3.64,23.18,2698941,2.62,14,Oranye (Risiko PHK),4,4,1,1,4,14,3
2022,Kabkot,1507,TANJUNG JABUNG BARAT,79.17,1.01,17.49,33.38,2.56,31866.62,2.88,9.52,65.70999999999999,5.22,54.11,5.24,35.43,2698941,2.62,13,Kuning (Perlu perhatian),3,2,2,1,4,12,2
2022,Kabkot,1508,TEBO,83.84999999999999,.73,10.31,-11.62,6.29,11260.59,1.38,4.84,66,3.58,64.04000000000001,6.1,26.28,2698941,2.62,14,Oranye (Risiko PHK),4,4,1,4,1,14,3
2022,Kabkot,1509,BUNGO,88.31,.8,13.09,.63,4.73,13733.86,5.5,12.99,53.21,3.31,54.69,9.359999999999999,32.64,2698941,2.62,14,Oranye (Risiko PHK),4,4,1,2,2,13,3
2022,Kabkot,1571,JAMBI,73.08,1.22,41.87,8.640000000000001,5.38,20543.22,8.949999999999999,21.39,40.28,10.54,4.41,13.48,71.56,2698941,2.62,12,Kuning (Perlu perhatian),2,1,4,1,1,9,1
2022,Kabkot,1572,SUNGAI PENUH,66.56,1.03,23.74,5.08,4.44,4980.47,2.49,10.6,57.87,6.86,22.88,7.46,62.79,2698941,2.62,12,Kuning (Perlu perhatian),1,2,2,2,3,10,1
2022,Kabkot,1601,OGAN KOMERING ULU,85.95999999999999,.73,16.22,-30.87,5.6,10683.32,4.39,9.880000000000001,71.3,4.12,50.56,3.36,41.96,3144446,0,14,Oranye (Risiko PHK),4,4,2,4,1,15,4
2022,Kabkot,1602,OGAN KOMERING ILIR,83.94,.74,10.25,44.38,5.16,21985.13,3.75,13.1,71.42,2.81,65.64,3.1,28.46,3144446,0,11,Kuning (Perlu perhatian),4,4,1,1,2,12,2
2022,Kabkot,1603,MUARA ENIM,81.7,.85,15.05,9.640000000000001,8.73,48099.37,4.12,10.87,67.61,3.92,52.29,11.54,32.25,3144446,0,11,Kuning (Perlu perhatian),3,4,1,1,1,10,1
2022,Kabkot,1604,LAHAT,80.93000000000001,.82,11.88,-3.41,6.97,13945.58,4.02,12.55,71.86,1.21,55.85,8.41,34.53,3144446,0,14,Oranye (Risiko PHK),3,4,1,3,1,12,2
2022,Kabkot,1605,MUSI RAWAS,92.8,.66,11.12,-9,4.06,14602.02,1.92,7.13,66.72,3.49,66.3,3.43,26.79,3144446,0,15,Oranye (Risiko PHK),4,4,1,3,3,15,4
2022,Kabkot,1606,MUSI BANYUASIN,89.36,.78,12.88,-1.77,4.27,48097.66,4.4,13.18,62,5.18,61.73,6.52,26.57,3144446,0,15,Oranye (Risiko PHK),4,4,1,3,3,15,4
2022,Kabkot,1607,BANYU ASIN,90.31999999999999,.79,20.38,5.09,5.32,21871.6,3.39,9.960000000000001,61.65,8.140000000000001,53.98,5.79,32.09,3144446,0,11,Kuning (Perlu perhatian),4,4,2,2,2,14,3
2022,Kabkot,1608,OGAN KOMERING ULU SELATAN,72.68000000000001,.7,7.75,5.57,4.85,6263.99,1.83,5.83,87.37,1.74,71.84999999999999,1.6,24.81,3144446,0,12,Kuning (Perlu perhatian),2,4,1,2,2,11,1
2022,Kabkot,1609,OGAN KOMERING ULU TIMUR,93.04000000000001,.51,13.08,30.49,5.44,11123.37,4.79,14.03,63.9,4.58,59.42,4.44,31.55,3144446,0,11,Kuning (Perlu perhatian),4,4,1,1,1,11,1
2022,Kabkot,1610,OGAN ILIR,90.55,.65,25.71,-25.56,5.02,8159.69,2.15,6.05,74.66,12.49,47.91,4.99,34.61,3144446,0,15,Oranye (Risiko PHK),4,4,3,4,2,17,4
2022,Kabkot,1611,EMPAT LAWANG,92.81,.46,10.72,-37.37,4.98,3784.49,3.59,13.98,86.48999999999999,1.58,66.86,2.47,29.09,3144446,0,15,Oranye (Risiko PHK),4,4,1,4,2,15,4
2022,Kabkot,1612,PENUKAL ABAB LEMATANG ILIR,83.91,.85,6.04,-24.53,4.43,5033.47,4.31,14.45,78.2,.76,66.48,7.1,25.66,3144446,0,15,Oranye (Risiko PHK),4,4,1,4,3,16,4
2022,Kabkot,1613,MUSI RAWAS UTARA,96.68000000000001,.63,10.88,-18.83,4.47,5961.63,5.29,17.07,64.95999999999999,4.88,59.26,10.71,25.15,3144446,0,15,Oranye (Risiko PHK),4,4,1,4,3,16,4
2022,Kabkot,1671,PALEMBANG,75.84,1.08,41.33,7.88,5.25,112814.83,8.199999999999999,21.92,39.59,12.45,1.69,11.51,74.34999999999999,3144446,0,13,Kuning (Perlu perhatian),2,2,4,1,2,11,1
2022,Kabkot,1672,PRABUMULIH,84.18000000000001,.83,28.73,7.73,5.06,5822.37,5.25,11.16,51.84,7.39,20.21,13.35,59.05,3144446,0,12,Kuning (Perlu perhatian),4,4,3,1,2,14,3
2022,Kabkot,1673,PAGAR ALAM,80.25,.61,14.96,-7.3,4.86,2445.82,3.62,8.17,75.59999999999999,3.68,48.26,4.55,43.5,3144446,0,15,Oranye (Risiko PHK),3,4,1,3,2,13,3
2022,Kabkot,1674,LUBUKLINGGAU,78.79000000000001,.77,33.04,-7.88,4.51,4671.9,5.94,15.92,47.99,8.17,17.41,10.14,64.28,3144446,0,16,Oranye (Risiko PHK),3,4,3,3,3,16,4
2022,Kabkot,1701,BENGKULU SELATAN,69.14,1.1,15.83,7.54,3.45,3871.61,3.51,8.380000000000001,69.37,7.08,47.28,4.4,41.24,2238094,1.04,11,Kuning (Perlu perhatian),1,2,2,1,4,10,1
2022,Kabkot,1702,REJANG LEBONG,63.32,1.36,11.49,5.14,4.3,6544.12,2.28,6.66,79.54000000000001,3.32,56.53,5.38,34.78,2238094,1.04,10,Kuning (Perlu perhatian),1,1,1,2,3,8,1
2022,Kabkot,1703,BENGKULU UTARA,84.95,1.1,12.77,-6.78,3.14,5595.96,4.16,11.6,66.09,4.21,58.57,5.13,32.1,2238094,1.04,14,Oranye (Risiko PHK),4,2,1,3,4,14,3
2022,Kabkot,1704,KAUR,65.73,1,13.7,1.16,3.78,2421.45,3.83,11.62,78.11,4.05,55.95,5.21,34.8,2238094,1.04,13,Kuning (Perlu perhatian),1,3,1,2,3,10,1
2022,Kabkot,1705,SELUMA,79.23999999999999,1.02,12.79,-6.93,2.92,3018.64,1.74,4.61,77.90000000000001,3.84,66.18000000000001,5.17,24.82,2238094,1.04,16,Oranye (Risiko PHK),3,2,1,3,4,13,3
2022,Kabkot,1706,MUKOMUKO,64.06,1.06,14.94,5.41,4.33,3587.44,3.07,6.74,59.95,5.81,55.97,6.38,31.84,2238094,1.04,12,Kuning (Perlu perhatian),1,2,1,2,3,9,1
2022,Kabkot,1707,LEBONG,78.31999999999999,.78,15.54,-11.59,2.98,2257.54,3.16,4.66,85.34999999999999,6.37,56.07,8.300000000000001,29.26,2238094,1.04,16,Oranye (Risiko PHK),3,4,1,4,4,16,4
2022,Kabkot,1708,KEPAHIANG,78,.9,12.25,-4.23,4.19,3015.57,2.92,8.800000000000001,77.81,2.86,59.68,5.94,31.52,2238094,1.04,15,Oranye (Risiko PHK),2,3,1,3,3,12,2
2022,Kabkot,1709,BENGKULU TENGAH,81.09,1.01,18.57,-14.89,3.04,3041.02,2.48,7.76,69.5,4.4,55.68,9.18,30.74,2238094,1.04,15,Oranye (Risiko PHK),3,2,2,4,4,15,4
2022,Kabkot,1771,BENGKULU,67.25,1.51,31.32,11.21,5.69,16733.94,6.15,13.51,39.92,7.98,5.76,7.8,78.45999999999999,2238094,1.04,9,Kuning (Perlu perhatian),1,1,3,1,1,7,1
2022,Kabkot,1801,LAMPUNG BARAT,73.23,.9,7.6,9.84,4.09,5258.3,2.1,5.93,87.2,1.55,70.38,1.97,26.1,2440486,.35,12,Kuning (Perlu perhatian),2,3,1,1,3,10,1
2022,Kabkot,1802,TANGGAMUS,78.92,.79,14.57,17.63,4.16,11384.34,3.7,13.7,80.92,5.1,57.65,4.22,33.03,2440486,.35,12,Kuning (Perlu perhatian),3,4,1,1,3,12,2
2022,Kabkot,1803,LAMPUNG SELATAN,84.67,.96,26.72,20.34,4.81,31986.26,5.31,12.78,68.83,13.16,38.17,7.37,41.3,2440486,.35,13,Kuning (Perlu perhatian),4,3,3,1,2,13,3
2022,Kabkot,1804,LAMPUNG TIMUR,82.62,.8,20.11,-15.29,2.02,29587.41,3.3,7.15,81,9.49,51.32,5.81,33.39,2440486,.35,16,Oranye (Risiko PHK),3,4,2,4,4,17,4
2022,Kabkot,1805,LAMPUNG TENGAH,85.18000000000001,.84,24.39,-3.1,4.65,50973.45,3.56,7.14,74.73,13.11,45.25,6.02,35.63,2440486,.35,15,Oranye (Risiko PHK),4,4,3,3,2,16,4
2022,Kabkot,1806,LAMPUNG UTARA,80.06999999999999,.86,17.68,12.49,3.16,17257.06,6.15,19.91,72.59999999999999,7.25,54.46,3.97,34.32,2440486,.35,12,Kuning (Perlu perhatian),3,4,2,1,4,14,3
2022,Kabkot,1807,WAY KANAN,87.58,.9399999999999999,16.74,-13.29,4.41,10165.6,3.28,6.62,77.69,4.68,59.91,3.93,31.48,2440486,.35,15,Oranye (Risiko PHK),4,3,2,4,3,16,4
2022,Kabkot,1808,TULANGBAWANG,83.79000000000001,.93,15.19,-10.72,3.85,16683.48,3.52,8.49,69.61,4.68,50.69,5.93,38.7,2440486,.35,15,Oranye (Risiko PHK),3,3,1,4,3,14,3
2022,Kabkot,1809,PESAWARAN,85.79000000000001,.71,20.2,5.31,4.55,12016.35,5.06,14.07,75.45999999999999,9.710000000000001,49.82,4.33,36.14,2440486,.35,12,Kuning (Perlu perhatian),4,4,2,2,3,15,4
2022,Kabkot,1810,PRINGSEWU,85.16,.78,32.86,-14.15,4.37,8213.969999999999,4.77,12.78,69.06,17.33,30.85,6.25,45.57,2440486,.35,16,Oranye (Risiko PHK),4,4,3,4,3,18,4
2022,Kabkot,1811,MESUJI,87.29000000000001,.77,12.79,-10.21,3.49,7355.55,3.22,7.73,77.67,4.2,61.57,2.68,31.55,2440486,.35,15,Oranye (Risiko PHK),4,4,1,4,4,17,4
2022,Kabkot,1812,TULANG BAWANG BARAT,74.81999999999999,.92,12.58,-32.32,4.49,8328.389999999999,4.12,14.26,86.59,3.56,60.12,3.71,32.61,2440486,.35,15,Oranye (Risiko PHK),2,3,1,4,3,13,3
2022,Kabkot,1813,PESISIR BARAT,78.79000000000001,.82,11.82,-17.05,2.82,3221.12,3.73,11.92,83.86,3.35,61.85,5.06,29.73,2440486,.35,16,Oranye (Risiko PHK),3,4,1,4,4,16,4
2022,Kabkot,1871,BANDAR LAMPUNG,75.73999999999999,1.22,38.74,1.51,4.93,41801.13,7.91,16.29,41.4,10.68,2.27,9.93,77.12,2440486,.35,13,Kuning (Perlu perhatian),2,1,4,2,2,11,1
2022,Kabkot,1872,METRO,78.17,1.04,36.54,5.72,4.51,4554.76,4.34,8.91,49.77,10.22,5.71,10.92,73.15000000000001,2440486,.35,13,Kuning (Perlu perhatian),3,2,4,2,3,14,3
2022,Kabkot,1901,BANGKA,87.66,.87,18.19,-10.03,4.87,11256.07,5.39,6.75,51.72,7.45,28.67,22.51,41.37,3264884,1.08,15,Oranye (Risiko PHK),4,3,2,4,2,15,4
2022,Kabkot,1902,BELITUNG,79.61,.92,26.88,2.82,5.71,7093.36,4.3,11.33,49.29,10.38,23.84,19.7,46.07,3264884,1.08,12,Kuning (Perlu perhatian),3,3,3,2,1,12,2
2022,Kabkot,1903,BANGKA BARAT,81.79000000000001,.88,14.82,15.22,2,10539.71,4.86,7.31,51.51,6.2,32.01,25.14,36.66,3264884,1.08,13,Kuning (Perlu perhatian),3,3,1,1,4,12,2
2022,Kabkot,1904,BANGKA TENGAH,86.18000000000001,.83,14.9,.03,6.09,6351.6,3.99,8.01,49.12,4.36,26.27,32.06,37.31,3264884,1.08,13,Kuning (Perlu perhatian),4,4,1,3,1,13,3
2022,Kabkot,1905,BANGKA SELATAN,90.15000000000001,.8,13.45,13.54,3.07,6469.2,5.09,10.18,65.16,3.61,34.2,30.01,32.18,3264884,1.08,12,Kuning (Perlu perhatian),4,4,1,1,4,14,3
2022,Kabkot,1906,BELITUNG TIMUR,78.13,.89,18.75,-8.300000000000001,3.79,5931.24,2.5,9.32,49.5,8.31,24.63,31.08,35.98,3264884,1.08,15,Oranye (Risiko PHK),2,3,2,3,3,13,3
2022,Kabkot,1971,PANGKAL PINANG,64.64,1.07,31.14,12.73,6.21,10208.27,5.9,13.19,30.24,7.92,3.4,10.64,78.04000000000001,3264884,1.08,12,Kuning (Perlu perhatian),1,2,3,1,1,8,1
2022,Kabkot,2101,KARIMUN,86.58,1.16,40.06,-3.21,4.38,9741.85,6.87,19.24,44.95,12.82,15.43,12.4,59.35,3050172,1.49,16,Oranye (Risiko PHK),4,2,4,3,3,16,4
2022,Kabkot,2102,BINTAN,77.18000000000001,1.13,41.95,-1.81,4.44,14551.76,6.91,16.83,38.95,16.88,22.92,10.95,49.24,3050172,1.49,16,Oranye (Risiko PHK),2,2,4,3,3,14,3
2022,Kabkot,2103,NATUNA,71.27,.91,26.69,2.86,.11,14661.78,4.15,11.25,53.45,9.960000000000001,27.2,8.140000000000001,54.7,3050172,1.49,15,Oranye (Risiko PHK),2,3,3,2,4,14,3
2022,Kabkot,2104,LINGGA,74.3,.9,29.98,-8.359999999999999,3.74,3082.79,3.09,8.890000000000001,57.37,11.73,26.51,9.1,52.66,3050172,1.49,16,Oranye (Risiko PHK),2,3,3,3,3,14,3
2022,Kabkot,2105,KEPULAUAN ANAMBAS,71.18000000000001,1.28,27.95,-.67,.09,11118.23,2.15,5.73,55.86,7.74,23.08,7.2,61.98,3050172,1.49,17,Oranye (Risiko PHK),2,1,3,3,4,13,3
2022,Kabkot,2171,B A T A M,75.41,1.48,59.57,-2.38,6.84,118665.21,9.56,18.66,32.28,32.89,3.02,7.66,56.43,3050172,1.49,15,Oranye (Risiko PHK),2,1,4,3,1,11,1
2022,Kabkot,2172,TANJUNG PINANG,83.45,1.02,40.62,3.14,4.12,14597.57,5.27,12.54,36.14,8.279999999999999,5.93,8.890000000000001,76.90000000000001,3050172,1.49,14,Oranye (Risiko PHK),3,2,4,2,3,14,3
2022,Kabkot,3101,KEPULAUAN SERIBU,92.40000000000001,.9399999999999999,32.91,18.59,-1.7,3586.89,8.470000000000001,25.23,47.99,1.9,26.62,3.39,68.09,4641854,5.11,15,Oranye (Risiko PHK),4,3,3,1,4,15,4
2022,Kabkot,3171,JAKARTA SELATAN,77.16,1.14,43.27,5.05,5.24,451772.64,5.63,15.47,34.16,5.7,.4,5.41,88.48999999999999,4641854,5.11,12,Kuning (Perlu perhatian),2,2,4,2,2,12,2
2022,Kabkot,3172,JAKARTA TIMUR,74.37,1.13,44.56,-2.9,5.02,329572.83,8.390000000000001,21.41,37.45,10.36,.34,6.03,83.27,4641854,5.11,15,Oranye (Risiko PHK),2,2,4,3,2,13,3
2022,Kabkot,3173,JAKARTA PUSAT,81.04000000000001,1.03,44.27,-4.31,4.78,481954.45,5.88,17.83,44.21,4.99,.09,3.53,91.38,4641854,5.11,17,Oranye (Risiko PHK),3,2,4,3,2,14,3
2022,Kabkot,3174,JAKARTA BARAT,86.31999999999999,1.04,46.75,6.18,5.5,345619.55,7.1,16.4,35.88,14.45,.55,5.79,79.20999999999999,4641854,5.11,13,Kuning (Perlu perhatian),4,2,4,2,1,13,3
2022,Kabkot,3175,JAKARTA UTARA,79.36,1.31,46.6,4.23,5.85,350233.72,8.039999999999999,19.27,37.01,12.62,.78,5.57,81.03,4641854,5.11,11,Kuning (Perlu perhatian),3,1,4,2,1,11,1
2022,Kabkot,3201,BOGOR,79.20999999999999,1.91,46.32,7.45,5.25,167966.18,10.64,23.82,44.44,20.91,7.85,9.289999999999999,61.94,1841487,1.72,10,Kuning (Perlu perhatian),3,1,4,2,2,12,2
2022,Kabkot,3202,SUKABUMI,84.87,1.37,36.86,4.51,5.12,50388.72,7.77,20.39,66.59999999999999,19.55,30.03,9.19,41.23,1841487,1.72,10,Kuning (Perlu perhatian),4,1,4,2,2,13,3
2022,Kabkot,3203,CIANJUR,78.51000000000001,1.2,34.39,-12.38,5.04,34556.4,8.41,20.79,73.77,17.67,31.16,5.87,45.29,1841487,1.72,14,Oranye (Risiko PHK),3,1,3,4,2,13,3
2022,Kabkot,3204,BANDUNG,76.03,1.63,53.33,12.1,5.35,88437.96000000001,6.98,19.78,47.64,30.05,7.1,9.34,53.51,1841487,1.72,11,Kuning (Perlu perhatian),2,1,4,1,2,10,1
2022,Kabkot,3205,GARUT,78.56,1.12,40.09,-23.54,5.08,42012.96,7.6,21.47,75.48,17.62,28.11,8.91,45.36,1841487,1.72,15,Oranye (Risiko PHK),3,2,4,4,2,15,4
2022,Kabkot,3206,TASIKMALAYA,84.7,1.12,34.82,-13.73,4.7,26361.66,4.17,17.59,74.72,16.03,33.79,10.01,40.17,1841487,1.72,15,Oranye (Risiko PHK),4,2,4,4,2,16,4
2022,Kabkot,3207,CIAMIS,87.17,1.05,35.91,-4.3,5.02,23918.89,3.75,19.12,70.8,17.73,33.46,9.77,39.05,1841487,1.72,15,Oranye (Risiko PHK),4,2,4,3,2,15,4
2022,Kabkot,3208,KUNINGAN,86.66,1.13,31,.33,5.53,18450.34,9.81,28.9,66.56999999999999,7.66,26.08,11.55,54.71,1841487,1.72,13,Kuning (Perlu perhatian),4,2,3,2,1,12,2
2022,Kabkot,3209,CIREBON,85.26000000000001,1.15,47.41,-.57,4.09,35523.78,8.109999999999999,14.9,57.73,19.92,12.26,13.58,54.23,1841487,1.72,16,Oranye (Risiko PHK),4,2,4,3,3,16,4
2022,Kabkot,3210,MAJALENGKA,78.56,1.15,38.99,-14.39,6.63,24298.1,4.16,12.27,66.62,18.41,24.32,8.57,48.7,1841487,1.72,14,Oranye (Risiko PHK),3,2,4,4,1,14,3
2022,Kabkot,3211,SUMEDANG,84.56,1.37,40.73,-7.64,.93,24595.02,7.72,22.22,66.62,19.2,23.65,10.43,46.72,1841487,1.72,17,Oranye (Risiko PHK),4,1,4,3,4,16,4
2022,Kabkot,3212,INDRAMAYU,83.95999999999999,1.38,31.96,-3.57,2.88,61259.61,6.49,20.86,76.77,9.25,29.92,7.17,53.66,1841487,1.72,15,Oranye (Risiko PHK),4,1,3,3,4,15,4
2022,Kabkot,3213,SUBANG,76.48,1.56,34.45,-10.16,4.29,30202.58,7.77,25.74,66.40000000000001,13.93,30.59,8.5,46.99,1841487,1.72,13,Kuning (Perlu perhatian),2,1,4,4,3,14,3
2022,Kabkot,3214,PURWAKARTA,76.66,1.93,46.33,-4.72,5.24,49292.98,8.75,21.64,54.03,22.05,17.72,12.37,47.87,1841487,1.72,13,Kuning (Perlu perhatian),2,1,4,3,2,12,2
2022,Kabkot,3215,KARAWANG,69.73,2.09,41.63,1.37,6.31,177470.89,9.869999999999999,25.11,57.14,20.07,16.14,7.62,56.17,1841487,1.72,11,Kuning (Perlu perhatian),1,1,4,2,1,9,1
2022,Kabkot,3216,BEKASI,65.53,2.46,51.83,.9,5.3,265120.49,10.31,26.77,40,27.29,4.42,6.76,61.54,1841487,1.72,13,Kuning (Perlu perhatian),1,1,4,2,2,10,1
2022,Kabkot,3217,BANDUNG BARAT,86.29000000000001,1.66,43.81,-1.56,5.34,33393.29,9.630000000000001,21.02,58.24,19.55,20.58,14.2,45.66,1841487,1.72,13,Kuning (Perlu perhatian),4,1,4,3,2,14,3
2022,Kabkot,3218,PANGANDARAN,88.31999999999999,1.03,31.11,-13.02,5.03,8426.4,1.56,9.35,76.44,17.45,35.97,6.24,40.34,1841487,1.72,15,Oranye (Risiko PHK),4,2,3,4,2,15,4
2022,Kabkot,3271,BOGOR,74.01000000000001,2.51,43.97,.5600000000000001,5.65,35258.87,10.78,24.93,37.36,13.82,1.2,9.619999999999999,75.36,1841487,1.72,12,Kuning (Perlu perhatian),2,1,4,2,1,10,1
2022,Kabkot,3272,SUKABUMI,80.26000000000001,1.59,39.07,.99,5.35,9324.16,8.83,22.53,46.38,15.51,4.19,8.69,71.61,1841487,1.72,11,Kuning (Perlu perhatian),3,1,4,2,2,12,2
2022,Kabkot,3273,BANDUNG,80.73999999999999,1.89,48.15,2.2,5.41,211250.67,9.550000000000001,15.85,40.95,19.68,.48,5.2,74.64,1841487,1.72,10,Kuning (Perlu perhatian),3,1,4,2,1,11,1
2022,Kabkot,3274,CIREBON,84.58,1.6,38.58,4.85,5.1,18030.25,8.42,21.98,46.49,9.56,1.03,8.039999999999999,81.36,1841487,1.72,9,Kuning (Perlu perhatian),4,1,4,2,2,13,3
2022,Kabkot,3275,BEKASI,68.72,2.87,50.49,2,4.96,73260.64999999999,8.81,22.19,34.87,19.31,.43,9.67,70.59,1841487,1.72,13,Kuning (Perlu perhatian),1,1,4,2,2,10,1
2022,Kabkot,3276,DEPOK,69.59,2.7,40.32,3.81,5.24,52564.98,7.82,17.66,32.97,9.5,.75,7,82.75,1841487,1.72,10,Kuning (Perlu perhatian),1,1,4,2,2,10,1
2022,Kabkot,3277,CIMAHI,74.37,2.12,51.56,-4.23,5.92,24652.73,10.77,26.37,39.77,22.26,.36,6.37,71.01000000000001,1841487,1.72,14,Oranye (Risiko PHK),2,1,4,3,1,11,1
2022,Kabkot,3278,TASIKMALAYA,87.3,1.23,44.98,-2.01,5.01,16781.04,6.62,16.85,46.43,26.41,5.49,7.53,60.58,1841487,1.72,15,Oranye (Risiko PHK),4,1,4,3,2,14,3
2022,Kabkot,3279,BANJAR,82.56,1.25,42.79,-14.25,4.28,3516.19,5.53,21.54,59.82,19.93,14.8,9.35,55.92,1841487,1.72,16,Oranye (Risiko PHK),3,1,4,4,3,15,4
2022,Kabkot,3301,CILACAP,83.06,1.22,37.92,-7.16,5.15,96677.84,9.619999999999999,22.96,72.06999999999999,19.37,27.83,9.85,42.95,1812935,.78,14,Oranye (Risiko PHK),3,1,4,3,2,13,3
2022,Kabkot,3302,BANYUMAS,85.7,1.21,37.32,-.32,5.86,43069.5,6.05,13.5,62.26,17.52,18.86,9.789999999999999,53.83,1812935,.78,14,Oranye (Risiko PHK),4,1,4,3,1,13,3
2022,Kabkot,3303,PURBALINGGA,87.3,.83,48.85,.02,5.41,18690.73,5.23,9.99,58.33,32.66,20.5,9.289999999999999,37.55,1812935,.78,15,Oranye (Risiko PHK),4,4,4,3,1,16,4
2022,Kabkot,3304,BANJARNEGARA,89.84,.95,30.94,20.12,5.29,16359.11,6.38,14.26,66.62,15.48,37.42,11.03,36.07,1812935,.78,12,Kuning (Perlu perhatian),4,3,3,1,2,13,3
2022,Kabkot,3305,KEBUMEN,80.38,1.09,37.64,-11.86,5.79,21425.79,5.92,20.81,73.20999999999999,22.81,31.13,7.56,38.51,1812935,.78,15,Oranye (Risiko PHK),3,2,4,4,1,14,3
2022,Kabkot,3306,PURWOREJO,80.01000000000001,1.03,32.17,-11.11,5.36,14300.56,4.45,11.73,73.52,16.61,32.54,7.52,43.33,1812935,.78,15,Oranye (Risiko PHK),3,2,3,4,1,13,3
2022,Kabkot,3307,WONOSOBO,88.12,.95,26.76,-8.82,5.02,14770.5,5.01,8.380000000000001,74.45,13.39,44.92,8.380000000000001,33.31,1812935,.78,15,Oranye (Risiko PHK),4,3,3,3,2,15,4
2022,Kabkot,3308,MAGELANG,85.73999999999999,.99,31.07,-2.42,5.46,24953.18,4.97,9.4,66.23999999999999,17.47,34.37,6.71,41.45,1812935,.78,15,Oranye (Risiko PHK),4,3,3,3,1,14,3
2022,Kabkot,3309,BOYOLALI,81.18000000000001,1.19,39.92,4.77,6.33,24931.3,4.92,7.97,62.31,22.36,29.64,8,39.99,1812935,.78,11,Kuning (Perlu perhatian),3,1,4,2,1,11,1
2022,Kabkot,3310,KLATEN,86.22,1.17,45,13.8,5.9,30214.98,4.31,11.19,51.8,23.9,18.11,9.279999999999999,48.7,1812935,.78,12,Kuning (Perlu perhatian),4,1,4,1,1,11,1
2022,Kabkot,3311,SUKOHARJO,82.22,1.25,51.87,1.32,5.61,29185.35,2.47,6.92,45.16,28.35,10.02,7.1,54.53,1812935,.78,14,Oranye (Risiko PHK),3,1,4,2,1,11,1
2022,Kabkot,3312,WONOGIRI,81.53,1.15,26.99,-9.51,5.63,22448.63,1.95,11.06,75.22,12.42,46.86,7.22,33.5,1812935,.78,14,Oranye (Risiko PHK),3,2,3,4,1,13,3
2022,Kabkot,3313,KARANGANYAR,81.34,1.36,41.87,.92,5.86,28624.99,5.7,13.24,55.11,21.36,23.37,8.5,46.77,1812935,.78,13,Kuning (Perlu perhatian),3,1,4,2,1,11,1
2022,Kabkot,3314,SRAGEN,90.62,1.1,39.74,2.45,5.76,28929.81,4.69,6.41,64.53,22.62,32.25,7.22,37.92,1812935,.78,11,Kuning (Perlu perhatian),4,2,4,2,1,13,3
2022,Kabkot,3315,GROBOGAN,85.09999999999999,1.39,36.52,25.77,5.98,21318.16,4.4,8.279999999999999,68.69,12.57,35.88,16.61,34.93,1812935,.78,10,Kuning (Perlu perhatian),4,1,4,1,1,11,1
2022,Kabkot,3316,BLORA,83.22,1.05,25.2,-6.86,2.66,18608.61,3.7,11.79,74.04000000000001,9.02,43.65,6.68,40.66,1812935,.78,17,Oranye (Risiko PHK),3,2,3,3,4,15,4
2022,Kabkot,3317,REMBANG,84.06,1.17,35.31,5.16,5.55,14698.84,1.76,4.95,58.96,17.19,31.13,9.359999999999999,42.33,1812935,.78,11,Kuning (Perlu perhatian),4,1,4,2,1,12,2
2022,Kabkot,3318,PATI,86.64,1.12,35.92,-13.34,5.56,33312.38,4.45,12.42,66.84999999999999,18.74,30.74,9.31,41.2,1812935,.78,14,Oranye (Risiko PHK),4,2,4,4,1,15,4
2022,Kabkot,3319,KUDUS,68.78,1.15,65,-2.04,2.21,71416.92999999999,3.21,7.64,40.13,40.99,6.39,13.79,38.82,1812935,.78,18,Merah (Kondisi Kritis),1,2,4,3,4,14,3
2022,Kabkot,3320,JEPARA,90.97,1.09,62.05,6.92,5.95,23249.85,4.1,6.13,45.64,44.7,12.91,8.33,34.06,1812935,.78,14,Oranye (Risiko PHK),4,2,4,2,1,13,3
2022,Kabkot,3321,DEMAK,81.05,1.41,46.24,9.35,5.25,19846.43,6.11,13.41,52.1,23.84,19.26,13.95,42.95,1812935,.78,11,Kuning (Perlu perhatian),3,1,4,1,2,11,1
2022,Kabkot,3322,SEMARANG,81.76000000000001,1.29,49.19,-2.3,5.31,37857.92,4.81,8.43,54.24,29.56,21.19,8.99,40.25,1812935,.78,15,Oranye (Risiko PHK),3,1,4,3,2,13,3
2022,Kabkot,3323,TEMANGGUNG,85.95,1.2,29.91,-14.72,5.2,16187.37,2.54,7.15,75.02,18.87,41.03,5.51,34.59,1812935,.78,14,Oranye (Risiko PHK),4,1,3,4,2,14,3
2022,Kabkot,3324,KENDAL,83.29000000000001,1.26,41.74,4.28,5.68,33428.96,7.34,14.13,55.9,22.12,23.96,7.61,46.32,1812935,.78,12,Kuning (Perlu perhatian),3,1,4,2,1,11,1
2022,Kabkot,3325,BATANG,90.13,1.05,44.04,12.64,5.97,16704.99,6.64,14.89,55.55,23.03,21.82,11.24,43.91,1812935,.78,13,Kuning (Perlu perhatian),4,2,4,1,1,12,2
2022,Kabkot,3326,PEKALONGAN,89.14,1.06,51.62,.31,5.11,17463.42,3.23,6.97,55.48,36.09,19.24,6.4,38.28,1812935,.78,16,Oranye (Risiko PHK),4,2,4,2,2,14,3
2022,Kabkot,3327,PEMALANG,91.61,1.11,39.38,-7.73,5.08,19895.24,6.63,15.42,66.08,20.65,27.73,9.81,41.81,1812935,.78,14,Oranye (Risiko PHK),4,2,4,3,2,15,4
2022,Kabkot,3328,TEGAL,85.34999999999999,1.03,45.94,-6.38,5.13,26705.27,9.640000000000001,16.74,61.61,21.89,19.3,8.19,50.62,1812935,.78,16,Oranye (Risiko PHK),4,2,4,3,2,15,4
2022,Kabkot,3329,BREBES,85.04000000000001,1.12,39.88,7.06,5.61,35414.21,9.48,17.48,71.43000000000001,14.46,29.8,10.72,45.02,1812935,.78,11,Kuning (Perlu perhatian),4,2,4,2,1,13,3
2022,Kabkot,3371,MAGELANG,80.39,1.51,42.49,-2.46,5.77,6889.45,6.71,21.08,43.8,13.7,1.68,5.67,78.95999999999999,1812935,.78,13,Kuning (Perlu perhatian),3,1,4,3,1,12,2
2022,Kabkot,3372,SURAKARTA,83.65000000000001,1.27,51.26,.35,6.25,38475.99,5.83,14.39,38.98,22.31,.24,5.49,71.95999999999999,1812935,.78,15,Oranye (Risiko PHK),3,1,4,2,1,11,1
2022,Kabkot,3373,SALATIGA,74.48999999999999,1.67,44.93,9.24,5.53,10365.44,5.58,12.07,39.33,23.71,2.82,4.94,68.52,1812935,.78,10,Kuning (Perlu perhatian),2,1,4,1,1,9,1
2022,Kabkot,3374,SEMARANG,68.11,1.78,48.52,-.01,5.73,152995.41,7.6,20.35,35.78,21.31,1.46,6.96,70.27,1812935,.78,13,Kuning (Perlu perhatian),1,1,4,3,1,10,1
2022,Kabkot,3375,PEKALONGAN,93.66,.99,56.07,1.67,5.76,8039.46,4.98,12.34,37.32,34.71,1.98,4.53,58.78,1812935,.78,15,Oranye (Risiko PHK),4,3,4,2,1,14,3
2022,Kabkot,3376,TEGAL,89.58,1.08,43.89,12.96,5.16,11873.2,6.68,13.83,43.56,16.32,7.46,9.77,66.44,1812935,.78,13,Kuning (Perlu perhatian),4,2,4,1,2,13,3
2022,Kabkot,3401,KULON PROGO,81.98,1.07,38.2,-6.37,6.58,9419.360000000001,2.8,4.6,65.20999999999999,20.44,32.38,9.51,37.67,1840916,4.3,15,Oranye (Risiko PHK),3,2,4,3,1,13,3
2022,Kabkot,3402,BANTUL,79.09,1.26,41.66,2.56,5.19,20809.22,3.97,5.24,47.98,19.11,9.880000000000001,7.52,63.49,1840916,4.3,12,Kuning (Perlu perhatian),3,1,4,2,2,12,2
2022,Kabkot,3403,GUNUNG KIDUL,87.95,.98,38.16,14.08,5.37,14994.23,2.08,9.69,69.56,19.57,39.36,10.39,30.69,1840916,4.3,12,Kuning (Perlu perhatian),4,3,4,1,1,13,3
2022,Kabkot,3404,SLEMAN,75.23,1.56,42.55,4.39,5.15,37596.42,4.78,8.75,45.94,14.2,10.93,7.53,67.34,1840916,4.3,10,Kuning (Perlu perhatian),2,1,4,2,2,11,1
2022,Kabkot,3471,YOGYAKARTA,76.56,1.52,45.91,8.359999999999999,5.12,29863,7.18,18.19,43.86,13.45,1.29,2.63,82.63,1840916,4.3,10,Kuning (Perlu perhatian),2,1,4,1,2,10,1
2022,Kabkot,3501,PACITAN,87.31999999999999,.9399999999999999,25.02,30.02,5.54,11722.44,3.65,6.54,76.31999999999999,11.49,49.14,6.7,32.66,1891567,1.22,12,Kuning (Perlu perhatian),4,3,3,1,1,12,2
2022,Kabkot,3502,PONOROGO,74.47,1.07,24.2,-3.33,3.24,15093.71,5.51,11.79,78.39,10.32,45.63,7.21,36.84,1891567,1.22,15,Oranye (Risiko PHK),2,2,3,3,4,14,3
2022,Kabkot,3503,TRENGGALEK,88.52,1.05,30.62,-14,4.52,13545.41,5.37,10.35,77.09999999999999,19.82,42.06,7.25,30.86,1891567,1.22,16,Oranye (Risiko PHK),4,2,3,4,3,16,4
2022,Kabkot,3504,TULUNGAGUNG,88.81999999999999,1.06,33.06,-15.66,5.22,28818.91,6.65,12.49,71.06,15.84,35.93,8.890000000000001,39.35,1891567,1.22,15,Oranye (Risiko PHK),4,2,3,4,2,15,4
2022,Kabkot,3505,BLITAR,84.90000000000001,.99,26.69,-11.54,5.2,27037.33,5.45,11.17,72.95999999999999,13.24,39.99,5.69,41.08,1891567,1.22,15,Oranye (Risiko PHK),4,3,3,4,2,16,4
2022,Kabkot,3506,KEDIRI,83.89,1.06,28.61,-6.32,4.9,30800.71,6.83,14.56,67.92,10.57,33.94,7.55,47.94,1891567,1.22,16,Oranye (Risiko PHK),4,2,3,3,2,14,3
2022,Kabkot,3507,MALANG,88.04000000000001,1.13,32.93,-9.4,5.13,72136.46000000001,6.57,12.38,61.54,14.68,32.31,9.59,43.42,1891567,1.22,14,Oranye (Risiko PHK),4,2,3,4,2,15,4
2022,Kabkot,3508,LUMAJANG,92.39,.96,28.45,6.99,4.43,23626.58,4.97,14.5,72.16,13.51,40.02,7.59,38.87,1891567,1.22,13,Kuning (Perlu perhatian),4,3,3,2,3,15,4
2022,Kabkot,3509,JEMBER,89.02,.95,27.64,-15.23,4.53,57167.13,4.06,11.11,69.43000000000001,12.7,37.55,7.69,42.06,1891567,1.22,16,Oranye (Risiko PHK),4,3,3,4,3,17,4
2022,Kabkot,3510,BANYUWANGI,88.68000000000001,1.04,30.89,7.49,4.43,57932.55,5.26,13.55,63.35,14.02,31.31,7.31,47.35,1891567,1.22,13,Kuning (Perlu perhatian),4,2,3,2,3,14,3
2022,Kabkot,3511,BONDOWOSO,83.67,.91,28.17,9.460000000000001,3.51,14410.2,4.32,8.640000000000001,73.15000000000001,15.85,38.31,5.41,40.43,1891567,1.22,13,Kuning (Perlu perhatian),3,3,3,1,4,14,3
2022,Kabkot,3512,SITUBONDO,82.63,1.04,23.57,-6.25,4.39,14318,3.38,6.13,71.88,12.5,44.87,4.68,37.95,1891567,1.22,15,Oranye (Risiko PHK),3,2,2,3,3,13,3
2022,Kabkot,3513,PROBOLINGGO,88.62,1.03,26.22,-14.15,4.52,24734.19,3.25,9.890000000000001,73.81,9.23,43.75,6.68,40.34,1891567,1.22,16,Oranye (Risiko PHK),4,2,3,4,3,16,4
2022,Kabkot,3514,PASURUAN,90.45,1.33,44.83,1.47,5.32,113352.08,5.91,14.18,58.03,25.28,23.41,8.109999999999999,43.2,1891567,1.22,12,Kuning (Perlu perhatian),4,1,4,2,2,13,3
2022,Kabkot,3515,SIDOARJO,71.93000000000001,1.96,51.83,.87,7.53,151613.88,8.800000000000001,22.16,36.3,29.38,1.85,6.47,62.3,1891567,1.22,13,Kuning (Perlu perhatian),2,1,4,2,1,10,1
2022,Kabkot,3516,MOJOKERTO,84.69,1.42,43.35,-17.29,5.82,63699.84,4.83,11.08,58.62,24.39,24.11,7.99,43.52,1891567,1.22,14,Oranye (Risiko PHK),4,1,4,4,1,14,3
2022,Kabkot,3517,JOMBANG,80.56,1.34,43.31,2.08,5.37,30086.17,5.47,11.37,57.5,22.29,22.38,6.95,48.38,1891567,1.22,11,Kuning (Perlu perhatian),3,1,4,2,1,11,1
2022,Kabkot,3518,NGANJUK,86.59999999999999,1.12,28.61,13.87,4.84,19543.18,4.74,10.77,68.02,13.13,35.86,6.27,44.74,1891567,1.22,12,Kuning (Perlu perhatian),4,2,3,1,2,12,2
2022,Kabkot,3519,MADIUN,77.25,1.26,26.59,-25.8,4.32,14169.62,5.84,17.04,75.97,9.949999999999999,41.81,7.52,40.71,1891567,1.22,15,Oranye (Risiko PHK),2,1,3,4,3,13,3
2022,Kabkot,3520,MAGETAN,76.65000000000001,1.23,31.65,-2.37,3.89,13939.15,4.33,9.68,72.92,11.87,31.28,8.75,48.11,1891567,1.22,15,Oranye (Risiko PHK),2,1,3,3,3,12,2
2022,Kabkot,3521,NGAWI,82.67,1.11,21.77,-26.91,3.19,14264.44,2.48,10.84,82.66,7.95,49.27,5.74,37.04,1891567,1.22,14,Oranye (Risiko PHK),3,2,2,4,4,15,4
2022,Kabkot,3522,BOJONEGORO,86.89,1.19,26.42,-8.859999999999999,-6.16,61782.87,4.69,11.01,72.97,9.710000000000001,45.58,9.35,35.36,1891567,1.22,17,Oranye (Risiko PHK),4,1,3,3,4,15,4
2022,Kabkot,3523,TUBAN,78.64,1.2,26.81,-8.800000000000001,8.880000000000001,47890.26,4.54,11.55,72.37,11.99,39.77,9.57,38.67,1891567,1.22,14,Oranye (Risiko PHK),3,1,3,3,1,11,1
2022,Kabkot,3524,LAMONGAN,74.65000000000001,1.24,31.58,-2.05,5.56,29447.44,6.05,13.35,65.59999999999999,13.2,36.99,7.72,42.08,1891567,1.22,14,Oranye (Risiko PHK),2,1,3,3,1,10,1
2022,Kabkot,3525,GRESIK,76.03,1.85,50.81,2.62,7.38,108796.88,7.84,16.66,45.75,25.66,13.93,9.890000000000001,50.53,1891567,1.22,11,Kuning (Perlu perhatian),2,1,4,2,1,10,1
2022,Kabkot,3526,BANGKALAN,87.31,1.22,26.04,-7.03,-1.12,16959.91,8.050000000000001,20.31,77.70999999999999,8.800000000000001,44.57,8.4,38.23,1891567,1.22,17,Oranye (Risiko PHK),4,1,3,3,4,15,4
2022,Kabkot,3527,SAMPANG,88.36,.76,16.27,-35.84,2.31,14308.28,3.11,10.5,88.95,3.81,61.56,6.98,27.65,1891567,1.22,16,Oranye (Risiko PHK),4,4,2,4,4,18,4
2022,Kabkot,3528,PAMEKASAN,92.5,.77,18.66,-24.97,4.66,12031.56,1.4,5.04,82.58,8.300000000000001,51.25,7.32,33.13,1891567,1.22,15,Oranye (Risiko PHK),4,4,2,4,2,16,4
2022,Kabkot,3529,SUMENEP,79.67,1.1,18.24,-2.7,3.11,24912.62,1.36,6.37,81.01000000000001,7.83,52.01,5.74,34.42,1891567,1.22,14,Oranye (Risiko PHK),3,2,2,3,4,14,3
2022,Kabkot,3571,KEDIRI,67.66,1.53,44.03,-2.95,3.96,89907.21000000001,4.38,10.91,46.23,16.63,3.63,7.82,71.92,1891567,1.22,14,Oranye (Risiko PHK),1,1,4,3,3,12,2
2022,Kabkot,3572,BLITAR,80.40000000000001,1.27,39.26,1.91,5.22,5181.61,5.39,12.6,48.63,11.52,5.84,7.81,74.84,1891567,1.22,12,Kuning (Perlu perhatian),3,1,4,2,2,12,2
2022,Kabkot,3573,MALANG,75.98,1.62,47.13,-1.66,6.32,56678.64,7.66,16.4,44.27,16.12,1.8,7.39,74.7,1891567,1.22,13,Kuning (Perlu perhatian),2,1,4,3,1,11,1
2022,Kabkot,3574,PROBOLINGGO,75.09999999999999,1.29,47.63,6.67,6.12,8872.84,4.57,11.9,42.52,24.05,5.98,6.39,63.59,1891567,1.22,12,Kuning (Perlu perhatian),2,1,4,2,1,10,1
2022,Kabkot,3575,PASURUAN,73.37,1.4,48.17,4.21,6.22,6282.38,6.18,17.98,41.54,25.99,6.41,3.7,63.9,1891567,1.22,11,Kuning (Perlu perhatian),2,1,4,2,1,10,1
2022,Kabkot,3576,MOJOKERTO,80.92,1.64,50.18,-6.06,5.56,5253,5.05,13.77,41.65,24.37,.57,4.96,70.11,1891567,1.22,14,Oranye (Risiko PHK),3,1,4,3,1,12,2
2022,Kabkot,3577,MADIUN,70.38,1.4,44.1,8.02,5.52,11119.55,6.39,21.22,42,9.539999999999999,1.09,7.93,81.43000000000001,1891567,1.22,11,Kuning (Perlu perhatian),1,1,4,1,1,8,1
2022,Kabkot,3578,SURABAYA,79.72,2.04,46.44,8.91,6.51,434268.34,7.62,19.49,32.27,14.7,.55,7.09,77.66,1891567,1.22,10,Kuning (Perlu perhatian),3,1,4,1,1,10,1
2022,Kabkot,3579,BATU,80.97,1.17,29.83,-3.95,6.18,12180.93,8.43,14.09,57.9,7.2,20.19,6.65,65.95999999999999,1891567,1.22,14,Oranye (Risiko PHK),3,1,3,3,1,11,1
2022,Kabkot,3601,PANDEGLANG,88.73,.74,27.74,9.640000000000001,3.47,20815.21,9.24,30.45,76.84999999999999,12.14,38.73,7.42,41.72,2501203,1.63,13,Kuning (Perlu perhatian),4,4,3,1,4,16,4
2022,Kabkot,3602,LEBAK,90,.9399999999999999,29.14,-20.26,3.8,22087.74,8.550000000000001,28.5,80.95999999999999,12.07,40.36,10.57,37,2501203,1.63,16,Oranye (Risiko PHK),4,3,3,4,3,17,4
2022,Kabkot,3603,TANGERANG,69.01000000000001,1.65,57.72,-.5600000000000001,5.47,103221.02,7.88,17,41.8,36.63,4.84,6.97,51.56,2501203,1.63,14,Oranye (Risiko PHK),1,1,4,3,1,10,1
2022,Kabkot,3604,SERANG,71.67,1.32,41.65,-2.68,5.04,57607.11,10.61,24.33,59.47,22.91,19.69,7.93,49.47,2501203,1.63,14,Oranye (Risiko PHK),2,1,4,3,2,12,2
2022,Kabkot,3671,TANGERANG,74.86,1.77,55.34,.68,5.98,112780.03,7.16,18.4,35.27,24.43,.84,6.83,67.90000000000001,2501203,1.63,13,Kuning (Perlu perhatian),2,1,4,2,1,10,1
2022,Kabkot,3672,CILEGON,76.3,1.61,54.75,2.13,4.51,80647.73,8.1,23.23,42.92,19.6,1.83,11.97,66.59999999999999,2501203,1.63,12,Kuning (Perlu perhatian),2,1,4,2,3,12,2
2022,Kabkot,3673,SERANG,67.95,1.43,44.43,3.43,4.71,24495.32,8.17,21.02,48.29,16.79,3.94,9.359999999999999,69.90000000000001,2501203,1.63,12,Kuning (Perlu perhatian),1,1,4,2,2,10,1
2022,Kabkot,3674,TANGERANG SELATAN,73.29000000000001,2.6,40.7,10.16,5.82,66021.91,6.59,17.75,28.55,7.68,.3,8.41,83.61,2501203,1.63,10,Kuning (Perlu perhatian),2,1,4,1,1,9,1
2022,Kabkot,5101,JEMBRANA,87.54000000000001,.93,33.96,4.84,2.98,9157.67,3.94,4.42,61.85,18.18,24.02,7.42,50.39,2516971,.92,14,Oranye (Risiko PHK),4,3,3,2,4,16,4
2022,Kabkot,5102,TABANAN,78.03,1.12,35.23,29.02,2.93,14940.44,3.83,4.81,55.22,13.02,24.01,7.7,55.26,2516971,.92,13,Kuning (Perlu perhatian),2,2,4,1,4,13,3
2022,Kabkot,5103,BADUNG,83.98,1.18,45.42,21.58,9.970000000000001,31946.05,6.87,7.74,38.63,13.58,6.41,6.45,73.56,2516971,.92,12,Kuning (Perlu perhatian),4,1,4,1,1,11,1
2022,Kabkot,5104,GIANYAR,79.75,1.16,50.13,1.08,4.04,17956.69,6.78,6.01,50.39,23.22,12.61,10.1,54.07,2516971,.92,15,Oranye (Risiko PHK),3,1,4,2,3,13,3
2022,Kabkot,5105,KLUNGKUNG,86.81,1.22,35.34,3.18,3.12,5770.48,1.96,2.47,61.36,15.19,26.58,5.37,52.86,2516971,.92,12,Kuning (Perlu perhatian),4,1,4,2,4,15,4
2022,Kabkot,5106,BANGLI,81.73,1.33,26.49,-5.27,2.8,4507.38,.76,2.39,73.73,13.38,43.41,5.79,37.42,2516971,.92,15,Oranye (Risiko PHK),3,1,3,3,4,14,3
2022,Kabkot,5107,KARANGASEM,84.73999999999999,1.06,38.05,20.16,2.58,10843.41,3.09,6.07,68.31999999999999,21.29,35.22,9.84,33.65,2516971,.92,14,Oranye (Risiko PHK),4,2,4,1,4,15,4
2022,Kabkot,5108,BULELENG,86.48999999999999,.8,25.96,-12.63,3.11,22463.38,5.2,12.41,70.45,10.01,41.07,7.93,40.99,2516971,.92,16,Oranye (Risiko PHK),4,4,3,4,4,19,4
2022,Kabkot,5171,DENPASAR,83.08,1.42,47.8,4.87,5.02,34066.71,5.08,10.82,36.13,14.27,.61,6.61,78.51000000000001,2516971,.92,11,Kuning (Perlu perhatian),3,1,4,2,2,12,2
2022,Kabkot,5201,LOMBOK BARAT,84.25,.83,29.89,-9.84,3.46,10834.22,4.16,10.14,69.59,11.69,26.63,13.26,48.42,2207212,1.07,16,Oranye (Risiko PHK),4,4,3,4,4,19,4
2022,Kabkot,5202,LOMBOK TENGAH,79.65000000000001,.8,29.02,7.03,3.55,12464.4,3.02,8.029999999999999,82.61,15.72,37.8,8.99,37.5,2207212,1.07,13,Kuning (Perlu perhatian),3,4,3,2,4,16,4
2022,Kabkot,5203,LOMBOK TIMUR,71.40000000000001,.86,20.41,-5.57,3.18,14867.66,1.51,5.26,84.43000000000001,10.53,42.51,5.82,41.14,2207212,1.07,15,Oranye (Risiko PHK),2,3,2,3,4,14,3
2022,Kabkot,5204,SUMBAWA,68.59,1.26,21.38,-3.76,3.21,10548.58,2.11,6.17,75.81,6.98,40.26,6.72,46.04,2207212,1.07,14,Oranye (Risiko PHK),1,1,2,3,4,11,1
2022,Kabkot,5205,DOMPU,70.39,1.01,17.73,-17.67,2.95,5125.83,2.5,4.45,75.89,4.53,38.31,7.19,49.96,2207212,1.07,16,Oranye (Risiko PHK),2,2,2,4,4,14,3
2022,Kabkot,5206,BIMA,68.8,1.02,17.67,-4.47,2.83,8314.35,2.28,6.08,78.15000000000001,7.43,44.24,4.7,43.63,2207212,1.07,16,Oranye (Risiko PHK),1,2,2,3,4,12,2
2022,Kabkot,5207,SUMBAWA BARAT,81.22,1.13,23.72,-15.49,24.09,20370.44,4.56,9.949999999999999,64.01000000000001,5.48,25.79,14.63,54.09,2207212,1.07,13,Kuning (Perlu perhatian),3,2,2,4,1,12,2
2022,Kabkot,5208,LOMBOK UTARA,88.84999999999999,.8,19.36,-36.22,3.49,3376.02,.38,1.13,84.81999999999999,7.82,50.09,6.73,35.36,2207212,1.07,15,Oranye (Risiko PHK),4,4,2,4,4,18,4
2022,Kabkot,5271,MATARAM,79.72,1.22,36.3,.67,3.53,13951.85,6.03,11.12,47.82,6.4,3.44,9.130000000000001,81.03,2207212,1.07,14,Oranye (Risiko PHK),3,1,4,2,4,14,3
2022,Kabkot,5272,BIMA,65.97,1.24,29.07,2.51,2.7,3018.4,3.73,9.359999999999999,56.13,10.05,15.02,6.39,68.54000000000001,2207212,1.07,13,Kuning (Perlu perhatian),1,1,3,2,4,11,1
2022,Kabkot,5301,SUMBA BARAT,71.29000000000001,1.21,16.74,-18.55,3.23,1499.06,2.98,6.96,79.97,9.85,55.65,5.83,28.67,1975000,1.28,14,Oranye (Risiko PHK),2,1,2,4,4,13,3
2022,Kabkot,5302,SUMBA TIMUR,68.45,1.05,19.78,-12.87,2.63,4117.07,2.61,4.45,77,11.31,51.59,5.69,31.41,1975000,1.28,16,Oranye (Risiko PHK),1,2,2,4,4,13,3
2022,Kabkot,5303,KUPANG,81.41,.98,17.51,7.89,2.74,5019.6,3.23,9.300000000000001,77.53,7.76,55.98,4.29,31.97,1975000,1.28,13,Kuning (Perlu perhatian),3,3,2,1,4,13,3
2022,Kabkot,5304,TIMOR TENGAH SELATAN,67.15000000000001,1,27.55,-.9399999999999999,3.11,5035.91,1.99,5.95,81.12,18.59,47.85,7.68,25.88,1975000,1.28,16,Oranye (Risiko PHK),1,3,3,3,4,14,3
2022,Kabkot,5305,TIMOR TENGAH UTARA,74.52,.98,36.95,22.67,2.8,3031.55,3.51,9.98,72.12,22.92,40.98,9.07,27.03,1975000,1.28,14,Oranye (Risiko PHK),2,3,4,1,4,14,3
2022,Kabkot,5306,BELU,75.40000000000001,1.14,25.27,8.01,3.19,3116.22,6,14.92,71.55,8.550000000000001,42.26,8.24,40.95,1975000,1.28,12,Kuning (Perlu perhatian),2,2,3,1,4,12,2
2022,Kabkot,5307,ALOR,76.73999999999999,.9,18.26,-9.369999999999999,2.98,2106.89,2.27,5.39,73.56,7.69,49.74,5.14,37.42,1975000,1.28,16,Oranye (Risiko PHK),2,3,2,4,4,15,4
2022,Kabkot,5308,LEMBATA,62.36,1.06,18.5,10.04,2.56,1209.77,4.74,15,70.09999999999999,7.96,46.43,5.58,40.02,1975000,1.28,13,Kuning (Perlu perhatian),1,2,2,1,4,10,1
2022,Kabkot,5309,FLORES TIMUR,67.98,.93,20.84,-10.22,1.71,3582.9,3.49,12.87,77.64,13.45,51.87,2.33,32.35,1975000,1.28,16,Oranye (Risiko PHK),1,3,2,4,4,14,3
2022,Kabkot,5310,SIKKA,65.59999999999999,.96,27.56,-.82,3.36,3489.47,4.51,12.3,74.53,15.1,39.74,3.97,41.19,1975000,1.28,16,Oranye (Risiko PHK),1,3,3,3,4,14,3
2022,Kabkot,5311,ENDE,67.44,1.06,27.45,4.51,3.09,4291.79,2.06,5.91,77.08,16.24,44.99,5.99,32.78,1975000,1.28,13,Kuning (Perlu perhatian),1,2,3,2,4,12,2
2022,Kabkot,5312,NGADA,73.40000000000001,.9399999999999999,19.8,18.93,3.06,2407.74,2.81,9.390000000000001,70.62,8.58,50.52,7.07,33.83,1975000,1.28,12,Kuning (Perlu perhatian),2,3,2,1,4,12,2
2022,Kabkot,5313,MANGGARAI,71.48999999999999,1.13,23.57,30.39,2.85,3151.39,3.5,7.38,77.63,10.61,49.09,5.08,35.22,1975000,1.28,12,Kuning (Perlu perhatian),2,2,2,1,4,11,1
2022,Kabkot,5314,ROTE NDAO,68.7,1.15,17.51,1.3,3.55,2045.08,3.64,12.59,74.8,10.93,59.47,3.05,26.55,1975000,1.28,12,Kuning (Perlu perhatian),1,2,2,2,4,11,1
2022,Kabkot,5315,MANGGARAI BARAT,72.54000000000001,1,15.39,2.9,4.12,2391.36,4.91,13.81,79.90000000000001,4.67,62.15,4.75,28.44,1975000,1.28,12,Kuning (Perlu perhatian),2,3,1,2,3,11,1
2022,Kabkot,5316,SUMBA TENGAH,66.27,1.05,9.18,-8.199999999999999,2.58,787.04,1.21,3.41,76.28,3.78,64.67,4.58,26.98,1975000,1.28,16,Oranye (Risiko PHK),1,2,1,3,4,11,1
2022,Kabkot,5317,SUMBA BARAT DAYA,70.7,.93,14.52,4.86,3.83,2445.5,1.97,3.05,85.86,10.21,67.06,2.81,19.93,1975000,1.28,12,Kuning (Perlu perhatian),2,3,1,2,3,11,1
2022,Kabkot,5318,NAGEKEO,65.36,1.02,23.45,8.84,3.07,1449.9,2.97,10.14,79.01000000000001,14.95,52.39,6.02,26.64,1975000,1.28,12,Kuning (Perlu perhatian),1,2,2,1,4,10,1
2022,Kabkot,5319,MANGGARAI TIMUR,78.95,.7,7.6,30.64,3.74,2165.12,1.89,3.97,85.86,.84,76.55,4.1,18.51,1975000,1.28,12,Kuning (Perlu perhatian),3,4,1,1,3,12,2
2022,Kabkot,5320,SABU RAIJUA,69.98,1.07,27.72,5.09,3,809.89,3.29,6.68,79.95999999999999,22.05,50.28,4.32,23.35,1975000,1.28,13,Kuning (Perlu perhatian),1,2,3,2,4,12,2
2022,Kabkot,5321,MALAKA,75.13,.82,23.52,-35.78,3.73,1987.25,3.3,12.37,84.31999999999999,15.34,49.94,3.03,31.69,1975000,1.28,15,Oranye (Risiko PHK),2,4,2,4,3,15,4
2022,Kabkot,5371,KUPANG,70.27,1.35,30.9,4.96,3.43,17138.13,8.550000000000001,19.82,38.61,7.35,4.52,8.27,79.84999999999999,1975000,1.28,11,Kuning (Perlu perhatian),1,1,3,2,4,11,1
2022,Kabkot,6101,SAMBAS,85.79000000000001,.88,17.03,19.64,4.64,14594.48,5.08,12.67,67.58,3.8,57.98,6.41,31.81,2434328,1.44,12,Kuning (Perlu perhatian),4,3,2,1,2,12,2
2022,Kabkot,6102,BENGKAYANG,85.72,1.03,17.09,12.41,5.45,6161.45,2.84,8.56,64.5,3.95,53.77,13.47,28.82,2434328,1.44,11,Kuning (Perlu perhatian),4,2,2,1,1,10,1
2022,Kabkot,6103,LANDAK,76.23,.88,14.32,-6.85,4.64,7652.01,1.78,4.66,71.11,2.52,67.19,6.99,23.31,2434328,1.44,15,Oranye (Risiko PHK),2,3,1,3,2,11,1
2022,Kabkot,6104,MEMPAWAH,88.89,.92,27.59,1.86,4.7,5723.03,7.48,18.77,54.09,11.1,40.53,9.75,38.61,2434328,1.44,14,Oranye (Risiko PHK),4,3,3,2,2,14,3
2022,Kabkot,6105,SANGGAU,78.39,.97,13.15,12.71,4.61,14425.58,3.76,11.79,62.4,3.28,62.7,6.42,27.6,2434328,1.44,12,Kuning (Perlu perhatian),3,3,1,1,3,11,1
2022,Kabkot,6106,KETAPANG,72.11,1.19,15.25,-7.19,5.42,19869.76,6.71,13.82,53.78,2.85,58.66,7.81,30.67,2434328,1.44,13,Kuning (Perlu perhatian),2,1,1,3,1,8,1
2022,Kabkot,6107,SINTANG,79.64,1.14,7.38,16.93,4.96,10215.01,2.97,10.5,64.89,1.72,62.35,8.99,26.95,2434328,1.44,11,Kuning (Perlu perhatian),3,2,1,1,2,9,1
2022,Kabkot,6108,KAPUAS HULU,79.62,.98,9.859999999999999,-4.57,4.51,6804.58,2.21,7.51,66.79000000000001,2.2,57.11,15.57,25.12,2434328,1.44,15,Oranye (Risiko PHK),3,3,1,3,3,13,3
2022,Kabkot,6109,SEKADAU,86.11,.88,12.07,22.51,5.1,4661.47,1.33,4.59,64.87,3.67,69.15000000000001,7.78,19.4,2434328,1.44,11,Kuning (Perlu perhatian),4,3,1,1,2,11,1
2022,Kabkot,6110,MELAWI,76.09,.95,15.29,12.45,4.9,3671.61,1.95,6.64,60.54,5.06,47.48,15.25,32.21,2434328,1.44,12,Kuning (Perlu perhatian),2,3,1,1,2,9,1
2022,Kabkot,6111,KAYONG UTARA,84.48,.97,21.23,8.77,5.02,2765.56,3.1,8.470000000000001,58.15,6.42,50.98,7.47,35.13,2434328,1.44,11,Kuning (Perlu perhatian),4,3,2,1,2,12,2
2022,Kabkot,6112,KUBU RAYA,84.04000000000001,1.11,27.25,3.62,5.48,19782.11,6.87,15,53.94,8.75,40.94,7.85,42.47,2434328,1.44,11,Kuning (Perlu perhatian),4,2,3,2,1,12,2
2022,Kabkot,6171,PONTIANAK,79.81999999999999,1.42,38.13,2.73,4.97,26159.52,9.92,21.48,38.12,7.53,2.9,9.98,79.59999999999999,2434328,1.44,11,Kuning (Perlu perhatian),3,1,4,2,2,12,2
2022,Kabkot,6172,SINGKAWANG,75.27,1.01,34.23,-1.27,4.97,7324.63,8.630000000000001,14.48,50.43,7.4,18.22,11.8,62.58,2434328,1.44,16,Oranye (Risiko PHK),2,2,3,3,2,12,2
2022,Kabkot,6201,KOTAWARINGIN BARAT,85.72,1.08,24.16,7.52,6.01,14558.38,4.51,9.24,45.95,5.69,32.26,8.460000000000001,53.59,2922516,.67,11,Kuning (Perlu perhatian),4,2,3,2,1,12,2
2022,Kabkot,6202,KOTAWARINGIN TIMUR,83.03,1.04,17.09,6.24,7.41,19622.86,5,15.73,50.33,4.09,47.85,7.08,40.97,2922516,.67,11,Kuning (Perlu perhatian),3,2,2,2,1,10,1
2022,Kabkot,6203,KAPUAS,79.18000000000001,.84,13.87,9.130000000000001,7.04,12102.18,3.91,8.08,66.93000000000001,2.66,46.06,17.67,33.61,2922516,.67,11,Kuning (Perlu perhatian),3,4,1,1,1,10,1
2022,Kabkot,6204,BARITO SELATAN,82.19,1.03,15.45,-18.46,6.28,4602.95,3.53,14.76,65.3,4.6,42.48,7.72,45.2,2922516,.67,14,Oranye (Risiko PHK),3,2,1,4,1,11,1
2022,Kabkot,6205,BARITO UTARA,67.59,1.13,11.2,-3.18,6.24,7597.87,4.82,12.97,58.58,3.95,40.84,11.66,43.55,2922516,.67,13,Kuning (Perlu perhatian),1,2,1,3,1,8,1
2022,Kabkot,6206,SUKAMARA,67.09999999999999,1.1,14.69,1.07,5.62,3214.21,6.46,21.33,42.4,3.04,37.5,4.54,54.91,2922516,.67,11,Kuning (Perlu perhatian),1,2,1,2,1,7,1
2022,Kabkot,6207,LAMANDAU,70.09,1.34,13.67,26.79,6.05,4208.9,3.41,7.93,44.54,3.56,46.22,3.71,46.51,2922516,.67,9,Kuning (Perlu perhatian),1,1,1,1,1,5,1
2022,Kabkot,6208,SERUYAN,82.84,1.25,9.140000000000001,17.26,4.01,6275.37,3.96,10,28.93,4.6,65.5,3.44,26.46,2922516,.67,11,Kuning (Perlu perhatian),3,1,1,1,3,9,1
2022,Kabkot,6209,KATINGAN,81.25,1.14,13.3,19.35,5.58,5375.13,5.33,11.24,49.18,3.58,31.1,28.52,36.8,2922516,.67,10,Kuning (Perlu perhatian),3,2,1,1,1,8,1
2022,Kabkot,6210,PULANG PISAU,84.93000000000001,.78,13.18,26.33,4.68,3764.99,1.96,7.17,61.71,3.31,50.18,11.85,34.67,2922516,.67,12,Kuning (Perlu perhatian),4,4,1,1,2,12,2
2022,Kabkot,6211,GUNUNG MAS,86.8,.98,8.98,.42,6.47,4050.88,2.96,6.18,47.31,2.76,29.39,32.74,35.11,2922516,.67,13,Kuning (Perlu perhatian),4,3,1,2,1,11,1
2022,Kabkot,6212,BARITO TIMUR,70.01000000000001,1.06,12.73,50.22,6.06,5659.98,2.95,6.07,54.92,3.3,42.66,9.460000000000001,44.58,2922516,.67,11,Kuning (Perlu perhatian),1,2,1,1,1,6,1
2022,Kabkot,6213,MURUNG RAYA,80.09999999999999,.96,12.59,1.35,7.03,6395.04,2.77,9.25,59.91,2.54,35.28,22.87,39.32,2922516,.67,12,Kuning (Perlu perhatian),3,3,1,2,1,10,1
2022,Kabkot,6271,PALANGKA RAYA,66.20999999999999,1.3,34.54,.66,6.25,11720.41,5.64,13.68,45.36,4.66,9.81,11.39,74.13,2922516,.67,13,Kuning (Perlu perhatian),1,1,4,2,1,9,1
2022,Kabkot,6301,TANAH LAUT,79.95,.96,17.65,10.36,5.12,11056.02,4.17,5.66,58.98,6.52,49.52,10.26,33.7,2906473,1.01,11,Kuning (Perlu perhatian),3,3,2,1,2,11,1
2022,Kabkot,6302,KOTABARU,69.15000000000001,1.05,19.98,4.06,4.58,18703.45,6.7,17.36,51.81,3.4,45.02,11.15,40.43,2906473,1.01,12,Kuning (Perlu perhatian),1,2,2,2,3,10,1
2022,Kabkot,6303,BANJAR,84.98999999999999,.87,27.72,8.460000000000001,4.48,12651.5,2.72,5.25,61.96,9.68,36.38,8.68,45.26,2906473,1.01,13,Kuning (Perlu perhatian),4,3,3,1,3,14,3
2022,Kabkot,6304,BARITO KUALA,82.27,.9,25.88,10.18,3.59,6155.85,3.63,10.26,65.47,9.16,42.75,7.53,40.57,2906473,1.01,13,Kuning (Perlu perhatian),3,3,3,1,3,13,3
2022,Kabkot,6305,TAPIN,74.78,1.15,19.42,7.31,4.91,6898.88,4.15,11.46,63.45,5.34,39.77,14.19,40.7,2906473,1.01,11,Kuning (Perlu perhatian),2,2,2,2,2,10,1
2022,Kabkot,6306,HULU SUNGAI SELATAN,77.59999999999999,.87,22.66,-.29,4.02,5039.77,2.29,4.75,67.56999999999999,9.109999999999999,41.34,6.2,43.34,2906473,1.01,15,Oranye (Risiko PHK),2,3,2,3,3,13,3
2022,Kabkot,6307,HULU SUNGAI TENGAH,66.68000000000001,.84,25.27,20.33,3.92,5173.58,3.35,8.33,67.38,8.81,41.03,7.91,42.25,2906473,1.01,13,Kuning (Perlu perhatian),1,4,3,1,3,12,2
2022,Kabkot,6308,HULU SUNGAI UTARA,85.41,.68,31.05,-.55,4.08,3548.52,4.64,11.18,63.95,17.35,27.24,4.93,50.48,2906473,1.01,16,Oranye (Risiko PHK),4,4,3,3,3,17,4
2022,Kabkot,6309,TABALONG,71.11,1.44,16.87,8.07,5.29,15745.72,4.46,15.22,67.69,5.09,48.28,11.64,34.99,2906473,1.01,9,Kuning (Perlu perhatian),2,1,2,1,2,8,1
2022,Kabkot,6310,TANAH BUMBU,85.55,1.01,20.77,-1.08,5.45,16920.76,6.89,17.72,48.27,4.74,30.06,19.97,45.22,2906473,1.01,14,Oranye (Risiko PHK),4,2,2,3,1,12,2
2022,Kabkot,6311,BALANGAN,77.66,.87,17.42,-2.79,5.24,9974.65,3.98,12.6,74.87,2.76,53.06,8.630000000000001,35.56,2906473,1.01,14,Oranye (Risiko PHK),2,3,2,3,2,12,2
2022,Kabkot,6371,BANJARMASIN,82.59,.96,38.65,3.7,5.69,23966.98,6.96,16.34,42.17,8.99,.79,9.32,80.90000000000001,2906473,1.01,12,Kuning (Perlu perhatian),3,3,4,2,1,13,3
2022,Kabkot,6372,BANJAR BARU,69.06999999999999,1.38,38.91,8.41,7.93,6823.28,5.47,14.5,38.51,11.78,7.18,10.52,70.52,2906473,1.01,10,Kuning (Perlu perhatian),1,1,4,1,1,8,1
2022,Kabkot,6401,PASER,73.78,1.21,18.87,5.4,1.1,36985.15,4.88,10.59,49.49,4.45,39.99,13.85,41.71,3014497,1.11,12,Kuning (Perlu perhatian),2,1,2,2,4,11,1
2022,Kabkot,6402,KUTAI BARAT,84.61,1.07,12.59,30.1,4.78,22536.42,4.62,12.98,52.23,2.94,39.38,10.31,47.38,3014497,1.11,12,Kuning (Perlu perhatian),4,2,1,1,2,10,1
2022,Kabkot,6403,KUTAI KARTANEGARA,83.3,1.23,23.37,10.52,3.7,128798.4,4.14,9.880000000000001,48.63,6.62,30.19,17.4,45.79,3014497,1.11,11,Kuning (Perlu perhatian),3,1,2,1,3,10,1
2022,Kabkot,6404,KUTAI TIMUR,70.45,1.54,23.14,-.18,5.58,97173.42,6.48,14.66,48.92,7.51,29.22,14.99,48.29,3014497,1.11,11,Kuning (Perlu perhatian),2,1,2,3,1,9,1
2022,Kabkot,6405,BERAU,78.95999999999999,1.33,21.55,19.2,3.95,29940.84,5.02,12.43,42.73,6.24,27.04,19.05,47.68,3014497,1.11,10,Kuning (Perlu perhatian),3,1,2,1,3,10,1
2022,Kabkot,6409,PENAJAM PASER UTARA,86.04000000000001,1.07,25.6,-9.25,14.49,7433.57,2.12,7.32,62.15,7.69,41.62,7.97,42.71,3014497,1.11,15,Oranye (Risiko PHK),4,2,3,3,1,13,3
2022,Kabkot,6411,MAHAKAM HULU,76.61,1.05,4.94,-16.88,.91,1802.46,2.44,10.07,73.13,.86,63.05,4.11,31.98,3014497,1.11,17,Oranye (Risiko PHK),2,2,1,4,4,13,3
2022,Kabkot,6471,BALIKPAPAN,78.55,1.45,41.86,1.55,4.96,91142.16,6.9,16.27,35.13,7.33,2.88,12.73,77.06999999999999,3014497,1.11,13,Kuning (Perlu perhatian),3,1,4,2,2,12,2
2022,Kabkot,6472,SAMARINDA,76.61,1.22,40.11,-.72,6.6,49349.59,6.78,13.47,39.82,10.55,4.99,14.6,69.86,3014497,1.11,15,Oranye (Risiko PHK),2,1,4,3,1,11,1
2022,Kabkot,6474,BONTANG,74.86,1.5,39.68,-1.31,2.46,40930.98,7.81,18.28,35.08,9.119999999999999,5.56,13.54,71.78,3014497,1.11,14,Oranye (Risiko PHK),2,1,4,3,4,14,3
2022,Kabkot,6501,MALINAU,72.39,1.22,11.69,-25.86,5.02,8568.66,3.3,10.27,69.27,3.18,52.96,8.83,35.04,3016738,.53,13,Kuning (Perlu perhatian),2,1,1,4,2,10,1
2022,Kabkot,6502,BULUNGAN,76.31,1.29,20.75,19.66,5.17,12599.44,5.03,14.05,44.29,5.16,31.05,14.61,49.18,3016738,.53,10,Kuning (Perlu perhatian),2,1,2,1,2,8,1
2022,Kabkot,6503,TANA TIDUNG,85.75,1.22,13.55,-2.15,5.02,4005.24,3.33,4.98,46.68,2.38,39.55,10.73,47.34,3016738,.53,13,Kuning (Perlu perhatian),4,1,1,3,2,11,1
2022,Kabkot,6504,NUNUKAN,62.44,.92,13.73,-1.6,5.24,17199.18,2.74,7.09,58.82,3.89,52.35,2.81,40.95,3016738,.53,14,Oranye (Risiko PHK),1,3,1,3,2,10,1
2022,Kabkot,6571,TARAKAN,75.66,1.15,40.46,8.789999999999999,5.59,24218.41,5.76,13.23,36.01,14.03,10.81,11.73,63.43,3016738,.53,12,Kuning (Perlu perhatian),2,2,4,1,1,10,1
2022,Kabkot,7101,BOLAANG MONGONDOW,74.48999999999999,.8,22.78,1.02,5.35,6032.7,4.96,13.74,78.48,6.54,40.71,17.95,34.81,3310723,0,12,Kuning (Perlu perhatian),2,4,2,2,1,11,1
2022,Kabkot,7102,MINAHASA,67.56999999999999,.98,31.57,-11.45,5.47,12812.87,7,25.59,66.54000000000001,9.33,25.25,8.210000000000001,57.22,3310723,0,15,Oranye (Risiko PHK),1,3,3,4,1,12,2
2022,Kabkot,7103,KEPULAUAN SANGIHE,72.81999999999999,.79,29.79,14.38,5.45,3379.79,2.87,6.41,63.49,15.58,29.32,11.08,44.02,3310723,0,12,Kuning (Perlu perhatian),2,4,3,1,1,11,1
2022,Kabkot,7104,KEPULAUAN TALAUD,59.83,.87,23.76,12.42,5.22,1752.48,3.67,9.109999999999999,73.41,14.18,41.91,5.17,38.74,3310723,0,11,Kuning (Perlu perhatian),1,3,2,1,2,9,1
2022,Kabkot,7105,MINAHASA SELATAN,77.64,.9,41.97,7.6,5.41,6716.36,5.77,19.77,66.86,23.29,24,11.85,40.85,3310723,0,13,Kuning (Perlu perhatian),2,3,4,1,1,11,1
2022,Kabkot,7106,MINAHASA UTARA,81.09999999999999,1.04,33.83,6.35,5.5,10332.09,7.09,19.79,51.11,11.63,24.44,12.71,51.22,3310723,0,12,Kuning (Perlu perhatian),3,2,3,2,1,11,1
2022,Kabkot,7107,BOLAANG MONGONDOW UTARA,84.11,.58,22.1,-10.65,5.52,1846.11,5.1,18.16,65.52,8.41,42.55,6.74,42.31,3310723,0,14,Oranye (Risiko PHK),4,4,2,4,1,15,4
2022,Kabkot,7108,SIAU TAGULANDANG BIARO,75.87,.86,12.88,-3.75,5.19,1769.18,2.96,9.949999999999999,67.34,3.8,46.11,6.59,43.5,3310723,0,14,Oranye (Risiko PHK),2,3,1,3,2,11,1
2022,Kabkot,7109,MINAHASA TENGGARA,73.66,.8,31.16,-13.02,5.3,3969.27,3.43,7.02,69.98,16.07,28.25,9.25,46.43,3310723,0,15,Oranye (Risiko PHK),2,4,3,4,2,15,4
2022,Kabkot,7110,BOLAANG MONGONDOW SELATAN,78.25,.63,15.5,4.87,5.2,1459.09,2.75,9.07,69.98999999999999,5.88,50.39,10.83,32.9,3310723,0,11,Kuning (Perlu perhatian),3,4,1,2,2,12,2
2022,Kabkot,7111,BOLAANG MONGONDOW TIMUR,70.69,.78,15.01,-4.25,5.18,2039.19,6.19,23.47,67.97,3.66,36.31,19.03,41.01,3310723,0,14,Oranye (Risiko PHK),2,4,1,3,2,12,2
2022,Kabkot,7171,MANADO,73.98,1.13,40.02,10.86,5.64,27523.56,10.47,30.59,42.31,4.86,5.74,12.42,76.98,3310723,0,12,Kuning (Perlu perhatian),2,2,4,1,1,10,1
2022,Kabkot,7172,BITUNG,74.98999999999999,1.03,43.99,5.85,5.61,12510.23,8.56,23.57,38.64,19.19,10.27,9.039999999999999,61.5,3310723,0,13,Kuning (Perlu perhatian),2,2,4,2,1,11,1
2022,Kabkot,7173,TOMOHON,68.37,1.11,30.82,23.22,5.17,3378.01,8.109999999999999,21.7,44.8,10.64,11.44,10.13,67.79000000000001,3310723,0,11,Kuning (Perlu perhatian),1,2,3,1,2,9,1
2022,Kabkot,7174,KOTAMOBAGU,66.43000000000001,.99,30.06,.45,5.15,2626.6,6.59,16.61,52.85,6.57,13.83,14.1,65.5,3310723,0,14,Oranye (Risiko PHK),1,3,3,2,2,11,1
2022,Kabkot,7201,BANGGAI KEPULAUAN,68.54000000000001,.9399999999999999,23.95,-27.59,4.94,2870.36,1.48,6.22,77.83,15.28,52.22,4.78,27.72,2390739,3.78,15,Oranye (Risiko PHK),1,3,2,4,2,12,2
2022,Kabkot,7202,BANGGAI,82.51000000000001,1.02,24.03,11.28,6.9,20139.75,3.09,8.130000000000001,66.59999999999999,10.63,41.99,5.22,42.16,2390739,3.78,11,Kuning (Perlu perhatian),3,2,2,1,1,9,1
2022,Kabkot,7203,MOROWALI,83.67,1.52,15.51,-8.289999999999999,28.4,70621.47,3.2,10.26,58.37,7.2,39.31,13.98,39.51,2390739,3.78,11,Kuning (Perlu perhatian),3,1,1,3,1,9,1
2022,Kabkot,7204,POSO,63.36,1.11,15.53,16.3,3.64,6761.15,1.68,6.23,68.01000000000001,6.71,50.59,5.41,37.29,2390739,3.78,11,Kuning (Perlu perhatian),1,2,1,1,3,8,1
2022,Kabkot,7205,DONGGALA,78.75,.82,19.55,-22.12,3.86,8873.91,2.84,7.55,77.04000000000001,5.11,54.97,5.05,34.86,2390739,3.78,15,Oranye (Risiko PHK),3,4,2,4,3,16,4
2022,Kabkot,7206,TOLI-TOLI,75.68000000000001,.91,15.36,7.67,3.64,5986.58,3.31,8.5,62.67,7.19,42.91,4.68,45.22,2390739,3.78,12,Kuning (Perlu perhatian),2,3,1,1,3,10,1
2022,Kabkot,7207,BUOL,72.83,1.12,16.68,5.93,3.66,4177.12,3.07,9.279999999999999,65.2,4.76,46.41,9.42,39.41,2390739,3.78,11,Kuning (Perlu perhatian),2,2,2,2,3,11,1
2022,Kabkot,7208,PARIGI MOUTONG,79.67,.87,19.3,17.86,3.71,12047.38,1.71,4.02,76.09,7.97,51.11,6.37,34.55,2390739,3.78,12,Kuning (Perlu perhatian),3,3,2,1,3,12,2
2022,Kabkot,7209,TOJO UNA-UNA,60.6,1.12,18.28,5.24,3.46,4012.69,3.05,7.72,70.47,7.95,47.59,5.08,39.37,2390739,3.78,11,Kuning (Perlu perhatian),1,2,2,2,4,11,1
2022,Kabkot,7210,SIGI,74.16,1.12,19.55,-10.98,3.33,6679.39,3.02,9.58,76.59999999999999,6.52,50.06,10.08,33.34,2390739,3.78,14,Oranye (Risiko PHK),2,2,2,4,4,14,3
2022,Kabkot,7211,BANGGAI LAUT,71.89,1.25,28.87,-20.46,4.09,1746.71,3.6,13.41,70.75,20.9,34.18,4.19,40.73,2390739,3.78,15,Oranye (Risiko PHK),2,1,3,4,3,13,3
2022,Kabkot,7212,MOROWALI UTARA,62.06,1.38,12.43,.75,36.37,12169.35,2.25,5.76,63.54,5.59,52.25,7.65,34.51,2390739,3.78,11,Kuning (Perlu perhatian),1,1,1,2,1,6,1
2022,Kabkot,7271,PALU,70,1.25,29.21,-10.46,4.32,17092.79,6.15,18.07,47.65,11.13,9.039999999999999,8.35,71.48,2390739,3.78,15,Oranye (Risiko PHK),1,1,3,4,3,12,2
2022,Kabkot,7301,KEPULAUAN SELAYAR,82.81,.58,27.02,-6.42,3.67,3903.8,1.49,3.1,60.63,13.23,37.98,6.34,42.46,3165876,0,16,Oranye (Risiko PHK),3,4,3,3,3,16,4
2022,Kabkot,7302,BULUKUMBA,84.16,.76,17.77,-12.21,3.81,9357.110000000001,1.26,4.31,73.56999999999999,7.22,49.65,5.42,37.71,3165876,0,15,Oranye (Risiko PHK),4,4,2,4,3,17,4
2022,Kabkot,7303,BANTAENG,71.01000000000001,.89,16.71,28.2,15.45,7102.04,2.72,6.59,68.94,5.48,47.28,5.61,41.63,3165876,0,11,Kuning (Perlu perhatian),2,3,2,1,1,9,1
2022,Kabkot,7304,JENEPONTO,73.48999999999999,.78,17.86,4.16,3.81,7327.53,2.21,6.29,77.79000000000001,5.73,58.01,6.7,29.56,3165876,0,12,Kuning (Perlu perhatian),2,4,2,2,3,13,3
2022,Kabkot,7305,TAKALAR,81.3,.71,25.21,-17.37,4.64,7228.4,2.63,4.45,66.13,8.699999999999999,27.05,7.77,56.48,3165876,0,16,Oranye (Risiko PHK),3,4,3,4,2,16,4
2022,Kabkot,7306,GOWA,77.98999999999999,1.06,24.69,-14.06,4.59,15734.85,3.26,6.34,66.77,9.710000000000001,41.75,8.49,40.05,3165876,0,15,Oranye (Risiko PHK),2,2,3,4,3,14,3
2022,Kabkot,7307,SINJAI,75.25,.64,14.26,2.42,4.87,7945.62,1.8,6.92,70.98,5.14,54.78,3.27,36.82,3165876,0,12,Kuning (Perlu perhatian),2,4,1,2,2,11,1
2022,Kabkot,7308,MAROS,82.3,.85,31.63,1.51,9.130000000000001,13532.96,5.04,11.6,53.64,12.95,24.85,9.18,53.02,3165876,0,13,Kuning (Perlu perhatian),3,4,3,2,1,13,3
2022,Kabkot,7309,PANGKAJENE DAN KEPULAUAN,88.31999999999999,.6899999999999999,26.84,-3.66,4.93,18363.59,5.23,14.15,57.19,11.11,40.57,9.77,38.55,3165876,0,16,Oranye (Risiko PHK),4,4,3,3,2,16,4
2022,Kabkot,7310,BARRU,69.66,.77,23.06,1.3,5.11,5329.31,5.32,17.08,56.57,6.94,36.1,6.32,50.64,3165876,0,12,Kuning (Perlu perhatian),1,4,2,2,2,11,1
2022,Kabkot,7311,BONE,81.59999999999999,.71,13.65,2.25,5.23,24491.73,2.27,8.140000000000001,72.16,6.22,56.33,3.33,34.11,3165876,0,11,Kuning (Perlu perhatian),3,4,1,2,2,12,2
2022,Kabkot,7312,SOPPENG,66.29000000000001,.78,19.59,8.91,6.18,8054.42,3.4,9.300000000000001,66.09,7.9,43.86,3.75,44.49,3165876,0,11,Kuning (Perlu perhatian),1,4,2,1,1,9,1
2022,Kabkot,7313,WAJO,71.70999999999999,.68,20.74,2.37,2.38,13891.79,2.54,6.49,72.15000000000001,8.85,45.1,5.61,40.45,3165876,0,13,Kuning (Perlu perhatian),2,4,2,2,4,14,3
2022,Kabkot,7314,SIDENRENG RAPPANG,89.40000000000001,.89,32.17,1.78,4.86,9297.02,3.56,8.449999999999999,64.20999999999999,7.52,28.31,12.59,51.58,3165876,0,14,Oranye (Risiko PHK),4,3,3,2,2,14,3
2022,Kabkot,7315,PINRANG,86.48,.87,24.79,-3.35,4.53,14082.65,2.79,6.2,66.68000000000001,10.47,39.79,5.68,44.06,3165876,0,15,Oranye (Risiko PHK),4,3,3,3,3,16,4
2022,Kabkot,7316,ENREKANG,73.84,.76,14.29,2.59,3.71,5065.36,.58,2.39,76.62,6.33,58.39,3.69,31.59,3165876,0,12,Kuning (Perlu perhatian),2,4,1,2,3,12,2
2022,Kabkot,7317,LUWU,84.34999999999999,.83,18.25,13.7,5.69,11044.67,3.85,12.16,70.83,4.86,56.53,5.74,32.87,3165876,0,11,Kuning (Perlu perhatian),4,4,2,1,1,12,2
2022,Kabkot,7318,TANA TORAJA,60.34,.95,12.16,48.33,5.12,5025.78,2.32,5.35,82.92,2.81,69.23999999999999,5.72,22.22,3165876,0,11,Kuning (Perlu perhatian),1,3,1,1,2,8,1
2022,Kabkot,7322,LUWU UTARA,79.77,.7,20.92,13.27,4.54,8876.969999999999,2.81,7.69,70.45999999999999,7.14,48.72,6.76,37.37,3165876,0,12,Kuning (Perlu perhatian),3,4,2,1,3,13,3
2022,Kabkot,7325,LUWU TIMUR,72,1.2,18.08,5.22,1.99,16349.21,4.48,11.77,61.39,4.25,43.6,14.78,37.37,3165876,0,12,Kuning (Perlu perhatian),2,1,2,2,4,11,1
2022,Kabkot,7326,TORAJA UTARA,67.65000000000001,.92,14.81,-8.130000000000001,5.27,5639.38,1.99,6.09,78.54000000000001,4.25,57.62,6.04,32.1,3165876,0,14,Oranye (Risiko PHK),1,3,1,3,2,10,1
2022,Kabkot,7371,MAKASSAR,75.48,1.1,42.12,-.06,5.4,133132.6,11.82,28.08,39.39,11.84,1.29,9.43,77.44,3165876,0,15,Oranye (Risiko PHK),2,2,4,3,1,12,2
2022,Kabkot,7372,PAREPARE,70.52,1,34.93,.6,5.93,5468.43,5.6,14.9,43.97,7.12,3.58,9.24,80.06,3165876,0,14,Oranye (Risiko PHK),2,3,4,2,1,12,2
2022,Kabkot,7373,PALOPO,74.78,.97,32.52,-3.68,5.83,6104.74,8.199999999999999,17.7,42.32,8.06,7.57,9,75.37,3165876,0,15,Oranye (Risiko PHK),2,3,3,3,1,12,2
2022,Kabkot,7401,BUTON,82.37,.77,28.76,-26.03,5.74,3010.49,2.99,3.35,74.76000000000001,7.03,41.23,8.779999999999999,42.96,2710596,6.21,15,Oranye (Risiko PHK),3,4,3,4,1,15,4
2022,Kabkot,7402,MUNA,56.58,.93,26.39,-4.35,5.9,5537.06,3.11,9.380000000000001,69.41,10.63,33.6,8.17,47.6,2710596,6.21,15,Oranye (Risiko PHK),1,3,3,3,1,11,1
2022,Kabkot,7403,KONAWE,62.54,1.27,29.73,14.08,15.38,9177.940000000001,2.73,6.67,60.51,15.46,36.08,7.69,40.78,2710596,6.21,11,Kuning (Perlu perhatian),1,1,3,1,1,7,1
2022,Kabkot,7404,KOLAKA,68.75,1.14,19.08,-1.58,2.38,19415.15,4.17,10.39,60.69,4.57,39.9,15.49,40.04,2710596,6.21,15,Oranye (Risiko PHK),1,2,2,3,4,12,2
2022,Kabkot,7405,KONAWE SELATAN,72.15000000000001,1.06,28.92,10.09,5.85,9154.74,2.95,7.23,69.3,13.81,34.93,12.13,39.14,2710596,6.21,12,Kuning (Perlu perhatian),2,2,3,1,1,9,1
2022,Kabkot,7406,BOMBANA,56.02,1,15.55,-1.32,5.11,5122.34,1.47,2.74,66.78,5.83,42.25,9.369999999999999,42.54,2710596,6.21,14,Oranye (Risiko PHK),1,3,1,3,2,10,1
2022,Kabkot,7407,WAKATOBI,76.2,.77,24.68,-13.64,4.76,3374.16,3.53,10.76,71.97,7.29,36.19,7.52,49,2710596,6.21,15,Oranye (Risiko PHK),2,4,3,4,2,15,4
2022,Kabkot,7408,KOLAKA UTARA,73.04000000000001,.92,14.52,27.83,3.69,6770.49,2.86,5.6,71,4.79,49.33,6.2,39.68,2710596,6.21,12,Kuning (Perlu perhatian),2,3,1,1,3,10,1
2022,Kabkot,7409,BUTON UTARA,69.2,.86,22.65,-.1,5.01,2460.04,2.1,4.28,66.81999999999999,11.87,40.48,7.39,40.27,2710596,6.21,14,Oranye (Risiko PHK),1,3,2,3,2,11,1
2022,Kabkot,7410,KONAWE UTARA,78.8,1.19,25.45,-14.84,5.07,3107.85,2.01,4.88,64.01000000000001,12.47,33.22,19.44,34.87,2710596,6.21,14,Oranye (Risiko PHK),3,1,3,4,2,13,3
2022,Kabkot,7411,KOLAKA TIMUR,80.76000000000001,.7,16.2,-5.8,4.47,3566.4,2.22,4.92,72.58,7.8,51.74,5.07,35.39,2710596,6.21,15,Oranye (Risiko PHK),3,4,2,3,3,15,4
2022,Kabkot,7412,KONAWE KEPULAUAN,69.93000000000001,.73,23.08,57.49,3.23,1105.75,1.85,5.1,67.09999999999999,14.39,38.65,6.79,40.18,2710596,6.21,12,Kuning (Perlu perhatian),1,4,2,1,4,12,2
2022,Kabkot,7413,MUNA BARAT,59.78,.86,15.37,-20.28,4.08,2002.59,2.4,5.86,79.59,7.27,55.1,5.07,32.55,2710596,6.21,15,Oranye (Risiko PHK),1,3,1,4,3,12,2
2022,Kabkot,7414,BUTON TENGAH,82.78,.6899999999999999,28.29,1.31,3.86,1827.9,2.63,4.22,74.27,14.47,35.83,5.68,44.01,2710596,6.21,14,Oranye (Risiko PHK),3,4,3,2,3,15,4
2022,Kabkot,7415,BUTON SELATAN,84.39,.63,25.92,16.96,3.9,2161.37,4.18,5.15,70.59999999999999,9.59,45.67,11.47,33.27,2710596,6.21,13,Kuning (Perlu perhatian),4,4,3,1,3,15,4
2022,Kabkot,7471,KENDARI,67.91,1.23,31.05,-4.19,4.94,18012.91,5.23,12.69,37.94,5.64,2.04,10.37,81.95,2710596,6.21,15,Oranye (Risiko PHK),1,1,3,3,2,10,1
2022,Kabkot,7472,BAUBAU,71.09,.95,36.4,19.98,5.28,7205.82,5.39,8.119999999999999,41.53,7.95,5.74,12.28,74.03,2710596,6.21,12,Kuning (Perlu perhatian),2,3,4,1,2,12,2
2022,Kabkot,7501,BOALEMO,85.83,.88,21.29,-17.5,3.05,3677.31,2.07,7.2,73.93000000000001,10.54,45.91,5.61,37.95,2800580,.42,15,Oranye (Risiko PHK),4,3,2,4,4,17,4
2022,Kabkot,7502,GORONTALO,80.55,.85,22.49,-5.62,3.93,9440.540000000001,1.83,6.18,69.87,8.74,39.85,7.12,44.3,2800580,.42,15,Oranye (Risiko PHK),3,4,2,3,3,15,4
2022,Kabkot,7503,POHUWATO,77.29000000000001,.78,16.91,-14.25,3.08,4849,3.41,9.630000000000001,68.64,9.960000000000001,43.54,9.23,37.27,2800580,.42,15,Oranye (Risiko PHK),2,4,2,4,4,16,4
2022,Kabkot,7504,BONE BOLANGO,75.48999999999999,.82,29.46,1.35,4.02,3355.01,3.29,11.46,56.74,10.1,22.18,12.76,54.96,2800580,.42,14,Oranye (Risiko PHK),2,4,3,2,3,14,3
2022,Kabkot,7505,GORONTALO UTARA,80.26000000000001,.89,16.46,-12.79,3.3,2454.88,2.02,6.66,73.01000000000001,6.24,43.44,7.6,42.71,2800580,.42,15,Oranye (Risiko PHK),3,3,2,4,4,16,4
2022,Kabkot,7571,GORONTALO,65.34,1.1,35.87,.05,4.11,6608.49,3.5,8.9,47.27,9.35,5.23,7.29,78.14,2800580,.42,14,Oranye (Risiko PHK),1,2,4,3,3,13,3
2022,Kabkot,7601,MAJENE,69.98999999999999,.78,29.81,-20.66,2.39,3683.56,2.19,4.84,72.91,11.45,32.36,6.97,49.22,2678863,0,17,Oranye (Risiko PHK),1,4,3,4,4,16,4
2022,Kabkot,7602,POLEWALI MANDAR,82.43000000000001,.77,19.05,-24.99,3.58,9751.959999999999,2.16,5.29,79.45,11.11,50.06,4.59,34.24,2678863,0,15,Oranye (Risiko PHK),3,4,2,4,4,17,4
2022,Kabkot,7603,MAMASA,61.87,.72,8.529999999999999,-28.24,1.79,2296.43,2.06,6.01,85.48999999999999,3.37,67.93000000000001,2.51,26.19,2678863,0,16,Oranye (Risiko PHK),1,4,1,4,4,14,3
2022,Kabkot,7604,MAMUJU,69.81,1.05,17.96,17.17,3.24,8605.4,3.06,6.88,69.55,3.88,43.9,10.47,41.75,2678863,0,12,Kuning (Perlu perhatian),1,2,2,1,4,10,1
2022,Kabkot,7605,PASANGKAYU,49.71,1.13,16.99,-26.09,-.08,7379.12,2.38,4.47,79.16,6.06,55.24,3.78,34.92,2678863,0,15,Oranye (Risiko PHK),1,2,2,4,4,13,3
2022,Kabkot,7606,MAMUJU TENGAH,84.31,.68,14.2,-22.37,2.3,2332.23,1.88,4.02,77.41,4.18,55.58,3.22,37.02,2678863,0,16,Oranye (Risiko PHK),4,4,1,4,4,17,4
2022,Kabkot,8101,MALUKU TENGGARA BARAT,51.56,.98,19.11,30.33,5.66,1848.92,4.33,16.95,71.83,11.05,47.44,3.83,37.69,2619313,.55,11,Kuning (Perlu perhatian),1,3,2,1,1,8,1
2022,Kabkot,8102,MALUKU TENGGARA,60.87,.9,15.19,3.37,5.65,2148.91,5.74,22.93,68.75,2.89,50.99,2.86,43.25,2619313,.55,11,Kuning (Perlu perhatian),1,3,1,2,1,8,1
2022,Kabkot,8103,MALUKU TENGAH,64.78,.91,25.58,-7.31,5.21,6348.06,6.76,19.52,70.19,10.34,40.61,5.1,43.95,2619313,.55,15,Oranye (Risiko PHK),1,3,3,3,2,12,2
2022,Kabkot,8104,BURU,67.75,1.39,23.97,21.44,5.22,1694.59,4.99,11.28,58.67,10.26,30.42,14.42,44.9,2619313,.55,9,Kuning (Perlu perhatian),1,1,2,1,2,7,1
2022,Kabkot,8105,KEPULAUAN ARU,68.29000000000001,.98,15.33,10.87,5.64,2489.55,2.1,3.02,66.5,9.460000000000001,51.26,2.5,36.78,2619313,.55,11,Kuning (Perlu perhatian),1,3,1,1,1,7,1
2022,Kabkot,8106,SERAM BAGIAN BARAT,64.18000000000001,.67,20.33,-5.9,5.63,2144.34,5.45,19.76,77.03,11.71,46.85,4.68,36.76,2619313,.55,14,Oranye (Risiko PHK),1,4,2,3,1,11,1
2022,Kabkot,8107,SERAM BAGIAN TIMUR,76.95999999999999,.65,23.82,1.13,4.1,2047.51,3.38,8.630000000000001,75.97,12.66,47.9,8.140000000000001,31.3,2619313,.55,13,Kuning (Perlu perhatian),2,4,2,2,3,13,3
2022,Kabkot,8108,MALUKU BARAT DAYA,60.01,1.02,22.72,27.4,10.08,1398.2,2.47,8.289999999999999,73.11,14.65,49.56,1.6,34.19,2619313,.55,11,Kuning (Perlu perhatian),1,2,2,1,1,7,1
2022,Kabkot,8109,BURU SELATAN,72.44,.73,23.26,26.25,5.53,974.2,.98,2.71,73.92,18.08,42.11,6.31,33.49,2619313,.55,11,Kuning (Perlu perhatian),2,4,2,1,1,10,1
2022,Kabkot,8171,AMBON,64.70999999999999,1.16,40.29,-.62,5.11,11149.56,11.67,28.5,44,11.22,5.92,8.630000000000001,74.23,2619313,.55,15,Oranye (Risiko PHK),1,2,4,3,2,12,2
2022,Kabkot,8172,TUAL,61.09,.9,25.31,-14.4,5.64,1639.44,9.07,24.92,64,5.31,34.11,8.19,52.38,2619313,.55,15,Oranye (Risiko PHK),1,3,3,4,1,12,2
2022,Kabkot,8201,HALMAHERA BARAT,73.54000000000001,.82,46.08,-4.91,3.2,1598,3.45,11.98,69.89,33.56,21.83,7.37,37.24,2862231,5.17,17,Oranye (Risiko PHK),2,4,4,3,4,17,4
2022,Kabkot,8202,HALMAHERA TENGAH,73.31,1.42,26.13,-30.02,102.37,10618.62,3.06,8.67,68.81999999999999,12.55,35.83,15.04,36.57,2862231,5.17,13,Kuning (Perlu perhatian),2,1,3,4,1,11,1
2022,Kabkot,8203,KEPULAUAN SULA,73.31999999999999,.67,38.92,-13.13,3.55,1721.84,2.1,7.4,67.05,27.87,25.06,6.68,40.39,2862231,5.17,16,Oranye (Risiko PHK),2,4,4,4,4,18,4
2022,Kabkot,8204,HALMAHERA SELATAN,78.88,1.06,43.05,-22.91,21.38,7935.89,1.51,4.91,77.03,32.62,32.45,9.06,25.86,2862231,5.17,16,Oranye (Risiko PHK),3,2,4,4,1,14,3
2022,Kabkot,8205,HALMAHERA UTARA,61.33,.96,22.23,-4.07,3.74,3998.68,6.06,17.46,72.92,10.77,44.34,7.25,37.63,2862231,5.17,15,Oranye (Risiko PHK),1,3,2,3,3,12,2
2022,Kabkot,8206,HALMAHERA TIMUR,77.22,.91,22.93,-11.06,1.18,2531.77,5.2,16.21,67.19,16.51,40.4,11.77,31.32,2862231,5.17,16,Oranye (Risiko PHK),2,3,2,4,4,15,4
2022,Kabkot,8207,PULAU MOROTAI,81.83,.77,42.11,32.1,3.1,1107.18,4.35,12.18,63.44,28.65,27.4,9.26,34.69,2862231,5.17,14,Oranye (Risiko PHK),3,4,4,1,4,16,4
2022,Kabkot,8208,PULAU TALIABU,80.18000000000001,.78,31.73,-9.960000000000001,3.45,1161.9,4.17,10.39,78.01000000000001,25.65,41.15,11.13,22.06,2862231,5.17,16,Oranye (Risiko PHK),3,4,3,4,4,18,4
2022,Kabkot,8271,TERNATE,47.19,1.21,32.15,6.82,5.31,7730.92,5.77,15.89,45.46,4.52,10.44,7.61,77.43000000000001,2862231,5.17,10,Kuning (Perlu perhatian),1,1,3,2,2,9,1
2022,Kabkot,8272,TIDORE KEPULAUAN,70.47,1.01,38.87,-2.69,3.15,2122.43,2.85,9.960000000000001,55.86,15.97,19.7,11,53.33,2862231,5.17,16,Oranye (Risiko PHK),2,2,4,3,4,15,4
2022,Kabkot,9101,FAKFAK,49.42,1.04,18.18,-19.62,2.06,3545.46,6.75,16.28,63.29,1.44,38.29,8.41,51.86,3200000,2.09,15,Oranye (Risiko PHK),1,2,2,4,4,13,3
2022,Kabkot,9102,KAIMANA,42.63,1.15,14.15,12.66,1.09,1734.75,3.34,5.86,63.38,3.9,45.01,3.15,47.94,3200000,2.09,11,Kuning (Perlu perhatian),1,2,1,1,4,9,1
2022,Kabkot,9103,TELUK WONDAMA,69.86,.93,9.08,-26.72,3.19,1021.69,2.86,6.74,70.38,1.04,55.05,10.74,33.17,3200000,2.09,15,Oranye (Risiko PHK),1,3,1,4,4,13,3
2022,Kabkot,9104,TELUK BINTUNI,73.75,1.1,20.88,-5.53,2.06,25574.38,3.58,7.33,53.19,6.19,32.85,8.6,52.35,3200000,2.09,15,Oranye (Risiko PHK),2,2,2,3,4,13,3
2022,Kabkot,9105,MANOKWARI,72.94,.96,25.85,-15.52,1.98,6755.97,5.41,15.7,59.35,3.44,33.05,11.76,51.75,3200000,2.09,17,Oranye (Risiko PHK),2,3,3,4,4,16,4
2022,Kabkot,9106,SORONG SELATAN,56.85,.96,3.09,-19.13,5.71,1374.74,3.05,5.56,78.54000000000001,1.31,75.92,.6899999999999999,22.07,3200000,2.09,14,Oranye (Risiko PHK),1,3,1,4,1,10,1
2022,Kabkot,9107,SORONG,72.44,1.02,22.19,-11.6,2.01,8720.040000000001,3.38,11.76,64.44,5.36,46.24,10.79,37.61,3200000,2.09,16,Oranye (Risiko PHK),2,2,2,4,4,14,3
2022,Kabkot,9108,RAJA AMPAT,67.08,.87,20.4,-23.16,11.89,2841.17,3.91,12.28,71.56,12.71,54.37,7.39,25.52,3200000,2.09,14,Oranye (Risiko PHK),1,3,2,4,1,11,1
2022,Kabkot,9109,TAMBRAUW,63.22,.82,4.07,-.58,3.17,152.16,1.46,4.71,73.55,.46,69.22,2.38,27.93,3200000,2.09,15,Oranye (Risiko PHK),1,4,1,3,4,13,3
2022,Kabkot,9110,MAYBRAT,46.88,.84,9.880000000000001,-8.039999999999999,2.47,479.23,2.09,3.19,74.97,.96,61.33,3.66,34.06,3200000,2.09,15,Oranye (Risiko PHK),1,4,1,3,4,13,3
2022,Kabkot,9111,MANOKWARI SELATAN,62.2,.8100000000000001,6.83,-8.84,2.02,597.38,1.06,2.81,64.23999999999999,3.21,52,2.66,42.14,3200000,2.09,16,Oranye (Risiko PHK),1,4,1,3,4,13,3
2022,Kabkot,9112,PEGUNUNGAN ARFAK,14.75,1.05,0,16.85,14.03,180.3,.12,.3,90.70999999999999,0,89,0,11,3200000,2.09,8,Hijau (Aman),1,2,1,1,1,6,1
2022,Kabkot,9171,SORONG,74.53,1.08,32.39,7.49,1.14,10164.07,10.09,23.47,41.18,6.08,6.95,11.29,75.68000000000001,3200000,2.09,14,Oranye (Risiko PHK),2,2,3,2,4,13,3
2022,Kabkot,9401,MERAUKE,72.66,1,23.63,-1.09,4.18,10792.11,2.64,8.67,68.73999999999999,6.08,44.3,6.99,42.63,3561932,1.29,15,Oranye (Risiko PHK),2,3,2,3,3,13,3
2022,Kabkot,9402,JAYAWIJAYA,54.12,1.1,5.6,-55.26,5.69,4915.66,.45,.61,93.54000000000001,.35,81.13,1.01,17.51,3561932,1.29,13,Kuning (Perlu perhatian),1,2,1,4,1,9,1
2022,Kabkot,9403,JAYAPURA,52.46,1.02,18.55,-6.34,4.74,10584.55,5.94,17.69,70.52,4.28,44.57,4.95,46.21,3561932,1.29,15,Oranye (Risiko PHK),1,2,2,3,2,10,1
2022,Kabkot,9404,NABIRE,59.84,1.01,24.79,-6.44,2.64,7857.11,3.45,9.68,63.31,5.12,31.38,9.289999999999999,54.21,3561932,1.29,16,Oranye (Risiko PHK),1,2,3,3,4,13,3
2022,Kabkot,9408,KEPULAUAN YAPEN,50.68,1.07,16.03,-26.91,4.87,3010.74,3.6,9.56,76.84999999999999,4.2,56.47,3.72,35.61,3561932,1.29,15,Oranye (Risiko PHK),1,2,2,4,2,11,1
2022,Kabkot,9409,BIAK NUMFOR,49.75,.86,13.17,-29.88,4.89,3499.54,7.4,21.31,74.26000000000001,2.12,46.63,5.41,45.84,3561932,1.29,14,Oranye (Risiko PHK),1,3,1,4,2,11,1
2022,Kabkot,9410,PANIAI,87.31,.88,.93,-39.7,3.59,3194.81,1.83,3.46,97.47,.16,94.84,.31,4.69,3561932,1.29,15,Oranye (Risiko PHK),4,3,1,4,3,15,4
2022,Kabkot,9411,PUNCAK JAYA,91.61,1.37,.53,-82.37,2.95,1009.93,.09,.29,98.72,.02,94.77,0,5.21,3561932,1.29,14,Oranye (Risiko PHK),4,1,1,4,4,14,3
2022,Kabkot,9412,MIMIKA,68.98,1.45,33.85,8.69,15.32,80284.10000000001,5.49,13.38,56.18,1.78,26.81,16.53,54.88,3561932,1.29,10,Kuning (Perlu perhatian),1,1,3,1,1,7,1
2022,Kabkot,9413,BOVEN DIGOEL,79.97,1.04,22.69,-14.06,1.11,3235.93,5.56,13.79,62.99,10.08,50.21,3.86,35.85,3561932,1.29,16,Oranye (Risiko PHK),3,2,2,4,4,15,4
2022,Kabkot,9414,MAPPI,55.98,1.11,4.74,-41.68,5.1,1993.79,2.34,4.87,84.03,.42,76.91,1.19,21.48,3561932,1.29,13,Kuning (Perlu perhatian),1,2,1,4,2,10,1
2022,Kabkot,9415,ASMAT,59.29,1.01,9.390000000000001,-6.04,5.09,1643.23,.87,1.95,82.77,1.97,69.90000000000001,2.35,25.78,3561932,1.29,14,Oranye (Risiko PHK),1,2,1,3,2,9,1
2022,Kabkot,9416,YAHUKIMO,30.65,1.06,.34,-39.54,1.71,1582.38,1.32,3.58,97.17,0,95.95999999999999,.01,4.04,3561932,1.29,15,Oranye (Risiko PHK),1,2,1,4,4,12,2
2022,Kabkot,9417,PEGUNUNGAN BINTANG,65.04000000000001,.98,.7,4.52,3.32,1492.53,3.01,7.57,86.33,.05,85.2,.74,14.01,3561932,1.29,12,Kuning (Perlu perhatian),1,3,1,2,4,11,1
2022,Kabkot,9418,TOLIKARA,24.18,1.2,.5600000000000001,-75.09,3.39,1104.79,.36,1.12,97.98,.15,96.45,0,3.39,3561932,1.29,12,Kuning (Perlu perhatian),1,1,1,4,4,11,1
2022,Kabkot,9419,SARMI,54,1.23,7.88,-21.7,2.89,1906.55,2.09,7.03,74.22,2.31,61.99,3.21,32.48,3561932,1.29,15,Oranye (Risiko PHK),1,1,1,4,4,11,1
2022,Kabkot,9420,KEEROM,71.79000000000001,.96,13.2,-6.53,2.91,2105.66,2.49,8.68,76.53,7.12,66.42,5.36,21.1,3561932,1.29,16,Oranye (Risiko PHK),2,3,1,3,4,13,3
2022,Kabkot,9426,WAROPEN,65.87,.82,11.18,5.36,4.88,1550.91,6.64,26.41,61.91,3.19,42.46,2.04,52.31,3561932,1.29,12,Kuning (Perlu perhatian),1,4,1,2,2,10,1
2022,Kabkot,9427,SUPIORI,41.04,.98,7.88,-10.87,2.93,804,2.93,13.98,75.62,1.61,65.8,2.59,30,3561932,1.29,15,Oranye (Risiko PHK),1,3,1,4,4,13,3
2022,Kabkot,9428,MAMBERAMO RAYA,60.97,.93,1.2,-26.99,3.1,1061.75,2.32,5.92,95.31,0,86.31999999999999,.42,13.26,3561932,1.29,15,Oranye (Risiko PHK),1,3,1,4,4,13,3
2022,Kabkot,9429,NDUGA,88.8,.9,0,,3.02,839.9,.52,1.48,98.78,0,98.47,0,1.53,3561932,1.29,12,Kuning (Perlu perhatian),4,3,1,,4,,
2022,Kabkot,9430,LANNY JAYA,58.16,1.27,0,107.7,3.96,1249.77,.5600000000000001,2.06,96.88,0,95.18000000000001,0,4.82,3561932,1.29,11,Kuning (Perlu perhatian),1,1,1,1,3,7,1
2022,Kabkot,9431,MAMBERAMO TENGAH,56.25,1.06,0,-6.42,.86,775.99,.95,2.52,95.72,0,94.75,0,5.25,3561932,1.29,17,Oranye (Risiko PHK),1,2,1,3,4,11,1
2022,Kabkot,9433,PUNCAK,100,1.81,.15,-96.43000000000001,3.83,862.72,.19,.57,99.81,0,99.77,.15,.08,3561932,1.29,12,Kuning (Perlu perhatian),4,1,1,4,3,13,3
2022,Kabkot,9434,DOGIYAI,16.58,.83,0,-54.84,.71,912.01,4.54,8.32,98.70999999999999,0,97.78,0,2.22,3561932,1.29,15,Oranye (Risiko PHK),1,4,1,4,4,14,3
2022,Kabkot,9435,INTAN JAYA,100,.88,.28,-92.08,2.45,786.29,2.14,2.38,99.59,0,99.06,0,.9399999999999999,3561932,1.29,16,Oranye (Risiko PHK),4,3,1,4,4,16,4
2022,Kabkot,9436,DEIYAI,20.93,1.3,0,251.13,3.46,872.24,1.48,3.79,99.20999999999999,0,97.23999999999999,0,2.76,3561932,1.29,9,Kuning (Perlu perhatian),1,1,1,1,4,8,1
2022,Kabkot,9471,JAYAPURA,46.69,1.15,33.35,-16.4,3.87,23702.2,9.710000000000001,25.73,51.54,1.95,9.369999999999999,8.01,80.67,3561932,1.29,14,Oranye (Risiko PHK),1,2,3,4,3,13,3
2023,Kabkot,1101,SIMEULUE,78.47,.66,10.74,8.73,4.63,1806.62,5.85,10.52,60.47,2.98,47.63,3.27,46.12,3413666,7.81,12,Kuning (Perlu perhatian),3,4,1,2,2,12,2
2023,Kabkot,1102,ACEH SINGKIL,73.77,.68,21.39,-14.79,3.52,1909.66,6.84,18.28,59.21,6.45,43.81,6.14,43.6,3413666,7.81,15,Oranye (Risiko PHK),2,4,2,4,4,16,4
2023,Kabkot,1103,ACEH SELATAN,77.48999999999999,.59,18.15,6.33,4.2,4669.2,4.73,11.59,56.46,4.9,42.33,11.51,41.27,3413666,7.81,12,Kuning (Perlu perhatian),3,4,1,2,3,13,2
2023,Kabkot,1104,ACEH TENGGARA,67.92,.71,17.81,-8.949999999999999,3.04,3693.26,5,13.95,82.62,2.48,57.17,3.78,36.57,3413666,7.81,15,Oranye (Risiko PHK),1,4,1,4,4,14,3
2023,Kabkot,1105,ACEH TIMUR,82.47,.62,26.18,-4.31,2.09,8931.139999999999,8.029999999999999,23.17,57.82,7.05,43.6,12.19,37.15,3413666,7.81,17,Oranye (Risiko PHK),4,4,3,4,4,19,4
2023,Kabkot,1106,ACEH TENGAH,66.73,.8,10.01,3.67,5.6,6602.15,4.42,10.76,76.18000000000001,2.62,61.75,2.43,33.2,3413666,7.81,11,Kuning (Perlu perhatian),1,4,1,3,1,10,1
2023,Kabkot,1107,ACEH BARAT,69.09,.91,21.78,20.71,4.08,8060.2,6.07,18.09,54.36,5.23,35.64,11.94,47.19,3413666,7.81,12,Kuning (Perlu perhatian),1,3,2,1,3,10,1
2023,Kabkot,1108,ACEH BESAR,86.34999999999999,.72,31.79,9.77,4.27,11114.02,8.17,21.09,53.47,8.32,29.37,11.31,51,3413666,7.81,13,Kuning (Perlu perhatian),4,4,3,2,3,16,4
2023,Kabkot,1109,PIDIE,81.56,.66,30.71,18.59,3.95,8619.879999999999,5.92,18.71,62.37,9.52,37.69,9.67,43.11,3413666,7.81,13,Kuning (Perlu perhatian),3,4,3,1,3,14,3
2023,Kabkot,1110,BIREUEN,80.95999999999999,.73,30.81,3.44,4.38,11295.38,4.14,9.58,54.95,12.33,33.42,8.66,45.59,3413666,7.81,13,Kuning (Perlu perhatian),3,4,3,3,3,16,4
2023,Kabkot,1111,ACEH UTARA,87.89,.67,26.71,14.91,.51,17810.96,7.07,24.05,65.47,7.38,41.33,11.55,39.74,3413666,7.81,15,Oranye (Risiko PHK),4,4,3,1,4,16,4
2023,Kabkot,1112,ACEH BARAT DAYA,80.89,.66,20.97,7.83,3.92,3313.73,4.08,11.27,60.51,4.88,36.67,10.79,47.66,3413666,7.81,12,Kuning (Perlu perhatian),3,4,2,2,3,14,3
2023,Kabkot,1113,GAYO LUES,69.8,.74,17.09,-6.19,3.98,2133.2,2.65,6.57,81.54000000000001,10.27,57.14,2.59,30,3413666,7.81,15,Oranye (Risiko PHK),2,4,1,4,3,14,3
2023,Kabkot,1114,ACEH TAMIANG,77.95,.75,27.42,6.08,2.25,6402.01,7.21,18.68,57.33,6.61,36.87,8.869999999999999,47.65,3413666,7.81,14,Oranye (Risiko PHK),3,4,3,2,4,16,4
2023,Kabkot,1115,NAGAN RAYA,69.97,.96,15.22,21.25,7.57,7802.17,5.74,19.16,58.41,5.98,57.36,6.12,30.54,3413666,7.81,11,Kuning (Perlu perhatian),2,3,1,1,1,8,1
2023,Kabkot,1116,ACEH JAYA,76.73,.68,17.15,5.35,4.15,2196.08,2.88,9.26,62.41,4.36,46.27,7.06,42.3,3413666,7.81,12,Kuning (Perlu perhatian),3,4,1,2,3,13,2
2023,Kabkot,1117,BENER MERIAH,52.32,.73,10.67,-5.8,5.22,4085.23,2.45,4.62,85.45,3.76,67.06999999999999,2.75,26.42,3413666,7.81,14,Oranye (Risiko PHK),1,4,1,4,1,11,1
2023,Kabkot,1118,PIDIE JAYA,80.3,.71,28.19,-.14,4.24,2845.17,4.34,16.71,61.63,6.47,31.74,14.1,47.69,3413666,7.81,16,Oranye (Risiko PHK),3,4,3,3,3,16,4
2023,Kabkot,1171,BANDA ACEH,60.92,1.15,31.7,.12,5.06,17079.85,8.029999999999999,18.88,33.15,11.58,2.86,6.74,78.83,3413666,7.81,13,Kuning (Perlu perhatian),1,2,3,3,2,11,1
2023,Kabkot,1172,SABANG,56.2,.87,30.52,9.76,2.96,1217.54,3.92,12.48,37.04,7.53,15.75,8.359999999999999,68.36,3413666,7.81,14,Oranye (Risiko PHK),1,3,3,2,4,13,2
2023,Kabkot,1173,LANGSA,69.18000000000001,.8100000000000001,32,-6,4.22,4326.98,7.73,22.85,40.71,8.23,12.21,9.24,70.31,3413666,7.81,16,Oranye (Risiko PHK),1,4,3,4,3,15,4
2023,Kabkot,1174,LHOKSEUMAWE,65.68000000000001,.89,32.6,5.61,4.21,7861.01,8.779999999999999,20.61,42.71,9.6,10.31,9.09,70.98999999999999,3413666,7.81,13,Kuning (Perlu perhatian),1,3,3,2,3,12,2
2023,Kabkot,1175,SUBULUSSALAM,73.18000000000001,.68,16.1,-7.93,4.06,1559.06,5.69,14.45,59.7,2.74,44.99,6.68,45.59,3413666,7.81,15,Oranye (Risiko PHK),2,4,1,4,3,14,3
2023,Kabkot,1201,NIAS,63.52,.77,7.49,-7.92,3.82,2853.24,2.31,5.67,82.89,4.91,67.79000000000001,2.24,25.06,2710494,7.45,15,Oranye (Risiko PHK),1,4,1,4,3,13,2
2023,Kabkot,1202,MANDAILING NATAL,70.16,.9,23.28,5.29,4.93,10494.85,7.45,23.04,66.66,5.43,44.4,13.24,36.94,2710494,7.45,12,Kuning (Perlu perhatian),2,3,2,2,2,11,1
2023,Kabkot,1203,TAPANULI SELATAN,74.59999999999999,.92,19.91,3.03,5.11,11053.87,3.49,9.130000000000001,75.69,8.23,54.32,6.59,30.87,2710494,7.45,11,Kuning (Perlu perhatian),2,3,2,3,2,12,2
2023,Kabkot,1204,TAPANULI TENGAH,84.76000000000001,.68,23.17,7.54,4.23,7762.58,7.81,14.12,60.72,4.34,41.16,5.32,49.17,2710494,7.45,12,Kuning (Perlu perhatian),4,4,2,2,3,15,4
2023,Kabkot,1205,TAPANULI UTARA,64.38,1.08,19.24,33.57,4.75,6615.95,1.03,2.04,82.59999999999999,8.92,57.69,4.74,28.65,2710494,7.45,12,Kuning (Perlu perhatian),1,2,2,1,2,8,1
2023,Kabkot,1206,TOBA,60.59,1.08,21.41,7.96,4.93,6178.95,1.3,4.1,77.06999999999999,6.17,50.28,4.98,38.56,2710494,7.45,12,Kuning (Perlu perhatian),1,2,2,2,2,9,1
2023,Kabkot,1207,LABUHANBATU,80.22,.83,24.38,2.36,5.03,26579.28,5.99,11.53,56.08,6.88,37.54,5.27,50.31,2710494,7.45,11,Kuning (Perlu perhatian),3,4,2,3,2,14,3
2023,Kabkot,1208,ASAHAN,83.33,.87,27.67,.68,4.87,29941.33,6.12,12.02,51.67,10.18,31.63,6.26,51.93,2710494,7.45,15,Oranye (Risiko PHK),4,3,3,3,2,15,4
2023,Kabkot,1209,SIMALUNGUN,77.48999999999999,.89,28.86,-4.29,5.35,31510.63,5.35,11.61,63.41,9.109999999999999,38.59,7.88,44.42,2710494,7.45,15,Oranye (Risiko PHK),3,3,3,4,1,14,3
2023,Kabkot,1210,DAIRI,53.59,1.22,15.09,3.89,5.04,7270.26,1.23,2.18,83.76000000000001,1.78,60,3.42,34.8,2710494,7.45,10,Kuning (Perlu perhatian),1,1,1,2,2,7,1
2023,Kabkot,1211,KARO,76.56,1,12.22,23.85,5.06,15966.67,2.63,6.99,77.70999999999999,1.17,62.12,2.15,34.56,2710494,7.45,11,Kuning (Perlu perhatian),2,2,1,1,2,8,1
2023,Kabkot,1212,DELI SERDANG,86.88,1.02,40.97,9.26,5.31,79603.67999999999,8.619999999999999,18.52,47.49,14.03,18.44,10.99,56.55,2710494,7.45,13,Kuning (Perlu perhatian),4,2,4,2,1,13,2
2023,Kabkot,1213,LANGKAT,85.90000000000001,.82,31.23,-.71,4.93,33225.11,6.33,12.02,58.79,12.41,33.52,8.93,45.14,2710494,7.45,16,Oranye (Risiko PHK),4,4,3,3,2,16,4
2023,Kabkot,1214,NIAS SELATAN,77.72,.7,8.539999999999999,-2.73,3.65,4629.3,3.48,6.2,85.37,2.05,68.19,4.33,25.42,2710494,7.45,15,Oranye (Risiko PHK),3,4,1,4,4,16,4
2023,Kabkot,1215,HUMBANG HASUNDUTAN,53.66,1.03,11.14,32.6,4.38,4589.13,.84,2.06,82.5,2.01,64.48,3.76,29.75,2710494,7.45,12,Kuning (Perlu perhatian),1,2,1,1,3,8,1
2023,Kabkot,1216,PAKPAK BHARAT,53.58,.98,16.4,51.98,5.1,956.01,.45,.97,74.92,8.869999999999999,53.88,2.87,34.39,2710494,7.45,11,Kuning (Perlu perhatian),1,3,1,1,2,8,1
2023,Kabkot,1217,SAMOSIR,70.38,.9,14.09,7.78,5.03,3470.05,1.03,2.96,80.36,4.25,61.28,1.25,33.23,2710494,7.45,11,Kuning (Perlu perhatian),2,3,1,2,2,10,1
2023,Kabkot,1218,SERDANG BEDAGAI,77.2,.91,29.72,7.41,5.03,21792.07,4.97,12.58,60.15,12.01,37.31,7.01,43.67,2710494,7.45,12,Kuning (Perlu perhatian),3,3,3,2,2,13,2
2023,Kabkot,1219,BATU BARA,85.68000000000001,.86,33.52,14.75,4.08,26522.68,5.88,10.69,56.41,11.13,28.74,5.95,54.18,2710494,7.45,13,Kuning (Perlu perhatian),4,3,3,1,3,14,3
2023,Kabkot,1220,PADANG LAWAS UTARA,76.72,.91,11.25,3.28,4.92,9387.450000000001,4.42,11.93,68.93000000000001,2.5,67.59,3.21,26.7,2710494,7.45,12,Kuning (Perlu perhatian),3,3,1,3,2,12,2
2023,Kabkot,1221,PADANG LAWAS,75.68000000000001,.88,22.15,19.06,5.14,9197.629999999999,5.75,11.26,69.98,6.31,50.97,2.38,40.34,2710494,7.45,11,Kuning (Perlu perhatian),2,3,2,1,2,10,1
2023,Kabkot,1222,LABUHANBATU SELATAN,71.17,.95,19.46,5.18,4.94,21565.33,3.43,9.76,39.55,8.140000000000001,47.04,1.79,43.04,2710494,7.45,12,Kuning (Perlu perhatian),2,3,2,2,2,11,1
2023,Kabkot,1223,LABUHANBATU UTARA,77.81,.77,16.51,-12.7,4.76,19693.28,4.84,12.3,59.57,5.02,50.55,3.08,41.35,2710494,7.45,15,Oranye (Risiko PHK),3,4,1,4,2,14,3
2023,Kabkot,1224,NIAS UTARA,77.86,.71,3.47,2.71,3.79,2584.78,2.57,5.06,80.81999999999999,1.79,65.79000000000001,1.99,30.43,2710494,7.45,12,Kuning (Perlu perhatian),3,4,1,3,3,14,3
2023,Kabkot,1225,NIAS BARAT,64.43000000000001,.74,4.69,6.22,3.72,1373.71,.8,1.26,78.14,1.4,67.27,4.08,27.25,2710494,7.45,12,Kuning (Perlu perhatian),1,4,1,2,4,12,2
2023,Kabkot,1271,SIBOLGA,83.04000000000001,.9,36.22,8.16,4.2,3902.42,6.79,15.56,42.6,12.42,15.41,4.88,67.29000000000001,2710494,7.45,13,Kuning (Perlu perhatian),4,3,4,2,3,16,4
2023,Kabkot,1272,TANJUNG BALAI,86.89,.88,34.52,-7.84,3.84,6428.77,4.47,11.73,41.4,9.449999999999999,17.25,5.71,67.59999999999999,2710494,7.45,16,Oranye (Risiko PHK),4,3,3,4,3,17,4
2023,Kabkot,1273,PEMATANG SIANTAR,75.09999999999999,1.04,41.58,8.34,4.22,10295.84,8.619999999999999,21.41,47.73,11.22,5.87,6.75,76.15000000000001,2710494,7.45,14,Oranye (Risiko PHK),2,2,4,2,3,13,2
2023,Kabkot,1274,TEBING TINGGI,82.59,.93,40.22,-3.41,3.98,4352.75,6.24,18.12,42.49,9.76,5.92,9.130000000000001,75.19,2710494,7.45,17,Oranye (Risiko PHK),4,3,4,4,3,18,4
2023,Kabkot,1275,MEDAN,81.70999999999999,1.14,45.51,-3.57,5.04,173445.69,8.67,21.87,40.78,11.9,4.18,8.460000000000001,75.45999999999999,2710494,7.45,15,Oranye (Risiko PHK),3,2,4,4,2,15,4
2023,Kabkot,1276,BINJAI,83.66,1.02,42.39,-3.87,4.75,8907.139999999999,6.1,10.91,45.01,11.69,5.89,16.66,65.76000000000001,2710494,7.45,17,Oranye (Risiko PHK),4,2,4,4,2,16,4
2023,Kabkot,1277,PADANGSIDIMPUAN,75.88,.9399999999999999,30,2.01,5.09,4785.66,7.57,18.79,50.68,5.54,16.6,8.08,69.77,2710494,7.45,12,Kuning (Perlu perhatian),2,3,3,3,2,13,2
2023,Kabkot,1278,GUNUNGSITOLI,76.26000000000001,.82,19.03,-7.49,3.69,3762.59,3.67,9.68,63.26,5.6,36.23,10.99,47.17,2710494,7.45,15,Oranye (Risiko PHK),2,4,2,4,4,16,4
2023,Kabkot,1301,KEPULAUAN MENTAWAI,81.51000000000001,.71,16.38,-19.45,4.04,3320.15,1.33,4.09,82.42,9.01,63.01,4.38,23.6,2742476,9.15,15,Oranye (Risiko PHK),3,4,1,4,3,15,4
2023,Kabkot,1302,PESISIR SELATAN,80.92,.86,20.91,4.03,4.19,10608.29,4.75,14.88,69.81,6.18,40.65,5.29,47.88,2742476,9.15,12,Kuning (Perlu perhatian),3,3,2,2,3,13,2
2023,Kabkot,1303,SOLOK,78.56,.91,17.72,36.67,4.36,11008.01,4.99,13.96,82.44,4.36,53.93,4.09,37.62,2742476,9.15,12,Kuning (Perlu perhatian),3,3,1,1,3,11,1
2023,Kabkot,1304,SIJUNJUNG,76.09999999999999,.83,22.15,-2.55,4.26,7468.6,4.71,11.76,67.12,8.01,41.75,6.93,43.32,2742476,9.15,15,Oranye (Risiko PHK),2,4,2,4,3,15,4
2023,Kabkot,1305,TANAH DATAR,64.84999999999999,1.06,24.03,23.17,4.44,10757.91,5.35,11.01,74.97,8.140000000000001,44.64,4.08,43.14,2742476,9.15,12,Kuning (Perlu perhatian),1,2,2,1,3,9,1
2023,Kabkot,1306,PADANG PARIAMAN,73.63,.92,35.98,-1.03,5.46,13740.82,6.69,18.31,69.63,10.31,28.92,9.109999999999999,51.67,2742476,9.15,15,Oranye (Risiko PHK),2,3,3,3,1,12,2
2023,Kabkot,1307,AGAM,71.36,1.04,30.13,11.73,4.52,16275.98,4.96,14.32,67.77,12.28,32.97,4.55,50.2,2742476,9.15,13,Kuning (Perlu perhatian),2,2,3,1,3,11,1
2023,Kabkot,1308,LIMA PULUH KOTA,81.53,.84,27.67,11.97,4.55,12430.83,3.95,13.75,63.76,12.93,43.11,6.05,37.9,2742476,9.15,13,Kuning (Perlu perhatian),3,4,3,1,3,14,3
2023,Kabkot,1309,PASAMAN,73.75,.92,15.38,22.68,4.41,6876.87,5.09,15.93,75.31999999999999,4.34,50.37,5.54,39.75,2742476,9.15,12,Kuning (Perlu perhatian),2,3,1,1,3,10,1
2023,Kabkot,1310,SOLOK SELATAN,69.54000000000001,1,15.14,-6.43,4.57,4414.12,2.57,7.28,65.53,4.76,50.36,9.640000000000001,35.25,2742476,9.15,15,Oranye (Risiko PHK),1,2,1,4,3,11,1
2023,Kabkot,1311,DHARMASRAYA,82.56,.83,20.68,3.31,4.35,8387.15,6.22,12.3,56.04,6.3,40.32,6.12,47.26,2742476,9.15,12,Kuning (Perlu perhatian),4,4,2,3,3,16,4
2023,Kabkot,1312,PASAMAN BARAT,76.59,.83,20.54,10.06,4.33,12684.89,6.01,17.77,65.55,6.87,45.37,4.22,43.54,2742476,9.15,12,Kuning (Perlu perhatian),2,4,2,2,3,13,2
2023,Kabkot,1371,PADANG,70.47,1.21,40.12,-3.25,4.54,49316.19,10.86,21.86,46.75,9.66,5.7,9.23,75.41,2742476,9.15,16,Oranye (Risiko PHK),2,1,4,4,3,14,3
2023,Kabkot,1372,SOLOK,67.26000000000001,1.21,30.61,8.69,4.81,3219.31,3.72,9.02,44.32,8.34,10.18,6.27,75.20999999999999,2742476,9.15,12,Kuning (Perlu perhatian),1,1,3,2,2,9,1
2023,Kabkot,1373,SAWAH LUNTO,74.7,1.18,28.8,-3.38,4.46,3072.35,4.98,12.91,49.44,8.66,15.58,15.22,60.53,2742476,9.15,15,Oranye (Risiko PHK),2,1,3,4,3,13,2
2023,Kabkot,1374,PADANG PANJANG,68.48999999999999,1.18,33.21,-.52,4.84,2879.85,5.49,17.08,46.55,8.93,7.18,4.87,79.01000000000001,2742476,9.15,15,Oranye (Risiko PHK),1,1,3,3,2,10,1
2023,Kabkot,1375,BUKITTINGGI,76.02,1.09,35.42,7.86,4.79,6869.4,4.99,11.76,45.41,11.04,2.61,4.62,81.73,2742476,9.15,13,Kuning (Perlu perhatian),2,2,3,2,2,11,1
2023,Kabkot,1376,PAYAKUMBUH,76.2,.99,37.06,-5.31,4.7,5002.7,4.84,13.89,49.22,13.42,14.71,6.06,65.81,2742476,9.15,16,Oranye (Risiko PHK),2,2,4,4,2,14,3
2023,Kabkot,1377,PARIAMAN,74.39,1.04,37.18,6.84,4.79,4018.87,5.68,15.84,50.47,13.32,8,5.15,73.53,2742476,9.15,13,Kuning (Perlu perhatian),2,2,4,2,2,12,2
2023,Kabkot,1401,KUANTAN SINGINGI,78.16,.79,13.03,6.68,2.87,26667.59,2.49,7.05,56.54,4.08,47.42,8.17,40.34,3191663,8.609999999999999,13,Kuning (Perlu perhatian),3,4,1,2,4,14,3
2023,Kabkot,1402,INDRAGIRI HULU,79.34999999999999,.8,17,-8.199999999999999,4.39,33971.01,2.47,6.54,56.59,4.59,48.43,4.62,42.36,3191663,8.609999999999999,15,Oranye (Risiko PHK),3,4,1,4,3,15,4
2023,Kabkot,1403,INDRAGIRI HILIR,81.26000000000001,.71,24.14,16.77,3.17,50985.02,1.71,5.66,66.63,7.97,47.33,5.35,39.35,3191663,8.609999999999999,12,Kuning (Perlu perhatian),3,4,2,1,4,14,3
2023,Kabkot,1404,PELALAWAN,69.48999999999999,1.09,21.5,-21.39,4.69,39930.86,2.26,7.34,55.93,9.07,56.8,4.61,29.52,3191663,8.609999999999999,15,Oranye (Risiko PHK),1,2,2,4,2,11,1
2023,Kabkot,1405,S I A K,69.09999999999999,1.08,28.26,7.78,4.35,59070.04,5.82,16.99,46.37,13.63,39.52,5.65,41.2,3191663,8.609999999999999,13,Kuning (Perlu perhatian),1,2,3,2,3,11,1
2023,Kabkot,1406,KAMPAR,80.28,.87,21.73,3.76,4.22,58116.51,3.38,9.720000000000001,50.13,6.4,42.87,9.220000000000001,41.51,3191663,8.609999999999999,12,Kuning (Perlu perhatian),3,3,2,3,3,14,3
2023,Kabkot,1407,ROKAN HULU,80.88,.8100000000000001,18.41,26.02,4.12,29250.58,3.45,8.539999999999999,49.54,5.51,54.3,4.69,35.51,3191663,8.609999999999999,12,Kuning (Perlu perhatian),3,4,2,1,3,13,2
2023,Kabkot,1408,BENGKALIS,81.88,1.16,23.86,-2.86,2.77,77977.09,7.09,21.51,52.76,4.67,32.89,17.01,45.43,3191663,8.609999999999999,15,Oranye (Risiko PHK),3,1,2,4,4,14,3
2023,Kabkot,1409,ROKAN HILIR,81.45,.89,22.74,30.19,2.83,49319.96,4.42,11.51,58.72,7.11,48.15,5.79,38.96,3191663,8.609999999999999,13,Kuning (Perlu perhatian),3,3,2,1,4,13,2
2023,Kabkot,1410,KEPULAUAN MERANTI,86.91,.65,27.29,-1.19,4.81,14067.69,5.17,14.48,54.6,7.64,40.54,9.25,42.58,3191663,8.609999999999999,16,Oranye (Risiko PHK),4,4,3,3,2,16,4
2023,Kabkot,1471,PEKANBARU,84.67,1.08,40.34,-.41,6.06,82235.28,6.2,13.78,40.77,9.15,4.55,11.25,75.05,3191663,8.609999999999999,16,Oranye (Risiko PHK),4,2,4,3,1,14,3
2023,Kabkot,1473,D U M A I,77.66,1,45.4,6.96,6.05,29402.61,5.15,12.94,43.65,18.22,18.37,9.869999999999999,53.54,3191663,8.609999999999999,13,Kuning (Perlu perhatian),3,2,4,2,1,12,2
2023,Kabkot,1501,KERINCI,70.8,.95,9.9,35.73,5.73,7533.4,2.48,8.800000000000001,79.12,2.58,63.54,4.04,29.84,2943033,9.039999999999999,11,Kuning (Perlu perhatian),2,3,1,1,1,8,1
2023,Kabkot,1502,MERANGIN,84.78,.74,9.539999999999999,-9.68,5.28,11553.48,4.35,12.44,68.20999999999999,1.68,57.55,10.97,29.81,2943033,9.039999999999999,14,Oranye (Risiko PHK),4,4,1,4,1,14,3
2023,Kabkot,1503,SAROLANGUN,85.70999999999999,.76,13.08,4.92,4.02,12652.52,5.09,14.46,61.39,2.82,44.36,15.45,37.37,2943033,9.039999999999999,12,Kuning (Perlu perhatian),4,4,1,2,3,14,3
2023,Kabkot,1504,BATANG HARI,82.08,.91,19.93,-2.95,3.7,14236.04,3.85,11.22,60.52,6.47,48.76,6.26,38.5,2943033,9.039999999999999,15,Oranye (Risiko PHK),4,3,2,4,4,17,4
2023,Kabkot,1505,MUARO JAMBI,80.94,.86,24.86,1.92,6.28,19320.92,5.4,10.69,53.22,6.35,46.54,8.1,39,2943033,9.039999999999999,12,Kuning (Perlu perhatian),3,3,2,3,1,12,2
2023,Kabkot,1506,TANJUNG JABUNG TIMUR,80.52,.82,13.31,1.96,2.17,17850.36,1.67,6.18,70.54000000000001,2.44,62.33,4.84,30.39,2943033,9.039999999999999,14,Oranye (Risiko PHK),3,4,1,3,4,15,4
2023,Kabkot,1507,TANJUNG JABUNG BARAT,80.62,.8,19.75,2.15,3.51,32984.75,2.95,6.14,64.98,4.93,48.68,9.5,36.89,2943033,9.039999999999999,12,Kuning (Perlu perhatian),3,4,2,3,4,16,4
2023,Kabkot,1508,TEBO,80.31999999999999,.78,12.32,-1.61,4.5,11767.26,1.71,6.2,66.55,3.24,62.6,6.53,27.63,2943033,9.039999999999999,15,Oranye (Risiko PHK),3,4,1,3,3,14,3
2023,Kabkot,1509,BUNGO,77.33,.82,16.1,-7.98,4.66,14373.7,5.23,10.2,56.95,4.97,51.81,8.5,34.73,2943033,9.039999999999999,15,Oranye (Risiko PHK),3,4,1,4,2,14,3
2023,Kabkot,1571,JAMBI,76.12,1.13,38.02,2.87,6.61,21901.35,8.27,19.03,38.57,7.8,5.11,10.25,76.84,2943033,9.039999999999999,11,Kuning (Perlu perhatian),2,2,4,3,1,12,2
2023,Kabkot,1572,SUNGAI PENUH,64.72,1.03,21.66,-7.05,4.92,5225.32,3.8,12.11,60.84,6.9,25.42,3.71,63.97,2943033,9.039999999999999,15,Oranye (Risiko PHK),1,2,2,4,2,11,1
2023,Kabkot,1601,OGAN KOMERING ULU,72.48999999999999,.74,21.26,29.12,5.11,11229.12,4.13,11.8,62.94,6.25,40.67,5.46,47.62,3404177,8.26,11,Kuning (Perlu perhatian),2,4,2,1,2,11,1
2023,Kabkot,1602,OGAN KOMERING ILIR,87.08,.76,14.84,7.22,5.02,23088.94,3.23,10.96,69.36,3.71,62.55,5.47,28.26,3404177,8.26,11,Kuning (Perlu perhatian),4,4,1,2,2,13,2
2023,Kabkot,1603,MUARA ENIM,78.91,.8100000000000001,15.44,.71,8.58,52228.24,3.92,12.33,67.38,5.94,53.03,11.13,29.91,3404177,8.26,13,Kuning (Perlu perhatian),3,4,1,3,1,12,2
2023,Kabkot,1604,LAHAT,80.33,.87,17.2,7.12,6.73,14883.95,3.41,12.15,69.84999999999999,2.68,49.35,11.33,36.64,3404177,8.26,11,Kuning (Perlu perhatian),3,3,1,2,1,10,1
2023,Kabkot,1605,MUSI RAWAS,80.31,.68,11.86,-1.69,4.03,15189.77,1.95,7.6,67.28,4.94,68.48999999999999,3.57,23,3404177,8.26,15,Oranye (Risiko PHK),3,4,1,3,3,14,3
2023,Kabkot,1606,MUSI BANYUASIN,86.93000000000001,.77,15.02,7.83,4.51,50268.35,2.58,8.550000000000001,59.03,4.67,56.63,5.97,32.73,3404177,8.26,12,Kuning (Perlu perhatian),4,4,1,2,3,14,3
2023,Kabkot,1607,BANYU ASIN,86.75,.74,20.39,-.57,5.06,22978.68,3.35,6.87,61.87,4.18,58.04,5.69,32.08,3404177,8.26,14,Oranye (Risiko PHK),4,4,2,3,2,15,4
2023,Kabkot,1608,OGAN KOMERING ULU SELATAN,75.41,.59,7.54,22.08,4.18,6525.68,1.81,6.22,84.58,.82,66.87,2.74,29.58,3404177,8.26,12,Kuning (Perlu perhatian),2,4,1,1,3,11,1
2023,Kabkot,1609,OGAN KOMERING ULU TIMUR,89.88,.47,14.64,-6.06,5.05,11684.95,3.96,10.55,66.08,6.47,57.16,4.3,32.08,3404177,8.26,14,Oranye (Risiko PHK),4,4,1,4,2,15,4
2023,Kabkot,1610,OGAN ILIR,83.56,.72,34.2,27.61,4.71,8543.799999999999,2.1,6.53,67.66,17.69,43.31,7.57,31.43,3404177,8.26,13,Kuning (Perlu perhatian),4,4,3,1,2,14,3
2023,Kabkot,1611,EMPAT LAWANG,72.75,.54,15.64,21.97,4.27,3946.21,3.09,9.24,83.52,1.84,55.23,4.93,38,3404177,8.26,12,Kuning (Perlu perhatian),2,4,1,1,3,11,1
2023,Kabkot,1612,PENUKAL ABAB LEMATANG ILIR,80.48,.76,10.34,14.82,4.66,5267.82,3.99,10.49,74.95999999999999,2.28,62.04,6.26,29.42,3404177,8.26,12,Kuning (Perlu perhatian),3,4,1,1,2,11,1
2023,Kabkot,1613,MUSI RAWAS UTARA,92.51000000000001,.72,9.34,10.25,4.34,6220.49,5.11,16.92,61.36,2.43,59.44,12.27,25.85,3404177,8.26,12,Kuning (Perlu perhatian),4,4,1,2,3,14,3
2023,Kabkot,1671,PALEMBANG,77.28,1.05,43.6,-7.69,5.12,118587.14,7.49,18.33,44.24,11.14,3.02,11.6,74.25,3404177,8.26,16,Oranye (Risiko PHK),3,2,4,4,2,15,4
2023,Kabkot,1672,PRABUMULIH,76.53,.86,29.05,1.28,4.8,6102.1,5.05,12.96,51.23,4.27,21.79,17.19,56.75,3404177,8.26,14,Oranye (Risiko PHK),2,3,3,3,2,13,2
2023,Kabkot,1673,PAGAR ALAM,79.69,.68,20.55,6.92,4.35,2552.1,2.71,10.84,73.91,3.16,43.92,7.19,45.72,3404177,8.26,12,Kuning (Perlu perhatian),3,4,2,2,3,14,3
2023,Kabkot,1674,LUBUKLINGGAU,75.84999999999999,.75,31.5,6.64,4.44,4879.45,5.64,11.9,44.54,7.96,12.03,8.49,71.51000000000001,3404177,8.26,13,Kuning (Perlu perhatian),2,4,3,2,3,14,3
2023,Kabkot,1701,BENGKULU SELATAN,68.84999999999999,1.06,17.14,-4.54,3.18,3994.82,3.56,8.43,70.76000000000001,5.42,45.38,3.99,45.22,2418280,8.050000000000001,15,Oranye (Risiko PHK),1,2,1,4,4,12,2
2023,Kabkot,1702,REJANG LEBONG,74.79000000000001,1.05,17.33,-8.140000000000001,4.05,6808.99,2.94,9.279999999999999,81.20999999999999,7.73,54.73,3.95,33.59,2418280,8.050000000000001,15,Oranye (Risiko PHK),2,2,1,4,3,12,2
2023,Kabkot,1703,BENGKULU UTARA,77.55,1.09,15.88,1.03,4.18,5829.87,3.33,9.5,65.73999999999999,3.19,53.62,8.210000000000001,34.99,2418280,8.050000000000001,13,Kuning (Perlu perhatian),3,2,1,3,3,12,2
2023,Kabkot,1704,KAUR,69,1.02,10.52,3.58,3.4,2503.82,3.81,9.18,77.33,3.04,58.49,2.35,36.12,2418280,8.050000000000001,12,Kuning (Perlu perhatian),1,2,1,3,4,11,1
2023,Kabkot,1705,SELUMA,76.14,.87,14.35,28.59,2.61,3097.53,2.68,9.66,71.58,4.68,57.53,5.42,32.38,2418280,8.050000000000001,13,Kuning (Perlu perhatian),2,3,1,1,4,11,1
2023,Kabkot,1706,MUKOMUKO,70.3,1.12,14.21,-5.3,3.69,3719.67,3.14,8.98,62.07,5.52,52.83,3.27,38.38,2418280,8.050000000000001,14,Oranye (Risiko PHK),2,2,1,4,4,13,2
2023,Kabkot,1707,LEBONG,75.65000000000001,.87,18.78,45.59,2.84,2321.72,2.72,8.08,78.67,8.859999999999999,46.41,11.9,32.84,2418280,8.050000000000001,13,Kuning (Perlu perhatian),2,3,2,1,4,12,2
2023,Kabkot,1708,KEPAHIANG,78.98,.98,15.53,2.58,4.01,3136.44,2.41,7.95,77.23999999999999,4.19,56.48,4.4,34.94,2418280,8.050000000000001,12,Kuning (Perlu perhatian),3,3,1,3,3,13,2
2023,Kabkot,1709,BENGKULU TENGAH,82.22,1,19.37,15.2,3.82,3157.25,3.2,8.83,64.86,5.08,45.85,10.79,38.29,2418280,8.050000000000001,12,Kuning (Perlu perhatian),4,2,2,1,3,12,2
2023,Kabkot,1771,BENGKULU,66.62,1.38,33.19,-10.07,5.53,17658.93,5.04,14.46,45.97,7.07,7.7,9.789999999999999,75.44,2418280,8.050000000000001,13,Kuning (Perlu perhatian),1,1,3,4,1,10,1
2023,Kabkot,1801,LAMPUNG BARAT,48.69,.96,8,-11.08,4.69,5504.98,2.25,7.32,88.62,2.32,71.23,1.71,24.75,2633285,7.9,14,Oranye (Risiko PHK),1,3,1,4,2,11,1
2023,Kabkot,1802,TANGGAMUS,83.05,.6899999999999999,15.34,11.81,4.7,11919.46,3.35,7.96,78.66,3.65,54.63,5.12,36.6,2633285,7.9,12,Kuning (Perlu perhatian),4,4,1,1,2,12,2
2023,Kabkot,1803,LAMPUNG SELATAN,85.15000000000001,.85,29.31,-8.56,4.82,33528.67,4.95,15.66,71.5,11.06,36.63,12.04,40.27,2633285,7.9,16,Oranye (Risiko PHK),4,3,3,4,2,16,4
2023,Kabkot,1804,LAMPUNG TIMUR,77.52,.79,22.36,3.49,3.51,30625.3,3.09,11.3,80.34,10.23,50.07,7.34,32.36,2633285,7.9,12,Kuning (Perlu perhatian),3,4,2,3,4,16,4
2023,Kabkot,1805,LAMPUNG TENGAH,86.73999999999999,.8100000000000001,21.77,-4.06,4.7,53366.74,3.25,8.300000000000001,75.76000000000001,9.039999999999999,44.78,4.89,41.29,2633285,7.9,15,Oranye (Risiko PHK),4,4,2,4,2,16,4
2023,Kabkot,1806,LAMPUNG UTARA,80.98,.89,18.55,-1.76,4.22,17985.8,5.73,17.04,73.08,5.96,52.42,3.47,38.14,2633285,7.9,15,Oranye (Risiko PHK),3,3,2,3,3,14,3
2023,Kabkot,1807,WAY KANAN,82.63,.79,15.4,8.06,4.63,10635.97,3.07,9.25,75.89,4.31,56.66,6.1,32.93,2633285,7.9,12,Kuning (Perlu perhatian),4,4,1,2,3,14,3
2023,Kabkot,1808,TULANGBAWANG,86.15000000000001,.89,17.44,.74,4.27,17395.15,3.46,9.039999999999999,69.39,6.08,53.23,2.8,37.89,2633285,7.9,14,Oranye (Risiko PHK),4,3,1,3,3,14,3
2023,Kabkot,1809,PESAWARAN,81.09999999999999,.76,25.44,9.66,4.49,12555.57,4.76,14.74,73.09,10.63,44.79,6.86,37.72,2633285,7.9,13,Kuning (Perlu perhatian),3,4,2,2,3,14,3
2023,Kabkot,1810,PRINGSEWU,86.34,.76,34.11,14.33,4.78,8606.93,4.66,12.89,64.62,16.16,31.62,7.77,44.45,2633285,7.9,13,Kuning (Perlu perhatian),4,4,3,1,2,14,3
2023,Kabkot,1811,MESUJI,91.3,.88,21.54,23.57,4.06,7653.92,2.46,7.08,72.41,8.18,51.4,5.05,35.38,2633285,7.9,12,Kuning (Perlu perhatian),4,3,2,1,3,13,2
2023,Kabkot,1812,TULANG BAWANG BARAT,76.36,.85,16.87,54.49,4.53,8705.98,3.89,12.97,79.28,5.8,57.49,4.63,32.08,2633285,7.9,12,Kuning (Perlu perhatian),2,3,1,1,3,10,1
2023,Kabkot,1813,PESISIR BARAT,64.45999999999999,1,16.59,9.92,3.42,3331.35,3.47,9.390000000000001,82.26000000000001,6.17,56.16,5.34,32.32,2633285,7.9,12,Kuning (Perlu perhatian),1,2,1,2,4,10,1
2023,Kabkot,1871,BANDAR LAMPUNG,75.84,1.2,43.77,4.19,4.99,43887.42,7.43,15.21,38.94,11.27,2.63,11.17,74.92,2633285,7.9,13,Kuning (Perlu perhatian),2,1,4,2,2,11,1
2023,Kabkot,1872,METRO,75.91,.98,35.7,1.98,4.86,4775.93,3.6,10.1,48.78,11.88,11.24,9.56,67.31999999999999,2633285,7.9,14,Oranye (Risiko PHK),2,3,3,3,2,13,2
2023,Kabkot,1901,BANGKA,78.25,.85,21.06,.93,4.44,11756.2,5.03,7.53,51.27,7.45,26.96,23.6,41.98,3498479,7.15,14,Oranye (Risiko PHK),3,3,2,3,3,14,3
2023,Kabkot,1902,BELITUNG,72.25,.96,25.3,1.38,5.75,7500.99,4.14,11.43,48.59,7.58,22.43,18.77,51.21,3498479,7.15,13,Kuning (Perlu perhatian),2,3,2,3,1,11,1
2023,Kabkot,1903,BANGKA BARAT,80.95,.83,15.33,-5.9,2.5,10803.53,4.77,11.55,54.37,4.99,32.3,22.86,39.84,3498479,7.15,16,Oranye (Risiko PHK),3,4,1,4,4,16,4
2023,Kabkot,1904,BANGKA TENGAH,84.38,.8,20.03,-12.28,5.16,6679.49,3.88,9.32,55.37,7.41,29.34,25.57,37.69,3498479,7.15,14,Oranye (Risiko PHK),4,4,2,4,2,16,4
2023,Kabkot,1905,BANGKA SELATAN,89.33,.75,13.96,7.07,3.69,6708.16,4.84,13.08,62.7,5.39,32.98,29.62,32.02,3498479,7.15,12,Kuning (Perlu perhatian),4,4,1,2,4,15,4
2023,Kabkot,1906,BELITUNG TIMUR,74.95,.91,17.61,5.45,4.72,6211.05,2.41,4.29,46.75,7.35,26.53,28.38,37.74,3498479,7.15,12,Kuning (Perlu perhatian),2,3,1,2,2,10,1
2023,Kabkot,1971,PANGKALPINANG,67.52,1.21,37.56,-10.36,5.32,10750.91,5.76,12.1,37.47,9.91,4.91,9.369999999999999,75.81,3498479,7.15,14,Oranye (Risiko PHK),1,1,4,4,1,11,1
2023,Kabkot,2101,KARIMUN,87.8,1.17,44.15,13.35,5.5,10277.62,6.02,13.96,37.6,12.07,15.84,12.16,59.93,3279194,7.51,12,Kuning (Perlu perhatian),4,1,4,1,1,11,1
2023,Kabkot,2102,BINTAN,74.55,1.08,43.21,8.17,6.14,15445.3,5.43,11.45,33.97,19.54,17.88,10.67,51.91,3279194,7.51,13,Kuning (Perlu perhatian),2,2,4,2,1,11,1
2023,Kabkot,2103,NATUNA,79.98999999999999,.97,27.59,5.59,.96,14801.85,4.05,13.16,50.85,6.68,21.51,10.36,61.46,3279194,7.51,15,Oranye (Risiko PHK),3,3,3,2,4,15,4
2023,Kabkot,2104,LINGGA,72.98,.91,27.25,10.31,4.3,3215.39,3.52,8.56,52.98,9.609999999999999,24.31,10.76,55.33,3279194,7.51,13,Kuning (Perlu perhatian),2,3,3,2,3,13,2
2023,Kabkot,2105,KEPULAUAN ANAMBAS,81.48999999999999,1.02,27.77,22.07,.62,11187.49,2.55,7,46.12,5.66,23.41,9.56,61.37,3279194,7.51,15,Oranye (Risiko PHK),3,2,3,1,4,13,2
2023,Kabkot,2171,B A T A M,74.41,1.61,59.81,4.69,7.04,127016.98,8.140000000000001,13.68,29.11,35.42,3.3,8.65,52.63,3279194,7.51,11,Kuning (Perlu perhatian),2,1,4,2,1,10,1
2023,Kabkot,2172,TANJUNG PINANG,76.72,1.18,42.9,1.75,4.92,15316.1,4.76,9.210000000000001,35.02,8.31,4.56,12.58,74.55,3279194,7.51,14,Oranye (Risiko PHK),3,1,4,3,2,13,2
2023,Kabkot,3101,KEPULAUAN SERIBU,91.70999999999999,.93,31.16,3.41,-7.85,3305.24,8.109999999999999,20.17,46.22,4.82,16.17,4.3,74.70999999999999,4901798,5.6,15,Oranye (Risiko PHK),4,3,3,3,4,17,4
2023,Kabkot,3171,JAKARTA SELATAN,67.66,1.17,42.89,-3.99,5.32,475806.32,5.37,16.45,36.79,6.46,.38,3.39,89.78,4901798,5.6,15,Oranye (Risiko PHK),1,1,4,4,1,11,1
2023,Kabkot,3172,JAKARTA TIMUR,63.51,1.2,43.49,-.86,5.15,346552.33,7.24,17.65,37.99,12.13,.09,6.17,81.62,4901798,5.6,15,Oranye (Risiko PHK),1,1,4,3,2,11,1
2023,Kabkot,3173,JAKARTA PUSAT,85.67,.95,43.8,6.56,5.1,506554.14,6.42,16.95,40.55,7.02,.12,4.69,88.17,4901798,5.6,13,Kuning (Perlu perhatian),4,3,4,2,2,15,4
2023,Kabkot,3174,JAKARTA BARAT,77.15000000000001,.99,46.49,2.74,5.3,363931.25,6.39,17.24,34.12,15.46,.51,6.26,77.78,4901798,5.6,13,Kuning (Perlu perhatian),3,3,4,3,1,14,3
2023,Kabkot,3175,JAKARTA UTARA,76.56999999999999,1.26,45.3,6.82,4.16,364818.97,7.05,19.72,32.71,11.79,1.13,6.27,80.81999999999999,4901798,5.6,13,Kuning (Perlu perhatian),2,1,4,2,3,12,2
2023,Kabkot,3201,BOGOR,72.45999999999999,1.99,45.61,-9.369999999999999,5.19,176683.58,8.470000000000001,22.86,49.65,19.37,7.6,9.92,63.11,1986670,7.88,13,Kuning (Perlu perhatian),2,1,4,4,1,12,2
2023,Kabkot,3202,SUKABUMI,73.7,1.42,39.84,1.59,5.17,52993.98,7.32,21.37,66.06999999999999,17.5,27.57,12.42,42.51,1986670,7.88,11,Kuning (Perlu perhatian),2,1,4,3,1,11,1
2023,Kabkot,3203,CIANJUR,81.59,1.19,38.18,-3.56,5.16,36339.55,7.71,20.56,74.7,15.28,27.24,9.710000000000001,47.76,1986670,7.88,14,Oranye (Risiko PHK),3,1,4,4,2,14,3
2023,Kabkot,3204,BANDUNG,75.16,1.57,53.1,-2.47,4.97,92830.17,6.52,17.03,48.93,28.5,6.8,9.09,55.61,1986670,7.88,15,Oranye (Risiko PHK),2,1,4,4,2,13,2
2023,Kabkot,3205,GARUT,86.31999999999999,1.12,38.5,1.55,4.94,44087.22,7.33,19.25,75.09999999999999,16.66,26.37,9.68,47.29,1986670,7.88,13,Kuning (Perlu perhatian),4,2,4,3,2,15,4
2023,Kabkot,3206,TASIKMALAYA,90.56999999999999,1.13,36.02,3.73,4.69,27599.16,3.89,15.16,73.78,17.54,32.17,6.79,43.5,1986670,7.88,12,Kuning (Perlu perhatian),4,2,4,3,2,15,4
2023,Kabkot,3207,CIAMIS,80.20999999999999,.96,32.29,9.65,4.99,25111.71,3.52,12.69,67.98,15.77,34.61,6.36,43.26,1986670,7.88,13,Kuning (Perlu perhatian),3,3,3,2,2,13,2
2023,Kabkot,3208,KUNINGAN,86.14,1.11,35.21,14.88,5.25,19418.73,9.49,24.76,61.59,8.99,22.76,13.32,54.93,1986670,7.88,11,Kuning (Perlu perhatian),4,2,3,1,1,11,1
2023,Kabkot,3209,CIREBON,77.64,1.25,45.68,-.85,5.36,37426.57,7.65,20.17,58.09,20.8,11.38,9.83,57.99,1986670,7.88,15,Oranye (Risiko PHK),3,1,4,3,1,12,2
2023,Kabkot,3210,MAJALENGKA,87.88,1.02,41.77,11.77,6.15,25793.24,4.12,10.36,62.69,20.96,22.55,8.710000000000001,47.78,1986670,7.88,13,Kuning (Perlu perhatian),4,2,4,1,1,12,2
2023,Kabkot,3211,SUMEDANG,86.84999999999999,1.39,40.51,5.97,9.279999999999999,26876.86,6.94,20.91,64.63,17.01,22.02,11.04,49.92,1986670,7.88,11,Kuning (Perlu perhatian),4,1,4,2,1,12,2
2023,Kabkot,3212,INDRAMAYU,84.62,1.17,30.6,31.38,9.76,67237.69,6.46,15.69,69.47,9.369999999999999,31.22,7.82,51.59,1986670,7.88,11,Kuning (Perlu perhatian),4,1,3,1,1,10,1
2023,Kabkot,3213,SUBANG,81.48999999999999,1.53,39.28,3.62,4.64,31604.98,7.65,22.08,65.18000000000001,17.14,30.02,6.82,46.03,1986670,7.88,10,Kuning (Perlu perhatian),3,1,4,3,2,13,2
2023,Kabkot,3214,PURWAKARTA,68.64,1.75,46.33,-1.24,4.97,51740.5,7.72,20.36,54.61,22.03,18,13.16,46.81,1986670,7.88,14,Oranye (Risiko PHK),1,1,4,3,2,11,1
2023,Kabkot,3215,KARAWANG,56.09,2.26,46.09,.31,5.4,187051.65,8.949999999999999,26.41,57,23,16.06,8.15,52.8,1986670,7.88,12,Kuning (Perlu perhatian),1,1,4,3,1,10,1
2023,Kabkot,3216,BEKASI,53.82,2.6,54.81,5.22,5.32,279224.9,8.869999999999999,22.47,36.86,30.96,4.37,8.130000000000001,56.53,1986670,7.88,11,Kuning (Perlu perhatian),1,1,4,2,1,9,1
2023,Kabkot,3217,BANDUNG BARAT,88.36,1.36,44.91,-2.43,5,35062.19,8.109999999999999,22.56,59.26,19.86,19.02,11.65,49.47,1986670,7.88,15,Oranye (Risiko PHK),4,1,4,4,2,15,4
2023,Kabkot,3218,PANGANDARAN,74.7,1.09,36.76,11.93,5.26,8869.860000000001,1.52,6.64,73.63,18.89,31.26,7.22,42.63,1986670,7.88,12,Kuning (Perlu perhatian),2,2,4,1,1,10,1
2023,Kabkot,3271,BOGOR,85.79000000000001,1.76,44.04,.87,5.1,37056.36,9.390000000000001,24.01,36.82,14.64,1.32,6.75,77.29000000000001,1986670,7.88,12,Kuning (Perlu perhatian),4,1,4,3,2,14,3
2023,Kabkot,3272,SUKABUMI,78.87,1.46,45.58,-2.02,5.12,9801.879999999999,8.529999999999999,17.37,47.46,17.74,4.09,7.42,70.76000000000001,1986670,7.88,14,Oranye (Risiko PHK),3,1,4,3,2,13,2
2023,Kabkot,3273,BANDUNG,80.28,1.84,46.47,3.69,5.07,221969.13,8.83,19.38,38.77,16.69,.45,6.64,76.22,1986670,7.88,10,Kuning (Perlu perhatian),3,1,4,3,2,13,2
2023,Kabkot,3274,CIREBON,74.37,1.54,43.74,-.61,5.01,18934.4,7.66,13.8,46.82,10.45,1.08,7.52,80.95,1986670,7.88,13,Kuning (Perlu perhatian),2,1,4,3,2,12,2
2023,Kabkot,3275,BEKASI,60.24,3.15,44.84,2.06,5.43,77241.78999999999,7.9,22.13,33.52,14.77,.4,8.17,76.66,1986670,7.88,10,Kuning (Perlu perhatian),1,1,4,3,1,10,1
2023,Kabkot,3276,DEPOK,69.77,2.66,42.25,3.68,5.05,55221.82,6.97,14.87,30.5,8.970000000000001,.97,6.7,83.36,1986670,7.88,10,Kuning (Perlu perhatian),2,1,4,3,2,12,2
2023,Kabkot,3277,CIMAHI,81.42,1.68,53.19,2.37,5.19,25931.98,10.52,19.25,38.35,26.68,.44,5.41,67.48,1986670,7.88,11,Kuning (Perlu perhatian),3,1,4,3,1,12,2
2023,Kabkot,3278,TASIKMALAYA,80.15000000000001,1.27,44.28,2.61,5.96,17781.93,6.55,15.86,45.04,22.95,4.89,9.32,62.84,1986670,7.88,12,Kuning (Perlu perhatian),3,1,4,3,1,12,2
2023,Kabkot,3279,BANJAR,81.89,1.19,43.77,6.32,4.63,3679.08,5.43,17.43,57.29,17.09,14.9,8.65,59.35,1986670,7.88,13,Kuning (Perlu perhatian),4,1,4,2,2,13,2
2023,Kabkot,3301,CILACAP,85.13,1.27,40.95,5.37,5.34,101839.74,8.74,23.23,70.56,18.61,25.92,12.22,43.24,1958170,8.01,12,Kuning (Perlu perhatian),4,1,4,2,1,12,2
2023,Kabkot,3302,BANYUMAS,86.97,1.15,40.72,4.65,5.4,45396.3,6.35,15.34,60.5,17.37,20.03,10.92,51.68,1958170,8.01,12,Kuning (Perlu perhatian),4,2,4,2,1,13,2
2023,Kabkot,3303,PURBALINGGA,89.55,.92,46.33,4.25,4.51,19533.86,5.61,15.16,56.56,30.09,20.77,7.34,41.8,1958170,8.01,14,Oranye (Risiko PHK),4,3,4,2,3,16,4
2023,Kabkot,3304,BANJARNEGARA,78.7,.99,30.77,-3.79,4.98,17173.45,6.26,17.24,67.88,15.94,36.98,9.51,37.57,1958170,8.01,16,Oranye (Risiko PHK),3,3,3,4,2,15,4
2023,Kabkot,3305,KEBUMEN,88.95999999999999,.93,37.42,16.32,5.66,22638.9,5.11,14.11,68.83,22.62,28.72,7.34,41.32,1958170,8.01,12,Kuning (Perlu perhatian),4,3,4,1,1,13,2
2023,Kabkot,3306,PURWOREJO,88.95,1.13,33.81,13.05,5.07,15025.91,4.02,12.25,70.06999999999999,13.92,29.92,9.25,46.91,1958170,8.01,11,Kuning (Perlu perhatian),4,2,3,1,2,12,2
2023,Kabkot,3307,WONOSOBO,89.06999999999999,1.05,28.91,6.7,4.3,15405.98,4.95,11.87,72.73999999999999,13.73,40.94,7.17,38.17,1958170,8.01,13,Kuning (Perlu perhatian),4,2,3,2,3,14,3
2023,Kabkot,3308,MAGELANG,90.48999999999999,.96,34.82,7.5,5.04,26211.56,4.42,12.87,63.71,19.57,33.79,9.08,37.56,1958170,8.01,12,Kuning (Perlu perhatian),4,3,3,2,2,14,3
2023,Kabkot,3309,BOYOLALI,81.11,1.21,44.73,8.210000000000001,5.63,26334.3,4.05,11.98,59.21,24.1,27.55,9.31,39.04,1958170,8.01,12,Kuning (Perlu perhatian),3,1,4,2,1,11,1
2023,Kabkot,3310,KLATEN,89.29000000000001,1.15,47.56,.9399999999999999,5.7,31938.33,4.2,9.35,51.35,24.23,17.16,10.58,48.03,1958170,8.01,14,Oranye (Risiko PHK),4,2,4,3,1,14,3
2023,Kabkot,3311,SUKOHARJO,79.70999999999999,1.25,51.73,-5.06,5.06,30661.92,3.4,11,47.93,24.09,8.49,8.789999999999999,58.63,1958170,8.01,16,Oranye (Risiko PHK),3,1,4,4,2,14,3
2023,Kabkot,3312,WONOGIRI,81.54000000000001,1.06,34.31,4.52,4.98,23566.88,1.92,5.55,74.09999999999999,15.68,40.5,11.3,32.52,1958170,8.01,13,Kuning (Perlu perhatian),3,2,3,2,2,12,2
2023,Kabkot,3313,KARANGANYAR,80.87,1.18,43.34,8.109999999999999,5.53,30208.24,4.35,12.97,51.47,21.63,22.3,9.369999999999999,46.69,1958170,8.01,12,Kuning (Perlu perhatian),3,1,4,2,1,11,1
2023,Kabkot,3314,SRAGEN,89.54000000000001,1.08,39.22,1.04,5.23,30442.19,3.87,13.43,64.16,21.72,29.65,6.82,41.81,1958170,8.01,13,Kuning (Perlu perhatian),4,2,4,3,1,14,3
2023,Kabkot,3315,GROBOGAN,85.48,1.29,36.72,-10.72,4.98,22380.3,4.02,12.81,72.05,12.16,36.05,15.18,36.61,1958170,8.01,15,Oranye (Risiko PHK),4,1,4,4,2,15,4
2023,Kabkot,3316,BLORA,83.15000000000001,1.29,25.86,2.13,3.1,19184.92,3.1,7.44,73.48,7.84,43.52,9.81,38.83,1958170,8.01,12,Kuning (Perlu perhatian),4,1,3,3,4,15,4
2023,Kabkot,3317,REMBANG,81.56,1.32,34.29,3.39,5.2,15463.55,2.6,6.2,57.57,12.74,32.65,9.74,44.87,1958170,8.01,10,Kuning (Perlu perhatian),3,1,3,3,1,11,1
2023,Kabkot,3318,PATI,85.43000000000001,1.15,37.41,14.08,5.02,34984.66,4.29,14.49,62.18,17.31,29.74,11.28,41.67,1958170,8.01,11,Kuning (Perlu perhatian),4,2,4,1,2,13,2
2023,Kabkot,3319,KUDUS,72.37,1.27,62.27,.19,2.19,72984.39999999999,3.25,8.35,40.01,37.8,8.31,13.15,40.74,1958170,8.01,17,Oranye (Risiko PHK),2,1,4,3,4,14,3
2023,Kabkot,3320,JEPARA,91.5,1.06,58.1,-11.06,5.17,24451.04,3.35,9.880000000000001,51.65,41.59,14.69,6.41,37.31,1958170,8.01,17,Oranye (Risiko PHK),4,2,4,4,1,15,4
2023,Kabkot,3321,DEMAK,84.98,1.31,49.07,-9.9,5.01,20839.75,5.38,14.28,56.84,22.79,19.41,14.13,43.67,1958170,8.01,14,Oranye (Risiko PHK),4,1,4,4,2,15,4
2023,Kabkot,3322,SEMARANG,77.09,1.25,50.62,5.41,4.74,39651.86,4.05,12.3,51.76,27.9,21.72,10.59,39.79,1958170,8.01,14,Oranye (Risiko PHK),3,1,4,2,2,12,2
2023,Kabkot,3323,TEMANGGUNG,74.06,1.07,31.6,-.7,5,16997.53,2.32,7.8,75.19,18.41,42.21,6.03,33.35,1958170,8.01,15,Oranye (Risiko PHK),2,2,3,3,2,12,2
2023,Kabkot,3324,KENDAL,81.75,1.14,43.23,-6.86,5.56,35286.23,5.76,12.48,58.93,21.74,23.97,7.91,46.38,1958170,8.01,15,Oranye (Risiko PHK),3,2,4,4,1,14,3
2023,Kabkot,3325,BATANG,92.41,1.02,45.23,-8.27,5.53,17629.39,6.06,16.72,59.22,24.43,23.31,10.32,41.94,1958170,8.01,16,Oranye (Risiko PHK),4,2,4,4,1,15,4
2023,Kabkot,3326,PEKALONGAN,87.14,1.05,54.6,3.51,5.14,18361.08,3.25,7.45,53.92,35.4,13.72,8.640000000000001,42.24,1958170,8.01,14,Oranye (Risiko PHK),4,2,4,3,2,15,4
2023,Kabkot,3327,PEMALANG,81.25,1.03,42.44,-.79,4.14,20719.58,6.55,15.65,66.34999999999999,20.03,25.42,8.1,46.45,1958170,8.01,17,Oranye (Risiko PHK),3,2,4,3,3,15,4
2023,Kabkot,3328,TEGAL,90.18000000000001,1.04,48.42,10.76,4.93,28023.03,8.6,21.05,57.47,23.02,19.58,10.48,46.93,1958170,8.01,14,Oranye (Risiko PHK),4,2,4,2,2,14,3
2023,Kabkot,3329,BREBES,86.38,1.08,41.07,-3.53,3.74,36739.15,8.98,27.25,72.43000000000001,11.48,26.74,11.92,49.86,1958170,8.01,17,Oranye (Risiko PHK),4,2,4,4,4,18,4
2023,Kabkot,3371,MAGELANG,80.42,1.28,39.09,-2.83,5.45,7264.92,5.25,14.33,45.4,13.22,1.74,6.23,78.81,1958170,8.01,14,Oranye (Risiko PHK),3,1,4,4,1,13,2
2023,Kabkot,3372,SURAKARTA,84.2,1.19,50.8,-2.78,5.57,40620.31,4.58,15.18,40.68,21.26,.39,6.27,72.08,1958170,8.01,16,Oranye (Risiko PHK),4,1,4,4,1,14,3
2023,Kabkot,3373,SALATIGA,78.22,1.51,50.92,4.42,5.34,10918.69,4.57,10.66,36.64,24.83,3.27,5.74,66.16,1958170,8.01,11,Kuning (Perlu perhatian),3,1,4,2,1,11,1
2023,Kabkot,3374,SEMARANG,68.13,1.79,48.66,-.19,5.79,161849.11,5.99,18.07,35.9,18.64,2.24,7.61,71.51000000000001,1958170,8.01,13,Kuning (Perlu perhatian),1,1,4,3,1,10,1
2023,Kabkot,3375,PEKALONGAN,89.12,1.23,56.83,-7.09,5.44,8476.549999999999,5.02,8.93,41.77,35.02,2.75,5.1,57.13,1958170,8.01,16,Oranye (Risiko PHK),4,1,4,4,1,14,3
2023,Kabkot,3376,TEGAL,84.72,1.16,47.66,2.73,5.01,12468.61,6.05,15.86,42.02,16.16,7.48,9.83,66.54000000000001,1958170,8.01,12,Kuning (Perlu perhatian),4,1,4,3,2,14,3
2023,Kabkot,3401,KULON PROGO,79.69,1.05,34.7,-.84,5.65,9951.950000000001,2.4,8.5,65.51000000000001,17.52,32.44,8.81,41.23,1981782,7.65,15,Oranye (Risiko PHK),3,2,3,3,1,12,2
2023,Kabkot,3402,BANTUL,75.95999999999999,1.37,42.04,-3.27,5.06,21861.77,3.78,9.35,49.68,17.29,11.72,7.54,63.44,1981782,7.65,14,Oranye (Risiko PHK),2,1,4,4,2,13,2
2023,Kabkot,3403,GUNUNGKIDUL,86.45,1.06,31.41,3.87,5.04,15749.22,2.09,7.82,68.39,10.44,40.36,9.69,39.5,1981782,7.65,12,Kuning (Perlu perhatian),4,2,3,2,2,13,2
2023,Kabkot,3404,SLEMAN,77.44,1.51,39.27,1.95,5.09,39508.68,4.47,8.35,44.89,11.78,12.79,7.66,67.77,1981782,7.65,10,Kuning (Perlu perhatian),3,1,4,3,2,13,2
2023,Kabkot,3471,YOGYAKARTA,78.2,1.56,47.84,-2.19,5.08,31378.8,6.07,9.460000000000001,45.09,12.3,.76,3.19,83.76000000000001,1981782,7.65,13,Kuning (Perlu perhatian),3,1,4,4,2,14,3
2023,Kabkot,3501,PACITAN,81.03,1.03,25.9,7.76,4.46,12244.97,1.83,7.9,74.48,11.54,49.92,6.27,32.28,2040244,7.86,13,Kuning (Perlu perhatian),3,2,3,2,3,13,2
2023,Kabkot,3502,PONOROGO,72.98999999999999,1.08,26.21,.45,5.14,15870.05,4.66,12.8,78.29000000000001,10.92,44.39,7.88,36.82,2040244,7.86,14,Oranye (Risiko PHK),2,2,3,3,2,12,2
2023,Kabkot,3503,TRENGGALEK,83.67,1.07,37.78,23.67,4.92,14212.06,4.52,12.9,71.67,23.6,39.36,7.48,29.56,2040244,7.86,13,Kuning (Perlu perhatian),4,2,4,1,2,13,2
2023,Kabkot,3504,TULUNGAGUNG,89.01000000000001,.98,33.58,14.94,4.91,30234.61,5.65,15.9,66.73999999999999,17.55,33.4,7.17,41.89,2040244,7.86,13,Kuning (Perlu perhatian),4,3,3,1,2,13,2
2023,Kabkot,3505,BLITAR,86.73999999999999,1,28.82,12.35,4.45,28239.86,4.91,10.98,69.62,12.17,38.57,7.24,42.02,2040244,7.86,13,Kuning (Perlu perhatian),4,2,3,1,3,13,2
2023,Kabkot,3506,KEDIRI,82.09999999999999,1.02,29.99,5.09,4.53,32195.5,5.79,14.93,66.29000000000001,11.5,34.68,8.66,45.16,2040244,7.86,13,Kuning (Perlu perhatian),4,2,3,2,3,14,3
2023,Kabkot,3507,MALANG,76.77,1.21,33.55,-2.44,5,75744.28999999999,5.7,17.69,62.48,15.14,31.95,8.27,44.64,2040244,7.86,14,Oranye (Risiko PHK),3,1,3,4,2,13,2
2023,Kabkot,3508,LUMAJANG,83.06,.89,31.53,9.24,5,24808.35,3.67,11.48,69.59,16.94,38.19,6.98,37.88,2040244,7.86,12,Kuning (Perlu perhatian),4,3,3,2,2,14,3
2023,Kabkot,3509,JEMBER,90.14,.88,28.83,9.25,4.93,59984,4.01,14.17,66.59999999999999,12.28,38.52,7.12,42.08,2040244,7.86,13,Kuning (Perlu perhatian),4,3,3,2,2,14,3
2023,Kabkot,3510,BANYUWANGI,88.95999999999999,1.01,30.12,-6.69,5.03,60848.35,4.75,12.85,65.8,13.44,31.83,5.75,48.98,2040244,7.86,15,Oranye (Risiko PHK),4,2,3,4,2,15,4
2023,Kabkot,3511,BONDOWOSO,85.63,.95,26.75,-.49,4.62,15075.62,4.15,17.56,73.28,12.49,43.33,6.34,37.85,2040244,7.86,16,Oranye (Risiko PHK),4,3,3,3,3,16,4
2023,Kabkot,3512,SITUBONDO,86.43000000000001,.97,27.37,-.82,4.9,15018.99,3.27,10.8,72.11,10.59,42.73,6.71,39.97,2040244,7.86,16,Oranye (Risiko PHK),4,3,3,3,2,15,4
2023,Kabkot,3513,PROBOLINGGO,82,.97,26.76,9.84,4.73,25904.93,3.24,11.44,71.23,11.57,45.78,6.87,35.77,2040244,7.86,13,Kuning (Perlu perhatian),4,3,3,2,2,14,3
2023,Kabkot,3514,PASURUAN,87.04000000000001,1.25,41.79,12.08,5.21,119252.55,5.48,13.02,52.96,22.47,26.95,10.85,39.74,2040244,7.86,12,Kuning (Perlu perhatian),4,1,4,1,1,11,1
2023,Kabkot,3515,SIDOARJO,64.87,1.82,54.39,-2.13,6.16,160950.78,8.050000000000001,18.22,37.66,28.42,2.48,5.6,63.5,2040244,7.86,14,Oranye (Risiko PHK),1,1,4,4,1,11,1
2023,Kabkot,3516,MOJOKERTO,84.02,1.38,44.44,3.99,5.15,66982.67999999999,4.67,10.29,56.97,26.08,23.08,6.89,43.95,2040244,7.86,11,Kuning (Perlu perhatian),4,1,4,2,2,13,2
2023,Kabkot,3517,JOMBANG,83.40000000000001,1.23,44.12,-2.55,5.04,31602.77,4.66,10.06,58.58,24.94,21.92,6.76,46.38,2040244,7.86,15,Oranye (Risiko PHK),4,1,4,4,2,15,4
2023,Kabkot,3518,NGANJUK,86.87,1.04,27.93,-3.79,5.4,20598.57,4.68,17.02,69.23999999999999,10.42,37.78,7.11,44.69,2040244,7.86,15,Oranye (Risiko PHK),4,2,3,4,1,14,3
2023,Kabkot,3519,MADIUN,80.33,1.17,31.04,12.92,5.12,14895.81,5.14,14.66,72.86,11.03,38.81,9.44,40.72,2040244,7.86,11,Kuning (Perlu perhatian),3,1,3,1,2,10,1
2023,Kabkot,3520,MAGETAN,80.5,1.14,36.74,6.85,4.47,14562.68,4.16,15.29,71.06999999999999,17.93,31.87,7.39,42.82,2040244,7.86,12,Kuning (Perlu perhatian),3,2,4,2,3,14,3
2023,Kabkot,3521,NGAWI,77.08,1.06,23.99,40.3,4.49,14904.51,2.41,7.82,75.68000000000001,8.34,47.54,6.57,37.55,2040244,7.86,12,Kuning (Perlu perhatian),3,2,2,1,3,11,1
2023,Kabkot,3522,BOJONEGORO,82.72,1.24,29.11,8.84,2.47,63310.69,4.63,15.36,70.59,9.58,43.54,9.77,37.11,2040244,7.86,13,Kuning (Perlu perhatian),4,1,3,2,4,14,3
2023,Kabkot,3523,TUBAN,88.47,1.19,28.56,14.28,4.36,49980.23,4.4,13.53,68.42,13.08,39.52,7.39,40.01,2040244,7.86,12,Kuning (Perlu perhatian),4,1,3,1,3,12,2
2023,Kabkot,3524,LAMONGAN,80.95,1.23,34.67,2.32,4.28,30709.18,5.46,16.43,64.8,14.3,33.27,7.97,44.46,2040244,7.86,12,Kuning (Perlu perhatian),3,1,3,3,3,13,2
2023,Kabkot,3525,GRESIK,71.39,1.71,52.26,1.93,4.62,113825.43,6.82,20.73,44.7,27.52,14.21,10.49,47.77,2040244,7.86,13,Kuning (Perlu perhatian),2,1,4,3,3,13,2
2023,Kabkot,3526,BANGKALAN,82.86,1.31,22.89,.63,1.2,17164.2,6.18,19.52,77.56999999999999,4.98,46.55,11,37.46,2040244,7.86,13,Kuning (Perlu perhatian),4,1,2,3,4,14,3
2023,Kabkot,3527,SAMPANG,86.33,1.03,21.64,46.4,2.56,14674.11,2.72,8.98,83.81999999999999,7.48,54.64,8.44,29.44,2040244,7.86,13,Kuning (Perlu perhatian),4,2,2,1,4,13,2
2023,Kabkot,3528,PAMEKASAN,77.36,1.01,23.53,17.89,4.96,12628.69,1.74,6.17,79.47,13.43,50.23,7.23,29.11,2040244,7.86,12,Kuning (Perlu perhatian),3,2,2,1,2,10,1
2023,Kabkot,3529,SUMENEP,84.47,1.04,18.61,4.82,5.35,26244.79,1.71,6.66,80.09,6.26,51.08,8.279999999999999,34.38,2040244,7.86,11,Kuning (Perlu perhatian),4,2,2,2,1,11,1
2023,Kabkot,3571,KEDIRI,73.45,1.3,45.49,-3.75,1.92,91631.35000000001,4.06,9.83,48.25,13.74,5.43,8.65,72.17,2040244,7.86,16,Oranye (Risiko PHK),2,1,4,4,4,15,4
2023,Kabkot,3572,BLITAR,82.65000000000001,1.26,38.2,4.19,5.29,5455.81,5.24,12.35,46.48,12.38,9.15,6.2,72.28,2040244,7.86,11,Kuning (Perlu perhatian),4,1,4,2,1,12,2
2023,Kabkot,3573,MALANG,78.19,1.56,48.72,5.25,6.07,60119.82,6.8,15.91,41.35,19.32,1.32,7.26,72.09,2040244,7.86,10,Kuning (Perlu perhatian),3,1,4,2,1,11,1
2023,Kabkot,3574,PROBOLINGGO,79.64,1.35,39.55,.06,6.04,9408.51,4.53,11.9,42.48,19.82,9.369999999999999,4.53,66.29000000000001,2040244,7.86,12,Kuning (Perlu perhatian),3,1,4,3,1,12,2
2023,Kabkot,3575,PASURUAN,70.70999999999999,1.53,47.12,-4.29,5.65,6637.08,5.64,11.14,44.05,26.51,5.6,3.51,64.38,2040244,7.86,13,Kuning (Perlu perhatian),2,1,4,4,1,12,2
2023,Kabkot,3576,MOJOKERTO,75.95999999999999,1.55,51.51,-.44,2.79,5399.62,4.73,11.53,41.91,24.63,.29,5.4,69.68000000000001,2040244,7.86,16,Oranye (Risiko PHK),2,1,4,3,4,14,3
2023,Kabkot,3577,MADIUN,76.22,1.41,41.33,.11,5.8,11764.4,5.85,16.6,41.94,10.75,2.53,5.01,81.70999999999999,2040244,7.86,13,Kuning (Perlu perhatian),2,1,4,3,1,11,1
2023,Kabkot,3578,SURABAYA,79.69,1.79,46.5,-5.73,5.7,459030.72,6.76,16.36,36.15,14.46,.63,7.35,77.55,2040244,7.86,13,Kuning (Perlu perhatian),3,1,4,4,1,13,2
2023,Kabkot,3579,BATU,84.98999999999999,1.45,37.36,4.23,6.19,12934.6,4.52,11.12,56.12,11.24,18.84,5.05,64.87,2040244,7.86,10,Kuning (Perlu perhatian),4,1,4,2,1,12,2
2023,Kabkot,3601,PANDEGLANG,83.97,1.12,29.41,25.28,2.53,21341.09,9.050000000000001,25.66,71,9.24,33.57,8.41,48.78,2661280,6.4,13,Kuning (Perlu perhatian),4,2,3,1,4,14,3
2023,Kabkot,3602,LEBAK,75.77,1.11,32.73,37.93,2.8,22706.8,7.57,20.71,73.73,11.23,35.84,13.04,39.9,2661280,6.4,13,Kuning (Perlu perhatian),2,2,3,1,4,12,2
2023,Kabkot,3603,TANGERANG,71.16,1.51,59.46,8.16,5.18,108570.43,6.94,17.99,37.05,34.54,4.71,7.52,53.23,2661280,6.4,11,Kuning (Perlu perhatian),2,1,4,2,1,10,1
2023,Kabkot,3604,SERANG,74.42,1.43,46.79,13.8,4.8,60370.56,9.94,28.23,53.88,25.04,18.01,10.44,46.51,2661280,6.4,12,Kuning (Perlu perhatian),2,1,4,1,2,10,1
2023,Kabkot,3671,TANGERANG,73.08,1.94,49.41,2.11,5.57,119060.33,6.76,19.19,33.9,20.18,1.47,6.77,71.58,2661280,6.4,10,Kuning (Perlu perhatian),2,1,4,3,1,11,1
2023,Kabkot,3672,CILEGON,68.04000000000001,1.7,50.03,12.77,4.82,84537.53999999999,7.25,18.02,35.63,16.22,3.7,12.94,67.14,2661280,6.4,12,Kuning (Perlu perhatian),1,1,4,1,2,9,1
2023,Kabkot,3673,SERANG,65.03,1.52,42.93,-.87,4.74,25655.61,7.45,18.95,48.74,18.46,4.77,6.81,69.95999999999999,2661280,6.4,14,Oranye (Risiko PHK),1,1,4,3,2,11,1
2023,Kabkot,3674,TANGERANG SELATAN,66.59999999999999,2.15,36.67,-1.38,5.36,69562.28999999999,5.81,16.82,29.54,6.56,.55,6.95,85.94,2661280,6.4,12,Kuning (Perlu perhatian),1,1,4,3,1,10,1
2023,Kabkot,5101,JEMBRANA,88.47,.92,37.2,17,3.65,9492.379999999999,2.52,7.07,55.37,19.08,19.84,8.24,52.84,2713672,7.82,13,Kuning (Perlu perhatian),4,3,4,1,4,16,4
2023,Kabkot,5102,TABANAN,78.43000000000001,1.25,41.26,10.99,3.56,15472.12,2.64,7.86,50.3,12.16,20.32,7.29,60.23,2713672,7.82,13,Kuning (Perlu perhatian),3,1,4,2,4,14,3
2023,Kabkot,5103,BADUNG,80.34999999999999,1.49,49.33,-1.62,11.29,35554.32,2.72,8.08,39.62,11.97,7.01,5.16,75.86,2713672,7.82,14,Oranye (Risiko PHK),3,1,4,3,1,12,2
2023,Kabkot,5104,GIANYAR,83.84,1.14,51.66,9.890000000000001,5.06,18865.02,2.96,6.39,45.48,18.32,12.15,8.48,61.05,2713672,7.82,13,Kuning (Perlu perhatian),4,2,4,2,2,14,3
2023,Kabkot,5105,KLUNGKUNG,81.05,1.09,39.48,17.77,4.7,6041.65,1.29,1.92,54.5,13.43,21.06,5.67,59.85,2713672,7.82,13,Kuning (Perlu perhatian),3,2,4,1,2,12,2
2023,Kabkot,5106,BANGLI,87.39,1.21,33.42,16.39,3.5,4665.1,.75,2.48,69.43000000000001,17.17,38.87,7.27,36.69,2713672,7.82,12,Kuning (Perlu perhatian),4,1,3,1,4,13,2
2023,Kabkot,5107,KARANGASEM,86.95,1.09,39.06,6.34,3.1,11179.22,2.61,4.73,66.31,21.15,26.8,9.1,42.94,2713672,7.82,13,Kuning (Perlu perhatian),4,2,4,2,4,16,4
2023,Kabkot,5108,BULELENG,85.02,1.04,30.73,15.79,3.64,23281.43,3.6,9.039999999999999,65.79000000000001,11.02,34.08,10.68,44.21,2713672,7.82,13,Kuning (Perlu perhatian),4,2,3,1,4,14,3
2023,Kabkot,5171,DENPASAR,76.73999999999999,1.45,41.72,2.58,5.69,36004.3,2.85,6.68,34.48,12.03,.79,6.17,81.01000000000001,2713672,7.82,11,Kuning (Perlu perhatian),3,1,4,3,1,12,2
2023,Kabkot,5201,LOMBOK BARAT,83.03,.95,32.32,20.35,5.03,11379.48,3.12,9.369999999999999,63.4,10.28,23.23,11.72,54.77,2371407,7.44,12,Kuning (Perlu perhatian),4,3,3,1,2,13,2
2023,Kabkot,5202,LOMBOK TENGAH,71.95999999999999,.96,35.83,10.02,5.77,13183.34,2.78,6.62,80.86,19.05,36.22,8.1,36.64,2371407,7.44,12,Kuning (Perlu perhatian),2,3,3,2,1,11,1
2023,Kabkot,5203,LOMBOK TIMUR,70.39,.77,27.7,38.88,4.31,15508.94,2.47,7.94,78.38,15.41,36.89,7.64,40.06,2371407,7.44,13,Kuning (Perlu perhatian),2,4,3,1,3,13,2
2023,Kabkot,5204,SUMBAWA,69.89,1.17,19.62,10.79,3.61,10929.06,2.79,8.960000000000001,73.2,6.38,40.06,5.52,48.03,2371407,7.44,11,Kuning (Perlu perhatian),2,1,2,2,4,11,1
2023,Kabkot,5205,DOMPU,76.84,.86,19.82,6.58,3.17,5288.43,2.36,4.9,74.31,6.1,40.05,6.59,47.26,2371407,7.44,12,Kuning (Perlu perhatian),3,3,2,2,4,14,3
2023,Kabkot,5206,BIMA,83.54000000000001,.77,14.98,5.05,3.93,8640.92,2.15,4.5,77.04000000000001,7.08,47.39,3.95,41.58,2371407,7.44,12,Kuning (Perlu perhatian),4,4,1,2,3,14,3
2023,Kabkot,5207,SUMBAWA BARAT,79.94,1.35,26.74,18.25,-10.33,18265.35,3.54,10.37,57.45,4.99,27.11,19.05,48.85,2371407,7.44,13,Kuning (Perlu perhatian),3,1,3,1,4,12,2
2023,Kabkot,5208,LOMBOK UTARA,78.68000000000001,.9,22.5,42.63,5.1,3548.23,1.4,1.99,78.34999999999999,7.22,49.28,6.22,37.28,2371407,7.44,11,Kuning (Perlu perhatian),3,3,2,1,2,11,1
2023,Kabkot,5271,MATARAM,82.39,1.23,40.12,10.85,4.51,14581.39,4.78,8.98,42.16,11.42,2.98,8.390000000000001,77.20999999999999,2371407,7.44,13,Kuning (Perlu perhatian),4,1,4,2,3,14,3
2023,Kabkot,5272,BIMA,63.45,1.19,35.07,-7.44,5.16,3174.09,3.57,7.23,59.4,14.51,12.6,6.82,66.06999999999999,2371407,7.44,14,Oranye (Risiko PHK),1,1,3,4,2,11,1
2023,Kabkot,5301,SUMBA BARAT,64.34,1.28,20.31,12.78,3.7,1554.46,3.52,8.300000000000001,77.42,11.93,49.94,4.44,33.7,2123994,7.54,11,Kuning (Perlu perhatian),1,1,2,1,4,9,1
2023,Kabkot,5302,SUMBA TIMUR,62.85,1.17,19,15.33,3.12,4245.7,2.21,4.81,73.47,10.72,50.47,5.47,33.34,2123994,7.54,11,Kuning (Perlu perhatian),1,1,2,1,4,9,1
2023,Kabkot,5303,KUPANG,70.41,.96,14.02,-4.77,3.55,5197.88,3.22,9.640000000000001,78.59999999999999,5.41,60.86,4.85,28.88,2123994,7.54,15,Oranye (Risiko PHK),2,3,1,4,4,14,3
2023,Kabkot,5304,TIMOR TENGAH SELATAN,65.03,1.17,23.97,-17.72,3.21,5197.44,2.64,6.08,84.47,13.33,54.86,2.79,29.03,2123994,7.54,14,Oranye (Risiko PHK),1,1,2,4,4,12,2
2023,Kabkot,5305,TIMOR TENGAH UTARA,71.91,.93,30.74,-6.28,3,3122.6,1.96,5.17,73.87,16.47,41.95,6.68,34.9,2123994,7.54,16,Oranye (Risiko PHK),2,3,3,4,4,16,4
2023,Kabkot,5306,BELU,67.37,.93,22.94,-3.71,3.76,3233.47,5.45,14.67,72.61,6.41,43.5,6.09,44,2123994,7.54,15,Oranye (Risiko PHK),1,3,2,4,4,14,3
2023,Kabkot,5307,ALOR,73.01000000000001,.89,18.56,-9.369999999999999,4.09,2193.1,2.52,7.45,76.04000000000001,6.6,50.02,4.29,39.08,2123994,7.54,15,Oranye (Risiko PHK),2,3,2,4,3,14,3
2023,Kabkot,5308,LEMBATA,66.54000000000001,1.03,19.91,-4.21,2.46,1239.59,2.55,7.22,71.36,8.84,47.11,5.53,38.53,2123994,7.54,16,Oranye (Risiko PHK),1,2,2,4,4,13,2
2023,Kabkot,5309,FLORES TIMUR,69.14,.9399999999999999,22.16,-.45,3.15,3695.63,3.79,9.09,77.73999999999999,12.76,48.48,3.86,34.9,2123994,7.54,15,Oranye (Risiko PHK),1,3,2,3,4,13,2
2023,Kabkot,5310,SIKKA,75.25,.93,32.61,11.41,3.77,3620.86,2.62,6.61,71.63,17.03,37.1,6.22,39.65,2123994,7.54,13,Kuning (Perlu perhatian),2,3,3,2,4,14,3
2023,Kabkot,5311,ENDE,67.78,1.14,23.73,11.75,3.87,4457.69,2.59,8.92,74.39,12.64,45.39,4.61,37.36,2123994,7.54,11,Kuning (Perlu perhatian),1,2,2,1,3,9,1
2023,Kabkot,5312,NGADA,50.93,1.06,15.32,4.32,3.49,2491.69,4,11.09,69.34999999999999,5.37,53.76,3.71,37.16,2123994,7.54,12,Kuning (Perlu perhatian),1,2,1,2,4,10,1
2023,Kabkot,5313,MANGGARAI,71.86,1.09,21.93,3.61,3.79,3270.87,2.44,5.16,76.81999999999999,8.27,51.11,7.64,32.98,2123994,7.54,12,Kuning (Perlu perhatian),2,2,2,3,3,12,2
2023,Kabkot,5314,ROTE NDAO,57.61,1.11,20.31,13.78,2.71,2100.41,3.65,13.33,71.33,9.94,53.8,5.36,30.9,2123994,7.54,12,Kuning (Perlu perhatian),1,2,2,1,4,10,1
2023,Kabkot,5315,MANGGARAI BARAT,77.06999999999999,1.04,16.43,25.9,4.77,2505.52,4.42,10.78,74.69,3.02,56.92,6,34.05,2123994,7.54,12,Kuning (Perlu perhatian),3,2,1,1,2,9,1
2023,Kabkot,5316,SUMBA TENGAH,70.59,1.04,8.460000000000001,-6.05,2.85,809.49,1.89,3.55,77.70999999999999,1.37,63.99,6.45,28.19,2123994,7.54,16,Oranye (Risiko PHK),2,2,1,4,4,13,2
2023,Kabkot,5317,SUMBA BARAT DAYA,73.08,.83,12.41,16.56,3,2518.92,2.08,4.66,83.52,7.88,64.56,3.31,24.25,2123994,7.54,12,Kuning (Perlu perhatian),2,4,1,1,4,12,2
2023,Kabkot,5318,NAGEKEO,70.22,1.05,22.86,12.42,3.12,1495.1,3.54,9.039999999999999,76.41,10.64,50.55,6.24,32.57,2123994,7.54,12,Kuning (Perlu perhatian),2,2,2,1,4,11,1
2023,Kabkot,5319,MANGGARAI TIMUR,67.12,1.05,7.41,-1.96,3.5,2240.83,1.63,4.45,86.14,1.59,75.23999999999999,3.57,19.6,2123994,7.54,15,Oranye (Risiko PHK),1,2,1,3,4,11,1
2023,Kabkot,5320,SABU RAIJUA,68.98,1.05,23.61,22.94,2.62,831.11,4.06,10.87,75.36,16.13,45.82,6.13,31.92,2123994,7.54,13,Kuning (Perlu perhatian),1,2,2,1,4,10,1
2023,Kabkot,5321,MALAKA,63.18,.93,27.58,16.21,3.77,2062.15,3.06,8.359999999999999,81.78,16.73,46.53,4,32.74,2123994,7.54,13,Kuning (Perlu perhatian),1,3,3,1,3,11,1
2023,Kabkot,5371,KUPANG,63.16,1.46,29.58,-1.12,3.93,17810.93,5.69,16.37,39.3,4.56,5.63,10.91,78.91,2123994,7.54,14,Oranye (Risiko PHK),1,1,3,3,3,11,1
2023,Kabkot,6101,SAMBAS,82.20999999999999,.99,19.19,-7.77,4.69,15278.39,5.04,16.1,70.09999999999999,4.15,53.74,5.68,36.42,2608602,7.16,15,Oranye (Risiko PHK),4,2,2,4,2,14,3
2023,Kabkot,6102,BENGKAYANG,76.92,.93,13.13,-6.24,4.68,6449.88,2.92,8.220000000000001,66.70999999999999,2.98,49.97,14.04,33.02,2608602,7.16,15,Oranye (Risiko PHK),3,3,1,4,2,13,2
2023,Kabkot,6103,LANDAK,86.31999999999999,.88,9.67,-13.43,4.39,7988.2,2.24,5.76,74.98999999999999,1.58,68.78,6.16,23.48,2608602,7.16,15,Oranye (Risiko PHK),4,3,1,4,3,15,4
2023,Kabkot,6104,MEMPAWAH,88.29000000000001,.91,32.5,-3.23,5.09,6014.54,7.33,17.4,55.57,10.99,35.6,12.81,40.61,2608602,7.16,15,Oranye (Risiko PHK),4,3,3,4,2,16,4
2023,Kabkot,6105,SANGGAU,68.14,1.08,12.05,-.72,2.04,14719.8,3.86,11.47,62.67,4.87,64.64,4.22,26.27,2608602,7.16,16,Oranye (Risiko PHK),1,2,1,3,4,11,1
2023,Kabkot,6106,KETAPANG,82.11,1.1,19.62,-2.82,1.1,20088.15,6.57,16.01,55.09,4.11,52.65,8.35,34.88,2608602,7.16,16,Oranye (Risiko PHK),4,2,2,4,4,16,4
2023,Kabkot,6107,SINTANG,76.97,1.19,8.91,1.56,4.68,10693.38,2.92,9.75,64.34999999999999,1.24,61.94,10.43,26.39,2608602,7.16,12,Kuning (Perlu perhatian),3,1,1,3,2,10,1
2023,Kabkot,6108,KAPUAS HULU,84.95999999999999,1.05,11.22,13.09,4.62,7118.7,2.19,8.359999999999999,62.44,1.8,58.29,15.2,24.71,2608602,7.16,12,Kuning (Perlu perhatian),4,2,1,1,3,11,1
2023,Kabkot,6109,SEKADAU,84.17,.91,11.21,-6.77,4.69,4880.32,2.29,7.34,67.25,2.48,65.98999999999999,8.279999999999999,23.25,2608602,7.16,15,Oranye (Risiko PHK),4,3,1,4,2,14,3
2023,Kabkot,6110,MELAWI,82.90000000000001,.9399999999999999,15.07,-1.51,4.56,3838.95,2.46,7.78,61.14,3.57,46.82,14.17,35.44,2608602,7.16,15,Oranye (Risiko PHK),4,3,1,3,3,14,3
2023,Kabkot,6111,KAYONG UTARA,82.13,.99,20.48,-2.38,4.48,2889.47,3.04,7.73,59.15,6.36,50.73,8.800000000000001,34.11,2608602,7.16,15,Oranye (Risiko PHK),4,2,2,4,3,15,4
2023,Kabkot,6112,KUBU RAYA,87.40000000000001,1,33.44,-7.37,4.98,20768.22,6.76,9.970000000000001,57.34,7.49,39.24,14.35,38.92,2608602,7.16,16,Oranye (Risiko PHK),4,2,3,4,2,15,4
2023,Kabkot,6171,PONTIANAK,78.12,1.3,38.5,5.76,4.76,27404.86,8.92,17.37,34.55,9.710000000000001,3.47,10.48,76.34,2608602,7.16,11,Kuning (Perlu perhatian),3,1,4,2,2,12,2
2023,Kabkot,6172,SINGKAWANG,75.92,1.14,35.23,1.57,5.06,7694.93,8.51,12.45,49.65,7.36,21.05,12.2,59.4,2608602,7.16,12,Kuning (Perlu perhatian),2,2,3,3,2,12,2
2023,Kabkot,6201,KOTAWARINGIN BARAT,83.76000000000001,.93,30.45,2.79,6.1,15446.61,4.45,10.41,44.44,8.77,31.85,8.58,50.8,3181013,8.85,12,Kuning (Perlu perhatian),4,3,3,3,1,14,3
2023,Kabkot,6202,KOTAWARINGIN TIMUR,77.73,1.04,19.3,-2.96,1.81,19977.24,4.77,13.07,51.8,3.84,46.56,8.31,41.29,3181013,8.85,16,Oranye (Risiko PHK),3,2,2,4,4,15,4
2023,Kabkot,6203,KAPUAS,80.86,.88,15.97,8.119999999999999,5.71,12793.79,3.66,9.300000000000001,64.23999999999999,4.52,36.31,16,43.17,3181013,8.85,11,Kuning (Perlu perhatian),3,3,1,2,1,10,1
2023,Kabkot,6204,BARITO SELATAN,66.95,1.02,15.04,2.76,3.27,4753.49,4.33,13.43,64.34,3.61,44.42,10.81,41.16,3181013,8.85,12,Kuning (Perlu perhatian),1,2,1,3,4,11,1
2023,Kabkot,6205,BARITO UTARA,74.38,1.28,16.46,12.18,5.49,8015.28,4.85,13.61,53.54,4.23,33.54,20.99,41.25,3181013,8.85,10,Kuning (Perlu perhatian),2,1,1,1,1,6,1
2023,Kabkot,6206,SUKAMARA,56.25,.99,18.95,-3.16,5.64,3395.63,5.23,10.15,44.22,3.61,44.87,5.74,45.79,3181013,8.85,14,Oranye (Risiko PHK),1,3,2,4,1,11,1
2023,Kabkot,6207,LAMANDAU,59.76,1.16,23.1,-.95,1.59,4275.84,3.32,8.529999999999999,45.06,8.99,43.19,3.12,44.71,3181013,8.85,15,Oranye (Risiko PHK),1,2,2,3,4,12,2
2023,Kabkot,6208,SERUYAN,64.41,1.12,11.22,-11.44,4.55,6560.81,3.61,12.64,37.06,3.33,62.03,7.33,27.31,3181013,8.85,14,Oranye (Risiko PHK),1,2,1,4,3,11,1
2023,Kabkot,6209,KATINGAN,78.47,1.02,11.17,-16.32,5.98,5696.61,4.96,10.08,57.47,2.07,33.89,28.93,35.12,3181013,8.85,14,Oranye (Risiko PHK),3,2,1,4,1,11,1
2023,Kabkot,6210,PULANG PISAU,89.41,.92,14.48,3.77,4.84,3947.23,2.07,2.7,60.26,3.58,48.53,13.93,33.97,3181013,8.85,12,Kuning (Perlu perhatian),4,3,1,2,2,12,2
2023,Kabkot,6211,GUNUNG MAS,84.95999999999999,.93,13.32,3.96,4.25,4222.88,3.24,8.15,45.22,5.66,16.86,44.37,33.11,3181013,8.85,12,Kuning (Perlu perhatian),4,3,1,2,3,13,2
2023,Kabkot,6212,BARITO TIMUR,75.22,1.1,13.84,-3.88,3.47,5856.57,3.37,10.71,56.67,2.67,43.98,12.25,41.1,3181013,8.85,15,Oranye (Risiko PHK),2,2,1,4,4,13,2
2023,Kabkot,6213,MURUNG RAYA,80.79000000000001,1.28,10.13,10.25,5.46,6743.91,2.75,6.91,55.8,3.31,27.39,35.03,34.28,3181013,8.85,10,Kuning (Perlu perhatian),3,1,1,2,1,8,1
2023,Kabkot,6271,PALANGKA RAYA,65.68000000000001,1.15,33.54,11.6,6.57,12490.56,5.13,12.07,39.02,4.44,5.59,12.6,77.36,3181013,8.85,11,Kuning (Perlu perhatian),1,2,3,2,1,9,1
2023,Kabkot,6301,TANAH LAUT,79.77,.9399999999999999,22.16,9.880000000000001,4.78,11584.22,3.58,12.26,54.92,7.21,42.49,10.68,39.62,3149978,8.380000000000001,12,Kuning (Perlu perhatian),3,3,2,2,2,12,2
2023,Kabkot,6302,KOTABARU,69.69,1.12,20.7,7.43,4.29,19504.96,6.08,18.41,48.23,7.91,44.1,10.66,37.33,3149978,8.380000000000001,11,Kuning (Perlu perhatian),2,2,2,2,3,11,1
2023,Kabkot,6303,BANJAR,85.90000000000001,.89,27.1,7.85,4.35,13201.49,2.73,7.75,58.98,7.48,29.63,10.33,52.56,3149978,8.380000000000001,13,Kuning (Perlu perhatian),4,3,3,2,3,15,4
2023,Kabkot,6304,BARITO KUALA,77,.93,22.38,1.27,3.91,6396.42,3.42,9.52,65.03,9.33,43.45,6.61,40.61,3149978,8.380000000000001,13,Kuning (Perlu perhatian),3,3,2,3,3,14,3
2023,Kabkot,6305,TAPIN,79.66,1.13,19.59,.04,4.88,7235.23,3.93,10.96,63.44,3.12,31.7,14.34,50.83,3149978,8.380000000000001,13,Kuning (Perlu perhatian),3,2,2,3,2,12,2
2023,Kabkot,6306,HULU SUNGAI SELATAN,80.81,.84,27,5.5,5.27,5305.52,2.12,7.04,65.78,10.91,36.05,8.34,44.7,3149978,8.380000000000001,12,Kuning (Perlu perhatian),3,4,3,2,1,13,2
2023,Kabkot,6307,HULU SUNGAI TENGAH,81.61,.79,27.02,-3.85,4.11,5386.03,3.26,9.49,68.63,6.2,33.96,9.390000000000001,50.45,3149978,8.380000000000001,16,Oranye (Risiko PHK),3,4,3,4,3,17,4
2023,Kabkot,6308,HULU SUNGAI UTARA,82.06999999999999,.66,31.01,6.2,4.51,3708.42,3.85,8.33,61.71,16.21,23,6.68,54.11,3149978,8.380000000000001,13,Kuning (Perlu perhatian),4,4,3,2,3,16,4
2023,Kabkot,6309,TABALONG,69.97,1.31,18.33,21.3,4.9,16516.95,3.6,10.79,60.8,2.86,39.73,14.74,42.67,3149978,8.380000000000001,10,Kuning (Perlu perhatian),2,1,2,1,2,8,1
2023,Kabkot,6310,TANAH BUMBU,85.95999999999999,1.11,21.21,6.78,4.84,17740.14,6.56,15.32,44.76,5.15,34.62,17.83,42.4,3149978,8.380000000000001,11,Kuning (Perlu perhatian),4,2,2,2,2,12,2
2023,Kabkot,6311,BALANGAN,66.09,1.21,15.69,33.52,4.17,10390.6,2.7,5.19,66.45,3.2,45.04,10.98,40.77,3149978,8.380000000000001,11,Kuning (Perlu perhatian),1,1,1,1,3,7,1
2023,Kabkot,6371,BANJARMASIN,86.23999999999999,.85,41.78,4.97,5.62,25314.94,6.7,15.29,39.3,11.74,1.61,6.48,80.17,3149978,8.380000000000001,13,Kuning (Perlu perhatian),4,3,4,2,1,14,3
2023,Kabkot,6372,BANJAR BARU,62.1,1.21,38.54,-7.31,6.81,7288.18,5.01,13.3,43,11.11,9.699999999999999,11.47,67.72,3149978,8.380000000000001,14,Oranye (Risiko PHK),1,1,4,4,1,11,1
2023,Kabkot,6401,PASER,64.37,1.23,18.44,-13.19,1.38,37493.83,4.72,14.1,56.15,3.38,42.24,14.05,40.33,3201396,6.2,15,Oranye (Risiko PHK),1,1,2,4,4,12,2
2023,Kabkot,6402,KUTAI BARAT,78.40000000000001,1.17,14.86,11.7,5.82,23848.65,6.16,15.76,46.64,3.43,31.24,13.11,52.23,3201396,6.2,10,Kuning (Perlu perhatian),3,1,1,2,1,8,1
2023,Kabkot,6403,KUTAI KARTANEGARA,85.91,1.2,24.44,-2.52,5.13,135406.1,4.05,12.53,49.92,4.11,25.25,22.26,48.38,3201396,6.2,13,Kuning (Perlu perhatian),4,1,2,4,2,13,2
2023,Kabkot,6404,KUTAI TIMUR,74.05,1.6,25.58,.68,7.71,104663.2,5.93,14.75,48.57,4.94,28.2,17.14,49.73,3201396,6.2,11,Kuning (Perlu perhatian),2,1,2,3,1,9,1
2023,Kabkot,6405,BERAU,75.04000000000001,1.35,24.1,-7.89,5.44,31570.05,4.95,10.59,47.24,7.14,27.43,18.94,46.5,3201396,6.2,12,Kuning (Perlu perhatian),2,1,2,4,1,10,1
2023,Kabkot,6409,PENAJAM PASER UTARA,81.31,1.02,25.62,13.45,29.85,9652.65,2.07,5.36,57.07,5.6,38.48,10.17,45.75,3201396,6.2,12,Kuning (Perlu perhatian),3,2,2,1,1,9,1
2023,Kabkot,6411,MAHAKAM ULU,75.11,1.1,12.59,15.4,2.8,1852.96,2.09,3.63,68.98999999999999,1.31,54.97,7.92,35.8,3201396,6.2,12,Kuning (Perlu perhatian),2,2,1,1,4,10,1
2023,Kabkot,6471,BALIKPAPAN,73.56,1.33,45.18,.47,6.49,97060.14999999999,6.09,13.83,34.83,9.02,3.01,13.67,74.3,3201396,6.2,13,Kuning (Perlu perhatian),2,1,4,3,1,11,1
2023,Kabkot,6472,SAMARINDA,75.44,1.15,38.2,.35,8.619999999999999,53604.33,5.92,11.73,39.61,9.619999999999999,5.83,12.66,71.88,3201396,6.2,13,Kuning (Perlu perhatian),2,2,4,3,1,12,2
2023,Kabkot,6474,BONTANG,77.72,1.42,43.87,6.11,4.16,42633.63,7.74,16.6,31.11,10.35,5.96,11.32,72.36,3201396,6.2,12,Kuning (Perlu perhatian),3,1,4,2,3,13,2
2023,Kabkot,6501,MALINAU,63.08,1.26,8.75,15.82,4.18,8927.110000000001,3.19,8.449999999999999,64.41,3.32,53.23,7.87,35.59,3251703,7.79,11,Kuning (Perlu perhatian),1,1,1,1,3,7,1
2023,Kabkot,6502,BULUNGAN,68.87,1.13,24.61,-10.95,4.6,13178.49,4.54,11.72,50.39,5.58,27.52,14.64,52.27,3251703,7.79,14,Oranye (Risiko PHK),1,2,2,4,3,12,2
2023,Kabkot,6503,TANA TIDUNG,63.15,1.32,19.25,-.04,4.3,4177.36,3.24,6.7,46.7,4.69,28.38,5.89,61.05,3251703,7.79,13,Kuning (Perlu perhatian),1,1,2,3,3,10,1
2023,Kabkot,6504,NUNUKAN,79.28,.93,14.91,-3.06,4.16,17914.74,2.69,8.16,60.08,2.92,52.61,4.03,40.44,3251703,7.79,15,Oranye (Risiko PHK),3,3,1,4,3,14,3
2023,Kabkot,6571,TARAKAN,75.40000000000001,1.14,41.74,-5.24,5.9,25647.26,5.25,12.08,39.36,12.25,11.33,10.98,65.44,3251703,7.79,15,Oranye (Risiko PHK),2,2,4,4,1,13,2
2023,Kabkot,7101,BOLAANG MONGONDOW,78.53,.76,23.98,11.49,5.18,6345.24,4.61,14.24,76.01000000000001,8.67,40.7,15.46,35.17,3485000,5.26,11,Kuning (Perlu perhatian),3,4,2,2,1,12,2
2023,Kabkot,7102,MINAHASA,73.48,.9399999999999999,29.84,13.57,5.55,13523.8,7.65,26.09,62,7.48,25.15,9.550000000000001,57.81,3485000,5.26,12,Kuning (Perlu perhatian),2,3,3,1,1,10,1
2023,Kabkot,7103,KEPULAUAN SANGIHE,70.90000000000001,.79,31.69,-.64,5.3,3559.03,2.56,8.17,63.73,15.93,24.4,9.619999999999999,50.05,3485000,5.26,15,Oranye (Risiko PHK),2,4,3,3,1,13,2
2023,Kabkot,7104,KEPULAUAN TALAUD,51.56,.9,23.28,23.9,5.21,1843.8,3.1,13.89,67.06,14.86,40.31,4.13,40.69,3485000,5.26,11,Kuning (Perlu perhatian),1,3,2,1,1,8,1
2023,Kabkot,7105,MINAHASA SELATAN,80.75,.83,39.65,10.8,5.54,7088.43,4.98,14.18,63.29,23.91,24.69,7.05,44.34,3485000,5.26,12,Kuning (Perlu perhatian),3,4,4,2,1,14,3
2023,Kabkot,7106,MINAHASA UTARA,69.09,1.09,37.83,-1.76,5.41,10890.66,7.17,22.05,51.97,14.08,14.09,13.46,58.37,3485000,5.26,15,Oranye (Risiko PHK),1,2,4,3,1,11,1
2023,Kabkot,7107,BOLAANG MONGONDOW UTARA,82.25,.61,22.94,14.36,5.43,1946.27,4.48,14.82,60.57,11.72,38,7.48,42.8,3485000,5.26,11,Kuning (Perlu perhatian),4,4,2,1,1,12,2
2023,Kabkot,7108,SIAU TAGULANDANG BIARO,71.91,.89,19.85,7.07,5.25,1862.02,2.09,6.69,65.03,3.09,36.86,7.61,52.44,3485000,5.26,11,Kuning (Perlu perhatian),2,3,2,2,1,10,1
2023,Kabkot,7109,MINAHASA TENGGARA,72.93000000000001,.82,29,2.87,5.38,4182.82,2.84,7.83,69.12,12.07,28.93,12.55,46.45,3485000,5.26,12,Kuning (Perlu perhatian),2,4,3,3,1,13,2
2023,Kabkot,7110,BOLAANG MONGONDOW SELATAN,71.44,.71,16.91,8.98,5.33,1536.87,2.55,6.61,67.3,6.09,45.84,8.82,39.24,3485000,5.26,11,Kuning (Perlu perhatian),2,4,1,2,1,10,1
2023,Kabkot,7111,BOLAANG MONGONDOW TIMUR,71.58,.77,16.11,11.68,5.35,2148.25,5.35,14.45,64.23,6.2,32.36,20.03,41.42,3485000,5.26,11,Kuning (Perlu perhatian),2,4,1,2,1,10,1
2023,Kabkot,7171,MANADO,70.84,1.08,43.9,-4.26,5.52,29041.61,8.85,24.95,44.77,6.68,3.7,12.1,77.52,3485000,5.26,16,Oranye (Risiko PHK),2,2,4,4,1,13,2
2023,Kabkot,7172,BITUNG,81.11,1.06,47.15,-3.4,5.66,13218.72,7.82,20.2,40.73,15.73,12.55,7.46,64.26000000000001,3485000,5.26,16,Oranye (Risiko PHK),3,2,4,4,1,14,3
2023,Kabkot,7173,TOMOHON,76.76000000000001,.93,39,-10.91,5.32,3557.7,8.52,24.54,50.82,10.06,16.13,15.07,58.74,3485000,5.26,15,Oranye (Risiko PHK),3,3,4,4,1,15,4
2023,Kabkot,7174,KOTAMOBAGU,77.23,.88,28.91,1.12,5.4,2768.43,6.34,19.2,52.32,7.64,16.64,11.21,64.51000000000001,3485000,5.26,13,Kuning (Perlu perhatian),3,3,3,3,1,13,2
2023,Kabkot,7201,BANGGAI KEPULAUAN,73.56999999999999,.92,26.15,8.199999999999999,3.94,2983.31,1.56,4.91,76.02,15,46.49,4.84,33.67,2599546,8.73,13,Kuning (Perlu perhatian),2,3,3,2,3,13,2
2023,Kabkot,7202,BANGGAI,81.89,1.06,22.94,-1.92,2.4,20622.67,3.12,7.41,67.23999999999999,11.32,43.96,7.74,36.99,2599546,8.73,16,Oranye (Risiko PHK),4,2,2,3,4,15,4
2023,Kabkot,7203,MOROWALI,65.58,1.58,34.99,15.53,20.34,84987.24000000001,2.84,6.15,51.9,18.39,33.27,14.49,33.85,2599546,8.73,9,Kuning (Perlu perhatian),1,1,3,1,1,7,1
2023,Kabkot,7204,POSO,73.72,1.02,15.72,-2.07,3.82,7019.69,1.67,4.42,68.67,4.43,52.91,6.91,35.75,2599546,8.73,15,Oranye (Risiko PHK),2,2,1,4,3,12,2
2023,Kabkot,7205,DONGGALA,83.01000000000001,.8100000000000001,21.62,19.79,4.68,9289.25,2.79,6.68,72.48999999999999,6.85,49.58,7.11,36.47,2599546,8.73,12,Kuning (Perlu perhatian),4,4,2,1,2,13,2
2023,Kabkot,7206,TOLI-TOLI,83.23999999999999,.8,21.02,-11.93,3.52,6197.36,3.12,7.69,67.13,9.57,37.27,4.72,48.45,2599546,8.73,15,Oranye (Risiko PHK),4,4,2,4,4,18,4
2023,Kabkot,7207,BUOL,78.90000000000001,.9399999999999999,15.01,14.02,3.59,4327.05,3.14,9.210000000000001,60.32,3.87,38.21,11.54,46.39,2599546,8.73,12,Kuning (Perlu perhatian),3,3,1,1,4,12,2
2023,Kabkot,7208,PARIGI MOUTONG,82.34,.89,20.84,14.57,3.5,12469.5,2.11,5.2,72.61,6.78,47.95,5.42,39.85,2599546,8.73,12,Kuning (Perlu perhatian),4,3,2,1,4,14,3
2023,Kabkot,7209,TOJO UNA-UNA,80.68000000000001,.82,19.02,1.62,3.34,4146.74,2.83,8.09,70,7.74,43.18,7.11,41.97,2599546,8.73,13,Kuning (Perlu perhatian),3,4,2,3,4,16,4
2023,Kabkot,7210,SIGI,74.43000000000001,1.01,21.16,-13.71,3.37,6904.56,2.6,7.98,79.81,6.39,49.99,10.08,33.54,2599546,8.73,15,Oranye (Risiko PHK),2,2,2,4,4,14,3
2023,Kabkot,7211,BANGGAI LAUT,86.28,.78,22.9,11.16,3.77,1812.57,3.64,12.41,67.48999999999999,13.78,44.66,5.36,36.2,2599546,8.73,12,Kuning (Perlu perhatian),4,4,2,2,3,15,4
2023,Kabkot,7212,MOROWALI UTARA,75.69,1.19,19.73,7.87,23.04,14972.78,2.23,6.42,60.67,9.31,48.74,9.17,32.78,2599546,8.73,10,Kuning (Perlu perhatian),2,1,2,2,1,8,1
2023,Kabkot,7271,PALU,70.06,1.1,34.67,9.57,4.96,17941.4,5.65,12.02,42.64,9.76,3.36,10.27,76.61,2599546,8.73,13,Kuning (Perlu perhatian),2,2,3,2,2,11,1
2023,Kabkot,7301,KEPULAUAN SELAYAR,76.84999999999999,.6,26.46,-2.06,3.68,4047.38,1.98,6.44,61.44,11.75,30.73,8.050000000000001,49.47,3385145,6.93,16,Oranye (Risiko PHK),3,4,3,3,4,17,4
2023,Kabkot,7302,BULUKUMBA,72.61,.77,20.97,15.33,4.11,9741.4,1.31,4.26,69.52,10.54,43.53,5.35,40.58,3385145,6.93,12,Kuning (Perlu perhatian),2,4,2,1,3,12,2
2023,Kabkot,7303,BANTAENG,65.45,.76,21.05,-12.78,5.56,7496.65,3.71,10.3,72.91,12.01,48.91,4.92,34.16,3385145,6.93,14,Oranye (Risiko PHK),1,4,2,4,1,12,2
2023,Kabkot,7304,JENEPONTO,75.15000000000001,.76,23.61,10.55,1.9,7466.55,2.13,5.1,75.45,3.35,48.12,13.64,34.89,3385145,6.93,13,Kuning (Perlu perhatian),2,4,2,2,4,14,3
2023,Kabkot,7305,TAKALAR,83.06,.72,29.56,17.48,3.86,7507.06,3.58,11.62,60.21,11.67,26.94,9.539999999999999,51.85,3385145,6.93,13,Kuning (Perlu perhatian),4,4,3,1,3,15,4
2023,Kabkot,7306,GOWA,79.88,.88,33.38,7.86,5.82,16650.36,3.43,6.06,64.15000000000001,13.2,32.19,12.53,42.07,3385145,6.93,12,Kuning (Perlu perhatian),3,3,3,2,1,12,2
2023,Kabkot,7307,SINJAI,68.5,.72,14.04,1.29,5.71,8399.43,1.69,5.79,70.61,8.48,52.67,3.71,35.13,3385145,6.93,12,Kuning (Perlu perhatian),1,4,1,3,1,10,1
2023,Kabkot,7308,MAROS,79.8,.82,35.94,3.9,5,14210.16,3.64,10.39,51.83,13.28,24.2,12.02,50.5,3385145,6.93,12,Kuning (Perlu perhatian),3,4,3,2,2,14,3
2023,Kabkot,7309,PANGKAJENE DAN KEPULAUAN,76.40000000000001,.9,31.01,9.109999999999999,4.75,19236.71,5.05,13.19,53.29,11.48,29.75,9.1,49.67,3385145,6.93,13,Kuning (Perlu perhatian),2,3,3,2,2,12,2
2023,Kabkot,7310,BARRU,73.83,.72,26.6,4.68,3.51,5516.25,5.89,12.69,54.54,8.9,30.81,11.34,48.95,3385145,6.93,13,Kuning (Perlu perhatian),2,4,3,2,4,15,4
2023,Kabkot,7311,BONE,77.31999999999999,.72,17.71,4.73,3.77,25416.03,2.88,8.1,70.84999999999999,6.73,52.4,4.54,36.33,3385145,6.93,12,Kuning (Perlu perhatian),3,4,1,2,3,13,2
2023,Kabkot,7312,SOPPENG,68.72,.63,21.47,5.74,3.33,8322.530000000001,4.34,12.34,64.15000000000001,7.92,41.71,4.62,45.75,3385145,6.93,12,Kuning (Perlu perhatian),1,4,2,2,4,13,2
2023,Kabkot,7313,WAJO,79.8,.72,22.67,1.87,1.43,14090.79,2.1,6.33,71.63,9.390000000000001,43.45,5.42,41.74,3385145,6.93,14,Oranye (Risiko PHK),3,4,2,3,4,16,4
2023,Kabkot,7314,SIDENRENG RAPPANG,78.58,.76,34.14,2.88,3.28,9601.719999999999,3.29,10.5,63.18,17.05,34.12,6.58,42.25,3385145,6.93,13,Kuning (Perlu perhatian),3,4,3,3,4,17,4
2023,Kabkot,7315,PINRANG,79.11,.78,29.62,4.19,2.18,14388.99,3.64,11.53,65.28,13.03,32.71,9.359999999999999,44.9,3385145,6.93,14,Oranye (Risiko PHK),3,4,3,2,4,16,4
2023,Kabkot,7316,ENREKANG,69.73,.93,16.52,-1.27,2.33,5183.42,1.53,4.12,76.91,6.58,56.1,3.12,34.19,3385145,6.93,16,Oranye (Risiko PHK),2,3,1,3,4,13,2
2023,Kabkot,7317,LUWU,82.69,.9,19.62,20.3,5.64,11668.14,3.7,9.58,64.91,4.46,52.71,4.89,37.94,3385145,6.93,11,Kuning (Perlu perhatian),4,3,2,1,1,11,1
2023,Kabkot,7318,TANA TORAJA,68.81,.74,17.29,18.06,3.66,5209.56,3.37,9.68,79.84,3.32,59.38,11.18,26.12,3385145,6.93,12,Kuning (Perlu perhatian),1,4,1,1,4,11,1
2023,Kabkot,7322,LUWU UTARA,70.45,.86,18.05,-14.9,5.12,9331.059999999999,2.63,7.96,74.86,4.58,49.28,7.86,38.28,3385145,6.93,14,Oranye (Risiko PHK),2,3,1,4,2,12,2
2023,Kabkot,7325,LUWU TIMUR,65.92,1.17,20.21,-3.46,9.66,17928.43,5.42,13.06,62.72,4.94,44.74,12.31,38.01,3385145,6.93,13,Kuning (Perlu perhatian),1,1,2,4,1,9,1
2023,Kabkot,7326,TORAJA UTARA,64.84,.85,19.21,-7.51,3.94,5861.32,2.6,6.55,80.15000000000001,4.48,52.54,8.27,34.71,3385145,6.93,15,Oranye (Risiko PHK),1,3,2,4,3,13,2
2023,Kabkot,7371,MAKASSAR,77.91,1.09,47.84,1.31,5.31,140197.9,10.6,18.95,38.6,10.09,.76,10.44,78.7,3385145,6.93,14,Oranye (Risiko PHK),3,2,4,3,1,13,2
2023,Kabkot,7372,PAREPARE,72.15000000000001,.9,34.69,3.15,3.88,5680.82,5.86,12.92,42.21,6.72,4.59,10.35,78.34,3385145,6.93,13,Kuning (Perlu perhatian),2,3,3,3,3,14,3
2023,Kabkot,7373,PALOPO,73.43000000000001,.89,30.51,2.84,4.34,6369.71,7.81,13.07,40.68,7.18,9.74,12.15,70.94,3385145,6.93,13,Kuning (Perlu perhatian),2,3,3,3,3,14,3
2023,Kabkot,7401,BUTON,66,.8100000000000001,20.92,10.36,3.03,3101.74,2.48,4.66,72.14,8.720000000000001,43.61,6.31,41.36,2758985,1.79,12,Kuning (Perlu perhatian),1,4,2,2,4,13,2
2023,Kabkot,7402,MUNA,68.56999999999999,.91,26.14,18.84,2.06,5650.87,3.27,7.74,63.65,11.78,30.54,7.22,50.47,2758985,1.79,14,Oranye (Risiko PHK),1,3,3,1,4,12,2
2023,Kabkot,7403,KONAWE,67.64,1.05,33.49,.6,22.52,11244.66,3.09,8.52,60.27,15.02,27.16,11.22,46.6,2758985,1.79,14,Oranye (Risiko PHK),1,2,3,3,1,10,1
2023,Kabkot,7404,KOLAKA,68,1.11,20.58,-12.15,5.17,20418.78,3.36,9.59,65.47,6.17,36.4,12.45,44.97,2758985,1.79,13,Kuning (Perlu perhatian),1,2,2,4,1,10,1
2023,Kabkot,7405,KONAWE SELATAN,80.47,1.06,27.97,-.91,5.19,9630.030000000001,3.12,8.529999999999999,69.58,12.14,36.79,10.66,40.41,2758985,1.79,15,Oranye (Risiko PHK),3,2,3,3,1,12,2
2023,Kabkot,7406,BOMBANA,71.89,.9,23.39,-4.51,4.26,5340.69,1.16,3.08,68.28,9.59,40.81,8.65,40.94,2758985,1.79,15,Oranye (Risiko PHK),2,3,2,4,3,14,3
2023,Kabkot,7407,WAKATOBI,79.62,.71,26.97,24.45,4.44,3524.09,2.73,7.31,65.12,9.41,34.26,11.1,45.22,2758985,1.79,13,Kuning (Perlu perhatian),3,4,3,1,3,14,3
2023,Kabkot,7408,KOLAKA UTARA,76.90000000000001,1.25,15.48,11.75,3.99,7040.84,2.24,6.35,67.59,5,47.61,5.33,42.06,2758985,1.79,11,Kuning (Perlu perhatian),3,1,1,1,3,9,1
2023,Kabkot,7409,BUTON UTARA,77.66,.6899999999999999,23.87,-12.76,2.46,2520.46,1.93,4.93,71.05,11.43,40.76,6.18,41.63,2758985,1.79,16,Oranye (Risiko PHK),3,4,2,4,4,17,4
2023,Kabkot,7410,KONAWE UTARA,71.23999999999999,1.16,31.73,36.5,5.03,3264.06,2.76,5.45,50.88,14.94,22.23,18.77,44.06,2758985,1.79,11,Kuning (Perlu perhatian),2,2,3,1,2,10,1
2023,Kabkot,7411,KOLAKA TIMUR,72.86,.98,19.05,2.72,2.03,3638.88,2.18,5.78,71.83,6.5,44.39,9.19,39.92,2758985,1.79,13,Kuning (Perlu perhatian),2,3,2,3,4,14,3
2023,Kabkot,7412,KONAWE KEPULAUAN,83.42,.8100000000000001,18.14,6.11,2.79,1136.61,1.59,5.25,65.09,11.35,45.51,9.949999999999999,33.19,2758985,1.79,13,Kuning (Perlu perhatian),4,4,1,2,4,15,4
2023,Kabkot,7413,MUNA BARAT,70.41,.84,20.11,28.13,5.46,2111.98,2.22,6.78,73.84999999999999,10.08,48.36,6.01,35.55,2758985,1.79,11,Kuning (Perlu perhatian),2,4,2,1,1,10,1
2023,Kabkot,7414,BUTON TENGAH,79.23,.8,27.01,36.44,3.53,1892.41,2.5,4.47,64.90000000000001,12.71,30.42,15.33,41.54,2758985,1.79,13,Kuning (Perlu perhatian),3,4,3,1,4,15,4
2023,Kabkot,7415,BUTON SELATAN,82.5,.67,18.64,12.8,2.41,2213.51,4.33,8.52,66.84,5.82,41.15,11.07,41.96,2758985,1.79,13,Kuning (Perlu perhatian),4,4,2,1,4,15,4
2023,Kabkot,7471,KENDARI,65.97,1.29,33.33,-.51,3.29,18604.82,5.18,12.18,38.25,7.49,3.36,12.67,76.48,2758985,1.79,15,Oranye (Risiko PHK),1,1,3,3,4,12,2
2023,Kabkot,7472,BAUBAU,67.04000000000001,1.1,32.73,-11.38,3.38,7449.39,4.17,7.37,48.19,7.47,4.88,8.960000000000001,78.69,2758985,1.79,16,Oranye (Risiko PHK),1,2,3,4,4,14,3
2023,Kabkot,7501,BOALEMO,66.22,.8100000000000001,18.18,19.73,4.42,3839.7,2.86,8.19,68.79000000000001,6.51,47.99,6.35,39.15,2989350,6.74,12,Kuning (Perlu perhatian),1,4,2,1,3,11,1
2023,Kabkot,7502,GORONTALO,81.45,.8,33.54,-2.43,4.51,9866.469999999999,2.48,7.14,70.61,12.61,33.01,5.29,49.1,2989350,6.74,16,Oranye (Risiko PHK),3,4,3,4,3,17,4
2023,Kabkot,7503,POHUWATO,83.23,.88,27.17,9.76,4.4,5062.52,3.46,7.54,65.58,13.29,32.66,13.5,40.55,2989350,6.74,13,Kuning (Perlu perhatian),4,3,3,2,3,15,4
2023,Kabkot,7504,BONE BOLANGO,75.56999999999999,.76,28.37,-1.71,4.47,3505.12,3.39,9.130000000000001,57.48,7.91,23.25,11.21,57.63,2989350,6.74,16,Oranye (Risiko PHK),2,4,3,3,3,15,4
2023,Kabkot,7505,GORONTALO UTARA,78.73,.76,19.5,10.96,4.31,2560.6,2.77,7.3,70.05,5.4,39.98,8.869999999999999,45.75,2989350,6.74,12,Kuning (Perlu perhatian),3,4,2,2,3,14,3
2023,Kabkot,7571,GORONTALO,70.90000000000001,1.04,41.01,6.58,4.52,6907.07,4.06,12.57,43.81,11.44,4.08,7.12,77.37,2989350,6.74,14,Oranye (Risiko PHK),2,2,4,2,3,13,2
2023,Kabkot,7601,MAJENE,67.8,.78,25.25,18.44,5.28,3878.13,2.64,7.7,67.92,6.97,34.23,10.66,48.14,2871795,7.2,12,Kuning (Perlu perhatian),1,4,2,1,1,9,1
2023,Kabkot,7602,POLEWALI MANDAR,73.59999999999999,.7,21.75,20.63,4.58,10198.86,1.95,5.46,75.20999999999999,7.72,43.15,8.300000000000001,40.83,2871795,7.2,12,Kuning (Perlu perhatian),2,4,2,1,3,12,2
2023,Kabkot,7603,MAMASA,62.75,.77,9.52,14.57,2.72,2358.87,2.35,5.24,83.38,2.18,70.11,3.56,24.15,2871795,7.2,13,Kuning (Perlu perhatian),1,4,1,1,4,11,1
2023,Kabkot,7604,MAMUJU,71.37,.95,20.22,14.46,4.37,8981.43,2.99,8.44,65.15000000000001,5.89,48.68,10.17,35.25,2871795,7.2,12,Kuning (Perlu perhatian),2,3,2,1,3,11,1
2023,Kabkot,7605,PASANGKAYU,66.39,.97,17.56,31.36,6.78,7879.29,2.02,5.23,72.63,6.84,46.43,5,41.73,2871795,7.2,11,Kuning (Perlu perhatian),1,3,1,1,1,7,1
2023,Kabkot,7606,MAMUJU TENGAH,69.95999999999999,.84,15.13,6.03,2.8,2397.44,1.83,2.79,76.05,4.45,54.99,5.78,34.78,2871795,7.2,13,Kuning (Perlu perhatian),2,4,1,2,4,13,2
2023,Kabkot,8101,KEPULAUAN TANIMBAR,57.13,.95,19.02,-12.25,4.41,1930.47,4.31,13.99,75.28,10.12,50.46,2.32,37.1,2812828,7.39,15,Oranye (Risiko PHK),1,3,2,4,3,13,2
2023,Kabkot,8102,MALUKU TENGGARA,72.20999999999999,.75,23.4,-.88,4.84,2252.97,5.73,15.33,69.03,6.65,46.18,4.97,42.2,2812828,7.39,15,Oranye (Risiko PHK),2,4,2,3,2,13,2
2023,Kabkot,8103,MALUKU TENGAH,65.37,.92,29.97,15.91,4.36,6624.7,6.75,18.87,65.45,11.31,32.57,6.67,49.44,2812828,7.39,13,Kuning (Perlu perhatian),1,3,3,1,3,11,1
2023,Kabkot,8104,BURU,70.56999999999999,1.14,24.97,-16.6,4.19,1765.61,4.86,11.79,65.53,10.81,31.89,12.95,44.34,2812828,7.39,14,Oranye (Risiko PHK),2,2,2,4,3,13,2
2023,Kabkot,8105,KEPULAUAN ARU,71.67,.98,17.85,-13.75,4.97,2613.3,1.96,6.99,71.11,7.15,46.7,1.98,44.16,2812828,7.39,15,Oranye (Risiko PHK),2,3,1,4,2,12,2
2023,Kabkot,8106,SERAM BAGIAN BARAT,76.12,.85,23.85,2.74,4.68,2244.59,4.74,12.04,76.40000000000001,15.27,39.17,4.56,40.99,2812828,7.39,12,Kuning (Perlu perhatian),2,3,2,3,2,12,2
2023,Kabkot,8107,SERAM BAGIAN TIMUR,69.68000000000001,.86,24.52,-4.87,3.91,2127.49,3.31,8.69,77.14,14.62,36.59,4.6,44.19,2812828,7.39,15,Oranye (Risiko PHK),2,3,2,4,3,14,3
2023,Kabkot,8108,MALUKU BARAT DAYA,72.3,.86,23.51,1.5,24.84,1745.58,2.43,4.82,72.7,17.11,44.7,3.7,34.5,2812828,7.39,12,Kuning (Perlu perhatian),2,3,2,3,1,11,1
2023,Kabkot,8109,BURU SELATAN,58.42,.68,28.32,-10.87,4.58,1018.86,.97,3,76.75,21.87,41.9,3.4,32.83,2812828,7.39,16,Oranye (Risiko PHK),1,4,3,4,3,15,4
2023,Kabkot,8171,AMBON,57.17,1.26,36.98,-5.49,4.47,11648.04,11.65,24.82,47.08,7.25,3.62,7.61,81.52,2812828,7.39,15,Oranye (Risiko PHK),1,1,4,4,3,13,2
2023,Kabkot,8172,TUAL,61.49,.97,19.65,37.61,5.81,1734.77,8.98,27.76,50.46,3.78,26.44,6.28,63.51,2812828,7.39,11,Kuning (Perlu perhatian),1,3,2,1,1,8,1
2023,Kabkot,8201,HALMAHERA BARAT,58.77,.96,54.43,-.58,2.05,1630.74,3.77,12.34,70.06,44.49,18.15,6.55,30.81,2976720,4,19,Merah (Kondisi Kritis),1,3,4,3,4,15,4
2023,Kabkot,8202,HALMAHERA TENGAH,72.88,1.59,33.63,10.8,42.41,15122.41,3.95,10.29,65.45999999999999,21.33,32.64,11.4,34.63,2976720,4,9,Kuning (Perlu perhatian),2,1,3,2,1,9,1
2023,Kabkot,8203,KEPULAUAN SULA,70.61,.76,35.86,6.62,2.57,1766.12,2.67,7.54,64.86,26.19,29.61,5.86,38.34,2976720,4,14,Oranye (Risiko PHK),2,4,3,2,4,15,4
2023,Kabkot,8204,HALMAHERA SELATAN,63.49,.86,44.55,-2.11,27.78,10140.41,2.44,7.44,77.52,34.49,30.59,7.8,27.12,2976720,4,16,Oranye (Risiko PHK),1,3,4,4,1,13,2
2023,Kabkot,8205,HALMAHERA UTARA,64.76000000000001,1.32,42.69,4.96,.92,4035.56,6.53,19,71.58,28.8,24.77,7.32,39.12,2976720,4,14,Oranye (Risiko PHK),1,1,4,2,4,12,2
2023,Kabkot,8206,HALMAHERA TIMUR,75.2,1.02,37.52,12.47,26.56,3204.17,4.66,14.39,63.1,27.3,25.21,12.82,34.67,2976720,4,12,Kuning (Perlu perhatian),2,2,4,1,1,10,1
2023,Kabkot,8207,PULAU MOROTAI,56.74,.73,32.2,-9.5,2.48,1134.6,4.56,14.95,66.91,21,36.57,4.52,37.92,2976720,4,17,Oranye (Risiko PHK),1,4,3,4,4,16,4
2023,Kabkot,8208,PULAU TALIABU,72.89,.76,21.62,13.81,2.59,1192.05,3.15,7.93,74.97,16.29,50.63,8.08,25.01,2976720,4,13,Kuning (Perlu perhatian),2,4,2,1,4,13,2
2023,Kabkot,8271,TERNATE,53.52,1.29,32.72,-1.76,5,8117.6,6.62,22.07,46.42,5.25,8.07,6.57,80.11,2976720,4,14,Oranye (Risiko PHK),1,1,3,3,2,10,1
2023,Kabkot,8272,TIDORE KEPULAUAN,59.34,1.18,33.52,2.5,2.48,2175.08,3.52,10.31,54.75,14.21,23.9,12.64,49.24,2976720,4,13,Kuning (Perlu perhatian),1,1,3,3,4,12,2
2023,Kabkot,9101,FAKFAK,65.18000000000001,1,15.21,-7.08,1.63,3603.35,6.52,20.54,65.89,2.02,37.95,6.22,53.81,3282000,2.56,16,Oranye (Risiko PHK),1,2,1,4,4,12,2
2023,Kabkot,9102,KAIMANA,63.42,1,21.78,25.28,3.26,1791.37,3.24,7.2,54.13,5.26,37.15,6.34,51.25,3282000,2.56,12,Kuning (Perlu perhatian),1,2,2,1,4,10,1
2023,Kabkot,9103,TELUK WONDAMA,43.48,1.11,14.54,50.28,2.78,1050.08,2.77,8.199999999999999,55.49,2.97,38.56,9.66,48.82,3282000,2.56,11,Kuning (Perlu perhatian),1,2,1,1,4,9,1
2023,Kabkot,9104,TELUK BINTUNI,63.17,1.11,18.17,4.51,6.05,27120.65,3.52,10.52,51.08,3.09,30.38,7.89,58.64,3282000,2.56,10,Kuning (Perlu perhatian),1,2,2,2,1,8,1
2023,Kabkot,9105,MANOKWARI,68.56999999999999,1.14,22.29,-.44,1.06,6827.34,5.97,17.63,59.53,4.35,33.4,9.68,52.57,3282000,2.56,15,Oranye (Risiko PHK),1,2,2,3,4,12,2
2023,Kabkot,9106,SORONG SELATAN,51.1,.99,12.65,38.06,4.39,1435.11,3.01,8.26,70.37,1.78,50.24,4.53,43.45,3282000,2.56,12,Kuning (Perlu perhatian),1,2,1,1,3,8,1
2023,Kabkot,9107,SORONG,79.68000000000001,.92,26.6,15.56,3.27,9005.290000000001,4.58,10.03,58.9,10.14,40.83,11.05,37.97,3282000,2.56,13,Kuning (Perlu perhatian),3,3,3,1,4,14,3
2023,Kabkot,9108,RAJA AMPAT,61.27,.95,20.58,44.48,1.58,2886.2,3.97,11.08,58.91,4.99,38.06,5.63,51.32,3282000,2.56,13,Kuning (Perlu perhatian),1,3,2,1,4,11,1
2023,Kabkot,9109,TAMBRAUW,50.67,.89,5.75,-.82,4.1,158.4,1.3,4.23,73.76000000000001,.2,61.9,5.76,32.14,3282000,2.56,15,Oranye (Risiko PHK),1,3,1,3,3,11,1
2023,Kabkot,9110,MAYBRAT,46.14,.92,7.32,36.54,2.22,489.87,4.24,8.42,65.83,.92,57.09,4.64,37.35,3282000,2.56,12,Kuning (Perlu perhatian),1,3,1,1,4,10,1
2023,Kabkot,9111,MANOKWARI SELATAN,47.65,.9399999999999999,9.34,-17.64,2.1,609.92,1.56,1.14,70.55,.6899999999999999,51.95,1.13,46.23,3282000,2.56,15,Oranye (Risiko PHK),1,3,1,4,4,13,2
2023,Kabkot,9112,PEGUNUNGAN ARFAK,46.13,.98,.01,-59.89,10.12,198.54,.15,.48,96.28,0,96.28,.01,3.71,3282000,2.56,13,Kuning (Perlu perhatian),1,3,1,4,1,10,1
2023,Kabkot,9171,SORONG,63.06,1.25,35.67,-.79,.97,10262.67,9.859999999999999,25.96,41.65,6.74,4.74,12.53,75.98999999999999,3282000,2.56,17,Oranye (Risiko PHK),1,1,3,3,4,12,2
2023,Kabkot,9401,MERAUKE,72.68000000000001,.96,21.99,16.55,5.23,11356.86,3.61,11.45,63.57,6.77,36.82,5.64,50.76,3864696,8.5,11,Kuning (Perlu perhatian),2,3,2,1,1,9,1
2023,Kabkot,9402,JAYAWIJAYA,41.11,1.25,4.67,9.15,5.63,5192.43,.51,1.39,92.95,.7,71.33,1.37,26.6,3864696,8.5,9,Kuning (Perlu perhatian),1,1,1,2,1,6,1
2023,Kabkot,9403,JAYAPURA,71.59999999999999,1,26.64,26.73,2.4,10838.58,4.07,13.61,62.64,5.33,37.54,8.779999999999999,48.35,3864696,8.5,14,Oranye (Risiko PHK),2,2,3,1,4,12,2
2023,Kabkot,9404,NABIRE,68.70999999999999,.93,22.19,-1.8,3.78,8154.41,4.06,12.71,63.97,2.7,36.88,10.27,50.16,3864696,8.5,15,Oranye (Risiko PHK),1,3,2,3,3,12,2
2023,Kabkot,9408,KEPULAUAN YAPEN,52.37,.8100000000000001,21.39,15.77,2.53,3086.8,4.01,12.3,73.2,6.1,45.55,10.42,37.93,3864696,8.5,13,Kuning (Perlu perhatian),1,4,2,1,4,12,2
2023,Kabkot,9409,BIAK NUMFOR,67.84,.78,18.23,33.48,3.22,3612.07,5.72,17.16,65.64,4.75,36.47,5.25,53.53,3864696,8.5,12,Kuning (Perlu perhatian),1,4,2,1,4,12,2
2023,Kabkot,9410,PANIAI,82.75,.8,7.48,-8.75,2.42,3272.18,1.25,3.34,97.69,0,82.06999999999999,0,17.93,3864696,8.5,16,Oranye (Risiko PHK),4,4,1,4,4,17,4
2023,Kabkot,9411,PUNCAK JAYA,33.75,.83,4.92,138.26,1.15,1021.53,.73,1.67,96.95999999999999,.26,79.29000000000001,0,20.45,3864696,8.5,12,Kuning (Perlu perhatian),1,4,1,1,4,11,1
2023,Kabkot,9412,MIMIKA,63.44,1.87,38.42,-8,7.9,86625.49000000001,4,11.3,59.69,3.39,25.39,18.41,52.81,3864696,8.5,12,Kuning (Perlu perhatian),1,1,4,4,1,11,1
2023,Kabkot,9413,BOVEN DIGOEL,70.92,.8100000000000001,19.06,15.81,3.21,3339.67,3.07,7.68,57.14,5.8,42.7,6.73,44.78,3864696,8.5,12,Kuning (Perlu perhatian),2,4,2,1,4,13,2
2023,Kabkot,9414,MAPPI,55.93,.8,11.13,39.06,2.57,2044.98,4.22,13.56,77.79000000000001,.63,68.47,2.05,28.86,3864696,8.5,13,Kuning (Perlu perhatian),1,4,1,1,4,11,1
2023,Kabkot,9415,ASMAT,60.7,.72,3.39,3.48,6.06,1742.86,2.14,4.04,82.17,.5600000000000001,68.83,1.46,29.15,3864696,8.5,11,Kuning (Perlu perhatian),1,4,1,3,1,10,1
2023,Kabkot,9416,YAHUKIMO,0,1.32,.99,28.65,3.19,1632.79,2.54,4.9,96.36,0,94.36,0,5.64,3864696,8.5,7,Hijau (Aman),1,1,1,1,4,8,1
2023,Kabkot,9417,PEGUNUNGAN BINTANG,42.83,1.29,.73,-53.36,3.21,1540.5,1.58,5.1,93.62,.26,92.41,.17,7.16,3864696,8.5,13,Kuning (Perlu perhatian),1,1,1,4,4,11,1
2023,Kabkot,9418,TOLIKARA,41.31,1.01,1.66,16.23,4.2,1151.15,.73,3.41,97.65000000000001,.11,76.33,0,23.56,3864696,8.5,11,Kuning (Perlu perhatian),1,2,1,1,3,8,1
2023,Kabkot,9419,SARMI,73.53,.7,10.02,19.98,3.6,1975.27,3.09,11.6,69.06,2.86,54.24,3.79,39.11,3864696,8.5,12,Kuning (Perlu perhatian),2,4,1,1,4,12,2
2023,Kabkot,9420,KEEROM,73.83,.89,17.49,26.69,2.04,2148.65,1.5,4.04,70.27,8.109999999999999,59.77,5.12,27,3864696,8.5,13,Kuning (Perlu perhatian),2,3,1,1,4,11,1
2023,Kabkot,9426,WAROPEN,42.73,.8,11.6,-9.41,-.97,1535.89,4.62,11.69,65.48999999999999,2.71,45.68,4.71,46.91,3864696,8.5,16,Oranye (Risiko PHK),1,4,1,4,4,14,3
2023,Kabkot,9427,SUPIORI,53.12,.76,12.1,61.48,1.9,819.26,4.81,14.29,60.64,2.3,46.06,3.18,48.47,3864696,8.5,13,Kuning (Perlu perhatian),1,4,1,1,4,11,1
2023,Kabkot,9428,MAMBERAMO RAYA,32.01,.87,1.04,33.91,2.99,1093.47,.4,1.63,93.72,0,90.90000000000001,.72,8.380000000000001,3864696,8.5,12,Kuning (Perlu perhatian),1,3,1,1,4,10,1
2023,Kabkot,9429,NDUGA,0,1.32,0,-31.35,,,.05,.15,99.16,0,99.16,0,.84,3864696,8.5,9,Kuning (Perlu perhatian),1,1,1,4,,,
2023,Kabkot,9430,LANNY JAYA,10.38,1.13,0,2.33,,,.3,.92,96.81,0,93.66,0,6.34,3864696,8.5,7,Hijau (Aman),1,2,1,3,,,
2023,Kabkot,9431,MAMBERAMO TENGAH,18.86,1.28,.77,29.69,4.74,812.78,.96,.59,94.44,.77,94.56,0,4.67,3864696,8.5,9,Kuning (Perlu perhatian),1,1,1,1,2,6,1
2023,Kabkot,9432,YALIMO,16.26,.87,.1,,5.32,863.34,.24,0,99.59999999999999,0,99.58,0,.42,3864696,8.5,9,Kuning (Perlu perhatian),1,3,1,,1,,
2023,Kabkot,9433,PUNCAK,0,1.16,0,-93.95,2.34,882.92,.24,0,99.98999999999999,0,99.98999999999999,0,.01,3864696,8.5,12,Kuning (Perlu perhatian),1,1,1,4,4,11,1
2023,Kabkot,9434,DOGIYAI,45.48,.8,.2,-56.32,,,2.39,2.77,99.44,0,84.58,.14,15.28,3864696,8.5,13,Kuning (Perlu perhatian),1,4,1,4,,,
2023,Kabkot,9435,INTAN JAYA,52.67,1.14,0,652.22,2.6,806.77,3.22,8.33,96.94,0,72.73999999999999,0,27.26,3864696,8.5,12,Kuning (Perlu perhatian),1,2,1,1,4,9,1
2023,Kabkot,9436,DEIYAI,97.16,.5,0,40.52,1.99,889.62,1.48,2.12,98.89,0,92.87,3.66,3.47,3864696,8.5,13,Kuning (Perlu perhatian),4,4,1,1,4,14,3
2023,Kabkot,9471,JAYAPURA,48.22,1.17,31.87,20.62,4.53,24775.4,10.76,27,41.55,3.76,6.68,6.13,83.43000000000001,3864696,8.5,11,Kuning (Perlu perhatian),1,1,3,1,3,9,1
2024,Kabkot,1101,SIMEULUE,83.59,.61,10.99,-22.33,4.43,1886.61,5.5,14.79,69.3,5.11,52.05,2.6,40.24,3460672,1.38,15,Oranye (Risiko PHK),3,4,1,4,3,15,4
2024,Kabkot,1102,ACEH SINGKIL,75.40000000000001,.71,21.21,5.19,3.46,1975.75,6.44,17.06,57.1,6.89,41.76,4.49,46.86,3460672,1.38,12,Kuning (Perlu perhatian),2,4,2,2,4,14,3
2024,Kabkot,1103,ACEH SELATAN,86.92,.61,19.4,-4,3.21,4788.29,4.56,9.01,58.2,5.76,39.55,9.27,45.43,3460672,1.38,15,Oranye (Risiko PHK),4,4,2,4,4,18,4
2024,Kabkot,1104,ACEH TENGGARA,93.40000000000001,.72,17.12,30.14,3.59,3825.99,4.79,14.73,77.38,4.07,51.78,4.79,39.35,3460672,1.38,12,Kuning (Perlu perhatian),4,4,1,1,4,14,3
2024,Kabkot,1105,ACEH TIMUR,88.04000000000001,.78,22.66,7.8,4.63,9344.83,7.75,20.13,54.53,4.38,48.21,11.47,35.93,3460672,1.38,12,Kuning (Perlu perhatian),4,4,2,2,3,15,4
2024,Kabkot,1106,ACEH TENGAH,78.47,.76,9.289999999999999,4.42,4.98,6931.25,4.21,10.9,75.13,2.05,61.21,2.1,34.65,3460672,1.38,12,Kuning (Perlu perhatian),2,4,1,2,2,11,1
2024,Kabkot,1107,ACEH BARAT,78.94,.87,19.5,-11.19,7.5,8664.92,5.58,10.62,59.47,9.27,38.2,10.24,42.3,3460672,1.38,14,Oranye (Risiko PHK),3,3,2,4,1,13,3
2024,Kabkot,1108,ACEH BESAR,85.79000000000001,.8,32.62,12.84,4.95,11675.2,7.93,25.7,47.5,7.76,24.41,9.92,57.91,3460672,1.38,13,Kuning (Perlu perhatian),4,4,3,1,2,14,3
2024,Kabkot,1109,PIDIE,87.23999999999999,.6899999999999999,31.04,-6.24,4.15,8977.209999999999,5.74,16.94,64.72,10.37,34.06,12.19,43.39,3460672,1.38,16,Oranye (Risiko PHK),4,4,3,4,3,18,4
2024,Kabkot,1110,BIREUEN,86.84999999999999,.61,29.9,4.38,4.52,11806.49,3.93,8.289999999999999,52.97,13.62,32.75,9.050000000000001,44.58,3460672,1.38,13,Kuning (Perlu perhatian),4,4,3,2,3,16,4
2024,Kabkot,1111,ACEH UTARA,84.87,.65,21.82,-7.83,3.56,18445.79,6.88,20.18,68.18000000000001,7.37,41.33,7.95,43.35,3460672,1.38,15,Oranye (Risiko PHK),4,4,2,4,4,18,4
2024,Kabkot,1112,ACEH BARAT DAYA,88.06,.63,23.11,7.05,4.24,3454.39,3.83,10.34,57.72,5.68,36.01,8.869999999999999,49.45,3460672,1.38,12,Kuning (Perlu perhatian),4,4,2,2,3,15,4
2024,Kabkot,1113,GAYO LUES,74.36,.86,17.11,19.25,3.26,2202.73,2.4,6.47,77.98,8.93,54.55,2.75,33.77,3460672,1.38,12,Kuning (Perlu perhatian),2,3,1,1,4,11,1
2024,Kabkot,1114,ACEH TAMIANG,80.84999999999999,.73,22.42,.39,4.25,6674.38,6.95,16.97,57.16,5.15,39.74,6.97,48.15,3460672,1.38,14,Oranye (Risiko PHK),3,4,2,3,3,15,4
2024,Kabkot,1115,NAGAN RAYA,73.42,.85,17.57,-14.22,4.38,8095.62,5.22,18.99,64.33,5.67,56.3,6.69,31.34,3460672,1.38,15,Oranye (Risiko PHK),2,3,1,4,3,13,3
2024,Kabkot,1116,ACEH JAYA,81.15000000000001,.8,17.61,-3.52,3.83,2280.16,2.75,7.47,63.74,5.44,48.73,4.13,41.71,3460672,1.38,15,Oranye (Risiko PHK),3,4,1,4,4,16,4
2024,Kabkot,1117,BENER MERIAH,76.53,.68,8.15,4.79,3.27,4218.99,2.2,5.78,84.75,2.61,63.76,3.55,30.08,3460672,1.38,12,Kuning (Perlu perhatian),2,4,1,2,4,13,3
2024,Kabkot,1118,PIDIE JAYA,87.86,.65,26.69,-17.44,4.55,2974.56,3.82,14.04,68.31999999999999,6.54,38.31,11.09,44.07,3460672,1.38,16,Oranye (Risiko PHK),4,4,3,4,3,18,4
2024,Kabkot,1171,BANDA ACEH,68.64,1.05,42.82,-.39,6.08,18117.78,7.55,18.05,33.4,9.1,2.06,13.83,75.01000000000001,3460672,1.38,16,Oranye (Risiko PHK),1,2,4,3,1,11,1
2024,Kabkot,1172,SABANG,87.54000000000001,.8100000000000001,31.95,3.43,4.16,1268.22,2.95,8.74,34.88,6.52,16,6.68,70.8,3460672,1.38,13,Kuning (Perlu perhatian),4,4,3,3,3,17,4
2024,Kabkot,1173,LANGSA,79.83,.87,35.38,-8.52,4.43,4518.85,7.34,21.52,45.76,8.77,8.380000000000001,10.37,72.48,3460672,1.38,16,Oranye (Risiko PHK),3,3,3,4,3,16,4
2024,Kabkot,1174,LHOKSEUMAWE,75.05,.89,42.01,-13.92,4.46,8211.43,8.470000000000001,19.22,50.69,11.14,10.1,15.26,63.49,3460672,1.38,17,Oranye (Risiko PHK),2,3,4,4,3,16,4
2024,Kabkot,1175,SUBULUSSALAM,74.18000000000001,.7,25.42,1.98,4.12,1623.25,5.12,11.22,58.9,2.9,39.87,14.62,42.61,3460672,1.38,14,Oranye (Risiko PHK),2,4,2,3,3,14,3
2024,Kabkot,1201,NIAS,67.68000000000001,.8,6.83,-19.43,3.89,2964.34,2.1,4.93,86.20999999999999,3.19,70.94,2.39,23.48,2809915,3.67,15,Oranye (Risiko PHK),1,4,1,4,4,14,3
2024,Kabkot,1202,MANDAILING NATAL,74.93000000000001,1.05,22.23,-2.25,4.83,11001.61,7.22,17.1,67.41,6.13,42.5,10.18,41.2,2809915,3.67,15,Oranye (Risiko PHK),2,2,2,3,2,11,1
2024,Kabkot,1203,TAPANULI SELATAN,82.67,1.01,22.77,22.42,5.12,11620.33,3.41,9.550000000000001,70.23999999999999,6.21,50.57,7.85,35.37,2809915,3.67,11,Kuning (Perlu perhatian),3,2,2,1,1,9,1
2024,Kabkot,1204,TAPANULI TENGAH,84.40000000000001,.83,25.07,-1.26,4.15,8084.42,7.45,15.95,61.21,5.56,36.24,7.18,51.03,2809915,3.67,16,Oranye (Risiko PHK),4,4,2,3,3,16,4
2024,Kabkot,1205,TAPANULI UTARA,67.41,.9399999999999999,16.76,-12.83,4.77,6931.24,1.21,3.22,84.83,7.67,65.34,3.4,23.59,2809915,3.67,15,Oranye (Risiko PHK),1,3,1,4,2,11,1
2024,Kabkot,1206,TOBA,71.06999999999999,1.07,21.15,7.22,4.84,6478.13,1.09,3.39,75.41,7.02,49.5,2.83,40.64,2809915,3.67,12,Kuning (Perlu perhatian),1,2,2,2,2,9,1
2024,Kabkot,1207,LABUHANBATU,78.37,.86,22.68,4.68,5.06,27924.86,5.9,13.69,54.03,7.51,38.86,5.45,48.18,2809915,3.67,11,Kuning (Perlu perhatian),2,3,2,2,2,11,1
2024,Kabkot,1208,ASAHAN,75.81999999999999,.8100000000000001,30.67,-3.19,4.68,31341.3,5.94,11.27,53.21,9.300000000000001,31.9,7.34,51.46,2809915,3.67,16,Oranye (Risiko PHK),2,4,3,4,2,15,4
2024,Kabkot,1209,SIMALUNGUN,80.88,.85,28.36,5.45,4.89,33052.35,5.17,12.48,61.41,8.26,38.46,10.3,42.97,2809915,3.67,13,Kuning (Perlu perhatian),3,3,3,2,2,13,3
2024,Kabkot,1210,DAIRI,60.2,1.03,13.74,20.18,4.97,7631.31,1.43,4.17,80.48999999999999,3.22,59.61,1.9,35.28,2809915,3.67,12,Kuning (Perlu perhatian),1,2,1,1,2,7,1
2024,Kabkot,1211,KARO,80.90000000000001,1.04,17.52,12.64,4.22,16641.17,2.4,4.67,74.90000000000001,2.74,60.09,3.74,33.42,2809915,3.67,12,Kuning (Perlu perhatian),3,2,1,1,3,10,1
2024,Kabkot,1212,DELI SERDANG,79.89,1.02,43.07,5.99,5.36,83868.36,8.02,18.71,44.35,15.2,16.1,13.43,55.27,2809915,3.67,13,Kuning (Perlu perhatian),3,2,4,2,1,12,2
2024,Kabkot,1213,LANGKAT,90.66,.76,30.95,-2.2,4.98,34880.49,6.08,12.56,59.7,13.7,32.89,8.289999999999999,45.13,2809915,3.67,16,Oranye (Risiko PHK),4,4,3,3,2,16,4
2024,Kabkot,1214,NIAS SELATAN,64.34999999999999,.85,6.46,6.01,3.82,4806.33,3.03,5.73,84.5,2.77,68.48,1.45,27.31,2809915,3.67,12,Kuning (Perlu perhatian),1,3,1,2,4,11,1
2024,Kabkot,1215,HUMBANG HASUNDUTAN,51.4,.95,12.2,18.14,4.79,4808.86,.92,2.76,79.33,3.03,64.23,2.61,30.14,2809915,3.67,12,Kuning (Perlu perhatian),1,3,1,1,2,8,1
2024,Kabkot,1216,PAKPAK BHARAT,56.04,1.02,19.2,-8.77,5.01,1003.95,.97,2.71,77.12,10.56,50.35,2.07,37.02,2809915,3.67,14,Oranye (Risiko PHK),1,2,2,4,2,11,1
2024,Kabkot,1217,SAMOSIR,75.13,.79,22.44,-.37,5.02,3644.15,.89,2.55,80.44,5.6,59.23,3.2,31.97,2809915,3.67,14,Oranye (Risiko PHK),2,4,2,3,2,13,3
2024,Kabkot,1218,SERDANG BEDAGAI,87.23999999999999,.83,31.56,11.15,5.01,22883.58,4.88,15.25,55.7,12.15,36.69,6.75,44.42,2809915,3.67,12,Kuning (Perlu perhatian),4,4,3,1,2,14,3
2024,Kabkot,1219,BATU BARA,81.84999999999999,.78,30.32,-4.92,4.12,27614.17,5.75,11.47,58.55,13.22,32.45,4.82,49.51,2809915,3.67,16,Oranye (Risiko PHK),3,4,3,4,3,17,4
2024,Kabkot,1220,PADANG LAWAS UTARA,62.23,.98,11.28,5.28,4.99,9855.950000000001,3.99,8.699999999999999,67.29000000000001,3.15,62.51,2.43,31.91,2809915,3.67,12,Kuning (Perlu perhatian),1,3,1,2,2,9,1
2024,Kabkot,1221,PADANG LAWAS,77.89,.88,16.85,15.74,5.02,9659.719999999999,5.47,10.32,65.26000000000001,3.98,54.47,3.82,37.73,2809915,3.67,11,Kuning (Perlu perhatian),2,3,1,1,2,9,1
2024,Kabkot,1222,LABUHANBATU SELATAN,72.87,.95,21.4,-13.16,4.89,22619.57,3.24,7.68,47.5,5.94,47.05,1.98,45.02,2809915,3.67,15,Oranye (Risiko PHK),2,3,2,4,2,13,3
2024,Kabkot,1223,LABUHANBATU UTARA,69.79000000000001,.84,19.98,19.5,4.24,20527.76,4.6,10.85,51.68,7.4,48.7,3.69,40.21,2809915,3.67,12,Kuning (Perlu perhatian),1,4,2,1,3,11,1
2024,Kabkot,1224,NIAS UTARA,73.27,.68,11.63,21.44,3.64,2678.92,2.82,6.96,76.7,1.96,57.13,4.35,36.56,2809915,3.67,12,Kuning (Perlu perhatian),2,4,1,1,4,12,2
2024,Kabkot,1225,NIAS BARAT,78.55,.84,7.05,-18.58,3.89,1427.11,1,2.29,82.2,2.88,67.98999999999999,4.1,25.03,2809915,3.67,15,Oranye (Risiko PHK),2,4,1,4,4,15,4
2024,Kabkot,1271,SIBOLGA,89.44,.87,37.1,2.25,3.92,4055.3,6.52,15,41.3,10.5,14.44,4.84,70.22,2809915,3.67,13,Kuning (Perlu perhatian),4,3,4,3,4,18,4
2024,Kabkot,1272,TANJUNGBALAI,89.55,.84,33.12,5.39,4.91,6744.35,4.08,6.58,38.24,7.93,18.57,5.73,67.78,2809915,3.67,13,Kuning (Perlu perhatian),4,4,3,2,2,15,4
2024,Kabkot,1273,PEMATANG SIANTAR,81.48,.95,38.74,-10.92,4.61,10769.97,8,19.8,53.43,9.34,6.59,9.06,75.01000000000001,2809915,3.67,16,Oranye (Risiko PHK),3,3,4,4,3,17,4
2024,Kabkot,1274,TEBING TINGGI,81.87,.86,43.89,3.09,3.37,4499.55,6.18,13.72,40.71,12.3,4.46,9.59,73.65000000000001,2809915,3.67,14,Oranye (Risiko PHK),3,3,4,3,4,17,4
2024,Kabkot,1275,MEDAN,77.59,1.26,43.88,1.69,5.07,182242.59,8.130000000000001,17.19,39.78,10.84,3.87,8.43,76.86,2809915,3.67,13,Kuning (Perlu perhatian),2,1,4,3,2,12,2
2024,Kabkot,1276,BINJAI,81.05,1.01,40.77,-.53,4.66,9322.08,5.44,11.36,45.31,12.19,6.48,12.52,68.81,2809915,3.67,17,Oranye (Risiko PHK),3,2,4,3,3,15,4
2024,Kabkot,1277,PADANGSIDIMPUAN,72.7,.98,32.03,-.91,5.01,5025.22,7.17,17.36,51.13,6.31,16.38,8.77,68.53,2809915,3.67,15,Oranye (Risiko PHK),2,3,3,3,2,13,3
2024,Kabkot,1278,GUNUNGSITOLI,71.37,.86,21.66,9.48,3.84,3906.89,3.3,9.17,59.78,6.29,32.73,9.119999999999999,51.87,2809915,3.67,12,Kuning (Perlu perhatian),1,3,2,2,4,12,2
2024,Kabkot,1301,KEPULAUAN MENTAWAI,76.7,.86,13.41,9.57,3.97,3451.93,1.44,4.86,80.73,7.59,63.45,3.39,25.57,2811449,2.51,12,Kuning (Perlu perhatian),2,3,1,2,3,11,1
2024,Kabkot,1302,PESISIR SELATAN,81.77,.85,19.57,8.640000000000001,3.84,11015.21,5.06,12.77,67.2,4.82,40.24,4.95,49.99,2811449,2.51,12,Kuning (Perlu perhatian),3,3,2,2,4,14,3
2024,Kabkot,1303,SOLOK,79,.82,14.63,12.42,3.9,11437.87,4.91,12.76,80.26000000000001,4.64,57.43,4.33,33.6,2811449,2.51,12,Kuning (Perlu perhatian),3,4,1,1,4,13,3
2024,Kabkot,1304,SIJUNJUNG,80.79000000000001,.91,19.31,-12.03,3.89,7758.79,4.73,12.97,71.06999999999999,5.47,40.17,8.81,45.56,2811449,2.51,15,Oranye (Risiko PHK),3,3,2,4,4,16,4
2024,Kabkot,1305,TANAH DATAR,80.64,.9,27.26,8.27,3.85,11172.45,5.3,13.47,72.90000000000001,7.72,39.46,6.88,45.94,2811449,2.51,13,Kuning (Perlu perhatian),3,3,3,2,4,15,4
2024,Kabkot,1306,PADANG PARIAMAN,91.23,.86,35.13,3.54,4.57,14369.24,6.59,18.31,68.56,13.01,29.55,11.04,46.4,2811449,2.51,13,Kuning (Perlu perhatian),4,3,3,3,3,16,4
2024,Kabkot,1307,AGAM,77.95999999999999,.93,29.84,7.77,4.12,16946.6,4.73,12.47,65.26000000000001,12.4,33.41,4.16,50.03,2811449,2.51,13,Kuning (Perlu perhatian),2,3,3,2,3,13,3
2024,Kabkot,1308,LIMA PULUH KOTA,85.52,.83,26.36,-.18,4.03,12932,3.68,11.18,63.82,12.5,43.5,5.16,38.84,2811449,2.51,16,Oranye (Risiko PHK),4,4,3,3,3,17,4
2024,Kabkot,1309,PASAMAN,77.03,.86,17.99,-18.48,3.95,7148.27,5.25,16.28,79.88,5.36,54.47,4.95,35.21,2811449,2.51,15,Oranye (Risiko PHK),2,3,1,4,4,14,3
2024,Kabkot,1310,SOLOK SELATAN,68.59999999999999,1.09,16.32,-.68,4.09,4594.77,2.3,6.17,65.77,3.98,44.72,13.77,37.53,2811449,2.51,15,Oranye (Risiko PHK),1,2,1,3,3,10,1
2024,Kabkot,1311,DHARMASRAYA,80.69,.9399999999999999,20.88,5.07,3.86,8711.16,6.02,17.52,53.81,5.6,37.9,11.01,45.5,2811449,2.51,12,Kuning (Perlu perhatian),3,3,2,2,4,14,3
2024,Kabkot,1312,PASAMAN BARAT,83.81,.93,22.25,12.06,4.08,13202.35,6.34,17.21,61.4,4.92,42.2,5.36,47.52,2811449,2.51,12,Kuning (Perlu perhatian),4,3,2,1,3,13,3
2024,Kabkot,1371,PADANG,81.52,1.15,42.31,9.09,4.65,51611.55,9.880000000000001,22.4,41.91,12.41,4.34,9.960000000000001,73.29000000000001,2811449,2.51,13,Kuning (Perlu perhatian),3,1,4,2,3,13,3
2024,Kabkot,1372,SOLOK,66.04000000000001,1.18,28.98,-12.22,4.55,3365.78,3.62,10.12,51.13,9.41,9.9,7.49,73.20999999999999,2811449,2.51,15,Oranye (Risiko PHK),1,1,3,4,3,12,2
2024,Kabkot,1373,SAWAHLUNTO,81.65000000000001,.98,33.09,3.35,4.02,3195.86,5.55,14.92,47.75,10.21,13.62,14.99,61.19,2811449,2.51,13,Kuning (Perlu perhatian),3,3,3,3,3,15,4
2024,Kabkot,1374,PADANG PANJANG,72.84999999999999,1.19,33.53,4.02,4.52,3009.93,4.94,10.11,44.4,8.949999999999999,6.98,4.58,79.48,2811449,2.51,12,Kuning (Perlu perhatian),2,1,3,2,3,11,1
2024,Kabkot,1375,BUKITTINGGI,76.8,1.16,35.43,-3.57,4.52,7180.21,4.72,13.53,47.36,10.49,2.83,5.7,80.98999999999999,2811449,2.51,15,Oranye (Risiko PHK),2,1,3,4,3,13,3
2024,Kabkot,1376,PAYAKUMBUH,75.45,1.04,37.93,5.8,4.53,5229.45,4.87,11.92,46.27,14.33,12.53,6.42,66.72,2811449,2.51,13,Kuning (Perlu perhatian),2,2,4,2,3,13,3
2024,Kabkot,1377,PARIAMAN,76.87,1.1,39.84,10.34,4.51,4200.08,5.32,12.51,45.35,15.32,8,7.38,69.31,2811449,2.51,13,Kuning (Perlu perhatian),2,2,4,2,3,13,3
2024,Kabkot,1401,KUANTAN SINGINGI,79.15000000000001,.86,16.17,-11.9,3.12,27498.98,2.48,6.03,61.71,4.88,46.06,6.82,42.25,3294626,3.23,15,Oranye (Risiko PHK),3,3,1,4,4,15,4
2024,Kabkot,1402,INDRAGIRI HULU,77.16,.79,19.29,7.76,3.74,35243.19,2.55,6.31,53.22,6.87,49.24,4.76,39.13,3294626,3.23,12,Kuning (Perlu perhatian),2,4,2,2,4,14,3
2024,Kabkot,1403,INDRAGIRI HILIR,79.59,.79,20.09,9.44,3.1,52563.59,1.86,4.74,63.48,9.75,49.25,3.74,37.25,3294626,3.23,12,Kuning (Perlu perhatian),3,4,2,2,4,15,4
2024,Kabkot,1404,PELALAWAN,67.18000000000001,1.04,21.34,19.94,4.36,41670.21,2.13,6.92,47.15,8.94,52.93,4.86,33.27,3294626,3.23,12,Kuning (Perlu perhatian),1,2,2,1,3,9,1
2024,Kabkot,1405,S I A K,78.72,.93,26.59,4.74,4.37,61651.5,4.53,11.65,43.83,8.69,38.19,8.07,45.04,3294626,3.23,13,Kuning (Perlu perhatian),3,3,3,2,3,14,3
2024,Kabkot,1406,KAMPAR,77.90000000000001,.9,26.53,7.64,2.72,59695.1,3.67,11.09,46.32,8.65,39.77,7.14,44.44,3294626,3.23,14,Oranye (Risiko PHK),2,3,3,2,4,14,3
2024,Kabkot,1407,ROKAN HULU,68.66,.85,20.76,-23.9,2.71,30042.44,2.73,6.89,61.59,7.1,46.23,5.24,41.43,3294626,3.23,16,Oranye (Risiko PHK),1,3,2,4,4,14,3
2024,Kabkot,1408,BENGKALIS,85.75,1.1,23.91,2.63,.93,78699.63,5.88,15.51,51.51,6.08,30.78,14.72,48.42,3294626,3.23,14,Oranye (Risiko PHK),4,2,2,3,4,15,4
2024,Kabkot,1409,ROKAN HILIR,83.70999999999999,.78,19.52,37.13,1.69,50153.11,4.31,11.73,43.39,5.52,44.54,6.6,43.34,3294626,3.23,13,Kuning (Perlu perhatian),3,4,2,1,4,14,3
2024,Kabkot,1410,KEPULAUAN MERANTI,82.37,.7,27.15,-3.45,3.33,14536.18,4.51,11.83,56.17,7.84,40.57,8.85,42.73,3294626,3.23,16,Oranye (Risiko PHK),3,4,3,4,4,18,4
2024,Kabkot,1471,PEKANBARU,74.06999999999999,1.19,40.74,-2.02,4.61,86024.52,4.63,12.68,41.97,9.92,3.84,9.41,76.83,3294626,3.23,16,Oranye (Risiko PHK),2,1,4,3,3,13,3
2024,Kabkot,1473,D U M A I,75.67,1.04,42.03,13.88,5.02,30877.16,4.66,8.880000000000001,35.83,11.8,15.98,10.73,61.49,3294626,3.23,13,Kuning (Perlu perhatian),2,2,4,1,2,11,1
2024,Kabkot,1501,KERINCI,72.44,.88,14.63,3.23,4.57,7877.28,2.51,5.67,78.44,2.75,57.86,5.66,33.73,3037122,3.2,12,Kuning (Perlu perhatian),1,3,1,3,3,11,1
2024,Kabkot,1502,MERANGIN,88.01000000000001,.71,11.64,-9.279999999999999,4.55,12078.18,4.18,8.640000000000001,71.16,3.29,54.05,10.25,32.4,3037122,3.2,15,Oranye (Risiko PHK),4,4,1,4,3,16,4
2024,Kabkot,1503,SAROLANGUN,71.16,.83,15.09,-8.25,3.7,13119.54,5.03,13.36,64.58,3.1,44.63,16.39,35.88,3037122,3.2,15,Oranye (Risiko PHK),1,4,1,4,4,14,3
2024,Kabkot,1504,BATANG HARI,78.31,.8100000000000001,19.48,21.56,2.99,14663.02,4.49,13.14,52.01,5.17,47.79,9.779999999999999,37.26,3037122,3.2,13,Kuning (Perlu perhatian),2,4,2,1,4,13,3
2024,Kabkot,1505,MUARO JAMBI,82.53,.82,21.36,9.869999999999999,6.17,20511.24,5.27,9.33,48.6,6.6,49.72,7.11,36.56,3037122,3.2,11,Kuning (Perlu perhatian),3,4,2,2,1,12,2
2024,Kabkot,1506,TANJUNG JABUNG TIMUR,78.40000000000001,.87,15.23,11.46,4.73,18695.01,2.06,7.53,67.17,3.47,56.84,4.53,35.15,3037122,3.2,12,Kuning (Perlu perhatian),2,3,1,1,2,9,1
2024,Kabkot,1507,TANJUNG JABUNG BARAT,80.73999999999999,.86,16.16,10.99,4.45,34456.45,3.2,8.640000000000001,61.13,5.26,54.53,5.73,34.49,3037122,3.2,12,Kuning (Perlu perhatian),3,3,1,2,3,12,2
2024,Kabkot,1508,TEBO,79.5,.74,11.97,6.24,3.97,12234.47,2.5,9.470000000000001,64.47,3.1,61.84,7.1,27.96,3037122,3.2,12,Kuning (Perlu perhatian),3,4,1,2,3,13,3
2024,Kabkot,1509,BUNGO,85.09,.84,15.54,5.77,3.3,14851.3,4.67,11.41,54.46,4.81,45.82,9.699999999999999,39.67,3037122,3.2,12,Kuning (Perlu perhatian),4,4,1,2,4,15,4
2024,Kabkot,1571,JAMBI,71.31999999999999,1.27,35.53,-2.65,4.98,22896.42,7.38,16.87,40.2,7.64,4.87,10.98,76.5,3037122,3.2,15,Oranye (Risiko PHK),1,1,3,4,2,11,1
2024,Kabkot,1572,SUNGAI PENUH,82.69,.95,23.16,-1.66,5.1,5490.46,4.3,12.69,61.49,6.03,23.37,4.3,66.31,3037122,3.2,14,Oranye (Risiko PHK),3,3,2,3,2,13,3
2024,Kabkot,1601,OGAN KOMERING ULU,82.25,.72,20.11,-1.2,5.06,11797.87,4.05,10.8,63.39,6.75,42.59,6.21,44.44,3456874,1.55,14,Oranye (Risiko PHK),3,4,2,3,2,14,3
2024,Kabkot,1602,OGAN KOMERING ILIR,86.40000000000001,.68,12.05,2.33,5.13,27723.18,3.38,10.86,68.64,3.67,65.72,3.11,27.5,3456874,1.55,11,Kuning (Perlu perhatian),4,4,1,3,1,13,3
2024,Kabkot,1603,MUARA ENIM,87.12,.92,15.5,-1.03,5.89,55304.93,4.09,14.39,67.72,3.04,52.86,11.4,32.7,3456874,1.55,14,Oranye (Risiko PHK),4,3,1,3,1,12,2
2024,Kabkot,1604,LAHAT,81.81999999999999,.91,16.64,9.15,5.11,15644.96,3.11,10.18,67.09999999999999,2.73,48.78,12.02,36.46,3456874,1.55,11,Kuning (Perlu perhatian),3,3,1,2,1,10,1
2024,Kabkot,1605,MUSI RAWAS,92.48,.6,15.13,.6,4.95,15941.93,1.94,7.93,67.09,5.18,64.02,4.28,26.53,3456874,1.55,14,Oranye (Risiko PHK),4,4,1,3,2,14,3
2024,Kabkot,1606,MUSI BANYUASIN,88.84,.79,15.37,-2.2,4.94,52754.1,2.13,5.98,59.93,2.92,52.35,8.800000000000001,35.93,3456874,1.55,15,Oranye (Risiko PHK),4,4,1,3,2,14,3
2024,Kabkot,1607,BANYU ASIN,80.33,.79,21.65,4.18,5.14,24160.75,3.24,8.57,60.28,7.01,53.3,6.64,33.06,3456874,1.55,11,Kuning (Perlu perhatian),3,4,2,2,1,12,2
2024,Kabkot,1608,OGAN KOMERING ULU SELATAN,69.39,.75,3.98,-13.49,4.58,6824.83,1.8,5.58,86.66,1.24,70.63,1.34,26.79,3456874,1.55,15,Oranye (Risiko PHK),1,4,1,4,3,13,3
2024,Kabkot,1609,OGAN KOMERING ULU TIMUR,91.43000000000001,.53,15.75,4.74,5.12,12284.09,3.45,12.48,64.48,6.38,55.73,4.08,33.81,3456874,1.55,11,Kuning (Perlu perhatian),4,4,1,2,1,12,2
2024,Kabkot,1610,OGAN ILIR,91.27,.67,27.76,-3.6,4.81,8954.860000000001,2.65,8.050000000000001,68.83,13.68,46.59,6.69,33.04,3456874,1.55,16,Oranye (Risiko PHK),4,4,3,4,2,17,4
2024,Kabkot,1611,EMPAT LAWANG,73.97,.74,8.43,22.12,4.44,4121.55,2.84,10.17,79.87,2.41,59.33,2.3,35.96,3456874,1.55,12,Kuning (Perlu perhatian),2,4,1,1,3,11,1
2024,Kabkot,1612,PENUKAL ABAB LEMATANG ILIR,86.81,.84,10.15,7.67,4.98,5529.94,3.72,10.49,73.04000000000001,2.17,62.38,6.34,29.11,3456874,1.55,12,Kuning (Perlu perhatian),4,4,1,2,2,13,3
2024,Kabkot,1613,MUSI RAWAS UTARA,90.98999999999999,.72,11.44,-13.56,4.52,6501.31,4.91,18.62,66.59999999999999,3.25,57.52,10.49,28.75,3456874,1.55,15,Oranye (Risiko PHK),4,4,1,4,3,16,4
2024,Kabkot,1671,PALEMBANG,81.13,1.08,43.25,6.97,5.13,124671.42,6.98,19.56,40.35,10.5,2.99,12.51,74,3456874,1.55,13,Kuning (Perlu perhatian),3,2,4,2,1,12,2
2024,Kabkot,1672,PRABUMULIH,85.13,.89,29.68,3.78,5.01,6407.65,4.94,13.91,49.39,8.77,21.2,14.57,55.46,3456874,1.55,12,Kuning (Perlu perhatian),4,3,3,3,2,15,4
2024,Kabkot,1673,PAGAR ALAM,80.2,.66,16.06,17.85,5.05,2681.01,2.34,8.859999999999999,69.25,4.17,46.79,3.7,45.34,3456874,1.55,11,Kuning (Perlu perhatian),3,4,1,1,2,11,1
2024,Kabkot,1674,LUBUKLINGGAU,77.8,.77,34.5,-3.32,4.62,5105.06,5.29,13.98,46.37,8.880000000000001,12.05,8.539999999999999,70.53,3456874,1.55,16,Oranye (Risiko PHK),2,4,3,4,3,16,4
2024,Kabkot,1701,BENGKULU SELATAN,75.06,1.06,14.75,-.04,4.37,4169.51,3.25,9.93,70.78,5.68,45.93,5.98,42.41,2507079,3.67,15,Oranye (Risiko PHK),2,2,1,3,3,11,1
2024,Kabkot,1702,REJANG LEBONG,73.19,1.12,15.4,21.01,4.29,7101.11,2.43,8.44,77.26000000000001,4.17,54.67,3.25,37.91,2507079,3.67,11,Kuning (Perlu perhatian),2,2,1,1,3,9,1
2024,Kabkot,1703,BENGKULU UTARA,79.34999999999999,.97,13.53,5.19,4.43,6088.15,2.89,10.14,63.96,3.83,56.91,4.78,34.48,2507079,3.67,12,Kuning (Perlu perhatian),3,3,1,2,3,12,2
2024,Kabkot,1704,KAUR,70.3,1.03,14.39,-3.27,4.15,2607.62,3.71,11.6,78.06999999999999,2.71,52.93,5.4,38.95,2507079,3.67,15,Oranye (Risiko PHK),1,2,1,4,3,11,1
2024,Kabkot,1705,SELUMA,84.08,.9399999999999999,19.33,13.59,4.06,3223.4,2.38,7.73,67.72,4.75,53.67,7.09,34.49,2507079,3.67,12,Kuning (Perlu perhatian),4,3,2,1,3,13,3
2024,Kabkot,1706,MUKOMUKO,73.58,1.01,15.87,-.18,4.05,3870.27,2.41,5.83,62.14,4.87,49.08,7.99,38.06,2507079,3.67,15,Oranye (Risiko PHK),2,2,1,3,3,11,1
2024,Kabkot,1707,LEBONG,80.31999999999999,.93,14.03,11.34,4.3,2421.54,2.55,4.59,76.25,4,47.83,11.84,36.33,2507079,3.67,12,Kuning (Perlu perhatian),3,3,1,1,3,11,1
2024,Kabkot,1708,KEPAHIANG,75.87,1.09,15.11,-3.72,4.28,3270.63,2.37,5.64,78.08,4.76,55.14,3.76,36.34,2507079,3.67,15,Oranye (Risiko PHK),2,2,1,4,3,12,2
2024,Kabkot,1709,BENGKULU TENGAH,83.63,.99,17.49,3.99,3.97,3282.44,2.56,7.97,63.46,3.78,45.82,11.27,39.13,2507079,3.67,12,Kuning (Perlu perhatian),3,2,1,2,3,11,1
2024,Kabkot,1771,BENGKULU,65.34,1.42,32.99,2.55,5.39,18609.94,5,14.69,44.59,8.609999999999999,7.34,8.15,75.90000000000001,2507079,3.67,10,Kuning (Perlu perhatian),1,1,3,3,1,9,1
2024,Kabkot,1801,LAMPUNG BARAT,71.72,.89,12.16,55.72,4.36,5742.84,2.09,7.15,82.28,3.45,60.13,3.71,32.71,2716497,3.16,12,Kuning (Perlu perhatian),1,3,1,1,3,9,1
2024,Kabkot,1802,TANGGAMUS,77.04000000000001,.77,15.61,10.58,4.01,12397.91,3.19,8.470000000000001,76.40000000000001,4.26,53.77,5.66,36.32,2716497,3.16,12,Kuning (Perlu perhatian),2,4,1,2,3,12,2
2024,Kabkot,1803,LAMPUNG SELATAN,84.34,.96,32.12,9.65,4.62,35077.05,4.84,13,68.75,10.82,35.55,7.98,45.65,2716497,3.16,13,Kuning (Perlu perhatian),4,3,3,2,3,15,4
2024,Kabkot,1804,LAMPUNG TIMUR,71.66,.83,19.77,22.4,4.62,32039.52,3.02,10.19,75.93000000000001,7.07,49.24,6.25,37.45,2716497,3.16,12,Kuning (Perlu perhatian),1,4,2,1,3,11,1
2024,Kabkot,1805,LAMPUNG TENGAH,78.91,.87,21.05,-3.05,4.62,55829.71,3.33,9.710000000000001,76.5,9.35,46.27,7.32,37.06,2716497,3.16,15,Oranye (Risiko PHK),3,3,2,4,3,15,4
2024,Kabkot,1806,LAMPUNG UTARA,70.38,.86,17.62,17.36,4.1,18722.4,5.85,13.72,68.41,5.15,44.83,3.94,46.08,2716497,3.16,12,Kuning (Perlu perhatian),1,3,1,1,3,9,1
2024,Kabkot,1807,WAY KANAN,83.92,.92,13.47,7.1,4.65,11130.37,3.27,8.83,74.18000000000001,5.21,54.37,6.32,34.1,2716497,3.16,12,Kuning (Perlu perhatian),4,3,1,2,3,13,3
2024,Kabkot,1808,TULANGBAWANG,82.37,.92,18.64,-11.34,4.75,18225.72,3.23,8.59,72.86,6.39,49.08,5.45,39.07,2716497,3.16,15,Oranye (Risiko PHK),3,3,2,4,2,14,3
2024,Kabkot,1809,PESAWARAN,86.51000000000001,.83,27.94,16.25,3.9,13044.68,4.36,13.2,68.70999999999999,11.98,39.17,9.4,39.46,2716497,3.16,13,Kuning (Perlu perhatian),4,4,3,1,4,16,4
2024,Kabkot,1810,PRINGSEWU,85.56,.79,32.99,-13.53,4.58,9001.15,4.39,13.73,69.41,18.36,31.29,6.08,44.27,2716497,3.16,16,Oranye (Risiko PHK),4,4,3,4,3,18,4
2024,Kabkot,1811,MESUJI,84.18000000000001,.87,19.52,12.47,4.58,8004.38,2.85,9.07,68.97,7.78,51.85,3.98,36.39,2716497,3.16,12,Kuning (Perlu perhatian),4,3,2,1,3,13,3
2024,Kabkot,1812,TULANG BAWANG BARAT,87.81999999999999,.92,20.99,29.26,4.55,9101.700000000001,4.12,12.94,73.22,9.58,52.88,2.5,35.04,2716497,3.16,12,Kuning (Perlu perhatian),4,3,2,1,3,13,3
2024,Kabkot,1813,PESISIR BARAT,76.84999999999999,.77,17.26,17.87,2.61,3418.39,3.04,7.87,79.09,4.25,54.43,5.61,35.71,2716497,3.16,13,Kuning (Perlu perhatian),2,4,1,1,4,12,2
2024,Kabkot,1871,BANDAR LAMPUNG,80.88,1.1,43.4,-2.34,4.97,46051.58,7.44,21.78,40.37,11.63,2.48,9.68,76.20999999999999,2716497,3.16,16,Oranye (Risiko PHK),3,2,4,3,2,14,3
2024,Kabkot,1872,METRO,70.79000000000001,.97,28.22,.51,4.88,5009.08,3.71,11.46,48.52,7.48,11.99,7.2,73.34,2716497,3.16,15,Oranye (Risiko PHK),1,3,3,3,2,12,2
2024,Kabkot,1901,BANGKA,82.76000000000001,.84,21.62,-.27,-.44,11702.39,4.91,14.86,51.4,9.029999999999999,27.48,20.87,42.62,3640000,4.05,17,Oranye (Risiko PHK),3,4,2,3,4,16,4
2024,Kabkot,1902,BELITUNG,76.62,.93,24.21,-7.92,1.84,7638.73,3.88,11.15,52.66,8.119999999999999,22.24,16.26,53.38,3640000,4.05,16,Oranye (Risiko PHK),2,3,2,4,4,15,4
2024,Kabkot,1903,BANGKA BARAT,85.95999999999999,.8,18.77,15.1,5.47,11395.65,4.88,12.25,47.48,7.55,31.67,22.23,38.55,3640000,4.05,11,Kuning (Perlu perhatian),4,4,2,1,1,12,2
2024,Kabkot,1904,BANGKA TENGAH,85.59,.78,19.81,-8.960000000000001,-.34,6655.38,4.23,9.67,59.36,7.14,28.86,23.39,40.61,3640000,4.05,17,Oranye (Risiko PHK),4,4,2,4,4,18,4
2024,Kabkot,1905,BANGKA SELATAN,81.25,.78,16.07,3.4,.9,6766.44,4.94,11.15,61.43,5.73,31.72,27.69,34.86,3640000,4.05,14,Oranye (Risiko PHK),3,4,1,3,4,15,4
2024,Kabkot,1906,BELITUNG TIMUR,82.61,.89,19.26,-1.14,-.03,6207.8,2.63,6.7,47.36,7.77,27.01,25.77,39.45,3640000,4.05,17,Oranye (Risiko PHK),3,3,2,3,4,15,4
2024,Kabkot,1971,PANGKALPINANG,71.08,1.15,36.59,-.36,-2.3,10503.91,5.98,13.41,37.69,9.880000000000001,4.91,9.23,75.98999999999999,3640000,4.05,17,Oranye (Risiko PHK),1,1,4,3,4,13,3
2024,Kabkot,2101,KARIMUN,87.81999999999999,1.25,42.29,4.82,6.45,10940.58,5.52,12.74,34.6,14.47,16.98,13.62,54.92,3402492,3.76,12,Kuning (Perlu perhatian),4,1,4,2,1,12,2
2024,Kabkot,2102,BINTAN,83.97,1.07,44.99,5.93,8.890000000000001,17693.69,4.53,9.609999999999999,30.05,17.24,18.02,13.16,51.58,3402492,3.76,13,Kuning (Perlu perhatian),4,2,4,2,1,13,3
2024,Kabkot,2103,NATUNA,77.41,1.04,22.38,18.46,-3.57,14258.64,3.89,7.22,41.77,7.37,21.6,9.199999999999999,61.82,3402492,3.76,14,Oranye (Risiko PHK),2,2,2,1,4,11,1
2024,Kabkot,2104,LINGGA,77.02,.84,29.7,15.77,4.42,3357.41,3.38,9.449999999999999,45.56,12.41,23.24,10.54,53.81,3402492,3.76,13,Kuning (Perlu perhatian),2,4,3,1,3,13,3
2024,Kabkot,2105,KEPULAUAN ANAMBAS,80.22,1.07,23.98,11.44,-5.67,10553.18,2.38,6.87,39.95,7.65,21.37,8.67,62.32,3402492,3.76,14,Oranye (Risiko PHK),3,2,2,1,4,12,2
2024,Kabkot,2171,B A T A M,69.98,1.64,61.86,1.61,6.69,135511.59,7.68,15.12,27.97,31.89,1.45,9.44,57.22,3402492,3.76,12,Kuning (Perlu perhatian),1,1,4,3,1,10,1
2024,Kabkot,2172,TANJUNG PINANG,73.22,1.22,41.58,-2.42,3.78,15894.76,4.69,11.19,36.59,9.529999999999999,2.95,8.76,78.76000000000001,3402492,3.76,16,Oranye (Risiko PHK),2,1,4,4,4,15,4
2024,Kabkot,3101,KEPULAUAN SERIBU,88.7,1.01,29.54,-4.08,-1.11,3268.5,7.93,22.83,48.42,3.87,16.48,3.15,76.5,5067381,3.38,18,Merah (Kondisi Kritis),4,2,3,4,4,17,4
2024,Kabkot,3171,JAKARTA SELATAN,72.84,1.3,44.4,.34,5.17,500422.68,5.22,14.87,36.57,6.16,.14,4.81,88.89,5067381,3.38,14,Oranye (Risiko PHK),2,1,4,3,1,11,1
2024,Kabkot,3172,JAKARTA TIMUR,74.33,1.16,41.41,2.24,4.49,362068.12,6.95,18.58,36.6,11.95,.18,6.21,81.65000000000001,5067381,3.38,13,Kuning (Perlu perhatian),2,1,4,3,3,13,3
2024,Kabkot,3173,JAKARTA PUSAT,82.64,.97,47.13,3.84,5.14,532606.87,6.24,18.48,38.27,7.47,0,4.13,88.39,5067381,3.38,13,Kuning (Perlu perhatian),3,3,4,2,1,13,3
2024,Kabkot,3174,JAKARTA BARAT,83.48999999999999,1.02,45.78,.62,5.27,383113.08,6.18,17.53,33.71,15.31,.51,6.82,77.36,5067381,3.38,15,Oranye (Risiko PHK),3,2,4,3,1,13,3
2024,Kabkot,3175,JAKARTA UTARA,83.5,1.22,49.74,-7.23,4.29,380461.09,6.18,17.48,37.58,12.96,1.07,4.9,81.06,5067381,3.38,16,Oranye (Risiko PHK),3,1,4,4,3,15,4
2024,Kabkot,3201,BOGOR,81.59,2.02,47.15,9.82,5.21,185882.34,7.34,16.06,44.71,19.14,7.18,10.22,63.47,2057495,3.57,10,Kuning (Perlu perhatian),3,1,4,2,1,11,1
2024,Kabkot,3202,SUKABUMI,70.28,1.44,40.96,4.27,5.15,55723.92,7.11,17.01,64.62,17.63,26.49,10.52,45.36,2057495,3.57,11,Kuning (Perlu perhatian),1,1,4,2,1,9,1
2024,Kabkot,3203,CIANJUR,76.53,1.21,36.15,10.2,5.14,38208.18,5.99,14.9,72.12,13.86,29.13,11.03,45.98,2057495,3.57,11,Kuning (Perlu perhatian),2,1,3,2,1,9,1
2024,Kabkot,3204,BANDUNG,82.68000000000001,1.58,52.2,-1.62,5.04,97509.91,6.36,14.99,49.76,30.5,8.07,8.68,52.74,2057495,3.57,14,Oranye (Risiko PHK),3,1,4,3,2,13,3
2024,Kabkot,3205,GARUT,79.2,1.11,33.92,11.93,4.95,46270.92,6.96,18.59,72.13,14.06,32.22,9.06,44.67,2057495,3.57,12,Kuning (Perlu perhatian),3,2,3,1,2,11,1
2024,Kabkot,3206,TASIKMALAYA,88.2,1.12,35.12,8.140000000000001,4.64,28879.68,3.74,12.65,71.65000000000001,17.05,26.24,8.98,47.72,2057495,3.57,12,Kuning (Perlu perhatian),4,2,3,2,3,14,3
2024,Kabkot,3207,CIAMIS,73.8,1.16,36.84,13.05,4.97,26360.94,3.37,10.16,63.8,17.27,26.95,7.53,48.26,2057495,3.57,12,Kuning (Perlu perhatian),2,1,4,1,2,10,1
2024,Kabkot,3208,KUNINGAN,83.04000000000001,1.11,35.36,-1.74,5.61,20507.27,7.78,18.26,62.26,13.1,21.79,11.31,53.81,2057495,3.57,14,Oranye (Risiko PHK),3,2,3,3,1,12,2
2024,Kabkot,3209,CIREBON,84.26000000000001,1.29,46.66,5.22,5.83,39418.27,6.74,14.26,55.91,20.17,10.99,10.06,58.78,2057495,3.57,12,Kuning (Perlu perhatian),4,1,4,2,1,12,2
2024,Kabkot,3210,MAJALENGKA,79.2,1.17,42.62,7.57,6.38,27438.93,4.01,10.68,59.87,21.96,21.63,7.8,48.61,2057495,3.57,12,Kuning (Perlu perhatian),3,1,4,2,1,11,1
2024,Kabkot,3211,SUMEDANG,84.12,1.38,39.82,5.34,4.05,27965.76,6.16,18.26,62.74,17.71,22.11,10.88,49.3,2057495,3.57,11,Kuning (Perlu perhatian),4,1,4,2,3,14,3
2024,Kabkot,3212,INDRAMAYU,78.67,1.38,33.09,-7.26,2.18,68701.96000000001,6.25,19.08,71.69,9.119999999999999,29.55,8.48,52.84,2057495,3.57,15,Oranye (Risiko PHK),2,1,3,4,4,14,3
2024,Kabkot,3213,SUBANG,81.59,1.55,31.59,6.18,4.81,33126.46,6.73,20.19,63.03,13.67,29.9,7.26,49.17,2057495,3.57,10,Kuning (Perlu perhatian),3,1,3,2,2,11,1
2024,Kabkot,3214,PURWAKARTA,79.34999999999999,1.69,42.56,2.85,4.64,54142.29,7.34,19.54,53.31,18.58,19.29,11.43,50.7,2057495,3.57,11,Kuning (Perlu perhatian),3,1,4,3,3,14,3
2024,Kabkot,3215,KARAWANG,66.83,2.06,48.62,12.91,4.2,194903.1,8.039999999999999,24.04,51.45,23.72,11.85,8.5,55.92,2057495,3.57,11,Kuning (Perlu perhatian),1,1,4,1,3,10,1
2024,Kabkot,3216,BEKASI,62.73,2.4,55.1,-5.81,5.17,293664.79,8.82,28.44,40.53,28.21,3.43,7.51,60.85,2057495,3.57,14,Oranye (Risiko PHK),1,1,4,4,1,11,1
2024,Kabkot,3217,BANDUNG BARAT,89.3,1.45,42.46,4.13,4.94,36793.68,6.7,14.94,57.57,19.07,19.53,13.49,47.91,2057495,3.57,12,Kuning (Perlu perhatian),4,1,4,2,2,13,3
2024,Kabkot,3218,PANGANDARAN,75.2,1.29,33.94,1.03,5.12,9324.309999999999,1.58,7.03,73.36,18.62,33.54,4.87,42.97,2057495,3.57,12,Kuning (Perlu perhatian),2,1,3,3,1,10,1
2024,Kabkot,3271,BOGOR,86.09,1.78,45.54,-6.18,5.15,38964.67,8.130000000000001,16.23,40.72,13.25,1.34,8.09,77.31999999999999,2057495,3.57,13,Kuning (Perlu perhatian),4,1,4,4,1,14,3
2024,Kabkot,3272,SUKABUMI,74.66,1.73,47.5,.23,5.11,10303.16,8.34,15.31,47.34,18.3,4.28,6.53,70.89,2057495,3.57,12,Kuning (Perlu perhatian),2,1,4,3,1,11,1
2024,Kabkot,3273,BANDUNG,81.37,1.97,50.99,-7.64,4.99,233053.79,7.4,15.47,43.45,18.01,.48,6.64,74.88,2057495,3.57,15,Oranye (Risiko PHK),3,1,4,4,2,14,3
2024,Kabkot,3274,CIREBON,77.87,1.76,42.19,3.91,5.02,19884.06,6.29,12.17,44.74,12.11,1.39,9.140000000000001,77.36,2057495,3.57,10,Kuning (Perlu perhatian),2,1,4,2,2,11,1
2024,Kabkot,3275,BEKASI,59.19,2.66,45.67,-5.63,5.19,81251.61,7.82,20.16,37.27,16.28,.45,8.85,74.43000000000001,2057495,3.57,13,Kuning (Perlu perhatian),1,1,4,4,1,11,1
2024,Kabkot,3276,DEPOK,66.23,3.12,43.27,-2.7,5.47,58241.86,6.27,15.26,32.38,10.25,.95,6.14,82.66,2057495,3.57,13,Kuning (Perlu perhatian),1,1,4,4,1,11,1
2024,Kabkot,3277,CIMAHI,80.65000000000001,1.9,55.4,-1.51,5.26,27296.93,8.970000000000001,16.08,39.28,28.31,.38,7.49,63.82,2057495,3.57,14,Oranye (Risiko PHK),3,1,4,3,1,12,2
2024,Kabkot,3278,TASIKMALAYA,80.3,1.19,47.53,-1.32,5.22,18709.87,6.49,19.44,45.76,24.81,4.7,8.77,61.73,2057495,3.57,15,Oranye (Risiko PHK),3,1,4,3,1,12,2
2024,Kabkot,3279,BANJAR,74.69,1.18,36.76,-3.07,5.48,3883.98,5.44,15.69,58.6,15.31,13.65,8.49,62.55,2057495,3.57,14,Oranye (Risiko PHK),2,1,4,4,1,12,2
2024,Kabkot,3301,CILACAP,82.06,1.14,38.1,3.76,2.65,104540.67,7.83,21.31,69.45999999999999,17.65,29.61,11.12,41.62,2036947,4.02,13,Kuning (Perlu perhatian),3,2,4,3,4,16,4
2024,Kabkot,3302,BANYUMAS,92.23999999999999,.99,43.22,3.52,5.29,47795.71,6.18,20.87,59.11,18.6,19.41,13.2,48.79,2036947,4.02,13,Kuning (Perlu perhatian),4,2,4,3,1,14,3
2024,Kabkot,3303,PURBALINGGA,87.47,1,42.93,-8.029999999999999,4.55,20422.61,4.96,14.54,60.05,25.21,25.51,8.07,41.22,2036947,4.02,17,Oranye (Risiko PHK),4,2,4,4,3,17,4
2024,Kabkot,3304,BANJARNEGARA,82.3,1.06,35.12,1.79,5.11,18051.84,5.57,16.26,67.31,14.03,31.46,12.33,42.18,2036947,4.02,13,Kuning (Perlu perhatian),3,2,3,3,1,12,2
2024,Kabkot,3305,KEBUMEN,84.29000000000001,.9,30.87,-18.17,5.3,23837.83,5.07,12.91,74.5,16.82,36.01,7.56,39.61,2036947,4.02,15,Oranye (Risiko PHK),4,3,3,4,1,15,4
2024,Kabkot,3306,PURWOREJO,79.22,1.06,32.86,.59,4.79,15745.98,3.89,12.55,69.89,15.03,30.53,8.91,45.53,2036947,4.02,15,Oranye (Risiko PHK),3,2,3,3,2,13,3
2024,Kabkot,3307,WONOSOBO,85.38,.95,32.7,24.54,4.57,16109.38,4.02,10.97,66.05,18.15,39.28,8.99,33.57,2036947,4.02,13,Kuning (Perlu perhatian),4,3,3,1,3,14,3
2024,Kabkot,3308,MAGELANG,88.95,1.04,35.33,-1.95,5.06,27538.21,3.55,10.29,64.42,15.89,33.91,9.17,41.04,2036947,4.02,15,Oranye (Risiko PHK),4,2,3,3,2,14,3
2024,Kabkot,3309,BOYOLALI,82.09,1.22,43.62,6.31,4.64,27556.18,3.16,7.87,56.64,22.38,26.88,10.11,40.63,2036947,4.02,13,Kuning (Perlu perhatian),3,1,4,2,3,13,3
2024,Kabkot,3310,KLATEN,81.77,1.04,44.18,-2.12,5.11,33568.92,3.97,9.02,52.38,23.55,21.05,9.41,45.99,2036947,4.02,16,Oranye (Risiko PHK),3,2,4,3,2,14,3
2024,Kabkot,3311,SUKOHARJO,73.68000000000001,1.39,49.78,1.61,4.97,32187.41,3.65,10.92,47.09,26.05,9.35,9.02,55.58,2036947,4.02,13,Kuning (Perlu perhatian),2,1,4,3,2,12,2
2024,Kabkot,3312,WONOGIRI,82.01000000000001,1.17,29.63,-2.61,4.93,24728.69,2.4,9.42,74.78,12.95,43.04,7.59,36.42,2036947,4.02,15,Oranye (Risiko PHK),3,1,3,4,2,13,3
2024,Kabkot,3313,KARANGANYAR,82.73,1.21,44.16,-.83,5.54,31883.1,3.47,10.6,51.87,23.32,21.99,8.970000000000001,45.72,2036947,4.02,15,Oranye (Risiko PHK),3,1,4,3,1,12,2
2024,Kabkot,3314,SRAGEN,90.8,1.08,39.71,13.57,5.39,32084.08,3.53,13.38,59.3,24.11,30.24,5.96,39.7,2036947,4.02,12,Kuning (Perlu perhatian),4,2,4,1,1,12,2
2024,Kabkot,3315,GROBOGAN,93.3,1.19,35.79,14.9,5.41,23591.06,3.23,10.49,67.88,9.43,37.71,18.85,34.01,2036947,4.02,11,Kuning (Perlu perhatian),4,1,3,1,1,10,1
2024,Kabkot,3316,BLORA,76.48999999999999,1.26,26.86,20.79,3.06,19776.06,3.67,10.33,67.97,8.52,42.98,9.140000000000001,39.36,2036947,4.02,12,Kuning (Perlu perhatian),2,1,3,1,4,11,1
2024,Kabkot,3317,REMBANG,84.03,1.24,34.08,-8.25,5.08,16248.58,2.84,10.24,61.07,17.9,32.89,8.699999999999999,40.5,2036947,4.02,14,Oranye (Risiko PHK),4,1,3,4,2,14,3
2024,Kabkot,3318,PATI,86,1.14,37.12,-15.12,5.13,36780.74,3.87,11.37,67.90000000000001,15.91,31.8,11.7,40.59,2036947,4.02,14,Oranye (Risiko PHK),4,1,4,4,1,14,3
2024,Kabkot,3319,KUDUS,67.23999999999999,1.15,61.67,-.47,2.78,75010.78999999999,3.19,6.45,40.29,36.66,7.97,12.57,42.8,2036947,4.02,18,Merah (Kondisi Kritis),1,1,4,3,4,13,3
2024,Kabkot,3320,JEPARA,88.05,1.14,60.94,7.25,4.22,25482.07,3.34,7.39,48.14,45.35,14.43,7.43,32.79,2036947,4.02,14,Oranye (Risiko PHK),4,2,4,2,3,15,4
2024,Kabkot,3321,DEMAK,85.40000000000001,1.28,48.2,7.13,5.06,21894.6,4.75,12.74,53.77,24.43,19.59,13.45,42.53,2036947,4.02,12,Kuning (Perlu perhatian),4,1,4,2,2,13,3
2024,Kabkot,3322,SEMARANG,69.18000000000001,1.2,48.47,6.79,4.73,41529.4,3.73,7.72,48.49,29.62,20.55,8.07,41.76,2036947,4.02,13,Kuning (Perlu perhatian),1,1,4,2,2,10,1
2024,Kabkot,3323,TEMANGGUNG,84.78,1.18,26.25,12.06,5.04,17855.6,2.35,8.470000000000001,72.2,13.98,47.34,5.69,32.99,2036947,4.02,11,Kuning (Perlu perhatian),4,1,3,1,2,11,1
2024,Kabkot,3324,KENDAL,79.09,1.33,42.1,16.81,5.42,37201.45,5.01,11.17,52.03,22.09,23.68,8.9,45.33,2036947,4.02,11,Kuning (Perlu perhatian),3,1,4,1,1,10,1
2024,Kabkot,3325,BATANG,84.97,1.07,43.39,1.2,6.03,18693.22,5.67,15.53,58.73,23.28,25.55,8.300000000000001,42.87,2036947,4.02,14,Oranye (Risiko PHK),4,2,4,3,1,14,3
2024,Kabkot,3326,PEKALONGAN,91.64,1,58.54,-6.89,5.02,19283.06,3.3,7.65,57.09,38.93,12.51,6.06,42.51,2036947,4.02,17,Oranye (Risiko PHK),4,2,4,4,2,16,4
2024,Kabkot,3327,PEMALANG,90.77,1.05,43.23,14.95,5.11,21778.06,6.63,17.06,61.32,23.13,24.87,10.24,41.76,2036947,4.02,13,Kuning (Perlu perhatian),4,2,4,1,1,12,2
2024,Kabkot,3328,TEGAL,79.05,1.16,43.24,-9.220000000000001,5.07,29444.38,7.53,18.2,61.39,20.55,22.09,8.550000000000001,48.81,2036947,4.02,15,Oranye (Risiko PHK),3,1,4,4,2,14,3
2024,Kabkot,3329,BREBES,83.98999999999999,1.08,38.91,-2.14,5.02,38546.98,8.35,18.28,73.03,13.58,32.94,9.789999999999999,43.68,2036947,4.02,15,Oranye (Risiko PHK),4,2,4,3,2,15,4
2024,Kabkot,3371,MAGELANG,77.7,1.28,47.03,8.59,5.56,7668.79,4.4,7.73,40.71,15.58,1.45,7.53,75.45,2036947,4.02,12,Kuning (Perlu perhatian),2,1,4,2,1,10,1
2024,Kabkot,3372,SURAKARTA,90.23,1.2,53.27,3.12,5.61,42897.32,4.61,8.300000000000001,38.82,20.71,.48,5.67,73.14,2036947,4.02,13,Kuning (Perlu perhatian),4,1,4,3,1,13,3
2024,Kabkot,3373,SALATIGA,70.94,1.41,51.23,-6.29,5.37,11505.05,3.86,11.5,40.63,26.69,3.91,5.25,64.15000000000001,2036947,4.02,15,Oranye (Risiko PHK),1,1,4,4,1,11,1
2024,Kabkot,3374,SEMARANG,72.19,1.81,51.21,1.58,5.62,170947.72,5.82,14.26,34.89,21.29,2.2,6.34,70.17,2036947,4.02,12,Kuning (Perlu perhatian),1,1,4,3,1,10,1
2024,Kabkot,3375,PEKALONGAN,86.41,1.06,59.07,.05,5.34,8928.799999999999,4.91,10.64,41.74,30.19,2.52,8.449999999999999,58.83,2036947,4.02,16,Oranye (Risiko PHK),4,2,4,3,1,14,3
2024,Kabkot,3376,TEGAL,87.95999999999999,1.04,50.04,-4.2,5.22,13119.7,5.88,11.69,44.46,16.77,6.31,8.01,68.91,2036947,4.02,17,Oranye (Risiko PHK),4,2,4,4,1,15,4
2024,Kabkot,3401,KULON PROGO,71.19,1.12,36.8,-3.81,4.77,10426.23,2.01,6.03,66.81999999999999,20.62,31.55,6.54,41.29,2125898,7.27,15,Oranye (Risiko PHK),1,2,4,4,2,13,3
2024,Kabkot,3402,BANTUL,75.27,1.31,45.37,3.88,5.04,22964.66,3.62,10.5,47.72,20.8,11.61,8.15,59.44,2125898,7.27,11,Kuning (Perlu perhatian),2,1,4,2,2,11,1
2024,Kabkot,3403,GUNUNGKIDUL,83.06,1.08,33.1,-.49,4.81,16506.42,2.16,8.85,68.54000000000001,15.47,40.35,7.43,36.75,2125898,7.27,16,Oranye (Risiko PHK),3,2,3,3,2,13,3
2024,Kabkot,3404,SLEMAN,77.84,1.46,41.46,-.84,5.19,41559.54,4.13,10.32,45.35,14.84,12.23,7.45,65.48,2125898,7.27,14,Oranye (Risiko PHK),2,1,4,3,1,11,1
2024,Kabkot,3471,YOGYAKARTA,76.5,1.48,47.4,8.91,5.05,32964.35,5.8,16.65,40.19,12.79,1.1,3.31,82.8,2125898,7.27,11,Kuning (Perlu perhatian),2,1,4,2,2,11,1
2024,Kabkot,3501,PACITAN,85.26000000000001,.97,24.08,-14.35,4.34,12775.82,1.56,5.36,78.14,9.93,50.81,6,33.26,2165244,6.13,15,Oranye (Risiko PHK),4,3,2,4,3,16,4
2024,Kabkot,3502,PONOROGO,85.97,1.03,23.6,7.13,4.74,16622.78,4.19,13.9,76.73999999999999,9.18,46.25,5.39,39.19,2165244,6.13,12,Kuning (Perlu perhatian),4,2,2,2,2,12,2
2024,Kabkot,3503,TRENGGALEK,87.81999999999999,1.04,29.43,-11.42,4.71,14881.55,3.9,7.99,74.91,15.23,49.29,6.3,29.18,2165244,6.13,16,Oranye (Risiko PHK),4,2,3,4,2,15,4
2024,Kabkot,3504,TULUNGAGUNG,83.67,.95,36.62,10.22,4.86,31703.89,4.12,13.1,63.34,18.09,32.25,8.08,41.58,2165244,6.13,13,Kuning (Perlu perhatian),3,3,4,2,2,14,3
2024,Kabkot,3505,BLITAR,84.7,.99,24.17,18.84,4.44,29493.8,4.77,15.65,63.9,10.24,41.07,7.01,41.68,2165244,6.13,12,Kuning (Perlu perhatian),4,2,2,1,3,12,2
2024,Kabkot,3506,KEDIRI,85.31,.88,32.03,31.13,4.95,33787.64,5.1,11.33,55.8,13.93,31.46,7.35,47.26,2165244,6.13,13,Kuning (Perlu perhatian),4,3,3,1,2,13,3
2024,Kabkot,3507,MALANG,91.65000000000001,1.07,34.16,-1.56,4.96,79500.89,5.13,11.97,63.06,14.75,32.46,9.33,43.46,2165244,6.13,16,Oranye (Risiko PHK),4,2,3,3,2,14,3
2024,Kabkot,3508,LUMAJANG,82.48,.88,27.2,8.02,4.52,25929.92,3.28,10.43,67.15000000000001,14.49,43.15,6,36.37,2165244,6.13,13,Kuning (Perlu perhatian),3,3,3,2,3,14,3
2024,Kabkot,3509,JEMBER,85.04000000000001,.97,26.15,-6.68,4.86,62897.17,3.23,6.82,68.83,10.06,41.66,8.06,40.22,2165244,6.13,16,Oranye (Risiko PHK),4,3,3,4,2,16,4
2024,Kabkot,3510,BANYUWANGI,92.39,.98,30.92,6.58,4.68,63693.57,4.03,10.75,63.55,12.31,32.78,9.18,45.73,2165244,6.13,13,Kuning (Perlu perhatian),4,3,3,2,2,14,3
2024,Kabkot,3511,BONDOWOSO,79.75,1.17,26.53,12.09,4.87,15809.26,3.63,14.39,70.05,13.88,42.48,6.16,37.48,2165244,6.13,12,Kuning (Perlu perhatian),3,1,3,1,2,10,1
2024,Kabkot,3512,SITUBONDO,83.16,.88,28.3,6.4,4.81,15741.75,3.15,10.66,70.31999999999999,14.17,44.35,6.4,35.08,2165244,6.13,13,Kuning (Perlu perhatian),3,3,3,2,2,13,3
2024,Kabkot,3513,PROBOLINGGO,91.23999999999999,.95,26.65,3.81,4.82,27153.09,3,9.26,70.13,10.56,45.22,7.07,37.16,2165244,6.13,13,Kuning (Perlu perhatian),4,3,3,3,2,15,4
2024,Kabkot,3514,PASURUAN,83.18000000000001,1.3,43.71,-8.31,5.34,125622.82,5.02,14.12,56.87,24.47,25.13,9.43,40.97,2165244,6.13,14,Oranye (Risiko PHK),3,1,4,4,1,13,3
2024,Kabkot,3515,SIDOARJO,61.47,1.83,56.86,3.65,5.54,169867.8,6.49,16.87,35.38,28.56,2.45,5.93,63.05,2165244,6.13,11,Kuning (Perlu perhatian),1,1,4,3,1,10,1
2024,Kabkot,3516,MOJOKERTO,86.19,1.25,49.62,12.16,5.29,70527.64999999999,3.87,10.6,51.74,27.73,19.92,7.52,44.84,2165244,6.13,12,Kuning (Perlu perhatian),4,1,4,1,1,11,1
2024,Kabkot,3517,JOMBANG,87.5,1.14,39.37,5.52,5.15,33230.48,3.75,10.01,56.3,19.96,22.56,7.34,50.15,2165244,6.13,11,Kuning (Perlu perhatian),4,2,4,2,1,13,3
2024,Kabkot,3518,NGANJUK,81,1.11,30.42,6.29,4.93,21614.91,3.87,9.220000000000001,67.3,12.55,36.89,7.9,42.66,2165244,6.13,12,Kuning (Perlu perhatian),3,2,3,2,2,12,2
2024,Kabkot,3519,MADIUN,82,1.19,30.59,19.86,4.68,15593.2,4.34,17.71,67.47,11.89,36.31,7.83,43.98,2165244,6.13,12,Kuning (Perlu perhatian),3,1,3,1,2,10,1
2024,Kabkot,3520,MAGETAN,83.08,1.1,32.2,8.359999999999999,4.79,15259.86,3.28,9.24,68.65000000000001,13.66,36.17,7.44,42.73,2165244,6.13,12,Kuning (Perlu perhatian),3,2,3,2,2,12,2
2024,Kabkot,3521,NGAWI,74.06999999999999,1.06,28.17,17.02,4.64,15595.97,2.4,8,71.54000000000001,10.21,42.1,9.710000000000001,37.98,2165244,6.13,13,Kuning (Perlu perhatian),2,2,3,1,3,11,1
2024,Kabkot,3522,BOJONEGORO,87.17,1.09,28.16,8.199999999999999,1.67,64367.43,4.42,17.34,68.17,10.14,45.38,8.07,36.41,2165244,6.13,14,Oranye (Risiko PHK),4,2,3,2,4,15,4
2024,Kabkot,3523,TUBAN,86.56999999999999,1.16,26.31,-5.79,3.86,51913.41,4.28,14.86,70.25,10.13,41.36,8.1,40.41,2165244,6.13,15,Oranye (Risiko PHK),4,1,3,4,4,16,4
2024,Kabkot,3524,LAMONGAN,81.72,1.18,33.82,13.9,4.81,32185.95,4.34,12.77,59.91,14.16,32.84,7.4,45.6,2165244,6.13,12,Kuning (Perlu perhatian),3,1,3,1,2,10,1
2024,Kabkot,3525,GRESIK,70.75,1.75,50.86,-2.06,4.79,119274.42,6.45,15.34,45.84,27.13,13.95,8.779999999999999,50.14,2165244,6.13,15,Oranye (Risiko PHK),1,1,4,3,2,11,1
2024,Kabkot,3526,BANGKALAN,85.33,1.13,24.62,.6899999999999999,1.94,17497.5,5.35,18.03,77.41,5.14,46.29,10.01,38.56,2165244,6.13,14,Oranye (Risiko PHK),4,2,2,3,4,15,4
2024,Kabkot,3527,SAMPANG,90.28,.93,17.3,44.58,1.71,14925.3,2.5,8.369999999999999,76.59999999999999,5.23,52.79,7.89,34.09,2165244,6.13,13,Kuning (Perlu perhatian),4,3,1,1,4,13,3
2024,Kabkot,3528,PAMEKASAN,89.01000000000001,.92,37.94,14.39,4.88,13245.25,1.64,5.97,76.51000000000001,27.5,36.84,5.88,29.78,2165244,6.13,13,Kuning (Perlu perhatian),4,3,4,1,2,14,3
2024,Kabkot,3529,SUMENEP,91.09,.96,21.41,31.22,3.77,27234.39,1.69,7.52,73.87,9.25,49.76,7.3,33.69,2165244,6.13,12,Kuning (Perlu perhatian),4,3,2,1,4,14,3
2024,Kabkot,3571,KEDIRI,74.11,1.16,44.2,8.52,3.43,94774.08,3.91,10.21,43.84,15.77,3.04,8.460000000000001,72.72,2165244,6.13,13,Kuning (Perlu perhatian),2,1,4,2,4,13,3
2024,Kabkot,3572,BLITAR,82.15000000000001,1.17,44.72,-3.42,5.33,5746.4,5.11,13.96,48.31,13.64,6.93,9.220000000000001,70.20999999999999,2165244,6.13,15,Oranye (Risiko PHK),3,1,4,4,1,13,3
2024,Kabkot,3573,MALANG,69.98999999999999,1.46,49.06,-4.05,5.41,63373.3,6.1,14.74,43.72,14.49,1.5,7.59,76.41,2165244,6.13,14,Oranye (Risiko PHK),1,1,4,4,1,11,1
2024,Kabkot,3574,PROBOLINGGO,73.09999999999999,1.3,47.46,-1.82,5.15,9893.27,4.44,12.86,43.53,24.62,9.66,6.79,58.93,2165244,6.13,15,Oranye (Risiko PHK),2,1,4,3,1,11,1
2024,Kabkot,3575,PASURUAN,75.36,1.46,49.39,-2.44,5.45,6998.74,4.63,10.26,45.42,28.17,5.06,3.19,63.59,2165244,6.13,14,Oranye (Risiko PHK),2,1,4,4,1,12,2
2024,Kabkot,3576,MOJOKERTO,79.06999999999999,1.39,54.5,-5.26,5.32,5686.79,3.76,7.9,44.96,22.75,.54,8.65,68.06999999999999,2165244,6.13,15,Oranye (Risiko PHK),3,1,4,4,1,13,3
2024,Kabkot,3577,MADIUN,74.72,1.39,41.92,-3.82,5.73,12438.92,4.3,8.23,44.16,11.36,2.16,4.96,81.52,2165244,6.13,14,Oranye (Risiko PHK),2,1,4,4,1,12,2
2024,Kabkot,3578,SURABAYA,73.98999999999999,1.8,48.89,-3.2,5.76,485448.89,4.91,10.52,38.19,16.34,.49,7.04,76.13,2165244,6.13,13,Kuning (Perlu perhatian),2,1,4,4,1,12,2
2024,Kabkot,3579,BATU,78.73,1.36,38.4,14.96,5.04,13588.14,3.63,9.57,49.55,9.94,18.48,6.94,64.64,2165244,6.13,10,Kuning (Perlu perhatian),3,1,4,1,2,11,1
2024,Kabkot,3601,PANDEGLANG,83.87,1.03,28.4,.23,2.75,21928.59,8.09,23.8,70.93000000000001,8.73,31.6,9.48,50.18,2727812,2.5,16,Oranye (Risiko PHK),4,2,3,3,4,16,4
2024,Kabkot,3602,LEBAK,83.09999999999999,1,26.42,.3,2.95,23377.24,6.23,17.57,73.65000000000001,8.289999999999999,40.93,10.8,39.98,2727812,2.5,16,Oranye (Risiko PHK),3,2,3,3,4,15,4
2024,Kabkot,3603,TANGERANG,72.25,1.52,60.87,3.8,5,113998.21,6.06,14.61,34.66,37.04,4.77,6.81,51.39,2727812,2.5,12,Kuning (Perlu perhatian),1,1,4,3,2,11,1
2024,Kabkot,3604,SERANG,70.65000000000001,1.28,45.46,-4.04,4.78,63255.33,9.18,26.99,55.74,25.63,19.91,9.210000000000001,45.25,2727812,2.5,16,Oranye (Risiko PHK),1,1,4,4,2,12,2
2024,Kabkot,3671,TANGERANG,64.65000000000001,1.94,51.54,.87,5.04,125060.32,5.92,15.35,33.33,23.33,1.16,7,68.5,2727812,2.5,13,Kuning (Perlu perhatian),1,1,4,3,2,11,1
2024,Kabkot,3672,CILEGON,71.44,1.56,53.74,1.33,4.84,88628.11,6.08,16.08,34.78,17.16,1.75,20.56,60.54,2727812,2.5,13,Kuning (Perlu perhatian),1,1,4,3,2,11,1
2024,Kabkot,3673,SERANG,77.66,1.28,39.79,4.71,4.71,26863.08,7.12,18.82,46.33,15.46,8.050000000000001,8.630000000000001,67.86,2727812,2.5,12,Kuning (Perlu perhatian),2,1,4,2,2,11,1
2024,Kabkot,3674,TANGERANG SELATAN,60.17,2.26,41.33,.68,5.02,73052.84,5.09,16.59,29.06,6.53,.41,7.46,85.59999999999999,2727812,2.5,12,Kuning (Perlu perhatian),1,1,4,3,2,11,1
2024,Kabkot,5101,JEMBRANA,86.88,.93,38.74,6.66,4.98,9965.23,1.53,1.2,52.4,20.33,19.47,8.869999999999999,51.34,2813672,3.69,13,Kuning (Perlu perhatian),4,3,4,2,2,15,4
2024,Kabkot,5102,TABANAN,77.47,1.2,43.34,1.86,4.94,16236,1.85,3.63,49.37,14.55,19.22,10.74,55.49,2813672,3.69,14,Oranye (Risiko PHK),2,1,4,3,2,12,2
2024,Kabkot,5103,BADUNG,80.52,1.39,49.76,-4.89,5.94,37667.34,1.83,3.38,42.58,10.88,7.85,6.36,74.91,2813672,3.69,14,Oranye (Risiko PHK),3,1,4,4,1,13,3
2024,Kabkot,5104,GIANYAR,77.2,1.23,51.13,5.67,5.47,19896.35,1.98,2.9,42.39,19.73,10.89,7.89,61.48,2813672,3.69,13,Kuning (Perlu perhatian),2,1,4,2,1,10,1
2024,Kabkot,5105,KLUNGKUNG,84.08,1.24,41.7,11.59,5.08,6348.54,1.23,3.94,49.22,10.92,20.81,8.279999999999999,59.99,2813672,3.69,12,Kuning (Perlu perhatian),4,1,4,1,2,12,2
2024,Kabkot,5106,BANGLI,86.77,1.4,32.69,18.55,4.54,4876.68,.74,2.03,63.76,14.87,37.27,8.199999999999999,39.66,2813672,3.69,11,Kuning (Perlu perhatian),4,1,3,1,3,12,2
2024,Kabkot,5107,KARANGASEM,86.53,1.02,46.56,12.96,4.33,11663.31,1.63,2.66,61.95,25.8,22.02,9.720000000000001,42.46,2813672,3.69,14,Oranye (Risiko PHK),4,2,4,1,3,14,3
2024,Kabkot,5108,BULELENG,83.43000000000001,.99,30.95,15.02,5.04,24453.82,2.06,4.1,60.65,8.82,33.11,9.09,48.98,2813672,3.69,12,Kuning (Perlu perhatian),3,2,3,1,2,11,1
2024,Kabkot,5171,DENPASAR,82.54000000000001,1.38,43.97,-5.63,5.55,38001.22,2.11,7.89,38.17,9.42,.36,5.46,84.76000000000001,2813672,3.69,14,Oranye (Risiko PHK),3,1,4,4,1,13,3
2024,Kabkot,5201,LOMBOK BARAT,84.98999999999999,.92,32.8,-1.01,3.02,11723.12,2.75,7.96,63.76,12.27,22.14,14.11,51.49,2444067,3.06,16,Oranye (Risiko PHK),4,3,3,3,4,17,4
2024,Kabkot,5202,LOMBOK TENGAH,84.8,.99,26.69,8.43,3.34,13624.03,2.55,3.72,79.25,11.78,44.92,9.529999999999999,33.77,2444067,3.06,13,Kuning (Perlu perhatian),4,2,3,2,4,15,4
2024,Kabkot,5203,LOMBOK TIMUR,83.77,.83,24.81,16.07,4.2,16160.3,2.53,5.69,74.90000000000001,11.99,41.05,6.79,40.18,2444067,3.06,12,Kuning (Perlu perhatian),4,4,2,1,3,14,3
2024,Kabkot,5204,SUMBAWA,74.8,1.13,16.66,29.33,3.12,11269.83,2.67,7.38,65.34,5.8,39.29,5.56,49.35,2444067,3.06,11,Kuning (Perlu perhatian),2,2,1,1,4,10,1
2024,Kabkot,5205,DOMPU,82.73,.92,22.85,3.75,3.62,5479.92,2.7,5.48,73.34,6.92,37.71,7.17,48.21,2444067,3.06,12,Kuning (Perlu perhatian),3,3,2,3,4,15,4
2024,Kabkot,5206,BIMA,87.36,.84,17.74,-6.67,2.82,8884.209999999999,2.19,2.91,78.56999999999999,7.51,47.37,5.02,40.1,2444067,3.06,16,Oranye (Risiko PHK),4,4,1,4,4,17,4
2024,Kabkot,5207,SUMBAWA BARAT,77.76000000000001,1.37,25.15,12.27,12.01,20458.11,3.1,9.43,52.22,4.65,25.1,15.18,55.07,2444067,3.06,10,Kuning (Perlu perhatian),2,1,2,1,1,7,1
2024,Kabkot,5208,LOMBOK UTARA,92.17,.74,20.71,19.71,4.28,3699.96,1.85,5.25,74.08,4.98,49.25,5.4,40.38,2444067,3.06,12,Kuning (Perlu perhatian),4,4,2,1,3,14,3
2024,Kabkot,5271,MATARAM,83.08,1.06,40.14,-8.880000000000001,4.12,15182.76,4.85,11.56,47.3,12.22,4.04,7.63,76.11,2444067,3.06,17,Oranye (Risiko PHK),3,2,4,4,3,16,4
2024,Kabkot,5272,BIMA,64.33,1.12,33.07,14.04,4.04,3302.3,3.27,5.87,53.7,10.34,12.21,6.59,70.86,2444067,3.06,12,Kuning (Perlu perhatian),1,2,3,1,3,10,1
2024,Kabkot,5301,SUMBA BARAT,73.81,1.13,14.81,23.69,3.75,1612.73,3.21,7.32,72.06,7.61,48.91,3.81,39.68,2186826,2.96,11,Kuning (Perlu perhatian),2,2,1,1,4,10,1
2024,Kabkot,5302,SUMBA TIMUR,81.44,1.13,16.61,16.55,3.69,4402.5,3.46,8.869999999999999,69.08,9.539999999999999,52.08,4.38,34,2186826,2.96,11,Kuning (Perlu perhatian),3,2,1,1,4,11,1
2024,Kabkot,5303,KUPANG,70.95,1.04,19.85,16.51,3.38,5381.72,3.36,10.06,75.06999999999999,6.36,54.82,7.21,31.61,2186826,2.96,12,Kuning (Perlu perhatian),1,2,2,1,4,10,1
2024,Kabkot,5304,TIMOR TENGAH SELATAN,64.20999999999999,.9,20.48,24.65,3.37,5372.52,2.63,6.31,80.64,11.62,52.48,4.89,31.01,2186826,2.96,12,Kuning (Perlu perhatian),1,3,2,1,4,11,1
2024,Kabkot,5305,TIMOR TENGAH UTARA,66.2,1.04,22.08,-9.039999999999999,3.27,3225.12,1.82,4.39,76.23,10.12,49.98,4.38,35.51,2186826,2.96,15,Oranye (Risiko PHK),1,2,2,4,4,13,3
2024,Kabkot,5306,BELU,67.64,1.04,20.33,-10.59,3.97,3361.74,5.41,10.48,75.51000000000001,8.15,48.09,4.9,38.86,2186826,2.96,15,Oranye (Risiko PHK),1,2,2,4,3,12,2
2024,Kabkot,5307,ALOR,69.81,.86,14.92,12.06,4.24,2286.02,2.27,6.16,73.14,7.78,50.96,2.63,38.63,2186826,2.96,12,Kuning (Perlu perhatian),1,3,1,1,3,9,1
2024,Kabkot,5308,LEMBATA,61.44,1.16,20.84,-1.05,3.34,1282.63,2.18,5.55,71.66,12.31,44.86,3.2,39.63,2186826,2.96,14,Oranye (Risiko PHK),1,1,2,3,4,11,1
2024,Kabkot,5309,FLORES TIMUR,53.67,.88,18.28,11.86,2.69,3796.69,3.58,11.07,75.09999999999999,9.24,52.52,2.5,35.74,2186826,2.96,13,Kuning (Perlu perhatian),1,3,1,1,4,10,1
2024,Kabkot,5310,SIKKA,77.12,1.06,23.79,-3.92,3.95,3763.88,2.33,7.25,72.73999999999999,11.83,45.48,5.58,37.12,2186826,2.96,15,Oranye (Risiko PHK),2,2,2,4,3,13,3
2024,Kabkot,5311,ENDE,62.57,1.09,23.38,6.35,3.88,4630.78,2.05,5.88,72.77,11.19,45.64,5.03,38.14,2186826,2.96,12,Kuning (Perlu perhatian),1,2,2,2,4,11,1
2024,Kabkot,5312,NGADA,72.95,.96,18.85,-10.32,3.67,2583.24,2.68,6.25,72.51000000000001,10.24,51.61,5.7,32.44,2186826,2.96,15,Oranye (Risiko PHK),2,3,2,4,4,15,4
2024,Kabkot,5313,MANGGARAI,75.42,1.05,18.86,9.289999999999999,3.93,3398.36,1.17,2.28,74.67,8.16,51.54,6.08,34.22,2186826,2.96,12,Kuning (Perlu perhatian),2,2,2,2,4,12,2
2024,Kabkot,5314,ROTE NDAO,66.54000000000001,1.02,19.74,19.42,3.2,2169.12,2.42,2.91,65.76000000000001,9.66,48.37,6.05,35.92,2186826,2.96,12,Kuning (Perlu perhatian),1,2,2,1,4,10,1
2024,Kabkot,5315,MANGGARAI BARAT,79.72,1.27,13.9,-20.66,4.93,2629.18,3.47,8.449999999999999,79.92,5.11,63.61,4.38,26.89,2186826,2.96,14,Oranye (Risiko PHK),3,1,1,4,2,11,1
2024,Kabkot,5316,SUMBA TENGAH,74.64,.97,10.18,6.65,3.71,839.52,1.89,4.42,76.23,4.93,61.12,4.21,29.74,2186826,2.96,12,Kuning (Perlu perhatian),2,3,1,2,4,12,2
2024,Kabkot,5317,SUMBA BARAT DAYA,86.64,.88,11.06,1.81,3.94,2619.83,2.64,5.63,83.22,5.95,64.14,3.91,26,2186826,2.96,13,Kuning (Perlu perhatian),4,3,1,3,4,15,4
2024,Kabkot,5318,NAGEKEO,73.54000000000001,.88,12.79,7.25,3.12,1541.69,2.17,5.72,74.7,6.81,57.68,3.76,31.75,2186826,2.96,12,Kuning (Perlu perhatian),2,3,1,2,4,12,2
2024,Kabkot,5319,MANGGARAI TIMUR,67.2,.85,8.57,8.24,3.93,2328.88,.51,1.63,85,3.8,75.06999999999999,3.23,17.9,2186826,2.96,12,Kuning (Perlu perhatian),1,3,1,2,4,11,1
2024,Kabkot,5320,SABU RAIJUA,75.70999999999999,.97,36.98,11.92,3.79,862.5599999999999,3.99,7.23,72.43000000000001,29.1,31.62,6.55,32.74,2186826,2.96,13,Kuning (Perlu perhatian),2,3,4,1,4,14,3
2024,Kabkot,5321,MALAKA,71.45999999999999,.95,21.94,-12.45,3.1,2126.04,1.58,6.05,84.05,13.76,53.3,2.64,30.3,2186826,2.96,15,Oranye (Risiko PHK),1,3,2,4,4,14,3
2024,Kabkot,5371,KUPANG,69.39,1.44,33.94,5.33,4.83,18697.85,8.6,26.98,36.07,9.27,3.28,9.640000000000001,77.81,2186826,2.96,11,Kuning (Perlu perhatian),1,1,3,2,2,9,1
2024,Kabkot,6101,SAMBAS,86.64,.87,18.44,5.33,4.74,16000.86,4.99,12.3,68.51000000000001,4.72,54.58,6.32,34.38,2702616,3.6,12,Kuning (Perlu perhatian),4,3,1,2,2,12,2
2024,Kabkot,6102,BENGKAYANG,78.88,.9399999999999999,15.63,7.25,4.75,6755.97,2.81,5.27,64.3,3.54,51.35,13.29,31.83,2702616,3.6,12,Kuning (Perlu perhatian),3,3,1,2,2,11,1
2024,Kabkot,6103,LANDAK,88.79000000000001,.87,9.109999999999999,31.11,4.54,8351.059999999999,2.22,5.48,67.20999999999999,2.14,70.77,5.76,21.33,2702616,3.6,12,Kuning (Perlu perhatian),4,3,1,1,3,12,2
2024,Kabkot,6104,MEMPAWAH,84.81999999999999,.98,35.12,9.960000000000001,6.62,6412.73,6.78,15.11,51.14,12.28,33.81,15.33,38.58,2702616,3.6,12,Kuning (Perlu perhatian),4,3,3,2,1,13,3
2024,Kabkot,6105,SANGGAU,68.22,1.1,12.92,11.81,4.14,15328.48,3.71,10.79,58.26,4.38,56.88,5.83,32.91,2702616,3.6,12,Kuning (Perlu perhatian),1,2,1,1,3,8,1
2024,Kabkot,6106,KETAPANG,72.5,1.21,23.05,20.16,4.89,21070.69,6.36,13.37,46.03,6.8,48.43,8.84,35.93,2702616,3.6,11,Kuning (Perlu perhatian),2,1,2,1,2,8,1
2024,Kabkot,6107,SINTANG,70.39,1.12,12.76,-12.47,4.89,11216.5,2.85,7.66,68.79000000000001,1.88,59.35,7.53,31.24,2702616,3.6,14,Oranye (Risiko PHK),1,2,1,4,2,10,1
2024,Kabkot,6108,KAPUAS HULU,82.55,1.04,11.78,-15.16,4.75,7457.75,2.18,4.03,68.13,2.81,53.47,14.58,29.14,2702616,3.6,15,Oranye (Risiko PHK),3,2,1,4,2,12,2
2024,Kabkot,6109,SEKADAU,85.94,1.06,10.73,8.35,4.86,5117.39,2.24,6.52,64.51000000000001,1.68,66.90000000000001,6.26,25.16,2702616,3.6,12,Kuning (Perlu perhatian),4,2,1,2,2,11,1
2024,Kabkot,6110,MELAWI,85.17,1.01,13.73,12.68,4.76,4021.65,2.41,6.93,56.21,3.43,49.16,10.39,37.02,2702616,3.6,12,Kuning (Perlu perhatian),4,2,1,1,2,10,1
2024,Kabkot,6111,KAYONG UTARA,86.68000000000001,.99,18.5,6.63,4.52,3019.94,3.02,7.61,56.44,3.78,48.6,6.69,40.93,2702616,3.6,12,Kuning (Perlu perhatian),4,2,2,2,3,13,3
2024,Kabkot,6112,KUBU RAYA,86.76000000000001,1.02,28.45,19.82,4.99,21794.06,6.73,16.82,48.88,6.05,40.19,11.6,42.16,2702616,3.6,13,Kuning (Perlu perhatian),4,2,3,1,2,12,2
2024,Kabkot,6171,PONTIANAK,77.06,1.26,41.08,2.82,5.03,28784.47,8.289999999999999,17.21,32.71,7.21,3.08,9.94,79.77,2702616,3.6,12,Kuning (Perlu perhatian),2,1,4,3,2,12,2
2024,Kabkot,6172,SINGKAWANG,84.95,1.13,33.82,16.24,5.06,8084.58,7.92,16.56,41.47,8.550000000000001,16.04,11.77,63.65,2702616,3.6,11,Kuning (Perlu perhatian),4,2,3,1,2,12,2
2024,Kabkot,6201,KOTAWARINGIN BARAT,76.78,.99,26.89,-1.03,4.1,16079.76,4.42,11.93,45.01,7.13,35.15,7.75,49.97,3261616,2.53,16,Oranye (Risiko PHK),2,2,3,3,3,13,3
2024,Kabkot,6202,KOTAWARINGIN TIMUR,72.75,1,20.86,8.550000000000001,4,20776.92,4.63,10.42,47.68,5.25,45.14,6.47,43.13,3261616,2.53,12,Kuning (Perlu perhatian),2,2,2,2,3,11,1
2024,Kabkot,6203,KAPUAS,85.09999999999999,.9,17.54,24.47,4.95,13426.63,3.61,7.79,55.49,5.9,34.59,18.63,40.87,3261616,2.53,12,Kuning (Perlu perhatian),4,3,1,1,2,11,1
2024,Kabkot,6204,BARITO SELATAN,75.7,1.05,17.49,7.49,4.7,4976.74,4.12,11.74,61.67,4.26,40.11,11.95,43.68,3261616,2.53,12,Kuning (Perlu perhatian),2,2,1,2,2,9,1
2024,Kabkot,6205,BARITO UTARA,80.06999999999999,1.22,17.95,5.01,5.08,8422.309999999999,4.71,14.13,51.21,3.95,32.77,21.75,41.53,3261616,2.53,10,Kuning (Perlu perhatian),3,1,1,2,2,9,1
2024,Kabkot,6206,SUKAMARA,48.13,1.11,22.35,-.14,3.89,3527.88,4.95,10.7,44.3,6.04,46.29,6.85,40.83,3261616,2.53,13,Kuning (Perlu perhatian),1,2,2,3,4,12,2
2024,Kabkot,6207,LAMANDAU,72.97,1.17,14.27,2.94,3.64,4431.36,3.17,9.9,43.45,2.61,46.6,4.04,46.75,3261616,2.53,11,Kuning (Perlu perhatian),2,1,1,3,4,11,1
2024,Kabkot,6208,SERUYAN,74.88,1.04,12.07,-4.88,3.04,6753.61,3.47,9.32,40.13,2.79,61.35,6.01,29.85,3261616,2.53,15,Oranye (Risiko PHK),2,2,1,4,4,13,3
2024,Kabkot,6209,KATINGAN,79.31,.99,17.69,-.2,4.67,5962.4,4.88,10.44,57.55,5.5,31.57,23.38,39.56,3261616,2.53,15,Oranye (Risiko PHK),3,2,1,3,3,12,2
2024,Kabkot,6210,PULANG PISAU,87.13,.85,19.35,4.52,4.41,4121.22,1.99,6.36,58.47,4.08,45.72,18.7,31.5,3261616,2.53,12,Kuning (Perlu perhatian),4,3,2,2,3,14,3
2024,Kabkot,6211,GUNUNG MAS,81.56999999999999,.98,11.39,13.01,4.48,4412.22,3.12,8.18,38.09,3.44,16.22,47.09,33.25,3261616,2.53,12,Kuning (Perlu perhatian),3,3,1,1,3,11,1
2024,Kabkot,6212,BARITO TIMUR,69.55,1.03,14.93,1.64,4.29,6108.02,3.26,11.42,55.96,3.5,41.82,11.66,43.02,3261616,2.53,13,Kuning (Perlu perhatian),1,2,1,3,3,10,1
2024,Kabkot,6213,MURUNG RAYA,89.06,1.12,12.51,13.16,5.05,7084.43,2.9,8.84,49.99,3.64,21.08,36.28,39,3261616,2.53,10,Kuning (Perlu perhatian),4,2,1,1,2,10,1
2024,Kabkot,6271,PALANGKA RAYA,60.43,1.22,35.11,-3.33,6.62,13316.91,5.02,8.15,41.05,8.02,6.26,12.27,73.45,3261616,2.53,14,Oranye (Risiko PHK),1,1,3,4,1,10,1
2024,Kabkot,6301,TANAH LAUT,85.17,.98,20.62,-2.53,5.01,12164.9,3.43,7.71,56.06,5.53,44.41,11.01,39.05,3282812,4.22,14,Oranye (Risiko PHK),4,3,2,4,2,15,4
2024,Kabkot,6302,KOTABARU,67.31999999999999,1.08,22.75,-5.35,5.34,20546.67,6.05,15.54,51,6.02,39.36,10.44,44.18,3282812,4.22,14,Oranye (Risiko PHK),1,2,2,4,1,10,1
2024,Kabkot,6303,BANJAR,90.79000000000001,.87,28.44,5.87,4.76,13829.33,2.71,6.76,56.57,6.32,29.77,10.54,53.37,3282812,4.22,13,Kuning (Perlu perhatian),4,3,3,2,2,14,3
2024,Kabkot,6304,BARITO KUALA,80.23,.95,19.7,14.83,5.02,6728.29,3.41,7.86,59.85,7.3,46,7.56,39.15,3282812,4.22,11,Kuning (Perlu perhatian),3,3,2,1,2,11,1
2024,Kabkot,6305,TAPIN,74.73999999999999,1.09,21.67,12.85,4.89,7589.32,3.86,10.01,58.74,3.91,31.9,15.94,48.25,3282812,4.22,12,Kuning (Perlu perhatian),2,2,2,1,2,9,1
2024,Kabkot,6306,HULU SUNGAI SELATAN,83.86,.83,27.62,-.23,5.15,5578.76,2.11,6.23,65.86,11.36,36.69,8.5,43.45,3282812,4.22,15,Oranye (Risiko PHK),4,4,3,3,1,15,4
2024,Kabkot,6307,HULU SUNGAI TENGAH,83.51000000000001,.83,24.47,15.06,4.95,5652.88,3.2,7.84,63.91,8.050000000000001,32.94,7.05,51.96,3282812,4.22,12,Kuning (Perlu perhatian),3,4,2,1,2,12,2
2024,Kabkot,6308,HULU SUNGAI UTARA,79.8,.7,28.71,-.59,4.43,3872.62,3.73,9.74,61.94,11.68,26.83,5.74,55.75,3282812,4.22,16,Oranye (Risiko PHK),3,4,3,3,3,16,4
2024,Kabkot,6309,TABALONG,81.48999999999999,1.28,22.07,1.11,4.87,17320.79,3.44,10.99,60.37,5.94,36.69,14.58,42.79,3282812,4.22,12,Kuning (Perlu perhatian),3,1,2,3,2,11,1
2024,Kabkot,6310,TANAH BUMBU,82.98,1.1,26.36,2.24,4.82,18594.28,6.37,14.21,43.53,4.98,28.75,18.53,47.75,3282812,4.22,12,Kuning (Perlu perhatian),3,2,3,3,2,13,3
2024,Kabkot,6311,BALANGAN,77.78,1.18,17.01,17.18,4.15,10821.6,2.69,9.710000000000001,60.69,4.15,41.69,10.83,43.34,3282812,4.22,11,Kuning (Perlu perhatian),2,1,1,1,3,8,1
2024,Kabkot,6371,BANJARMASIN,74.75,.93,39.38,4.71,5.63,26741.33,6.56,16.28,36.44,10.73,1.64,5.42,82.22,3282812,4.22,12,Kuning (Perlu perhatian),2,3,4,2,1,12,2
2024,Kabkot,6372,BANJARBARU,69.73,1.18,38.25,3.83,6.71,7776.93,4.93,11.63,40.82,11.23,7.65,11.99,69.14,3282812,4.22,11,Kuning (Perlu perhatian),1,1,4,2,1,9,1
2024,Kabkot,6401,PASER,71.31999999999999,1.35,18.71,14.32,3.77,38909.1,4.53,11.96,49.87,2.92,35.81,13.84,47.44,3360858,4.98,10,Kuning (Perlu perhatian),1,1,2,1,4,9,1
2024,Kabkot,6402,KUTAI BARAT,72.87,1.29,16.82,-1.1,7.57,25654.27,5.58,13.39,47.23,5.22,31.13,16.65,47,3360858,4.98,13,Kuning (Perlu perhatian),2,1,1,3,1,8,1
2024,Kabkot,6403,KUTAI KARTANEGARA,83.03,1.27,24.69,4.99,5.62,143009.77,4.11,12.14,47.43,6.54,24.28,20.11,49.07,3360858,4.98,10,Kuning (Perlu perhatian),3,1,2,2,1,9,1
2024,Kabkot,6404,KUTAI TIMUR,65.09,1.67,26.73,2.64,9.82,114943,5.76,13.89,47.22,6.03,29.6,19.76,44.62,3360858,4.98,9,Kuning (Perlu perhatian),1,1,3,3,1,9,1
2024,Kabkot,6405,BERAU,76.39,1.45,20.65,17.45,7.28,33868.49,5.15,12.66,38.04,5.99,22.69,22.4,48.92,3360858,4.98,9,Kuning (Perlu perhatian),2,1,2,1,1,7,1
2024,Kabkot,6409,PENAJAM PASER UTARA,87.29000000000001,1.01,29.96,17.06,30.68,12570.19,2.05,5.09,49.74,6.88,31.51,10.7,50.92,3360858,4.98,12,Kuning (Perlu perhatian),4,2,3,1,1,11,1
2024,Kabkot,6411,MAHAKAM ULU,84.08,1.07,9.23,39.27,3.6,1919.65,2.51,6.83,56.81,2.64,43.14,6.53,47.69,3360858,4.98,12,Kuning (Perlu perhatian),4,2,1,1,4,12,2
2024,Kabkot,6471,BALIKPAPAN,75.5,1.39,48.64,.62,3.23,100191.74,6.22,16,34.43,9.82,3.02,16.5,70.66,3360858,4.98,14,Oranye (Risiko PHK),2,1,4,3,4,14,3
2024,Kabkot,6472,SAMARINDA,80.2,1.13,40.86,2.79,8.66,58247.25,5.75,11.03,37.92,7.85,3.63,15.14,73.38,3360858,4.98,12,Kuning (Perlu perhatian),3,2,4,3,1,13,3
2024,Kabkot,6474,BONTANG,77.12,1.4,41.36,-1.24,-2.51,41563.91,7.06,16.11,31.97,7.98,4.77,13.46,73.79000000000001,3360858,4.98,17,Oranye (Risiko PHK),2,1,4,3,4,14,3
2024,Kabkot,6501,MALINAU,65.19,1.41,8.69,10.61,3.55,9244.98,3.1,7.98,60.63,1.49,48.16,10.6,39.75,3361653,3.38,10,Kuning (Perlu perhatian),1,1,1,2,4,9,1
2024,Kabkot,6502,BULUNGAN,65.67,1.2,24.89,-1.08,3.92,13686.86,4.33,10.58,50.93,5.8,28.23,11.78,54.19,3361653,3.38,14,Oranye (Risiko PHK),1,1,2,3,4,11,1
2024,Kabkot,6503,TANA TIDUNG,66.76000000000001,1.31,16.28,4.71,3.57,4346.6,3.67,12.9,44.19,4.32,30.61,6.91,58.17,3361653,3.38,10,Kuning (Perlu perhatian),1,1,1,2,4,9,1
2024,Kabkot,6504,NUNUKAN,75.20999999999999,.96,17.5,6.45,4.03,18654.57,2.71,6.84,57.51,2.89,44.8,6.22,46.09,3361653,3.38,12,Kuning (Perlu perhatian),2,3,1,2,3,11,1
2024,Kabkot,6571,TARAKAN,75.98,1.07,37.75,-.14,5.71,27112.12,5.11,15.17,39.45,15.24,15.02,9.380000000000001,60.35,3361653,3.38,15,Oranye (Risiko PHK),2,2,4,3,1,12,2
2024,Kabkot,7101,BOLAANG MONGONDOW,77.09,.8100000000000001,21.23,35.58,5.33,6683.66,4.48,13.97,67.47,5.87,41.68,15.03,37.41,3545000,1.72,11,Kuning (Perlu perhatian),2,4,2,1,1,10,1
2024,Kabkot,7102,MINAHASA,73.59999999999999,.96,27.22,4.35,5.49,14265.62,7.22,28.02,60.35,5.96,27.3,7.66,59.07,3545000,1.72,12,Kuning (Perlu perhatian),2,3,3,2,1,11,1
2024,Kabkot,7103,KEPULAUAN SANGIHE,79.8,.8,33.04,35.19,5.32,3748.34,2.5,12.75,50.96,13.61,25.29,10.78,50.32,3545000,1.72,12,Kuning (Perlu perhatian),3,4,3,1,1,12,2
2024,Kabkot,7104,KEPULAUAN TALAUD,47.97,.87,24.81,-13.95,4.79,1932.15,3.06,15.8,71.65000000000001,15.52,45.65,3.31,35.51,3545000,1.72,14,Oranye (Risiko PHK),1,3,2,4,2,12,2
2024,Kabkot,7105,MINAHASA SELATAN,77.45,.82,23.16,4.85,5.58,7483.66,4.79,14.03,61.51,11.29,40.98,4.64,43.09,3545000,1.72,11,Kuning (Perlu perhatian),2,4,2,2,1,11,1
2024,Kabkot,7106,MINAHASA UTARA,68.18000000000001,1.07,41.44,-4.48,5.21,11457.69,6.73,19.7,54.12,14.43,16.34,13.9,55.33,3545000,1.72,16,Oranye (Risiko PHK),1,2,4,4,1,12,2
2024,Kabkot,7107,BOLAANG MONGONDOW UTARA,85.54000000000001,.62,23.77,4.99,5.12,2045.96,4.1,10.27,58.6,9.77,35.65,7.06,47.52,3545000,1.72,11,Kuning (Perlu perhatian),4,4,2,2,1,13,3
2024,Kabkot,7108,SIAU TAGULANDANG BIARO,74.08,.8100000000000001,15.52,10.5,4.93,1953.79,1.94,7.8,61.36,4.05,43.08,3.31,49.56,3545000,1.72,12,Kuning (Perlu perhatian),2,4,1,2,2,11,1
2024,Kabkot,7109,MINAHASA TENGGARA,80.88,.79,24.41,-1.06,5.37,4407.39,2.76,8.539999999999999,69.45,11.59,37.6,9.35,41.47,3545000,1.72,14,Oranye (Risiko PHK),3,4,2,3,1,13,3
2024,Kabkot,7110,BOLAANG MONGONDOW SELATAN,77.26000000000001,.68,17.56,9.52,5.28,1617.98,2.51,8.31,64.18000000000001,7.94,44.29,7.17,40.6,3545000,1.72,11,Kuning (Perlu perhatian),2,4,1,2,1,10,1
2024,Kabkot,7111,BOLAANG MONGONDOW TIMUR,81.73999999999999,.71,13.08,-7.6,5.14,2258.59,5.35,16,66.95,2.66,35.22,21.17,40.95,3545000,1.72,14,Oranye (Risiko PHK),3,4,1,4,1,13,3
2024,Kabkot,7171,MANADO,63.06,1.24,38.23,8.94,5.53,30648.17,8.73,25.68,39.83,6.32,2.57,11.91,79.20999999999999,3545000,1.72,11,Kuning (Perlu perhatian),1,1,4,2,1,9,1
2024,Kabkot,7172,BITUNG,80.69,1.05,46.39,-1.18,5.11,13893.82,7.51,18.57,41.43,18.48,11.08,7.25,63.18,3545000,1.72,16,Oranye (Risiko PHK),3,2,4,3,2,14,3
2024,Kabkot,7173,TOMOHON,72.97,1.01,31.53,8.529999999999999,4.74,3726.48,7.79,28.15,46.62,8.52,13.32,10.29,67.88,3545000,1.72,13,Kuning (Perlu perhatian),2,2,3,2,2,11,1
2024,Kabkot,7174,KOTAMOBAGU,67.48999999999999,.83,31.49,2.84,5.29,2914.84,5.72,14.95,50.97,8.93,16.97,8.6,65.5,3545000,1.72,12,Kuning (Perlu perhatian),1,4,3,3,1,12,2
2024,Kabkot,7201,BANGGAI KEPULAUAN,71.56999999999999,.88,21.86,14.47,4.03,3105.15,1.55,5.69,72.54000000000001,13.41,46.43,4.15,36.01,2736698,5.28,12,Kuning (Perlu perhatian),1,3,2,1,3,10,1
2024,Kabkot,7202,BANGGAI,79.14,1.04,26.22,11.36,3.63,21376.37,3.11,10.25,63.52,12.33,36.55,8.710000000000001,42.41,2736698,5.28,13,Kuning (Perlu perhatian),3,2,3,1,4,13,3
2024,Kabkot,7203,MOROWALI,54.26,1.57,31.73,1.92,16.26,98808.77,2.84,7.89,50.98,16.73,33.77,16.25,33.25,2736698,5.28,10,Kuning (Perlu perhatian),1,1,3,3,1,9,1
2024,Kabkot,7204,POSO,74.89,1.05,13.81,-3.71,3.78,7289.29,1.77,5.35,69.83,4.1,50.83,5.12,39.95,2736698,5.28,15,Oranye (Risiko PHK),2,2,1,4,4,13,3
2024,Kabkot,7205,DONGGALA,77.93000000000001,.79,21.24,-5.84,3.77,9639.059999999999,2.79,7.87,74.09999999999999,5.23,50.84,6.99,36.93,2736698,5.28,15,Oranye (Risiko PHK),2,4,2,4,4,16,4
2024,Kabkot,7206,TOLI-TOLI,69.67,.93,19.04,10.08,3.32,6403.5,3.11,9.01,63.81,7.19,38.17,6.33,48.32,2736698,5.28,12,Kuning (Perlu perhatian),1,3,2,2,4,12,2
2024,Kabkot,7207,BUOL,69.66,1.01,20.68,6.41,3.31,4470.82,3.13,6.92,57.77,6.15,36.13,9.619999999999999,48.09,2736698,5.28,12,Kuning (Perlu perhatian),1,2,2,2,4,11,1
2024,Kabkot,7208,PARIGI MOUTONG,78.68000000000001,.86,18.38,-15.03,3.58,12926.58,2.1,4.99,76.72,6.18,50.94,6.44,36.44,2736698,5.28,15,Oranye (Risiko PHK),2,3,1,4,4,14,3
2024,Kabkot,7209,TOJO UNA-UNA,76.58,.8100000000000001,21.63,10.68,3.69,4300.77,2.47,6.64,66.79000000000001,8.76,44.86,5.25,41.13,2736698,5.28,12,Kuning (Perlu perhatian),2,4,2,2,4,14,3
2024,Kabkot,7210,SIGI,62.55,1.17,14.56,29.61,3.5,7146.19,2.55,7.18,73.83,3.6,53.81,8.6,33.99,2736698,5.28,11,Kuning (Perlu perhatian),1,1,1,1,4,8,1
2024,Kabkot,7211,BANGGAI LAUT,81.28,.83,13.72,.7,3.52,1877.36,3.6,4.89,67.26000000000001,6.61,55.28,2.26,35.86,2736698,5.28,14,Oranye (Risiko PHK),3,4,1,3,4,15,4
2024,Kabkot,7212,MOROWALI UTARA,74.33,1.45,28.87,2.48,14.03,17073.22,2.38,7.23,59.69,17.25,45.21,8.92,28.62,2736698,5.28,10,Kuning (Perlu perhatian),2,1,3,3,1,10,1
2024,Kabkot,7271,PALU,77.56,1.07,39.49,-2.59,4.61,18768.75,5.63,11.74,44.12,10.63,3.25,13.49,72.63,2736698,5.28,16,Oranye (Risiko PHK),2,2,4,4,3,15,4
2024,Kabkot,7301,KEPULAUAN SELAYAR,86.41,.62,24.1,21.38,3.33,4182.33,2.05,3.53,53.2,12.6,32.82,3.59,50.99,3434298,1.45,12,Kuning (Perlu perhatian),4,4,2,1,4,15,4
2024,Kabkot,7302,BULUKUMBA,76.83,.87,24.28,19.7,4.6,10189.82,2.23,6.28,63.52,9.390000000000001,40.75,8.48,41.39,3434298,1.45,12,Kuning (Perlu perhatian),2,3,2,1,3,11,1
2024,Kabkot,7303,BANTAENG,82.63,.74,19.2,3.83,4.36,7823.49,2.57,6.19,71.87,8.800000000000001,49.83,5.05,36.32,3434298,1.45,12,Kuning (Perlu perhatian),3,4,2,2,3,14,3
2024,Kabkot,7304,JENEPONTO,77.42,.76,20.32,-11.29,6.03,7916.7,2.47,6.54,78.22,3.74,49.13,9.279999999999999,37.84,3434298,1.45,14,Oranye (Risiko PHK),2,4,2,4,1,13,3
2024,Kabkot,7305,TAKALAR,88,.7,30.83,4.1,4.34,7832.68,3.84,10.69,58.58,12.25,27.52,11.26,48.97,3434298,1.45,13,Kuning (Perlu perhatian),4,4,3,2,3,16,4
2024,Kabkot,7306,GOWA,76.01000000000001,1.04,27.72,11.03,5.39,17547,3.91,10.15,60.2,8.67,31.62,12.65,47.05,3434298,1.45,12,Kuning (Perlu perhatian),2,2,3,2,1,10,1
2024,Kabkot,7307,SINJAI,76.5,.67,14.43,15.44,5.17,8833.540000000001,1.52,4.29,66.06999999999999,7.39,53.93,2.32,36.36,3434298,1.45,11,Kuning (Perlu perhatian),2,4,1,1,1,9,1
2024,Kabkot,7308,MAROS,82.31999999999999,.78,34.92,19.64,3.79,14748.76,4.34,9.65,42.36,12.76,19.02,9.25,58.97,3434298,1.45,13,Kuning (Perlu perhatian),3,4,3,1,4,15,4
2024,Kabkot,7309,PANGKAJENE DAN KEPULAUAN,89.05,.8,25.68,-2.35,5,20197.59,3.99,8.32,54.38,11.3,37.04,6.43,45.23,3434298,1.45,16,Oranye (Risiko PHK),4,4,3,3,2,16,4
2024,Kabkot,7310,BARRU,70.01000000000001,.85,21.94,9.880000000000001,4.92,5787.54,6.42,17.57,50.05,8.31,32.2,9.85,49.64,3434298,1.45,12,Kuning (Perlu perhatian),1,4,2,2,2,11,1
2024,Kabkot,7311,BONE,83.18000000000001,.75,19.84,-2.53,5.55,26825.37,2.28,5.29,71.58,7.47,51.32,4.24,36.97,3434298,1.45,14,Oranye (Risiko PHK),3,4,2,4,1,14,3
2024,Kabkot,7312,SOPPENG,82.33,.7,19.99,-.08,4.06,8660.66,3.33,8.539999999999999,64.18000000000001,7.45,44.33,5.6,42.62,3434298,1.45,15,Oranye (Risiko PHK),3,4,2,3,3,15,4
2024,Kabkot,7313,WAJO,84.34,.6,25.65,8.460000000000001,4.52,14727.12,2.31,5.16,69.22,10.74,38.03,5.25,45.98,3434298,1.45,13,Kuning (Perlu perhatian),4,4,2,2,3,15,4
2024,Kabkot,7314,SIDENRENG RAPPANG,78.54000000000001,.6899999999999999,29.37,10.65,4.05,9990.290000000001,3.02,4.72,59.25,13.53,35.09,8.369999999999999,43.01,3434298,1.45,13,Kuning (Perlu perhatian),2,4,3,2,3,14,3
2024,Kabkot,7315,PINRANG,83.97,.84,27.72,11.41,5.71,15210.21,3.12,8.06,61.32,9.74,33.24,8.779999999999999,48.24,3434298,1.45,12,Kuning (Perlu perhatian),4,4,3,1,1,13,3
2024,Kabkot,7316,ENREKANG,74.41,.91,15.55,19.45,4.54,5418.7,1.51,2.76,72.43000000000001,6.24,54.65,2.85,36.27,3434298,1.45,12,Kuning (Perlu perhatian),2,3,1,1,3,10,1
2024,Kabkot,7317,LUWU,81.22,.87,20.86,5.34,4.36,12176.49,4.14,10.85,63.04,6.81,44.75,5.31,43.12,3434298,1.45,12,Kuning (Perlu perhatian),3,3,2,2,3,13,3
2024,Kabkot,7318,TANA TORAJA,80.12,.63,15.01,11.16,5.2,5480.43,3.98,12.21,77.59,4.13,63.79,8.25,23.83,3434298,1.45,11,Kuning (Perlu perhatian),3,4,1,1,1,10,1
2024,Kabkot,7322,LUWU UTARA,74.15000000000001,.89,19.91,16.7,4.3,9732.440000000001,2.39,3.9,70.66,5.2,46.87,4.79,43.15,3434298,1.45,12,Kuning (Perlu perhatian),2,3,2,1,3,11,1
2024,Kabkot,7325,LUWU TIMUR,72.77,1.15,22.37,.32,3.27,18514.04,4.58,12.71,62.6,6.38,42.13,12.4,39.08,3434298,1.45,13,Kuning (Perlu perhatian),2,1,2,3,4,12,2
2024,Kabkot,7326,TORAJA UTARA,74.37,.83,17.18,50.56,4.49,6124.34,2.44,5.22,70.12,5.67,55.02,6.74,32.57,3434298,1.45,12,Kuning (Perlu perhatian),2,4,1,1,3,11,1
2024,Kabkot,7371,MAKASSAR,71.48,1.03,46.32,-2.78,5.56,147989.2,9.710000000000001,18.95,40.3,9.49,2.25,12.26,75.98999999999999,3434298,1.45,16,Oranye (Risiko PHK),1,2,4,4,1,12,2
2024,Kabkot,7372,PAREPARE,75.72,.99,37.21,-3.37,4.84,5955.64,5.23,14.19,44.16,9.27,5.49,6.8,78.44,3434298,1.45,16,Oranye (Risiko PHK),2,2,4,4,2,14,3
2024,Kabkot,7373,PALOPO,77.95999999999999,.88,32.9,-3.52,4.4,6650.07,7.64,14.16,42.77,7.77,10.94,9.199999999999999,72.09,3434298,1.45,16,Oranye (Risiko PHK),2,3,3,4,3,15,4
2024,Kabkot,7401,BUTON,80.97,.91,23.75,40.05,3.2,3200.92,2.95,8.07,60.99,9.779999999999999,34.88,11.23,44.11,2885964,4.6,12,Kuning (Perlu perhatian),3,3,2,1,4,13,3
2024,Kabkot,7402,MUNA,71.86,.83,31.34,12.36,5.09,5938.74,3.78,10.5,59.16,17.1,26.74,10.75,45.4,2885964,4.6,12,Kuning (Perlu perhatian),1,4,3,1,2,11,1
2024,Kabkot,7403,KONAWE,62.16,1.13,30.41,12.73,11.82,12573.86,2.95,9.34,55.21,15.65,27.55,8.09,48.71,2885964,4.6,11,Kuning (Perlu perhatian),1,2,3,1,1,8,1
2024,Kabkot,7404,KOLAKA,68.76000000000001,1.1,16.5,-13.19,5.06,21452.48,2.59,3.5,70.02,4.38,48.97,8.17,38.48,2885964,4.6,14,Oranye (Risiko PHK),1,2,1,4,2,10,1
2024,Kabkot,7405,KONAWE SELATAN,77.02,1.05,19.87,-10.9,5.63,10172.3,2.76,8.859999999999999,72.90000000000001,8.09,44.87,9.550000000000001,37.49,2885964,4.6,14,Oranye (Risiko PHK),2,2,2,4,1,11,1
2024,Kabkot,7406,BOMBANA,80.56999999999999,.95,18.22,3.52,5.04,5609.73,1.43,3.86,67.16,8.19,40.57,7.22,44.01,2885964,4.6,11,Kuning (Perlu perhatian),3,3,1,3,2,12,2
2024,Kabkot,7407,WAKATOBI,80.40000000000001,.8100000000000001,25.11,20.4,4.77,3692.07,3.02,8.470000000000001,58,7.98,33.95,9.9,48.17,2885964,4.6,13,Kuning (Perlu perhatian),3,4,2,1,2,12,2
2024,Kabkot,7408,KOLAKA UTARA,75.34999999999999,.9399999999999999,12.15,2.18,3.97,7320.44,1.64,4.23,66.89,4.98,50.62,4.74,39.67,2885964,4.6,12,Kuning (Perlu perhatian),2,3,1,3,3,12,2
2024,Kabkot,7409,BUTON UTARA,73.56,.93,22.69,.99,3.68,2613.28,2.13,3.91,70.76000000000001,12.3,40.73,5.85,41.13,2885964,4.6,14,Oranye (Risiko PHK),2,3,2,3,4,14,3
2024,Kabkot,7410,KONAWE UTARA,74.58,1.09,21.81,-9.800000000000001,5.74,3451.27,2.4,1.83,55.69,10.06,30.85,16.73,42.36,2885964,4.6,14,Oranye (Risiko PHK),2,2,2,4,1,11,1
2024,Kabkot,7411,KOLAKA TIMUR,82.03,1.12,22.06,.02,3.16,3753.74,2.15,5.69,71.83,9.039999999999999,47.34,7.45,36.18,2885964,4.6,13,Kuning (Perlu perhatian),3,2,2,3,4,14,3
2024,Kabkot,7412,KONAWE KEPULAUAN,89.87,.74,12.24,-16.76,7.16,1217.96,1.51,.83,70.94,6.81,51.59,8.08,33.52,2885964,4.6,14,Oranye (Risiko PHK),4,4,1,4,1,14,3
2024,Kabkot,7413,MUNA BARAT,85.55,.72,20.35,24.75,3.07,2176.86,2.06,5.88,67.38,10.91,47.93,8.470000000000001,32.69,2885964,4.6,12,Kuning (Perlu perhatian),4,4,2,1,4,15,4
2024,Kabkot,7414,BUTON TENGAH,86.86,.72,24.76,7.19,3.32,1955.26,2.84,6.54,62.37,9.73,36.41,13.88,39.99,2885964,4.6,12,Kuning (Perlu perhatian),4,4,2,2,4,16,4
2024,Kabkot,7415,BUTON SELATAN,85.02,.73,19.06,5.38,4.84,2320.67,3.48,8.76,65.06,6.22,43.23,9.27,41.28,2885964,4.6,12,Kuning (Perlu perhatian),4,4,2,2,2,14,3
2024,Kabkot,7471,KENDARI,58.46,1.33,35.07,-14.82,4.81,19499.41,5.67,13.02,47.4,9.34,3.15,9.710000000000001,77.79000000000001,2885964,4.6,14,Oranye (Risiko PHK),1,1,3,4,2,11,1
2024,Kabkot,7472,BAUBAU,65.95,1.03,32.95,3.09,4.36,7773.88,3.99,6.31,46.58,8.75,4.88,10.04,76.33,2885964,4.6,13,Kuning (Perlu perhatian),1,2,3,3,3,12,2
2024,Kabkot,7501,BOALEMO,79.81,.8100000000000001,18.97,13.18,3.54,3977.26,3.06,8.69,64.67,8.4,48.52,5.02,38.06,3025100,1.2,12,Kuning (Perlu perhatian),3,4,2,1,4,14,3
2024,Kabkot,7502,GORONTALO,81.23999999999999,.8100000000000001,27.77,19.69,4.1,10271.71,2.64,7.12,64.81999999999999,10.56,35.45,6.23,47.77,3025100,1.2,13,Kuning (Perlu perhatian),3,4,3,1,3,14,3
2024,Kabkot,7503,POHUWATO,79.48,.87,25.45,-2.7,4.03,5268.56,3.12,5.28,66.51000000000001,12.03,31.12,14.05,42.8,3025100,1.2,16,Oranye (Risiko PHK),3,3,2,4,3,15,4
2024,Kabkot,7504,BONE BOLANGO,84.72,.78,30.8,5.58,4.19,3653.05,3.76,10.49,55.11,7.33,21.75,14.99,55.92,3025100,1.2,13,Kuning (Perlu perhatian),4,4,3,2,3,16,4
2024,Kabkot,7505,GORONTALO UTARA,86.59,.77,20.13,-6.17,4.17,2668.43,2.79,7.22,71.90000000000001,6.4,40.29,7.59,45.71,3025100,1.2,15,Oranye (Risiko PHK),4,4,2,4,3,17,4
2024,Kabkot,7571,GORONTALO,80.41,1.04,41.9,-4.18,4.36,7210.22,3.89,11.41,46.15,8,4.47,9.390000000000001,78.14,3025100,1.2,17,Oranye (Risiko PHK),3,2,4,4,3,16,4
2024,Kabkot,7601,MAJENE,81.56999999999999,.74,24.68,14.27,5.3,4083.86,4.19,6.72,63.34,6.94,33.76,8.77,50.53,2914958,1.5,11,Kuning (Perlu perhatian),3,4,2,1,1,11,1
2024,Kabkot,7602,POLEWALI MANDAR,82.83,.76,25.46,14.47,5.94,10803.24,3.1,7.68,71.63,13.57,39.72,5.33,41.38,2914958,1.5,12,Kuning (Perlu perhatian),3,4,2,1,1,11,1
2024,Kabkot,7603,MAMASA,62.46,.8,9.859999999999999,32.07,3.26,2451.03,2.5,5.97,78.04000000000001,3.32,63.43,3.56,29.7,2914958,1.5,12,Kuning (Perlu perhatian),1,4,1,1,4,11,1
2024,Kabkot,7604,MAMUJU,72.48,1.02,17.92,-11.87,6.47,9574.959999999999,2.77,5.32,69.28,6.3,47.58,5.78,40.34,2914958,1.5,14,Oranye (Risiko PHK),2,2,1,4,1,10,1
2024,Kabkot,7605,PASANGKAYU,76.41,.91,18.21,-3.29,.68,7937.29,1.2,2.27,73.53,7.24,46.83,5.52,40.41,2914958,1.5,17,Oranye (Risiko PHK),2,3,1,4,4,14,3
2024,Kabkot,7606,MAMUJU TENGAH,79.39,.75,13.68,-14.38,2.98,2469.05,1.7,2.82,79.5,5.01,57.55,5.8,31.64,2914958,1.5,16,Oranye (Risiko PHK),3,4,1,4,4,16,4
2024,Kabkot,8101,KEPULAUAN TANIMBAR,53.42,.86,17.96,-8.32,4.62,2019.45,4.24,10.87,77.33,11.91,50.61,1.36,36.12,2949953,4.87,15,Oranye (Risiko PHK),1,3,1,4,3,12,2
2024,Kabkot,8102,MALUKU TENGGARA,59.01,.85,19.07,-10.52,5.44,2375.56,5.68,20.83,72.29000000000001,6.88,48.95,3.86,40.31,2949953,4.87,14,Oranye (Risiko PHK),1,4,2,4,1,12,2
2024,Kabkot,8103,MALUKU TENGAH,63.26,.93,33.68,-2.95,5.28,6973.51,6.5,14.21,66.47,14.23,30.42,7.09,48.26,2949953,4.87,15,Oranye (Risiko PHK),1,3,3,4,1,12,2
2024,Kabkot,8104,BURU,56.61,1.06,22.14,-.84,4.38,1841.88,4.66,11.89,65.81999999999999,8.140000000000001,33.09,14.28,44.49,2949953,4.87,15,Oranye (Risiko PHK),1,2,2,3,3,11,1
2024,Kabkot,8105,KEPULAUAN ARU,66.28,.88,13.99,12.45,5.45,2755.77,1.83,3.68,67.51000000000001,4.71,49.3,2.73,43.26,2949953,4.87,11,Kuning (Perlu perhatian),1,3,1,1,1,7,1
2024,Kabkot,8106,SERAM BAGIAN BARAT,74.19,.86,26.12,8.01,5.62,2370.29,4.52,13.25,74.51000000000001,14.78,36.31,8.220000000000001,40.69,2949953,4.87,12,Kuning (Perlu perhatian),2,3,3,2,1,11,1
2024,Kabkot,8107,SERAM BAGIAN TIMUR,77.44,.67,26.01,20.43,3.58,2203.64,3.24,8.380000000000001,72.47,15.71,36.76,5.27,42.26,2949953,4.87,13,Kuning (Perlu perhatian),2,4,3,1,4,14,3
2024,Kabkot,8108,MALUKU BARAT DAYA,62.2,.84,18,3.71,6.7,1863.84,2.36,8.01,71.69,12.45,51.58,3.53,32.44,2949953,4.87,11,Kuning (Perlu perhatian),1,4,1,3,1,10,1
2024,Kabkot,8109,BURU SELATAN,72.2,.65,29.18,6.88,4.97,1069.47,1.35,3.2,75.16,21.99,42.49,3.59,31.94,2949953,4.87,13,Kuning (Perlu perhatian),1,4,3,2,2,12,2
2024,Kabkot,8171,AMBON,57.01,1.26,34.31,7.19,5.96,12341.94,11.44,25.2,43.27,8.17,3.32,8.51,80,2949953,4.87,11,Kuning (Perlu perhatian),1,1,3,2,1,8,1
2024,Kabkot,8172,TUAL,61.68,.89,29.01,-16.65,4.93,1821.2,8.68,19.65,58.71,6.46,26.94,4.99,61.61,2949953,4.87,16,Oranye (Risiko PHK),1,3,3,4,2,13,3
2024,Kabkot,8201,HALMAHERA BARAT,63.43,.91,48.67,5.32,5.86,1728.7,3.53,14.28,68.47,37.34,22.49,4.34,35.84,3200000,7.5,13,Kuning (Perlu perhatian),1,3,4,2,1,11,1
2024,Kabkot,8202,HALMAHERA TENGAH,58.91,1.38,30.91,21.87,18.4,17905.29,3.43,9.43,57.9,19.72,31.18,12.17,36.93,3200000,7.5,10,Kuning (Perlu perhatian),1,1,3,1,1,7,1
2024,Kabkot,8203,KEPULAUAN SULA,49.02,.78,32.78,-2.65,6.65,1885.18,2.57,3.59,65.8,23.98,28.82,5.71,41.49,3200000,7.5,14,Oranye (Risiko PHK),1,4,3,4,1,13,3
2024,Kabkot,8204,HALMAHERA SELATAN,68.05,.82,41.08,14.14,23.95,12573.63,2,6.31,74.34,31.54,29.61,5.73,33.12,3200000,7.5,13,Kuning (Perlu perhatian),1,4,4,1,1,11,1
2024,Kabkot,8205,HALMAHERA UTARA,71.47,1.23,46.66,.98,1.85,4110.64,6.2,16,71.3,36.7,23.77,8.18,31.35,3200000,7.5,16,Oranye (Risiko PHK),1,1,4,3,4,13,3
2024,Kabkot,8206,HALMAHERA TIMUR,68.76000000000001,1.15,27.15,-1.33,3.64,3320.94,4.32,15.4,63.59,16.32,30,14.27,39.41,3200000,7.5,15,Oranye (Risiko PHK),1,1,3,3,4,12,2
2024,Kabkot,8207,PULAU MOROTAI,72.09,.73,32.03,-1.05,5.3,1194.88,4.21,13.5,67.26000000000001,17.47,39.17,4.88,38.48,3200000,7.5,15,Oranye (Risiko PHK),1,4,3,3,1,12,2
2024,Kabkot,8208,PULAU TALIABU,51.63,.82,22.47,-1.66,4.5,1245.82,2.86,8.41,75.39,18.07,51.65,2.35,27.93,3200000,7.5,15,Oranye (Risiko PHK),1,4,2,3,3,13,3
2024,Kabkot,8271,TERNATE,42.34,1.34,32.78,6.3,8.83,8834.889999999999,6.42,17.66,43.05,5.45,4.85,9.08,80.62,3200000,7.5,9,Kuning (Perlu perhatian),1,1,3,2,1,8,1
2024,Kabkot,8272,TIDORE KEPULAUAN,56.34,1.07,34.73,-7.06,6.4,2314.7,3.49,9.83,57.95,20.41,26.56,8.33,44.7,3200000,7.5,15,Oranye (Risiko PHK),1,2,3,4,1,11,1
2024,Kabkot,9101,FAKFAK,63.86,.9399999999999999,17.87,21.97,3.15,3717.4,6.28,17.86,58.39,4.81,34.45,6.07,54.67,3393500,3.4,12,Kuning (Perlu perhatian),1,3,1,1,4,10,1
2024,Kabkot,9102,KAIMANA,56.65,1.07,23.44,-6.6,2.13,1829.57,4.96,12.5,57.15,12.02,32.33,3.62,52.03,3393500,3.4,16,Oranye (Risiko PHK),1,2,2,4,4,13,3
2024,Kabkot,9103,TELUK WONDAMA,45.42,.97,9.66,-14.6,3.67,1088.51,2.39,5.28,61.99,2.62,50.04,4.48,42.86,3393500,3.4,14,Oranye (Risiko PHK),1,3,1,4,4,13,3
2024,Kabkot,9104,TELUK BINTUNI,64.23,.9399999999999999,22.06,-.29,29.22,35029.08,3.16,9.65,51.22,3.81,30.73,11.39,54.07,3393500,3.4,14,Oranye (Risiko PHK),1,3,2,3,1,10,1
2024,Kabkot,9105,MANOKWARI,64.38,1.12,23.02,-4.49,2.97,7028.24,5.34,11.09,61.35,5.81,32.15,9.35,52.69,3393500,3.4,15,Oranye (Risiko PHK),1,2,2,4,4,13,3
2024,Kabkot,9111,MANOKWARI SELATAN,64.84,.64,10.34,15.19,7,652.59,2.54,5.71,66.06999999999999,4.13,49.93,1.87,44.07,3393500,3.4,11,Kuning (Perlu perhatian),1,4,1,1,1,8,1
2024,Kabkot,9112,PEGUNUNGAN ARFAK,49.71,.96,.1,28.73,10.85,217.67,.31,.06,95.20999999999999,0,95.45999999999999,0,4.54,3393500,3.4,10,Kuning (Perlu perhatian),1,3,1,1,1,7,1
2024,Kabkot,9403,JAYAPURA,54.06,1,27.18,17.53,3.77,11251.92,6.39,18.45,56.09,7.9,27.3,6.75,58.05,4024270,4.13,13,Kuning (Perlu perhatian),1,2,3,1,4,11,1
2024,Kabkot,9408,KEPULAUAN YAPEN,46.69,.87,17.65,1.69,3.63,3198.82,5,14.34,72.73999999999999,5.73,49.76,3.96,40.55,4024270,4.13,12,Kuning (Perlu perhatian),1,3,1,3,4,12,2
2024,Kabkot,9409,BIAK NUMFOR,65.84,.83,17,-8.1,2.28,3695.62,6.86,15.99,68.43000000000001,4.26,42.59,4.5,48.65,4024270,4.13,16,Oranye (Risiko PHK),1,4,1,4,4,14,3
2024,Kabkot,9419,SARMI,58.96,.91,12.02,-.13,4.26,2058.5,3.41,14.86,69.09999999999999,3.53,54.39,4.23,37.84,4024270,4.13,15,Oranye (Risiko PHK),1,3,1,3,3,11,1
2024,Kabkot,9420,KEEROM,52.98,.91,13.23,-23.65,3.21,2217.27,2.91,7.14,77.3,5.51,61.07,6.67,26.76,4024270,4.13,15,Oranye (Risiko PHK),1,3,1,4,4,13,3
2024,Kabkot,9426,WAROPEN,56.61,.77,12.25,-1.2,3.04,1583.01,3.21,8.67,65.91,4.15,41.95,3.56,50.34,4024270,4.13,15,Oranye (Risiko PHK),1,4,1,3,4,13,3
2024,Kabkot,9427,SUPIORI,48.55,.71,7.07,-29.01,3.23,845.73,5.6,15.38,72.06,2.37,53.06,4.36,40.21,4024270,4.13,14,Oranye (Risiko PHK),1,4,1,4,4,14,3
2024,Kabkot,9428,MAMBERAMO RAYA,29.55,.92,2.34,42.87,3.95,1136.71,1.05,4.37,91.03,.05,83.29000000000001,.14,16.52,4024270,4.13,10,Kuning (Perlu perhatian),1,3,1,1,3,9,1
2024,Kabkot,9471,JAYAPURA,46.56,1.13,34.43,.5600000000000001,3.56,25656.87,8.289999999999999,18.98,41.22,5.44,6.26,9.09,79.20999999999999,4024270,4.13,13,Kuning (Perlu perhatian),1,2,3,3,4,13,3
