province_name_std,province_name,year,quarter_end_month_label,phk_stock_q,phk_flow_q,macro_pdrb_idr_million_q,macro_pdrb_manuf_idr_million_q,macro_pdrb_agri_idr_million_q,macro_pdrb_svc_idr_million_q,macro_pdrb_manuf_share_pct_q,macro_pdrb_agri_share_pct_q,macro_pdrb_svc_share_pct_q,macro_pmi_manuf_nat_q,fin_fdi_usd_million_q,fin_fdi_idr_million_q,lab_working_pop_q,price_producer_index_q,price_producer_change_pct_q,price_producer_ceic_pct_q,price_cpi_index_q,price_consumer_change_pct_q,trade_export_value_usd_million_q,trade_import_value_usd_million_q,trade_balance_usd_million_q,fin_npl_idr_billion_q,macro_bi_rate_pct_nat_q,macro_fx_idr_usd_nat_q,macro_consumer_conf_q,quarter
Aceh,Aceh,2022,Maret,,,33457519.03,1428175.2,9351613.15,16936763.09,4.268622544,27.95070711,50.62169456,52.07,49.94,716361,2364666,126.02,,9.06,97.59,,164.052,17.809,146.243,639.58,3.5,14344.979,,1
Sumatera Utara,Sumatera Utara,2022,,,,138944039.5,24473347.2,36270495.25,59126698.25,17.61381581,26.10439093,42.55432508,52.07,252.02,3615213.1,7314577,126.02,,9.06,97.97,,2885.719,1566.662,1319.057,5713.448,3.5,14344.979,,1
Sumatera Barat,Sumatera Barat,2022,,,,44522670.12,3997636.6,9691085.939999999,24828202.29,8.978878826000001,21.7666324,55.76530388,52.07,13.33,191244.4,2694607,126.02,,9.06,96.95,,719.373,26.206,693.167,1096.5,3.5,14344.979,,1
Riau,Riau,2022,,,,129278634.82,41856720.5,34847774.68,21181388.5,32.37713684,26.9555559,16.3842916,52.07,1016.82,14586267.5,3006589,126.02,,9.06,97.20999999999999,,5343.591,696.775,4646.816,1744.739,3.5,14344.979,,1
Jambi,Jambi,2022,,,,38519055.68,3837653.6,10338004.83,12166933.8,9.963000213999999,26.83867672,31.58679149,52.07,6.07,87043.89999999999,1761661,126.02,,9.06,96.92,,636.453,10.518,625.9349999999999,819.1130000000001,3.5,14344.979,,1
Sumatera Selatan,Sumatera Selatan,2022,,,,82427260.72,15580720.6,13987404.19,25630556.4,18.90238795,16.96939103,31.09475697,52.07,394.48,5658843.3,4196311,126.02,,9.06,,,1437.754,234.891,1202.863,2776.428,3.5,14344.979,,1
Bengkulu,Bengkulu,2022,,,,11955933.29,678917.2,3316429.21,6952758.05,5.678496053,27.73877312,58.15320211,52.07,6.74,96728.2,1055772,126.02,,9.06,97.18000000000001,,49.156,,49.156,367.191,3.5,14344.979,,1
Lampung,Lampung,2022,,,,60844030.6,10959009.5,16530881.48,23587464.2,18.01164287,27.16927415,38.76709673,52.07,31.37,449953.2,4756822,126.02,,9.06,97.54000000000001,,1248.423,664.501,583.922,2847.693,3.5,14344.979,,1
Bangka Belitung,Bangka Belitung,2022,,,,13726875.87,2905066.7,2534065.25,5525367,21.16334938,18.46061168,40.25218158,52.07,7.81,112096,755814,126.02,,9.06,97.73,,680.918,19.192,661.726,486.325,3.5,14344.979,,1
Kepulauan Riau,Kepulauan Riau,2022,,,,45822274.82,19381453.2,1294668.2,10307826.7,42.29701226,2.825412324,22.49523128,52.07,281.5,4038174.8,973125,126.02,,9.06,97.67,,4191.253,4049.894,141.359,1187.862,3.5,14344.979,,1
DKI Jakarta,DKI Jakarta,2022,,,,480309602.88,57831248.1,350390.66,367811869.7,12.04041055,.07295100033,76.57807953,52.07,1214.05,17415509.1,4723541,126.02,,9.06,98.28,,2951.017,27233.018,-24282.001,80388.512,3.5,14344.979,,1
Jawa Barat,Jawa Barat,2022,,,,388428549.31,166873007.8,26933254.38,154985941.4,42.96105631,6.933901853,39.90075953,52.07,1272.91,18259932,22746226,126.02,,9.06,97.37,,9576.986999999999,1301.799,8275.188,17576.247,3.5,14344.979,,1
Jawa Tengah,Jawa Tengah,2022,,,,257641879.3,85302955.59999999,34822158.15,106648187.8,33.10911869,13.51572122,41.3939644,52.07,451.78,6480744.6,19565248,126.02,,9.06,97.41,,3171.529,3175.625,-4.096,16125.058,3.5,14344.979,,1
DI Yogyakarta,DI Yogyakarta,2022,,,,27736026.37,3183043.9,2768035.72,19084665.3,11.47620736,9.979928931,68.80821732,52.07,10.02,143739.6,2154297,126.02,,9.06,,,160.427,3.774,156.653,1255.416,3.5,14344.979,,1
Jawa Timur,Jawa Timur,2022,,,,427798667.89,132594230.4,41279746.8,196004785.5,30.99454027,9.649339724000001,45.81706307,52.07,574.78,8245184.2,21931337,126.02,,9.06,97.42,,6869.873,7645.684,-775.811,18140.285,3.5,14344.979,,1
Banten,Banten,2022,,,,119268514.39,39998881.9,6770855.29,,33.5368325,5.67698468,0,52.07,712.98,10227743.5,5405301,126.02,,9.06,98.05,,3756.729,4605.165,-848.436,3528.935,3.5,14344.979,,1
Bali,Bali,2022,,,,35331596.52,2691537.1,5015550.17,,7.61793229,14.1956511,0,52.07,70.92,1017279.9,2553057,126.02,,9.06,97.65000000000001,,141.074,7.638,133.436,2341.155,3.5,14344.979,,1
Nusa Tenggara Barat,Nusa Tenggara Barat,2022,,,,24428236.64,966344.4,5409848.71,,3.955850004,22.14588302,0,52.07,139.51,2001338.3,2672305,126.02,,9.06,97.41,,613.756,54.369,559.3869999999999,840.136,3.5,14344.979,,1
Nusa Tenggara Timur,Nusa Tenggara Timur,2022,,,,17132537.05,213220.7,4850460.29,,1.244536634,28.3113953,0,52.07,15.86,227481.2,2737127,126.02,,9.06,97.86,,14.041,.427,13.614,541.058,3.5,14344.979,,1
Kalimantan Barat,Kalimantan Barat,2022,,,,36110047.5,5605268.7,8838503.49,,15.52273976,24.47657675,0,52.07,209.68,3007843.8,2725708,126.02,,9.06,97.73999999999999,,809.516,77.303,732.213,1372.188,3.5,14344.979,,1
Kalimantan Tengah,Kalimantan Tengah,2022,,,,26336504,4264021.2,5402378.72,,16.19053615,20.51289237,0,52.07,87.26000000000001,1251672.6,1317000,126.02,,9.06,97.37,,1221.121,2298.172,-1077.051,514.264,3.5,14344.979,,1
Kalimantan Selatan,Kalimantan Selatan,2022,,,,33054590.77,4353819,3861404.5,,13.17160158,11.68190079,0,52.07,31.26,448396.8,2039831,126.02,,9.06,97.95,,2532.422,219.651,2312.771,1424.469,3.5,14344.979,,1
Kalimantan Timur,Kalimantan Timur,2022,,,,121145445.27,24236771.5,8204970.05,,20.00634151,6.772825864,0,52.07,332.42,4768560.9,1782435,126.02,,9.06,97.64,,6169.954,1047.987,5121.967,3302.724,3.5,14344.979,,1
Kalimantan Utara,Kalimantan Utara,2022,,,,15983949.65,1392628.8,2756199.71,,8.712670087999999,17.243546,0,52.07,13.01,186682.7,333718,126.02,,9.06,98.17,,491.393,32.574,458.819,,3.5,14344.979,,1
Sulawesi Utara,Sulawesi Utara,2022,,,,22633325.21,2512311.5,4605931.85,,11.10005479,20.35022166,0,52.07,19.51,279909.3,1187077,126.02,,9.06,98.14,,293.374,38.888,254.486,1347.887,3.5,14344.979,,1
Sulawesi Tengah,Sulawesi Tengah,2022,,,,39003545.48,11563552.1,7845088.08,,29.64743835,20.11378192,0,52.07,1319.18,18923665.6,1527425,126.02,,9.06,97.70999999999999,,4074.156,12.989,4061.167,767.706,3.5,14344.979,,1
Sulawesi Selatan,Sulawesi Selatan,2022,,,,83392400.68000001,11245557.8,17535133.4,,13.485111,21.02725579,0,52.07,72,1032905.9,4328117,126.02,,9.06,97.75,,537.859,229.622,308.237,4576.329,3.5,14344.979,,1
Sulawesi Tenggara,Sulawesi Tenggara,2022,,,,23949514.78,1755152,5692341.71,,7.328549309,23.76808784,0,52.07,523.97,7516331.6,1231910,126.02,,9.06,97.19,,1125.876,727.99,397.886,607.106,3.5,14344.979,,1
Gorontalo,Gorontalo,2022,,,,7325102.65,313483.1,2653473.89,,4.279572792,36.22439189,0,52.07,31.42,450680.5,588147,126.02,,9.06,97.48,,6.789,20.583,-13.794,601.347,3.5,14344.979,,1
Sulawesi Barat,Sulawesi Barat,2022,,,,7985661.86,807874.6,3124694.82,,10.11656409,39.12881455,0,52.07,.59,8456.4,694615,126.02,,9.06,97.11,,90.48099999999999,.637,89.84399999999999,156.038,3.5,14344.979,,1
Maluku,Maluku,2022,,,,8007184.43,494063.4,1914893.83,,6.170251283,23.91469619,0,52.07,18.48,265055,820379,126.02,,9.06,97.75,,6.932,75.371,-68.43899999999999,279.907,3.5,14344.979,,1
Maluku Utara,Maluku Utara,2022,,,,9539213.01,2378807.5,1460655.57,,24.93714626,15.31211818,0,52.07,749.36,10749562.2,603241,126.02,,9.06,,,2138.501,602.85,1535.651,166.871,3.5,14344.979,,1
Papua Barat,Papua Barat,2022,,,,15542643.36,4875851.2,1557390.65,,31.37079766,10.02011443,0,52.07,4.18,59920.4,572114,126.02,,9.06,97.62,,,6.946,-6.946,540.673,3.5,14344.979,,1
Papua Barat Daya,Papua Barat Daya,2022,,,,,,,,,,,52.07,,,,126.02,,9.06,98.44,,,,0,,3.5,14344.979,,1
Papua,Papua,2022,,,,41949419.78,699955.7,4093919.16,,1.668570635,9.759179463000001,0,52.07,323.76,4644376.4,2491795,126.02,,9.06,96.62,,,106.528,-106.528,868.865,3.5,14344.979,,1
Papua Selatan,Papua Selatan,2022,,,,,,,,,,,52.07,,,,126.02,,9.06,98.64,,,,0,,3.5,14344.979,,1
Papua Tengah,Papua Tengah,2022,,,,,,,,,,,52.07,,,,126.02,,9.06,97.83,,,,0,,3.5,14344.979,,1
Papua Pegunungan,Papua Pegunungan,2022,,,,,,,,,,,52.07,,,,126.02,,9.06,98.77,,,,0,,3.5,14344.979,,1
Aceh,Aceh,2022,Juni,,,34575835.45,1680697.8,9646089.26,17504966.04,4.860902934,27.89835483,50.62774568,50.97,46.35,674629.1,2364666,131.17,,11.77,99.20999999999999,,185.567,48.108,137.459,622.466,3.5,14555.105,,2
Sumatera Utara,Sumatera Utara,2022,,70,,142507864.06,24844783.8,37059635.35,61196010.11,17.43397388,26.00532651,42.94219867,50.97,462.89,6737396.5,7314577,131.17,,11.77,99.48999999999999,,3266.157,1559.242,1706.915,5620.976,3.5,14555.105,,2
Sumatera Barat,Sumatera Barat,2022,,35,,45188824.44,4104999.1,9890900.359999999,25398151.14,9.084102432,21.88793464,56.20449625,50.97,36.47,530855.2,2694607,131.17,,11.77,99.48999999999999,,665.1319999999999,186.817,478.315,1171.013,3.5,14555.105,,2
Riau,Riau,2022,,64,,129652943.43,40357038.1,35285388.88,23439083.8,31.12697408,27.21526249,18.07832756,50.97,578.24,8416389,3006589,131.17,,11.77,99.44,,5176.259,707.713,4468.546,1847.988,3.5,14555.105,,2
Jambi,Jambi,2022,,92,,40421758.19,4151914.7,10757487.83,12817449.1,10.27148468,26.61311212,31.70928152,50.97,11.36,165398.4,1761661,131.17,,11.77,99.75,,797.438,7.139,790.299,925.2809999999999,3.5,14555.105,,2
Sumatera Selatan,Sumatera Selatan,2022,,160,,86090889.66,15942470,14630430.89,27158499.2,18.51818475,16.99416854,31.54631031,50.97,311.78,4537939.7,4196311,131.17,,11.77,,,1909,238.642,1670.358,2960.09,3.5,14555.105,,2
Bengkulu,Bengkulu,2022,,26,,12750112.9,741336.3,3522940.69,7517952.71,5.814350867,27.63066271,58.96381286,50.97,15.26,222163.3,1055772,131.17,,11.77,99.64,,106.676,,106.676,386.283,3.5,14555.105,,2
Lampung,Lampung,2022,,,,66396082.88,11943176.3,19176381.99,25504483.8,17.98777244,28.88179718,38.41263324,50.97,39.65,577069.2,4756822,131.17,,11.77,99.36,,1199.443,587.49,611.953,3078.144,3.5,14555.105,,2
Bangka Belitung,Bangka Belitung,2022,,369,,14456036.08,3187394.5,2686296.13,5768738.2,22.04888313,18.58252231,39.90539431,50.97,72.88,1060713.5,755814,131.17,,11.77,99.95,,896.055,5.283,890.772,499.788,3.5,14555.105,,2
Kepulauan Riau,Kepulauan Riau,2022,,720,,46779479.36,19058106.7,1405886.03,11335967.6,40.74031383,3.005347749,24.23277846,50.97,151.44,2204293.5,973125,131.17,,11.77,99.36,,4731.815,4130.915,600.9,1207.469,3.5,14555.105,,2
DKI Jakarta,DKI Jakarta,2022,,356,,485422694.2,55760554.5,383487.55,375751754.9,11.48701022,.07900074607,77.40712566000001,50.97,882.48,12844596.3,4723541,131.17,,11.77,99.37,,2668.713,25637.355,-22968.642,78455.21799999999,3.5,14555.105,,2
Jawa Barat,Jawa Barat,2022,,223,,395579757.4,168127695,30411520.63,157953087.2,42.50159212,7.687835401,39.92951718,50.97,1723.87,25091047.7,22746226,131.17,,11.77,99.56999999999999,,9657.102000000001,1999.159,7657.943,17595.023,3.5,14555.105,,2
Jawa Tengah,Jawa Tengah,2022,,35,,261341225.84,86822875.90000001,32523630.08,110904927.8,33.22203591,12.44489077,42.4368285,50.97,684.36,9960899.6,19565248,131.17,,11.77,99.76000000000001,,2998.728,4099.535,-1100.807,16157.311,3.5,14555.105,,2
DI Yogyakarta,DI Yogyakarta,2022,,113,,28029138.46,3277620.6,2185129.64,19688604.2,11.69361878,7.79592153,70.24334417999999,50.97,18.16,264361.5,2154297,131.17,,11.77,,,146.938,11.861,135.077,1340.51,3.5,14555.105,,2
Jawa Timur,Jawa Timur,2022,,5,,438103929.49,132829711.1,47046893.93,200000525.1,30.31922386,10.73875187,45.65138809,50.97,785.67,11435456.9,21931337,131.17,,11.77,99.42,,6007.68,8550.228999999999,-2542.549,19619.748,3.5,14555.105,,2
Banten,Banten,2022,,,,120420401.77,40055970.5,6584977.27,,33.263442,5.468323617,0,50.97,640.28,9319310.6,5405301,131.17,,11.77,99.88,,3667.068,5102.757,-1435.689,3806.093,3.5,14555.105,,2
Bali,Bali,2022,,96,,37967657.74,2702420.6,5398744.52,,7.117691111,14.21932466,0,50.97,150.52,2190825.7,2553057,131.17,,11.77,99.40000000000001,,158.349,17.746,140.603,2506.636,3.5,14555.105,,2
Nusa Tenggara Barat,Nusa Tenggara Barat,2022,,21,,25661522.39,972130.6,6121879.79,,3.78828109,23.85626112,0,50.97,114.75,1670207,2672305,131.17,,11.77,99.53,,904.862,53.894,850.968,1035.225,3.5,14555.105,,2
Nusa Tenggara Timur,Nusa Tenggara Timur,2022,,,,18188927.68,221101.7,5243820.87,,1.215584029,28.82974171,0,50.97,6.16,89668.2,2737127,131.17,,11.77,99.58,,13.449,.5580000000000001,12.891,1165.65,3.5,14555.105,,2
Kalimantan Barat,Kalimantan Barat,2022,,44,,36912531.93,5810011.1,8328659.91,,15.73994196,22.56323117,0,50.97,202.37,2945500.6,2725708,131.17,,11.77,99.48999999999999,,805.1950000000001,84.38800000000001,720.807,1368.398,3.5,14555.105,,2
Kalimantan Tengah,Kalimantan Tengah,2022,,25,,27131341.79,4166908.5,5626726.47,,15.35828391,20.73884334,0,50.97,114.16,1661663.2,1317000,131.17,,11.77,99.51000000000001,,1606.104,2628.066,-1021.962,546.451,3.5,14555.105,,2
Kalimantan Selatan,Kalimantan Selatan,2022,,58,,35652972.15,4187075.2,5103573.05,,11.74397237,14.31457952,0,50.97,54.23,789327.7,2039831,131.17,,11.77,99.53,,4550.045,319.767,4230.278,1546.397,3.5,14555.105,,2
Kalimantan Timur,Kalimantan Timur,2022,,15,,124923263.26,24958751.2,8417097.710000001,,19.97926611,6.737814471,0,50.97,227.51,3311447.9,1782435,131.17,,11.77,99.52,,9893.132,1201.96,8691.172,3168.18,3.5,14555.105,,2
Kalimantan Utara,Kalimantan Utara,2022,,,,16405367.67,1433717.6,2878066.43,,8.739320135,17.54344363,0,50.97,14.92,217186.9,333718,131.17,,11.77,99.52,,697.872,31.862,666.01,,3.5,14555.105,,2
Sulawesi Utara,Sulawesi Utara,2022,,558,,23791586.43,2419264.3,4697205.1,,10.16857076,19.7431353,0,50.97,26.12,380157.5,1187077,131.17,,11.77,99.62,,280.527,31.543,248.984,1467.405,3.5,14555.105,,2
Sulawesi Tengah,Sulawesi Tengah,2022,,35,,42454527.17,13828584.9,7910082.06,,32.57269795,18.63189296,0,50.97,2177.58,31694976.8,1527425,131.17,,11.77,99.26000000000001,,4967.641,41.236,4926.405,901.439,3.5,14555.105,,2
Sulawesi Selatan,Sulawesi Selatan,2022,,191,,90388628.43000001,11706318.6,18874604.18,,12.95109662,20.88161366,0,50.97,86.62,1260702.1,4328117,131.17,,11.77,99.39,,699.361,299.802,399.559,4003.955,3.5,14555.105,,2
Sulawesi Tenggara,Sulawesi Tenggara,2022,,1,,25092115.99,2247926.1,5988662.07,,8.958694838,23.86670806,0,50.97,51.1,743744,1231910,131.17,,11.77,98.86,,1727.379,637.354,1090.025,589.332,3.5,14555.105,,2
Gorontalo,Gorontalo,2022,,,,7564127.21,346549.6,2743815.36,,4.581488259,36.27405098,0,50.97,37.39,544163,588147,131.17,,11.77,99.51000000000001,,3.636,2.287,1.349,649.03,3.5,14555.105,,2
Sulawesi Barat,Sulawesi Barat,2022,,1,,8497777.25,893075.7,3454333.98,,10.50952118,40.64985323,0,50.97,1.27,18423.9,694615,131.17,,11.77,99.27,,85.743,.957,84.786,187.121,3.5,14555.105,,2
Maluku,Maluku,2022,,,,8395542.24,504676.8,1917507.07,,6.011247226,22.83958576,0,50.97,26.7,388688.3,820379,131.17,,11.77,99.34999999999999,,48.542,52.054,-3.512,295.944,3.5,14555.105,,2
Maluku Utara,Maluku Utara,2022,,8,,9885450.640000001,2532153,1469434.62,,25.61494759,14.86461946,0,50.97,1285.65,18712824.6,603241,131.17,,11.77,,,2193.069,977.08,1215.989,178.483,3.5,14555.105,,2
Papua Barat,Papua Barat,2022,,,,15548162.77,4629721.3,1596098.57,,29.77664544,10.26551235,0,50.97,10.53,153202.7,572114,131.17,,11.77,99.81,,,3.572,-3.572,588.6369999999999,3.5,14555.105,,2
Papua Barat Daya,Papua Barat Daya,2022,,,,,,,,,,,50.97,,,,131.17,,11.77,99.43000000000001,,,,0,,3.5,14555.105,,2
Papua,Papua,2022,,,,43322242.35,729931.1,4321010.25,,1.684887624,9.974114948,0,50.97,321.54,4680004.8,2491795,131.17,,11.77,99.64,,,114.222,-114.222,986.96,3.5,14555.105,,2
Papua Selatan,Papua Selatan,2022,,,,,,,,,,,50.97,,,,131.17,,11.77,100.24,,,,0,,3.5,14555.105,,2
Papua Tengah,Papua Tengah,2022,,,,,,,,,,,50.97,,,,131.17,,11.77,98.91,,,,0,,3.5,14555.105,,2
Papua Pegunungan,Papua Pegunungan,2022,,,,,,,,,,,50.97,,,,131.17,,11.77,99.36,,,,0,,3.5,14555.105,,2
Aceh,Aceh,2022,September,,,35273304.65,1662136.9,9312294.42,17942913.9,4.712166655,26.40040255,50.86825314,52.23,20.45,305501.7,2394994,132.33,,10.69,101.37,,130.512,71.437,59.075,595.5410000000001,3.83,14935.597,,3
Sumatera Utara,Sumatera Utara,2022,,70,,145706309.62,25333031.4,37973510.74,62378382.25,17.3863654,26.06167903,42.81103709,52.23,194.81,2909647,7197374,132.33,,10.69,101.08,,3063.72,2266.726,796.994,5417.903,3.83,14935.597,,3
Sumatera Barat,Sumatera Barat,2022,,35,,45931025.81,4414370.9,10135298.11,25415126.38,9.61086939,22.0663439,55.33324356,52.23,23.89,356878.6,2688164,132.33,,10.69,101.64,,582.785,402.185,180.6,1152.257,3.83,14935.597,,3
Riau,Riau,2022,,64,,135231473.6,43983489.6,38320095.16,,32.52459537,28.33666908,,52.23,907.99,13561305.6,3168929,132.33,,10.69,101.42,,4531.7,2601.306,1930.394,1766.268,3.83,14935.597,,3
Jambi,Jambi,2022,,92,,41442658.94,4205449.1,11056375.66,13089330.39,10.1476334,26.67873139,31.58419543,52.23,9.58,143117.4,1797819,132.33,,10.69,101.55,,579.285,281.928,297.357,925.271,3.83,14935.597,,3
Sumatera Selatan,Sumatera Selatan,2022,,160,,88272380.81999999,15812213.1,15107941.43,27735372.52,17.91297907,17.11513985,31.42021577,52.23,239.81,3581744.4,4289704,132.33,,10.69,,,1491.416,1059.96,431.456,2978.338,3.83,14935.597,,3
Bengkulu,Bengkulu,2022,,26,,12464134.02,768918.4,3395276.35,7300941.881,6.169047916,27.24037101,58.57560477,52.23,12.81,191395.2,1037496,132.33,,10.69,101.66,,54.296,22.381,31.915,411.035,3.83,14935.597,,3
Lampung,Lampung,2022,,,,66933612.71,12349541.2,18384439.76,26421713.99,18.45043275,27.46667783,39.47450753,52.23,82.68000000000001,1234896.1,4387966,132.33,,10.69,100.92,,1470.066,954.524,515.542,2948.29,3.83,14935.597,,3
Bangka Belitung,Bangka Belitung,2022,,369,,14616798.91,3236755.2,2749308.54,5781161.1,22.14407696,18.80923831,39.55148549,52.23,30.23,451470.2,730972,132.33,,10.69,100.95,,448.823,146.564,302.259,487.995,3.83,14935.597,,3
Kepulauan Riau,Kepulauan Riau,2022,,720,,47051506.02,19635409.6,1431112.29,11322280.34,41.73173456,3.041586574,24.06358754,52.23,227.2,3393369.1,1155997,132.33,,10.69,101.04,,4987.344,4310.098,677.246,1527.593,3.83,14935.597,,3
DKI Jakarta,DKI Jakarta,2022,,1655,,487327042.15,57182650,379836.02,374425006.6,11.73393739,.07794273396,76.83238856,52.23,974.3,14551747.7,4875102,132.33,,10.69,100.62,,11388.193,20329.809,-8941.616,77064.71000000001,3.83,14935.597,,3
Jawa Barat,Jawa Barat,2022,,223,,400216734.62,170483925.7,30573059.87,159564868.5,42.59790033,7.63912581,39.86961431,52.23,1651.84,24671222.6,23452568,132.33,,10.69,101.07,,7356.443,4158.561,3197.882,17355.938,3.83,14935.597,,3
Jawa Tengah,Jawa Tengah,2022,,35,,264821236.54,86135930.7,33398757,110832442.9,32.5260662,12.61181219,41.8517957,52.23,733.05,10948518.5,18390459,132.33,,10.69,101.01,,3537.963,3704.712,-166.749,15886.55,3.83,14935.597,,3
DI Yogyakarta,DI Yogyakarta,2022,,113,,28145907.21,3176108.2,2185480.28,19653266.3,11.28444067,7.764824433,69.82637352,52.23,6.58,98253.8,2241131,132.33,,10.69,,,91.539,47.284,44.255,1338.115,3.83,14935.597,,3
Jawa Timur,Jawa Timur,2022,,1250,,447585980.74,134569016.6,48727757.86,203026615.7,30.06551197,10.8867927,45.36036079,52.23,810.5599999999999,12106217,21613293,132.33,,10.69,101.06,,7204.816,7946.165,-741.349,19890.165,3.83,14935.597,,3
Banten,Banten,2022,,3703,,121066329.35,40081475.4,6601457.75,,33.10703778,5.452761131,0,52.23,948.14,14161026.5,5940618,132.33,,10.69,100.83,,3834.354,3987.134,-152.78,3652.287,3.83,14935.597,,3
Bali,Bali,2022,,96,,38172181.38,2334163.8,5449611.44,,6.11482948,14.27639512,0,52.23,102.73,1534396.6,2607070,132.33,,10.69,101.12,,113.437,67.206,46.231,2423.785,3.83,14935.597,,3
Nusa Tenggara Barat,Nusa Tenggara Barat,2022,,21,,26069606.82,1415326.2,5823683.32,,5.429027794,22.33897642,0,52.23,179.12,2675274.6,2718345,132.33,,10.69,101.08,,444.365,394.628,49.737,1070.962,3.83,14935.597,,3
Nusa Tenggara Timur,Nusa Tenggara Timur,2022,,62,,18465392.37,220029.6,5111989.25,,1.191578254,27.68416261,0,52.23,26.32,393063.1,2915293,132.33,,10.69,100.69,,13.12,5.795,7.325,632.39,3.83,14935.597,,3
Kalimantan Barat,Kalimantan Barat,2022,,44,,37335063.72,6089944.9,8662817.859999999,,16.31159637,23.20290096,0,52.23,171.51,2561641.6,2557523,132.33,,10.69,100.61,,476.522,357.787,118.735,1455.483,3.83,14935.597,,3
Kalimantan Tengah,Kalimantan Tengah,2022,,25,,27042947.71,4264306.8,5948599.23,,15.7686464,21.99685956,0,52.23,159.4,2380678.9,1344475,132.33,,10.69,101.04,,1732.878,2362.133,-629.255,526.289,3.83,14935.597,,3
Kalimantan Selatan,Kalimantan Selatan,2022,,943,,36868591.38,4300740.2,5638326.85,,11.66505158,15.29303572,0,52.23,64.27,959842.1,2092225,132.33,,10.69,100.51,,3272.505,1933.428,1339.077,1474.518,3.83,14935.597,,3
Kalimantan Timur,Kalimantan Timur,2022,,15,,128847399.08,24542490.9,8661276.17,,19.0477193,6.722119524,0,52.23,307.32,4590024.1,1746920,132.33,,10.69,100.82,,7837.563,4310.159,3527.404,3230.576,3.83,14935.597,,3
Kalimantan Utara,Kalimantan Utara,2022,,238,,16852167.71,1458613,3004614.6,,8.655343485,17.82924697,0,52.23,296,4421002.4,353984,132.33,,10.69,100.7,,432.873,330.518,102.355,,3.83,14935.597,,3
Sulawesi Utara,Sulawesi Utara,2022,,558,,24383840.07,2576746.9,4805310.82,,10.56743685,19.70694856,0,52.23,30.66,457870.1,1159965,132.33,,10.69,100.62,,196.678,162.901,33.777,1451.087,3.83,14935.597,,3
Sulawesi Tengah,Sulawesi Tengah,2022,,35,,44539677.2,15601827,7732912.74,,35.0290527,17.36185178,0,52.23,1638.17,24466996.3,1586320,132.33,,10.69,101.08,,3343.996,1698.663,1645.333,798.002,3.83,14935.597,,3
Sulawesi Selatan,Sulawesi Selatan,2022,,191,,94144501.29000001,12512580.3,19720710.38,,13.29082435,20.94727797,0,52.23,158.96,2374119.2,4353650,132.33,,10.69,100.91,,575.04,491.146,83.89400000000001,4176.287,3.83,14935.597,,3
Sulawesi Tenggara,Sulawesi Tenggara,2022,,13,,26065586.05,2158289.6,5916070.07,,8.28022664,22.6968619,0,52.23,127.77,1908297.3,1335921,132.33,,10.69,101.25,,1244.125,908.521,335.604,591.2619999999999,3.83,14935.597,,3
Gorontalo,Gorontalo,2022,,,,7694348.07,345349.3,2774931.48,,4.488350369,36.06454315,0,52.23,17.19,256769.8,614250,132.330000000001,,10.69,101.15,,9.084,3.536,5.548,678.388,3.83,14935.597,,3
Sulawesi Barat,Sulawesi Barat,2022,,1,,8534185.380000001,978348.6,3395863.84,,11.463878,39.79130624,0,52.23,22.75,339741.5,731902,132.330000000001,,10.69,101.55,,100.156,64.94199999999999,35.214,217.763,3.83,14935.597,,3
Maluku,Maluku,2022,,,,8507371.220000001,513417.2,1989972.55,,6.034968814,23.3911569,0,52.23,18.35,274096.6,808844,132.330000000001,,10.69,101.44,,11.548,22.047,-10.499,294.091,3.83,14935.597,,3
Maluku Utara,Maluku Utara,2022,,8,,9944383.890000001,2547679.8,1485944.53,,25.61928248,14.94254995,0,52.23,1240.03,18520645.2,584968,132.330000000001,,10.69,,,1529.139,1347.729,181.41,168.947,3.83,14935.597,,3
Papua Barat,Papua Barat,2022,,,,15632184.45,4696884.5,1584643.04,,30.04624539,10.13705439,0,52.23,47.56,710310.1,487705,132.330000000001,,10.69,100.46,,,275.36,-275.36,625.069,3.83,14935.597,,3
Papua Barat Daya,Papua Barat Daya,2022,,,,,,,,,,,52.23,,,,132.330000000001,,10.69,100.98,,,,0,,3.83,14935.597,,3
Papua,Papua,2022,,,,43014334.42,706830.7,4382190.82,,1.643244536,10.18774527,0,52.23,287.04,4287179.5,1934767,132.330000000001,,10.69,101.72,,,494.819,-494.819,953.548,3.83,14935.597,,3
Papua Selatan,Papua Selatan,2022,,,,,,,,,,,52.23,,,,132.330000000001,,10.69,100.22,,,,0,,3.83,14935.597,,3
Papua Tengah,Papua Tengah,2022,,,,,,,,,,,52.23,,,,132.330000000001,,10.69,101.17,,,,0,,3.83,14935.597,,3
Papua Pegunungan,Papua Pegunungan,2022,,,,,,,,,,,52.23,,,,132.330000000001,,10.69,99.98,,,,0,,3.83,14935.597,,3
Aceh,Aceh,2022,Desember,84,83,37665056.24,1701353.4,10695091.12,18451757.88,4.517060559,28.39526125,48.98906234,51,10.89,169503.1,2394994,133.52,,8.699999999999999,101.83,,212.387,29.994,182.393,523.785,5.17,15563.734,,4
Sumatera Utara,Sumatera Utara,2022,,70,0,146370553.01,25217911.52,37418332.81,63217335.63,17.22881481,25.56411248,43.18992743,51,406.41,6325198.2,7197374,133.52,,8.699999999999999,101.45,,2893.296,1444.9,1448.396,5163.11,5.17,15563.734,,4
Sumatera Barat,Sumatera Barat,2022,,35,0,46985822.13,4401559.61,10471346.57,25868233.245,9.367846321,22.28618357,55.05540198,51,21.93,341256.7,2688164,133.52,,8.699999999999999,101.92,,650.519,95.104,555.415,1065.55,5.17,15563.734,,4
Riau,Riau,2022,,916,142,135369927.54,43919654.07,36237783.13,24098799.63,32.44417344,26.76944857,17.80218108,51,245.65,3823254.7,3168929,133.52,,8.699999999999999,101.92,,5639.352,893.605,4745.747,1658.04,5.17,15563.734,,4
Jambi,Jambi,2022,,92,0,41348475.15,4018275.78,11116509.35,13438722.66,9.718074888,26.88493181,32.50113241,51,12.19,189703.2,1797819,133.52,,8.699999999999999,101.77,,706.234,10.528,695.706,893.224,5.17,15563.734,,4
Sumatera Selatan,Sumatera Selatan,2022,,160,0,86713085.31999999,15972211,13200952.77,28222502.63,18.41960869,15.22371476,32.54699395,51,280.18,4360689.2,4289704,133.52,,8.699999999999999,,,1951.667,171.316,1780.351,2792.316,5.17,15563.734,,4
Bengkulu,Bengkulu,2022,,26,0,12745880.58,673978.72,3464681.11,7574019.025,5.287816058,27.18275201,59.42326995,51,17.33,269733.5,1037496,133.52,,8.699999999999999,101.51,,78.71599999999999,,78.71599999999999,384.728,5.17,15563.734,,4
Lampung,Lampung,2022,,30,30,63360463.46,11337799.96,15225958.83,26786898.94,17.8941241,24.03069359,42.27699338,51,94.13,1465028.3,4387966,133.52,,8.699999999999999,102.18,,1500.934,499.842,1001.092,2954.628,5.17,15563.734,,4
Bangka Belitung,Bangka Belitung,2022,,380,0,15004498.42,3155502.87,2906007.03,5969662.8,21.0303789,19.36757197,39.78582044,51,18.78,292276,730972,133.52,,8.699999999999999,101.37,,484.362,35.586,448.776,477.884,5.17,15563.734,,4
Kepulauan Riau,Kepulauan Riau,2022,,863,0,50457827.44,21273186.77,1470190.27,12105161.15,42.16033042,2.913701094,23.99065074,51,273.89,4262783.9,1155997,133.52,,8.699999999999999,101.92,,4350.23,4224.57,125.66,872.59,5.17,15563.734,,4
DKI Jakarta,DKI Jakarta,2022,,1655,0,500429651.72,57967137.83,387543.27,386600611.3,11.58347385,.07744210773,77.25373786,51,673.24,10478141.1,4875102,133.52,,8.699999999999999,101.74,,2954.935,26907.968,-23953.033,67798.163,5.17,15563.734,,4
Jawa Barat,Jawa Barat,2022,,4629,4406,405759884.98,177935618.9,25268556.24,163509444,43.85244217,6.22746535,40.29709443,51,1885.83,29350548.1,23452568,133.52,,8.699999999999999,101.99,,9217.755999999999,1201.554,8016.202,16496.316,5.17,15563.734,,4
Jawa Tengah,Jawa Tengah,2022,,467,388,266473750.24,87907890.34999999,30017971.83,113392821.4,32.98932457,11.26488887,42.55309249,51,492.85,7670659.7,18390459,133.52,,8.699999999999999,101.82,,2654.726,3448.706,-793.98,14530.966,5.17,15563.734,,4
DI Yogyakarta,DI Yogyakarta,2022,,113,0,28990251.14,3253617.08,1939136.26,20519343.1,11.2231421,6.688925359,70.78014951,51,79.13,1231586.3,2241131,133.52,,8.699999999999999,,,137.098,.122,136.976,1259.658,5.17,15563.734,,4
Jawa Timur,Jawa Timur,2022,,3574,2324,444386317.27,136401075.06,36693159.45,207951568.3,30.69425627,8.257040783000001,46.79522303,51,963.04,14988453.7,21613293,133.52,,8.699999999999999,102.11,,5816.234,7804.465,-1988.231,17487.339,5.17,15563.734,,4
Banten,Banten,2022,,3703,0,123374175.51,40503131.77,6533237.45,,32.82950553,5.295465946,0,51,1109.28,17264551.8,5940618,133.52,,8.699999999999999,101.25,,3307.35,3993.645,-686.295,3676.522,5.17,15563.734,,4
Bali,Bali,2022,,706,0,39359339.18,2512280.54,5293391.06,,6.382933739,13.44888194,0,51,125.37,1951184.9,2607070,133.52,,8.699999999999999,101.84,,161.856,23.078,138.778,2083.129,5.17,15563.734,,4
Nusa Tenggara Barat,Nusa Tenggara Barat,2022,,396,0,25914295.34,1177037.86,4831910.01,,4.542040772,18.64573181,0,51,271.17,4220483.2,2718345,133.52,,8.699999999999999,101.98,,783.963,60.709,723.254,887.521,5.17,15563.734,,4
Nusa Tenggara Timur,Nusa Tenggara Timur,2022,,62,0,18924419.91,223640.25,5135461.96,,1.181754849,27.1366942,0,51,24.98,388825.7,2915293,133.52,,8.699999999999999,101.87,,21.059,19.936,1.123,534.139,5.17,15563.734,,4
Kalimantan Barat,Kalimantan Barat,2022,,1131,1087,38011295.95,6143945.68,8717588.98,,16.16347332,22.93420617,0,51,161.91,2519866.7,2557523,133.52,,8.699999999999999,102.15,,605.187,85.559,519.628,1260.208,5.17,15563.734,,4
Kalimantan Tengah,Kalimantan Tengah,2022,,37,0,28583927.19,4217983.31,5856545.4,,14.75648634,20.48894598,0,51,187.5,2918240.7,1344475,133.52,,8.699999999999999,102.07,,1591.789,794.02,797.769,487.911,5.17,15563.734,,4
Kalimantan Selatan,Kalimantan Selatan,2022,,1199,0,36763067.43,5013702.56,4307771.11,,13.63787875,11.71765963,0,51,58.31,907526,2092225,133.52,,8.699999999999999,102.01,,4475.451,456.117,4019.334,1460.922,5.17,15563.734,,4
Kalimantan Timur,Kalimantan Timur,2022,,3082,3067,131242799.69,25920375.83,8429233.390000001,,19.74994125,6.422625401,0,51,398.97,6209455.4,1746920,133.52,,8.699999999999999,102.01,,9700.531000000001,1712.333,7988.198,2890.406,5.17,15563.734,,4
Kalimantan Utara,Kalimantan Utara,2022,,238,0,17286902.95,1483352.75,3084197.95,,8.580789481,17.84124061,0,51,106.59,1658930.7,353984,133.52,,8.699999999999999,101.61,,666.5839999999999,52.139,614.4450000000001,,5.17,15563.734,,4
Sulawesi Utara,Sulawesi Utara,2022,,558,0,25959400.18,2722166.64,5078715.5,,10.4862463,19.56407107,0,51,28.84,448909.5,1159965,133.52,,8.699999999999999,101.63,,229.539,40.998,188.541,1211.113,5.17,15563.734,,4
Sulawesi Tengah,Sulawesi Tengah,2022,,35,0,46627074.91,15665052.06,8151485.38,,33.59647177,17.48230056,0,51,2351.05,36591152.2,1586320,133.52,,8.699999999999999,101.95,,5085.986,1796.545,3289.441,756.522,5.17,15563.734,,4
Sulawesi Selatan,Sulawesi Selatan,2022,,191,0,92987289.01000001,12898698.85,16032284.66,,13.87146457,17.24137227,0,51,151.43,2356741.6,4353650,133.52,,8.699999999999999,101.94,,657.615,222.725,434.89,3414.541,5.17,15563.734,,4
Sulawesi Tenggara,Sulawesi Tenggara,2022,,74,53,27549209.8,2175304.3,6157908.03,,7.896067857,22.35239441,0,51,175.1,2725199,1335921,133.52,,8.699999999999999,102.7,,1570.937,436.815,1134.122,534.355,5.17,15563.734,,4
Gorontalo,Gorontalo,2022,,171,171,7698636.9,326886.37,2735731.89,,4.24602919,35.53527625,0,51,16.9,263061.4,614250,133.52,,8.699999999999999,101.86,,32.472,6.229,26.243,606.932,5.17,15563.734,,4
Sulawesi Barat,Sulawesi Barat,2022,,34,33,8625394.289999999,900880.64,3368067.2,,10.44451546,39.04826941,0,51,3.68,57324.3,731902,133.52,,8.699999999999999,102.07,,134.811,.905,133.906,205.543,5.17,15563.734,,4
Maluku,Maluku,2022,,195,195,8664973.74,507464.33,2010862.59,,5.856501649,23.20679382,0,51,9.91,154241.3,808844,133.52,,8.699999999999999,101.46,,66.44,36.275,30.165,257.584,5.17,15563.734,,4
Maluku Utara,Maluku Utara,2022,,8,0,10879335.12,2867801.65,1495534.11,,26.36008192,13.74655798,0,51,1212.42,18869728.5,584968,133.52,,8.699999999999999,,,2087.069,1315.304,771.765,149.991,5.17,15563.734,,4
Papua Barat,Papua Barat,2022,,124,124,15807534.97,5096791.3,1460936.81,,32.2427963,9.242028012,0,51,9.57,148938.7,487705,133.52,,8.699999999999999,102.12,,,11.364,-11.364,557.977,5.17,15563.734,,4
Papua Barat Daya,Papua Barat Daya,2022,,,,,,,,,,,51,,,,133.52,,8.699999999999999,101.15,,,,0,,5.17,15563.734,,4
Papua,Papua,2022,,76,76,44621291.32,719102.48,4338738.11,,1.611568063,9.723470526,0,51,328.19,5107804.4,1934767,133.52,,8.699999999999999,102.03,,,127.555,-127.555,862.641,5.17,15563.734,,4
Papua Selatan,Papua Selatan,2022,,,,,,,,,,,51,,,,133.52,,8.699999999999999,100.91,,,,0,,5.17,15563.734,,4
Papua Tengah,Papua Tengah,2022,,,,,,,,,,,51,,,,133.52,,8.699999999999999,102.09,,,,0,,5.17,15563.734,,4
Papua Pegunungan,Papua Pegunungan,2022,,,,,,,,,,,51,,,,133.52,,8.699999999999999,101.89,,,,0,,5.17,15563.734,,4
Aceh,Aceh,2023,Maret,,,35011600,1490980,9795960,18034500,4.258531458,27.97918404,51.51007095,51.47,13.75,209560.5,2449956,134.53,6.752896366,6.75,103.38,5.932984937,208.625,32.046,176.579,644.337,5.75,15240.651,,1
Sumatera Utara,Sumatera Utara,2023,,,,145711170,25113620,37402120,63009800,17.23520578,25.66867043,43.24294424,51.47,409.87,6246732.8,7461156,134.53,6.752896366,6.75,103.12,5.256711238,2611.548,1379.087,1232.461,5152.062,5.75,15240.651,,1
Sumatera Barat,Sumatera Barat,2023,,,,46660790,4282270,10161110,26124260,9.17744856,21.77654943,55.98760758,51.47,26.17,398817.3,2822543,134.53,6.752896366,6.75,103.29,6.539453326,577.463,97.699,479.764,1199.07,5.75,15240.651,,1
Riau,Riau,2023,,109,109,134324940,43649780,35856850,22556920,32.49566313,26.69411205,16.7928011,51.47,1020.03,15545992.7,3041629,134.53,6.752896366,6.75,103.42,6.388231663,4735.007,708.883,4026.124,1787.816,5.75,15240.651,,1
Jambi,Jambi,2023,,,,40422790,3941520,10870270,12642460,9.750737146000001,26.89143921,31.27557499,51.47,4.47,68096.8,1768653,134.53,6.752896366,6.75,102.77,6.035905902,621.655,16.264,605.391,962.279,5.75,15240.651,,1
Sumatera Selatan,Sumatera Selatan,2023,,,,86634090,16139920,14424970,27675930,18.62998734,16.6504548,31.94577331,51.47,231.71,3531359.4,4290172,134.53,6.752896366,6.75,102.43,,1770.185,157.57,1612.615,2970.28,5.75,15240.651,,1
Bengkulu,Bengkulu,2023,,,,12446240,668540,3472880,7289830,5.371421409,27.90304542,58.57054018,51.47,9.539999999999999,145432.4,1093853,134.53,6.752896366,6.75,102.43,5.402346162,53.94,,53.94,478.505,5.75,15240.651,,1
Lampung,Lampung,2023,,,,63847720,11296120,16425870,26326160,17.69228408,25.72663519,41.23273313,51.47,80.02,1219602.6,4794031,134.53,6.752896366,6.75,103.5,6.110313717,1189.522,499.891,689.631,1660.904,5.75,15240.651,,1
Bangka Belitung,Bangka Belitung,2023,,38,,14331300,2971770,2757980,5851440,20.73622072,19.24445096,40.82979213,51.47,15.43,235146.5,774011,134.53,6.752896366,6.75,102.22,4.594290392,312.163,2.535,309.628,515.011,5.75,15240.651,,1
Kepulauan Riau,Kepulauan Riau,2023,,14,14,48774710,20876530,1395540,11961490,42.80195618,2.861195894,24.52395924,51.47,213.9,3259914.2,1023125,134.53,6.752896366,6.75,102.49,4.934985154,4669.484,4930.176,-260.692,981.319,5.75,15240.651,,1
DKI Jakarta,DKI Jakarta,2023,,127,,504006350,58688380,350540,390715000,11.64437313,.06955071102,77.52184075,51.47,1181.26,18003180.3,4857619,134.53,6.752896366,6.75,102.3,4.09035409,2821.601,26047.362,-23225.761,68106.663,5.75,15240.651,,1
Jawa Barat,Jawa Barat,2023,,5603,3809,407873270,177926980,27543490,162813580,43.62310381,6.752952945,39.91768816,51.47,1899.75,28953501,23394824,134.53,6.752896366,6.75,102.97,5.751258088,9193.316999999999,1092.652,8100.665,17657.937,5.75,15240.651,,1
Jawa Tengah,Jawa Tengah,2023,,4887,3766,270629820,88879240,35559640,114244390,32.84162847,13.13958676,42.21426523,51.47,372.61,5678796,19959942,134.53,6.752896366,6.75,102.73,5.461451596,2578.343,3467.542,-889.199,16142.899,5.75,15240.651,,1
DI Yogyakarta,DI Yogyakarta,2023,,62,5,29207700,3343760,2700310,20310230,11.448214,9.245199039999999,69.53724532,51.47,10.05,153221.9,2153901,134.53,6.752896366,6.75,102.82,,118.508,.335,118.173,1378.287,5.75,15240.651,,1
Jawa Timur,Jawa Timur,2023,,370,,449026500,137586070,42262330,208583340,30.64096885,9.411990161,46.45234524,51.47,983.4400000000001,14988198.6,22404793,134.53,6.752896366,6.75,103.12,5.850954629,6308.354,6687.877,-379.523,17993.516,5.75,15240.651,,1
Banten,Banten,2023,,2342,2019,124821950,41597180,7011180,,33.32521243,5.616944776,0,51.47,1070.23,16310948.4,5617303,134.53,6.752896366,6.75,102.3,4.334523202,3071.182,4284.161,-1212.979,3710.327,5.75,15240.651,,1
Bali,Bali,2023,,,,37482210,2711740,4985600,,7.234738827,13.30124344,0,51.47,180.01,2743422.3,2624806,134.53,6.752896366,6.75,102.89,5.366103431,143.437,24.043,119.394,2057.517,5.75,15240.651,,1
Nusa Tenggara Barat,Nusa Tenggara Barat,2023,,,,25295810,997820,5609950,,3.944605846,22.17738827,0,51.47,101.4,1545455.3,2760322,134.53,6.752896366,6.75,102.84,5.574376347,575.095,59.84,515.255,905.26,5.75,15240.651,,1
Nusa Tenggara Timur,Nusa Tenggara Timur,2023,,,,17761820,227540,5024750,,1.281062414,28.28961221,0,51.47,10.95,166906.5,2819453,134.53,6.752896366,6.75,103.38,5.64071122,17.99,7.78,10.21,819.086,5.75,15240.651,,1
Kalimantan Barat,Kalimantan Barat,2023,,2,2,37788380,5849680,9076200,,15.48010261,24.01849457,0,51.47,152.07,2317604.6,2730308,134.53,6.752896366,6.75,102.9,5.279312462,612.245,90.249,521.996,1285.73,5.75,15240.651,,1
Kalimantan Tengah,Kalimantan Tengah,2023,,,,27183520,4503860,5781530,,16.56834729,21.26851122,0,51.47,156.5,2385087.2,1384472,134.53,6.752896366,6.75,102.72,5.494505495,1469.495,8.414,1461.081,569.615,5.75,15240.651,,1
Kalimantan Selatan,Kalimantan Selatan,2023,,,,34756700,4534430,4010090,,13.04620404,11.53760282,0,51.47,52.16,794943.2,2075988,134.53,6.752896366,6.75,103.25,5.410923941,3807.19,276.832,3530.358,1448.865,5.75,15240.651,,1
Kalimantan Timur,Kalimantan Timur,2023,,,,129613660,25932540,8447980,,20.0075671,6.517816101,0,51.47,274.45,4182813.4,1808972,134.53,6.752896366,6.75,102.77,5.253994265,7949.269,1249.527,6699.742,2387.222,5.75,15240.651,,1
Kalimantan Utara,Kalimantan Utara,2023,,,,16830590,1445650,2959010,,8.589419621999999,17.58114243,0,51.47,99.12,1510676.2,357777,134.53,6.752896366,6.75,102.33,4.237547112,608.362,54.61,553.752,,5.75,15240.651,,1
Sulawesi Utara,Sulawesi Utara,2023,,,,23822430,2680870,4850160,,11.2535539,20.35963586,0,51.47,41.95,639287.4,1229861,134.53,6.752896366,6.75,102.48,4.422253923,234.863,41.264,193.599,1251.735,5.75,15240.651,,1
Sulawesi Tengah,Sulawesi Tengah,2023,,,,44153890,14942750,7976690,,33.84243155,18.06565628,0,51.47,1948.78,29700657.2,1542479,134.53,6.752896366,6.75,103.05,5.46515198,4678.94,1804.481,2874.459,773.136,5.75,15240.651,,1
Sulawesi Selatan,Sulawesi Selatan,2023,,,,87810230,12031160,17631350,,13.70131931,20.07892474,0,51.47,54.24,826584.3,4315849,134.53,6.752896366,6.75,102.93,5.299232737,660.812,285.515,375.297,3751.302,5.75,15240.651,,1
Sulawesi Tenggara,Sulawesi Tenggara,2023,,64,18,25501070,2204730,6167060,,8.645637222,24.18353426,0,51.47,44.33,675607.4,1282632,134.53,6.752896366,6.75,102.93,5.905957403,1141.499,656.865,484.634,624.904,5.75,15240.651,,1
Gorontalo,Gorontalo,2023,,,,7633310,316760,2758220,,4.149707008,36.13399692,0,51.47,8.35,127247.2,622929,134.53,6.752896366,6.75,101.78,4.411161264,23.672,18.559,5.113,619.804,5.75,15240.651,,1
Sulawesi Barat,Sulawesi Barat,2023,,,,8264150,871660,3246300,,10.54748522,39.28171681,0,51.47,.65,9940,696147,134.53,6.752896366,6.75,103.01,6.075584389,101.999,1.797,100.202,256.429,5.75,15240.651,,1
Maluku,Maluku,2023,,16,,8467380,580910,2021180,,6.860563716,23.87019361,0,51.47,5.72,87167.39999999999,846921,134.53,6.752896366,6.75,101.49,3.826086957,23.671,51.293,-27.622,297.472,5.75,15240.651,,1
Maluku Utara,Maluku Utara,2023,,,,11162260,3244660,1500080,,29.06812778,13.43885557,0,51.47,969.3200000000001,14773008.2,616231,134.53,6.752896366,6.75,102.92,,2407.372,776.003,1631.369,219.379,5.75,15240.651,,1
Papua Barat,Papua Barat,2023,,,,10125260,4041420,799620,,39.9142343,7.897278687,0,51.47,.4,6091.7,588729,134.53,6.752896366,6.75,102.31,4.804343372,,2.559,-2.559,555.083,5.75,15240.651,,1
Papua Barat Daya,Papua Barat Daya,2023,,,,5914570,1268410,654420,,21.44551506,11.06454062,0,51.47,54.16,825359,,134.53,6.752896366,6.75,102,3.616416091,,,0,,5.75,15240.651,,1
Papua,Papua,2023,,,,11938640,343220,1720070,,2.874866819,14.40758746,0,51.47,1.64,24990.1,2421124,134.53,6.752896366,6.75,101.41,4.957565721,,136.445,-136.445,935.961,5.75,15240.651,,1
Papua Selatan,Papua Selatan,2023,,,,4342580,269620,1048770,,6.20875148,24.15085042,0,51.47,16.13,245843.9,,134.53,6.752896366,6.75,102.24,3.649635036,,,0,,5.75,15240.651,,1
Papua Tengah,Papua Tengah,2023,,,,21473510,58160,934910,,.2708453346,4.35378287,0,51.47,245.95,3748404.5,,134.53,6.752896366,6.75,102.81,5.090463048,,,0,,5.75,15240.651,,1
Papua Pegunungan,Papua Pegunungan,2023,,,,3193580,26950,567100,,.8438805353,17.75750099,0,51.47,,,,134.53,6.752896366,6.75,103.67,4.961020553,,,0,,5.75,15240.651,,1
Aceh,Aceh,2023,Juni,11,11,36087660,1598390,10192420,18458560,4.429187152,28.24350484,51.1492294,51.83,168.07,2499202.2,2449956,132.08,.6937561943,1.55,103.5,4.324160871,169.679,10.958,158.721,708.682,5.75,14869.857,,2
Sumatera Utara,Sumatera Utara,2023,,74,74,149901510,25857630,38201890,65399640,17.24974618,25.48465989,43.62840641,51.83,309.03,4595272.2,7461156,132.08,.6937561943,1.55,102.85,3.377223842,2410.551,1402.643,1007.908,4785.566,5.75,14869.857,,2
Sumatera Barat,Sumatera Barat,2023,,,,47506180,4220790,10235950,26932960,8.884717736000001,21.5465651,56.69359229,51.83,10.58,157339.4,2822543,132.08,.6937561943,1.55,103.49,4.020504573,563.657,108.671,454.986,1204.034,5.75,14869.857,,2
Riau,Riau,2023,,294,16,136036220,43006930,36289580,25107210,31.61432301,26.67641015,18.45626848,51.83,373.03,5546885,3041629,132.08,.6937561943,1.55,103.24,3.821399839,4416.176,579.617,3836.559,2013.175,5.75,14869.857,,2
Jambi,Jambi,2023,,258,258,42382750,4151610,11554750,13972740,9.795518224,27.26286048,32.96798816,51.83,22.54,335147.3,1768653,132.08,.6937561943,1.55,103.19,3.448621554,493.817,19.849,473.968,943.644,5.75,14869.857,,2
Sumatera Selatan,Sumatera Selatan,2023,,264,,90582220,16321480,14920100,28756470,18.01841465,16.471334,31.74626323,51.83,218.79,3253396.9,4290172,132.08,.6937561943,1.55,103.46,,1696.187,197.986,1498.201,2970.25,5.75,14869.857,,2
Bengkulu,Bengkulu,2023,,,,13283540,742100,3535600,7981130,5.586613207,26.61639894,60.08285442,51.83,16.13,239888,1093853,132.08,.6937561943,1.55,102.88,3.251706142,90.31,,90.31,531.27,5.75,14869.857,,2
Lampung,Lampung,2023,,37,37,69049410,11877840,19476180,27833350,17.20194278,28.20614977,40.30932343,51.83,48.99,728501.1,4794031,132.08,.6937561943,1.55,104.06,4.730273752,996.712,477.832,518.88,1543.096,5.75,14869.857,,2
Bangka Belitung,Bangka Belitung,2023,,38,,15198110,3216160,2819600,6268780,21.16157864,18.55230683,41.24710244,51.83,8.92,132612.4,774011,132.08,.6937561943,1.55,102.81,2.861430715,640.4640000000001,5.936,634.528,470.293,5.75,14869.857,,2
Kepulauan Riau,Kepulauan Riau,2023,,160,3,49122790,19007550,1373280,12904030,38.69395448,2.795606683,26.26892731,51.83,202.51,3011238.3,1023125,132.08,.6937561943,1.55,102.84,3.502415459,4358.116,4401.291,-43.175,1066.009,5.75,14869.857,,2
DKI Jakarta,DKI Jakarta,2023,,683,556,510378030,56439410,341690,399071770,11.05835414,.06694841469,78.19140844,51.83,1446.94,21515822.6,4857619,132.08,.6937561943,1.55,102.85,3.502062997,2483.87,24546.022,-22062.152,71019.02800000001,5.75,14869.857,,2
Jawa Barat,Jawa Barat,2023,,11595,5245,416359160,177669840,30428180,167744200,42.67225441,7.308156737,40.28834144,51.83,2588.43,38489607.1,23394824,132.08,.6937561943,1.55,103.99,4.439088079,8699.596,1331.236,7368.36,17653.739,5.75,14869.857,,2
Jawa Tengah,Jawa Tengah,2023,,4887,,274975840,90229360,33196890,118573250,32.81355918,12.072657,43.12133386,51.83,356.23,5297084.8,19959942,132.08,.6937561943,1.55,103.6,3.849238172,2493.745,3527.107,-1033.362,15727.932,5.75,14869.857,,2
DI Yogyakarta,DI Yogyakarta,2023,,338,52,29478250,3402180,2286990,20822160,11.54132284,7.758228524,70.63567206,51.83,11.83,175842,2153901,132.08,.6937561943,1.55,103.47,,114.095,.328,113.767,1492.076,5.75,14869.857,,2
Jawa Timur,Jawa Timur,2023,,370,,461145250,138106060,47861620,213666400,29.94849454,10.37886002,46.33386119,51.83,1019.21,15155543,22404793,132.08,.6937561943,1.55,103.84,4.445785556,4823.554,6797.128,-1973.574,17758.037,5.75,14869.857,,2
Banten,Banten,2023,,5141,146,126157970,42292990,6616040,,33.52383524,5.244250522,0,51.83,1155.04,17175263.6,5617303,132.08,.6937561943,1.55,103.19,3.313976772,2962.272,4034.468,-1072.196,3794.904,5.75,14869.857,,2
Bali,Bali,2023,,62,62,40087650,2720920,5267730,,6.78742705,13.14053081,0,51.83,194.58,2893439.3,2624806,132.08,.6937561943,1.55,103.47,4.094567404,141.092,29.187,111.905,1726.378,5.75,14869.857,,2
Nusa Tenggara Barat,Nusa Tenggara Barat,2023,,90,90,25267320,969670,5861170,,3.837644831,23.19664294,0,51.83,81.12,1206177.4,2760322,132.08,.6937561943,1.55,103.58,4.069124887,13.29,77.05200000000001,-63.762,740.36,5.75,14869.857,,2
Nusa Tenggara Timur,Nusa Tenggara Timur,2023,,,,18965480,242380,5419080,,1.278006146,28.57338702,0,51.83,79.01000000000001,1174816.9,2819453,132.08,.6937561943,1.55,103.76,4.197630046,15.251,25.451,-10.2,828.253,5.75,14869.857,,2
Kalimantan Barat,Kalimantan Barat,2023,,414,,38387990,5965080,8339890,,15.53892246,21.72525834,0,51.83,120.74,1795353.9,2730308,132.08,.6937561943,1.55,103.87,4.402452508,489.234,111.625,377.609,1209.411,5.75,14869.857,,2
Kalimantan Tengah,Kalimantan Tengah,2023,,,,27933650,4475360,5889490,,16.02139355,21.08385406,0,51.83,245.66,3652942.5,1384472,132.08,.6937561943,1.55,104.03,4.54225706,1389.519,22.706,1366.813,570.055,5.75,14869.857,,2
Kalimantan Selatan,Kalimantan Selatan,2023,,727,727,37429190,4503640,5247420,,12.0324271,14.01959273,0,51.83,117.91,1753290,2075988,132.08,.6937561943,1.55,104.19,4.682005425,3297.847,297.617,3000.23,1518.516,5.75,14869.857,,2
Kalimantan Timur,Kalimantan Timur,2023,,276,246,133530220,26222090,8517250,,19.63756968,6.37851866,0,51.83,307.42,4571273.7,1808972,132.08,.6937561943,1.55,103.85,4.350884244,7051,1379.642,5671.358,2354.225,5.75,14869.857,,2
Kalimantan Utara,Kalimantan Utara,2023,,,,17244910,1461890,3043720,,8.477226033999999,17.64996164,0,51.83,181.68,2701573.5,357777,132.08,.6937561943,1.55,103.03,3.52692926,490.449,143.682,346.767,,5.75,14869.857,,2
Sulawesi Utara,Sulawesi Utara,2023,,10,10,25286890,2694820,4931340,,10.65698471,19.50156781,0,51.83,36.95,549402.6,1229861,132.08,.6937561943,1.55,102.74,3.131901225,218.945,34.747,184.198,1201.915,5.75,14869.857,,2
Sulawesi Tengah,Sulawesi Tengah,2023,,,,47499980,17351660,8120810,,36.52982591,17.0964493,0,51.83,1717.75,25542745,1542479,132.08,.6937561943,1.55,103.88,4.654442877,4755.09,2573.813,2181.277,792.5309999999999,5.75,14869.857,,2
Sulawesi Selatan,Sulawesi Selatan,2023,,478,455,94906050,12092390,19284430,,12.74143218,20.31949491,0,51.83,92.01000000000001,1368196.4,4315849,132.08,.6937561943,1.55,103.62,4.255961364,559.013,291.906,267.107,3697.439,5.75,14869.857,,2
Sulawesi Tenggara,Sulawesi Tenggara,2023,,112,42,26309540,2090450,6194900,,7.94559692,23.54621175,0,51.83,134.52,2000275.4,1282632,132.08,.6937561943,1.55,104.1,5.300424843,716.0940000000001,370.646,345.448,641.787,5.75,14869.857,,2
Gorontalo,Gorontalo,2023,,37,37,7883310,328870,2837120,,4.171724821,35.98894373,0,51.83,10.15,150975.1,622929,132.08,.6937561943,1.55,102.27,2.773590594,10.845,7.659,3.186,717.401,5.75,14869.857,,2
Sulawesi Barat,Sulawesi Barat,2023,,,,9020870,1033590,3592110,,11.45776405,39.81999519,0,51.83,3.56,52877.2,696147,132.08,.6937561943,1.55,103.83,4.593532789,104.411,,104.411,254.789,5.75,14869.857,,2
Maluku,Maluku,2023,,16,,8883730,608180,2022580,,6.845998246,22.76723854,0,51.83,29.01,431370.1,846921,132.08,.6937561943,1.55,102.99,3.663814796,40.476,54.415,-13.939,334.714,5.75,14869.857,,2
Maluku Utara,Maluku Utara,2023,,,,12112270,3692240,1536400,,30.48346842,12.68465779,0,51.83,996.97,14824774.9,616231,132.08,.6937561943,1.55,104.42,,2431.636,826.082,1605.554,208.086,5.75,14869.857,,2
Papua Barat,Papua Barat,2023,,21,,10098320,3981090,824200,,39.42329021,8.161753638,0,51.83,23.81,354023.1,588729,132.08,.6937561943,1.55,103.55,3.747119527,,8.451000000000001,-8.451000000000001,518.672,5.75,14869.857,,2
Papua Barat Daya,Papua Barat Daya,2023,,,,5901910,1204710,686170,,20.41220554,11.62623625,0,51.83,20.65,307029.8,,132.08,.6937561943,1.55,102.82,3.409433773,,,0,,5.75,14869.857,,2
Papua,Papua,2023,,7,,12274000,347650,1778220,,2.832409972,14.48769757,0,51.83,2.39,35565.7,2421124,132.08,.6937561943,1.55,102.81,3.181453232,,81.94499999999999,-81.94499999999999,981.524,5.75,14869.857,,2
Papua Selatan,Papua Selatan,2023,,,,4456080,274390,1087230,,6.157654261,24.39879894,0,51.83,8.75,130105.3,,132.08,.6937561943,1.55,104.67,4.419393456,,,0,,5.75,14869.857,,2
Papua Tengah,Papua Tengah,2023,,,,24974540,58760,970160,,.2352796088,3.884596073,0,51.83,227.39,3381216.7,,132.08,.6937561943,1.55,104.73,5.884137094,,,0,,5.75,14869.857,,2
Papua Pegunungan,Papua Pegunungan,2023,,,,3268420,28210,579520,,.8631081685000001,17.73089138,0,51.83,,,,132.08,.6937561943,1.55,105.18,5.857487923,,,0,,5.75,14869.857,,2
Aceh,Aceh,2023,September,95,,36621800,1614160,10044590,18604520,4.407647904,27.42789814,50.80176288,53.167,29.42,447503.4,2447345,131.21,-.8463689262,.75,104.45,3.038374272,123.732,29.92,93.812,673.809,5.75,15213.029,,3
Sumatera Utara,Sumatera Utara,2023,,90,,152906630,26342450,39078780,66277400,17.22780104,25.5572829,43.34501388,53.167,263.85,4014021.6,7549537,131.21,-.8463689262,.75,103.85,2.740403641,2662.383,1511.841,1150.542,5001.103,5.75,15213.029,,3
Sumatera Barat,Sumatera Barat,2023,,53,,47896620,4535310,10287290,26669160,9.468956264999999,21.47811265,55.68067225,53.167,30.34,461616.5,2844925,131.21,-.8463689262,.75,104.34,2.656434475,635.6079999999999,81.45,554.158,1273.776,5.75,15213.029,,3
Riau,Riau,2023,,530,35,140660850,44852160,39622510,23079470,31.88674034,28.16882594,16.40788464,53.167,538.45,8191481.3,3002334,131.21,-.8463689262,.75,104.19,2.731216723,4970.98,510.334,4460.646,2060.164,5.75,15213.029,,3
Jambi,Jambi,2023,,287,2,43444170,4418860,11855460,13703470,10.17135326,27.288955,31.54271333,53.167,11.34,172579.6,1802264,131.21,-.8463689262,.75,103.66,2.07779419,533.728,23.972,509.756,959.932,5.75,15213.029,,3
Sumatera Selatan,Sumatera Selatan,2023,,116,12,92748710,16531600,15354860,28908790,17.8240754,16.55533538,31.16894025,53.167,773.68,11770052.7,4399659,131.21,-.8463689262,.75,104.17,,1512.47,335.259,1177.211,3741.764,5.75,15213.029,,3
Bengkulu,Bengkulu,2023,,23,,12958580,764460,3469430,7659970,5.89925748,26.7732267,59.11118348,53.167,13.07,198776.5,1069615,131.21,-.8463689262,.75,103.63,1.937831989,38.265,,38.265,544.216,5.75,15213.029,,3
Lampung,Lampung,2023,,74,15,69560880,12410190,18636120,27910460,17.8407605,26.79109292,40.12378797,53.167,50.77,772347.2,4697658,131.21,-.8463689262,.75,104.75,3.795085216,1221.968,491.39,730.578,1788.7,5.75,15213.029,,3
Bangka Belitung,Bangka Belitung,2023,,161,128,15202130,3283310,2834990,6070920,21.59769716,18.64863674,39.93466705,53.167,41.96,638378.2,749815,131.21,-.8463689262,.75,102.89,1.921743437,544.399,5.834,538.5650000000001,465.27,5.75,15213.029,,3
Kepulauan Riau,Kepulauan Riau,2023,,291,30,49330320,19756510,1346330,12144070,40.04942599,2.729214001,24.61786179,53.167,203.04,3088882.3,1019356,131.21,-.8463689262,.75,103.48,2.414885194,4534.332,4539.62,-5.288,2069.62,5.75,15213.029,,3
DKI Jakarta,DKI Jakarta,2023,,1259,154,511398750,58430130,358150,395793160,11.42555198,.07003341326,77.39423687999999,53.167,1128.5,17167974.6,5072737,131.21,-.8463689262,.75,103.09,2.454780362,2839.501,25378.77,-22539.269,71305.068,5.75,15213.029,,3
Jawa Barat,Jawa Barat,2023,,14601,334,418545170,178552490,29994900,168500400,42.66026771,7.166466644,40.25859383,53.167,1821.32,27707763.3,23503598,131.21,-.8463689262,.75,104.46,3.354111012,9738.540999999999,1571.472,8167.069,18484.329,5.75,15213.029,,3
Jawa Tengah,Jawa Tengah,2023,,7821,1391,277817290,90399480,33970320,117816650,32.5391843,12.2275759,42.40796172,53.167,429.92,6540359.5,19988875,131.21,-.8463689262,.75,104.16,3.118503119,2537.946,3840.192,-1302.246,15911.943,5.75,15213.029,,3
DI Yogyakarta,DI Yogyakarta,2023,,789,91,29542670,3321080,2220090,20743830,11.24163794,7.514859016,70.21650379,53.167,5.47,83260.89999999999,2139710,131.21,-.8463689262,.75,103.63,,114.549,2.807,111.742,1477.311,5.75,15213.029,,3
Jawa Timur,Jawa Timur,2023,,1442,781,469398680,140172070,50177630,215401750,29.86205032,10.68976802,45.88886999,53.167,1094.5,16650599.2,22703177,131.21,-.8463689262,.75,104.26,3.166435781,5077.908,7385.886,-2307.978,18063.823,5.75,15213.029,,3
Banten,Banten,2023,,6059,12,127083640,43358270,6626460,,34.11790062,5.214251024,0,53.167,1214.46,18475560.3,5516656,131.21,-.8463689262,.75,103.3,2.449667758,3027.736,3954.046,-926.3099999999999,3369.785,5.75,15213.029,,3
Bali,Bali,2023,,80,1,40226040,2497750,5192220,,6.209286323,12.9076091,0,53.167,236.04,3590921.4,2617816,131.21,-.8463689262,.75,104.2,3.045886076,138.705,28.476,110.229,1699.341,5.75,15213.029,,3
Nusa Tenggara Barat,Nusa Tenggara Barat,2023,,90,,26480250,1451050,6076570,,5.479744338,22.94755525,0,53.167,143.98,2190361.2,2892982,131.21,-.8463689262,.75,103.82,2.710724179,574.927,182.029,392.898,752.097,5.75,15213.029,,3
Nusa Tenggara Timur,Nusa Tenggara Timur,2023,,10,,18819150,235470,5186460,,1.25122548,27.55948064,0,53.167,23.4,356053.3,2896901,131.21,-.8463689262,.75,104.08,3.366769292,16.749,10.973,5.776,800.638,5.75,15213.029,,3
Kalimantan Barat,Kalimantan Barat,2023,,414,,38929570,5980190,8681010,,15.36156192,22.29927019,0,53.167,136.43,2075562.2,2775245,131.21,-.8463689262,.75,104.2,3.568233774,497.398,128.396,369.002,1359.209,5.75,15213.029,,3
Kalimantan Tengah,Kalimantan Tengah,2023,,289,289,28054320,4325020,6034170,,15.41659181,21.50887992,0,53.167,205.65,3128588.3,1349875,131.21,-.8463689262,.75,104.29,3.216547902,886.9589999999999,25.832,861.127,607.527,5.75,15213.029,,3
Kalimantan Selatan,Kalimantan Selatan,2023,,1987,76,38557670,4570250,5938590,,11.85302431,15.40183834,0,53.167,116.98,1779642.9,2079681,131.21,-.8463689262,.75,104.11,3.581733161,2701.786,328.717,2373.069,1562.987,5.75,15213.029,,3
Kalimantan Timur,Kalimantan Timur,2023,,1108,65,135681550,26271940,8862320,,19.36294212,6.531706043,0,53.167,336.76,5123074.2,1847295,131.21,-.8463689262,.75,104.44,3.590557429,6164.035,1329.988,4834.047,2038.718,5.75,15213.029,,3
Kalimantan Utara,Kalimantan Utara,2023,,1766,1423,17658180,1460940,3090820,,8.273446074000001,17.50361589,0,53.167,271.07,4123797.3,372270,131.21,-.8463689262,.75,103.5,2.780536246,382.788,200.099,182.689,,5.75,15213.029,,3
Sulawesi Utara,Sulawesi Utara,2023,,32,,25700250,2603810,5057810,,10.13145787,19.68000311,0,53.167,70.91,1078819.8,1250948,131.21,-.8463689262,.75,102.98,2.345458159,209.416,52.255,157.161,1144.073,5.75,15213.029,,3
Sulawesi Tengah,Sulawesi Tengah,2023,,1550,2,50363190,19834300,7808440,,39.38253316,15.50426016,0,53.167,1773.64,26982489.8,1547169,131.21,-.8463689262,.75,104.51,3.393351801,5159.18,2156.005,3003.175,850.227,5.75,15213.029,,3
Sulawesi Selatan,Sulawesi Selatan,2023,,624,55,97948160,13160030,19710450,,13.43570926,20.12334892,0,53.167,94.68000000000001,1440313.3,4490983,131.21,-.8463689262,.75,103.8,2.863938163,585.28,293.311,291.969,4282.272,5.75,15213.029,,3
Sulawesi Tenggara,Sulawesi Tenggara,2023,,126,6,27347170,2305670,5958250,,8.431110056,21.78744638,0,53.167,119.13,1812328.1,1351640,131.21,-.8463689262,.75,104.82,3.525925926,1056.898,341.209,715.689,645.501,5.75,15213.029,,3
Gorontalo,Gorontalo,2023,,348,,8047850,348790,2924380,,4.333952546,36.33740689,0,53.167,7.54,114654.5,631521,131.21,-.8463689262,.75,102.98,1.809194266,12.432,7.277,5.155,909.222,5.75,15213.029,,3
Sulawesi Barat,Sulawesi Barat,2023,,4,,9103240,1134950,3634180,,12.46753903,39.92183003,0,53.167,19.15,291296,743007,131.21,-.8463689262,.75,103.87,2.284588872,134.775,9.529999999999999,125.245,277.559,5.75,15213.029,,3
Maluku,Maluku,2023,,34,,8892790,583900,2086970,,6.56599335,23.46811293,0,53.167,7.73,117560.2,853254,131.21,-.8463689262,.75,104.18,2.701104101,26.168,73.71299999999999,-47.545,351.315,5.75,15213.029,,3
Maluku Utara,Maluku Utara,2023,,102,,12630300,3957850,1552500,,31.33615195,12.29186955,0,53.167,1750.8,26635009,634699,131.21,-.8463689262,.75,104.93,,2416.876,726.102,1690.774,213.472,5.75,15213.029,,3
Papua Barat,Papua Barat,2023,,15,,10204980,3961060,839930,,38.81497073,8.230589379,0,53.167,1.1,16710,560883,131.21,-.8463689262,.75,104.98,4.499303205,,,0,477.55,5.75,15213.029,,3
Papua Barat Daya,Papua Barat Daya,2023,,,,6004210,1233970,734280,,20.55174619,12.22941902,0,53.167,7.41,112690.5,,131.21,-.8463689262,.75,103.29,2.287581699,,,0,,5.75,15213.029,,3
Papua,Papua,2023,,7,,12407610,356260,1763850,,2.87130237,14.21587236,0,53.167,1.94,29580.2,2448947,131.21,-.8463689262,.75,103.27,1.523790798,,235.071,-235.071,987.107,5.75,15213.029,,3
Papua Selatan,Papua Selatan,2023,,,,4540980,284440,1083710,,6.26384613,23.86511282,0,53.167,41.56,632303.7,,131.21,-.8463689262,.75,105.12,4.889243664,,,0,,5.75,15213.029,,3
Papua Tengah,Papua Tengah,2023,,,,26350760,61760,949230,,.2343765417,3.602286993,0,53.167,243.73,3707833.5,,131.21,-.8463689262,.75,105.72,4.497380646,,,0,,5.75,15213.029,,3
Papua Pegunungan,Papua Pegunungan,2023,,,,3270680,28550,589000,,.872907163,18.00848753,0,53.167,,,,131.21,-.8463689262,.75,105.54,5.561112222,,,0,,5.75,15213.029,,3
Aceh,Aceh,2023,Desember,195,100,39211440,1667760,11593350,19189240,4.253248542,29.56624393,48.93786099,51.8,37.4,584278.3,2447345,130.77,-2.059616537,.04,104.78,2.896985171,107.21,75.096,32.114,605.397,6,15624.002,,4
Sumatera Utara,Sumatera Utara,2023,,1247,212,153716630,26002210,38563920,67177310,16.91567789,25.08766943,43.70204447,51.8,198.52,3101745.6,7549537,130.77,-2.059616537,.04,104.55,3.055692459,2554.383,1527.251,1027.132,4624.234,6,15624.002,,4
Sumatera Barat,Sumatera Barat,2023,,465,397,49005750,4402010,10928480,26966670,8.982639792000001,22.30040352,55.02756309,51.8,53.57,836913.7,2844925,130.77,-2.059616537,.04,105.39,3.404631083,589.934,111.757,478.177,1183.035,6,15624.002,,4
Riau,Riau,2023,,4063,45,140806470,44781180,37592170,25422040,31.80335392,26.69775757,18.0545965,51.8,110.76,1730461.3,3002334,130.77,-2.059616537,.04,105.12,3.139717425,4834.607,537.046,4297.561,2004.11,6,15624.002,,4
Jambi,Jambi,2023,,331,12,43009340,4380890,11417890,14631560,10.18590381,26.5474662,34.01949437,51.8,6.73,105148,1802264,130.77,-2.059616537,.04,104.52,2.702171563,543.596,18.524,525.072,910.398,6,15624.002,,4
Sumatera Selatan,Sumatera Selatan,2023,,188,3,91002430,16768470,13454530,29757920,18.42639806,14.784803,32.70013779,51.8,254.37,3974283.6,4399659,130.77,-2.059616537,.04,105.39,,1606.679,473.588,1133.091,3523.089,6,15624.002,,4
Bengkulu,Bengkulu,2023,,25,2,13363240,740600,3503780,7959740,5.542069139,26.21953957,59.56444695,51.8,37.35,583540.8,1069615,130.77,-2.059616537,.04,104.61,3.053886317,63.842,,63.842,537.372,6,15624.002,,4
Lampung,Lampung,2023,,75,,66782530,11673420,15159820,28670970,17.47975107,22.70027805,42.93184161,51.8,40.77,636995.2,4697658,130.77,-2.059616537,.04,106.16,3.895087101,1237.611,684.759,552.852,1572.644,6,15624.002,,4
Bangka Belitung,Bangka Belitung,2023,,207,19,15604770,3252760,2869310,6383290,20.84465199,18.38739052,40.90601784,51.8,6.14,95962.60000000001,749815,130.77,-2.059616537,.04,103.39,1.99270001,537.6849999999999,5.229,532.456,263.634,6,15624.002,,4
Kepulauan Riau,Kepulauan Riau,2023,,683,221,52685000,21662370,1572490,12604440,41.11676948,2.984701528,23.92415298,51.8,144.63,2259649.4,1019356,130.77,-2.059616537,.04,104.59,2.619701727,4227.321,4029.17,198.151,1885.705,6,15624.002,,4
DKI Jakarta,DKI Jakarta,2023,,2413,257,524691340,59433060,392660,407072810,11.32724241,.07483637904,77.58329116,51.8,1073.31,16769461.3,5072737,130.77,-2.059616537,.04,103.73,1.955966188,2931.474,24984.013,-22052.539,65491.028,6,15624.002,,4
Jawa Barat,Jawa Barat,2023,,19217,1672,426628760,181661960,25341840,176487680,42.58080491,5.940021484,41.36797529,51.8,1974.24,30845555.6,23503598,130.77,-2.059616537,.04,105.16,3.108147858,9000.944,1961.327,7039.617,17232.37,6,15624.002,,4
Jawa Tengah,Jawa Tengah,2023,,9435,61,279014540,91602950,28603690,120798240,32.83088759,10.25168437,43.29460393,51.8,404.91,6326269.2,19988875,130.77,-2.059616537,.04,104.96,3.083873502,2619.145,3662.579,-1043.434,15269.515,6,15624.002,,4
DI Yogyakarta,DI Yogyakarta,2023,,928,90,30396930,3374230,1986640,21554840,11.1005618,6.535660016,70.91124005,51.8,18.66,291489.2,2139710,130.77,-2.059616537,.04,104.8,,125.157,4.597,120.56,1330.34,6,15624.002,,4
Jawa Timur,Jawa Timur,2023,,2498,324,465238250,142584450,37366790,219655870,30.64761979,8.031753623,47.21363087,51.8,1643.83,25683268.3,22703177,130.77,-2.059616537,.04,105.1,2.92821467,6215.591,7614.693,-1399.102,16565.584,6,15624.002,,4
Banten,Banten,2023,,11140,2364,129362170,42685940,6277620,,32.99723559,4.852747909,0,51.8,1011.86,15809375.8,5516656,130.77,-2.059616537,.04,104.11,2.824691358,3080.711,4220.989,-1140.278,3384.366,6,15624.002,,4
Bali,Bali,2023,,145,53,41668400,2548400,5613150,,6.115905578,13.47099961,0,51.8,197.85,3091246.2,2617816,130.77,-2.059616537,.04,104.9,3.004713276,157.789,31.509,126.28,1466.399,6,15624.002,,4
Nusa Tenggara Barat,Nusa Tenggara Barat,2023,,90,,26862830,1225980,5095050,,4.563852729,18.96691451,0,51.8,141.95,2217838,2892982,130.77,-2.059616537,.04,105.06,3.020200039,887.239,278.895,608.3440000000001,719.276,6,15624.002,,4
Nusa Tenggara Timur,Nusa Tenggara Timur,2023,,108,98,19700210,239030,5212010,,1.21333732,26.45662153,0,51.8,10.93,170759.4,2896901,130.77,-2.059616537,.04,104.65,2.728968293,24.097,26.114,-2.017,728.018,6,15624.002,,4
Kalimantan Barat,Kalimantan Barat,2023,,459,,39874870,6460660,9011470,,16.20233495,22.59937148,0,51.8,81.23,1269150.2,2775245,130.77,-2.059616537,.04,104.69,2.486539403,525.351,126.916,398.435,1257.449,6,15624.002,,4
Kalimantan Tengah,Kalimantan Tengah,2023,,405,17,30440040,4578410,6125580,,15.04074896,20.12342954,0,51.8,89.83,1403485.3,1349875,130.77,-2.059616537,.04,105.09,2.958753796,1246.119,15.767,1230.352,633.359,6,15624.002,,4
Kalimantan Selatan,Kalimantan Selatan,2023,,2284,83,38482540,4786710,4341180,,12.438654,11.28090817,0,51.8,40.85,638209.2,2079681,130.77,-2.059616537,.04,104.62,2.558572689,3443.027,516.4109999999999,2926.616,1421.494,6,15624.002,,4
Kalimantan Timur,Kalimantan Timur,2023,,2010,367,138804580,25937290,8723630,,18.68619177,6.284828642,0,51.8,414.09,6469664.7,1847295,130.77,-2.059616537,.04,105.02,2.950691109,6773.36,1611.655,5161.705,1907.525,6,15624.002,,4
Kalimantan Utara,Kalimantan Utara,2023,,1937,171,18097800,1510980,3136370,,8.348970593000001,17.33011747,0,51.8,720.25,11253245,372270,130.77,-2.059616537,.04,103.67,2.027359512,472.917,283.762,189.155,,6,15624.002,,4
Sulawesi Utara,Sulawesi Utara,2023,,38,4,27260910,2969010,5197020,,10.89108911,19.06400043,0,51.8,53.85,841382.2,1250948,130.77,-2.059616537,.04,105.38,3.689855358,225.402,66.08799999999999,159.314,1207.156,6,15624.002,,4
Sulawesi Tengah,Sulawesi Tengah,2023,,2610,199,51164310,18957470,8318800,,37.05213654,16.25898991,0,51.8,1803.91,28184231.9,1547169,130.77,-2.059616537,.04,105.22,3.207454635,4792.718,2629.424,2163.294,840.205,6,15624.002,,4
Sulawesi Selatan,Sulawesi Selatan,2023,,766,13,96543350,13161240,15600080,,13.63246666,16.15862719,0,51.8,95.79000000000001,1496604.4,4490983,130.77,-2.059616537,.04,104.44,2.452422994,536.388,214.466,321.922,4346.407,6,15624.002,,4
Sulawesi Tenggara,Sulawesi Tenggara,2023,,146,8,28995200,2803640,6459530,,9.669324577999999,22.27792876,0,51.8,150.33,2348757.7,1351640,130.77,-2.059616537,.04,105.26,2.492697176,1385.06,478.941,906.119,580.746,6,15624.002,,4
Gorontalo,Gorontalo,2023,,483,135,8079310,343980,2845780,,4.257541795,35.22305741,0,51.8,7.8,121901.6,631521,130.77,-2.059616537,.04,105.94,4.005497742,8.227,2.489,5.738,943.272,6,15624.002,,4
Sulawesi Barat,Sulawesi Barat,2023,,9,5,9014230,1062070,3405900,,11.78214889,37.78359327,0,51.8,.92,14342.8,743007,130.77,-2.059616537,.04,104.87,2.74321544,131.553,1.789,129.764,259.589,6,15624.002,,4
Maluku,Maluku,2023,,73,,9079010,577170,2146000,,6.357190927,23.63693839,0,51.8,63.85,997630,853254,130.77,-2.059616537,.04,105.22,3.705893948,31.419,123.83,-92.411,358.886,6,15624.002,,4
Maluku Utara,Maluku Utara,2023,,160,,13024600,3983050,1573730,,30.58097753,12.0827511,0,51.8,1281.16,20016828.8,634699,130.77,-2.059616537,.04,105.66,,2944.257,830.596,2113.661,226.416,6,15624.002,,4
Papua Barat,Papua Barat,2023,,15,,10537320,4137510,840400,,39.26529706,7.975462452,0,51.8,3.47,54195,560883,130.77,-2.059616537,.04,104.84,2.663533098,,10.792,-10.792,414.718,6,15624.002,,4
Papua Barat Daya,Papua Barat Daya,2023,,,,6188440,1239400,759560,,20.02766448,12.27385254,0,51.8,10.76,168117.4,,130.77,-2.059616537,.04,103.31,2.135442412,,,0,,6,15624.002,,4
Papua,Papua,2023,,7,,12929580,370860,1755710,,2.868306627,13.57901803,0,51.8,2.32,36299.2,2448947,130.77,-2.059616537,.04,103.31,1.25453298,,206.536,-206.536,957.275,6,15624.002,,4
Papua Selatan,Papua Selatan,2023,,,,4798170,288200,1125390,,6.006456628,23.45456705,0,51.8,19.83,309839.6,,130.77,-2.059616537,.04,105.42,4.469329105,,,0,,6,15624.002,,4
Papua Tengah,Papua Tengah,2023,,,,28267290,63010,975040,,.2229078203,3.449357897,0,51.8,250.98,3921313.5,,130.77,-2.059616537,.04,106.16,3.986678421,,,0,,6,15624.002,,4
Papua Pegunungan,Papua Pegunungan,2023,,,,3439820,29880,598250,,.8686501038,17.39189841,0,51.8,,,,130.77,-2.059616537,.04,105.95,3.984689371,,,0,,6,15624.002,,4
Aceh,Aceh,2024,Maret,133,133,36699900,1560830,10485600,18688650,4.252954368,28.57119502,50.9228908,53.267,15.01,235124,2455387,131.25,-2.438117892,-2.44,106.04,2.573031534,144.662,57.972,86.69,656.372,6,15624.002,,1
Sumatera Utara,Sumatera Utara,2024,,508,508,152816100,26048910,38680180,66661850,17.0459199,25.31158693,43.62226886,53.267,250.98,3930196.4,7592278,131.25,-2.438117892,-2.44,105.98,2.773467804,2310.825,1360.586,950.239,5143.804,6,15659.587,,1
Sumatera Barat,Sumatera Barat,2024,,1,,48715910,4394430,10403050,27566640,9.020523275,21.35452258,56.58652379,53.267,20.21,316547.6,2907452,131.25,-2.438117892,-2.44,106.67,3.272340014,463.336,134.306,329.03,1498.468,6,15659.587,,1
Riau,Riau,2024,,406,233,138874770,44690440,36692520,24447690,32.18038813,26.42130028,17.60412637,53.267,449.11,7032838.3,3098757,131.25,-2.438117892,-2.44,106.45,2.929800812,4133.865,517.535,3616.33,2243.65,6,15659.587,,1
Jambi,Jambi,2024,,,,41966570,4223790,11149040,13997500,10.06465384,26.56647899,33.35392909,53.267,45.78,716935.1,1773536,131.25,-2.438117892,-2.44,106.2,3.337549869,564.207,7.437,556.77,990.38,6,15659.587,,1
Sumatera Selatan,Sumatera Selatan,2024,,,,91015660,16897940,14690570,29557120,18.56596986,16.1407059,32.47476313,53.267,255.5,4001043.5,4375447,131.25,-2.438117892,-2.44,105.75,3.241237919,1389.906,644.1900000000001,745.716,3696.001,6,15659.587,,1
Bengkulu,Bengkulu,2024,,,,13024240,700360,3459130,7760030,5.377357911,26.55916967,59.58144199,53.267,5.62,87981.8,1080744,131.25,-2.438117892,-2.44,105.87,3.358391096,58.76,,58.76,544.563,6,15659.587,,1
Lampung,Lampung,2024,,,,65953820,12046610,14588580,28741660,18.26521951,22.11938596,43.57846141,53.267,49.37,773035.6,4836334,131.25,-2.438117892,-2.44,106.96,3.342995169,1163.502,536.287,627.215,1661.75,6,15659.587,,1
Bangka Belitung,Bangka Belitung,2024,,25,16,14475760,2819740,2894290,6164220,19.47904635,19.99404522,42.58304918,53.267,12.56,196640.6,787140,131.25,-2.438117892,-2.44,103.88,1.623948347,176.532,1.059,175.473,289.322,6,15659.587,,1
Kepulauan Riau,Kepulauan Riau,2024,,82,20,51214520,21683040,1465960,12511880,42.3376808,2.862391369,24.43033733,53.267,548.5599999999999,8590250.1,1003393,131.25,-2.438117892,-2.44,105.7,3.132012879,4429.687,3730.881,698.806,1891.981,6,15659.587,,1
DKI Jakarta,DKI Jakarta,2024,,5225,1574,528123900,58378610,382270,,11.05396101,.07238263597,0,53.267,1540.15,24118095.3,5106782,131.25,-2.438117892,-2.44,104.39,2.043010753,2746.326,23994.43,-21248.104,67623.024,6,15659.587,,1
Jawa Barat,Jawa Barat,2024,,1690,1036,427968810,184810190,24520500,,43.18309785,5.729506316,0,53.267,2738.89,42889894.7,24086585,131.25,-2.438117892,-2.44,106.26,3.19510537,9143.766,1688.743,7455.023,17391.479,6,15659.587,,1
Jawa Tengah,Jawa Tengah,2024,,2955,69,284067440,94411970,32467580,,33.23575909,11.42953237,0,53.267,390.28,6111545.6,20409224,131.25,-2.438117892,-2.44,105.84,3.027353256,2847.328,3768.321,-920.9930000000001,16945.911,6,15659.587,,1
DI Yogyakarta,DI Yogyakarta,2024,,,,30680710,3523550,2488200,,11.48457777,8.109981809000001,0,53.267,6.85,107193,2133609,131.25,-2.438117892,-2.44,105.66,2.762108539,123.69,23.814,99.876,1470.019,6,15659.587,,1
Jawa Timur,Jawa Timur,2024,,186,67,470633160,145984740,39055700,,31.01879604,8.298544029,0,53.267,1075.14,16836304,23236078,131.25,-2.438117892,-2.44,105.98,2.773467804,6439.469,7408.377,-968.908,16946.013,6,15659.587,,1
Banten,Banten,2024,,927,919,130447140,44010890,6457840,,33.73848595,4.950541652,0,53.267,1005.2,15740962.8,5625335,131.25,-2.438117892,-2.44,105.3,2.93255132,3112.716,4093.175,-980.4589999999999,3703.165,6,15659.587,,1
Bali,Bali,2024,,1,,39719300,2708040,5117270,,6.817944929,12.88358556,0,53.267,499.61,7823653.8,2662802,131.25,-2.438117892,-2.44,106.07,3.090679366,169.198,39.732,129.466,1484.186,6,15659.587,,1
Nusa Tenggara Barat,Nusa Tenggara Barat,2024,,,,26497590,1022180,5377820,,3.857633845,20.29550612,0,53.267,163.87,2566094.4,2930313,131.25,-2.438117892,-2.44,106.1,3.169972773,574.841,362.247,212.594,924.258,6,15659.587,,1
Nusa Tenggara Timur,Nusa Tenggara Timur,2024,,27,,18501000,254710,5000940,,1.376736393,27.03064699,0,53.267,29.77,466198.5,2963778,131.25,-2.438117892,-2.44,106.01,2.544012382,17.875,8.957000000000001,8.917999999999999,944.324,6,15659.587,,1
Kalimantan Barat,Kalimantan Barat,2024,,,,39670920,6125370,9447090,,15.44045361,23.81363981,0,53.267,127.33,1993858.6,2756918,131.25,-2.438117892,-2.44,105.58,2.60447036,457.527,184.709,272.818,1361.592,6,15659.587,,1
Kalimantan Tengah,Kalimantan Tengah,2024,,61,61,28544800,4618300,5904530,,16.17912895,20.68513354,0,53.267,85.34,1336378.3,1379832,131.25,-2.438117892,-2.44,105.66,2.862149533,1143.163,26.256,1116.907,779.415,6,15659.587,,1
Kalimantan Selatan,Kalimantan Selatan,2024,,,,36488710,4670780,4039070,,12.80061696,11.06936913,0,53.267,109.18,1709787.4,2098388,131.25,-2.438117892,-2.44,105.88,2.547215496,2995.883,631.1130000000001,2364.77,1571.163,6,15659.587,,1
Kalimantan Timur,Kalimantan Timur,2024,,,,139022290,25811950,8766540,,18.56677084,6.305852105,0,53.267,320.52,5019162.5,1893994,131.25,-2.438117892,-2.44,105.95,3.094288216,6291.278,1017.267,5274.011,2060.234,6,15659.587,,1
Kalimantan Utara,Kalimantan Utara,2024,,,,17641730,1480820,3105240,,8.393847996,17.60167512,0,53.267,316.62,4958105.8,344064,131.25,-2.438117892,-2.44,104.7,2.316036353,390.994,304.243,86.751,,6,15659.587,,1
Sulawesi Utara,Sulawesi Utara,2024,,,,25165610,2862950,5003710,,11.37643792,19.88312622,0,53.267,41.26,646088,1257188,131.25,-2.438117892,-2.44,106.3,3.727556596,172.058,50.868,121.19,1181.461,6,15659.587,,1
Sulawesi Tengah,Sulawesi Tengah,2024,,,,48786210,18120630,8091440,,37.14293445,16.58550644,0,53.267,1742.12,27280867,1525658,131.25,-2.438117892,-2.44,106.39,3.241145075,4844.47,2607.185,2237.285,858.478,6,15659.587,,1
Sulawesi Selatan,Sulawesi Selatan,2024,,40,36,92039100,12649460,16951160,,13.74357203,18.41734654,0,53.267,50.01,783100,4477301,131.25,-2.438117892,-2.44,105.7,2.691149325,494.958,273.696,221.262,4705.457,6,15659.587,,1
Sulawesi Tenggara,Sulawesi Tenggara,2024,,101,29,26974380,2678960,6229680,,9.931497962,23.09480329,0,53.267,103.34,1618263.4,1355014,131.25,-2.438117892,-2.44,105.77,2.759156708,1013.173,583.067,430.106,644.702,6,15659.587,,1
Gorontalo,Gorontalo,2024,,18,,7967090,340050,2783590,,4.268183239,34.93860368,0,53.267,7.16,112105.4,633463,131.25,-2.438117892,-2.44,105.94,4.087247003,12.482,17.884,-5.402,883.76,6,15659.587,,1
Sulawesi Barat,Sulawesi Barat,2024,,,,8761670,990340,3368110,,11.30309633,38.44141585,0,53.267,.61,9613.4,749904,131.25,-2.438117892,-2.44,105.49,2.407533249,105.769,.376,105.393,293.482,6,15659.587,,1
Maluku,Maluku,2024,,9,,8929100,618240,2121240,,6.923878106,23.75648162,0,53.267,63.81,999249.3,892547,131.25,-2.438117892,-2.44,104.84,3.300817815,22.301,109.352,-87.051,397.919,6,15659.587,,1
Maluku Utara,Maluku Utara,2024,,,,12473200,3599450,1552000,,28.85747042,12.4426771,0,53.267,1025.38,16056992.1,642047,131.25,-2.438117892,-2.44,106.56,3.536727555,2110.512,813.623,1296.889,234.696,6,15659.587,,1
Papua Barat,Papua Barat,2024,,,,10327580,4048490,815720,,39.20076146,7.898462176,0,53.267,77.65000000000001,1215960.7,304467,131.25,-2.438117892,-2.44,106.21,3.811944091,,7.743,-7.743,456.264,6,15659.587,,1
Papua Barat Daya,Papua Barat Daya,2024,,,,6065410,1273170,685500,,20.99066675,11.30179163,0,53.267,13.31,208396.2,295276,131.25,-2.438117892,-2.44,103.6,1.568627451,,.762,-.762,,6,15659.587,,1
Papua,Papua,2024,,,,12587870,366110,1712280,,2.908434866,13.60261903,0,53.267,5.2,81371.89999999999,480381,131.25,-2.438117892,-2.44,103.28,1.843999606,,1.179,-1.179,1088.967,6,15659.587,,1
Papua Selatan,Papua Selatan,2024,,,,4651020,280790,1109680,,6.037170341,23.85885247,0,53.267,26.5,414954,210289,131.25,-2.438117892,-2.44,106.61,4.274256651,,,0,,6,15659.587,,1
Papua Tengah,Papua Tengah,2024,,,,27544360,61240,964520,,.2223322669,3.501696899,0,53.267,411.34,6441349.1,819313,131.25,-2.438117892,-2.44,107.12,4.192199202,,105.45,-105.45,,6,15659.587,,1
Papua Pegunungan,Papua Pegunungan,2024,,,,3353470,29510,589200,,.8799840166,17.56986047,0,53.267,,,998028,131.25,-2.438117892,-2.44,106.83,3.048133501,,,0,,6,15659.587,,1
Aceh,Aceh,2024,Juni,203,5,37724760,1622430,9830840,19714690,4.300703305,26.05938381,52.25928541,51.9,8.6,139131.4,2455387,132.09,.007571168988,.01,106.8,3.188405797,171.038,129.215,41.823,657.753,6.25,16171.111,,2
Sumatera Utara,Sumatera Utara,2024,,539,4,157315560,27006580,39619780,68964090,17.16713846,25.1849086,43.83806027,51.9,375.64,6074545.3,7592278,132.09,.007571168988,.01,106.81,3.85026738,2454.779,1392.12,1062.659,5299.2,6.25,16171.111,,2
Sumatera Barat,Sumatera Barat,2024,,327,322,49750030,4430700,10456930,28413760,8.905924278000001,21.0189421,57.11305099,51.9,16.63,268915.9,2907452,132.09,.007571168988,.01,107.64,4.01004928,553.563,99.504,454.059,1589.19,6.25,16171.111,,2
Riau,Riau,2024,,833,26,141070140,44540270,37678150,26530950,31.57313801,26.70880599,18.80692115,51.9,402.97,6516414.5,3098757,132.09,.007571168988,.01,107.35,3.98101511,4315.313,422.704,3892.609,2288.206,6.25,16171.111,,2
Jambi,Jambi,2024,,100,18,44127750,4395610,11896760,14858210,9.961101574000001,26.95981554,33.6708987,51.9,10.13,163878,1773536,132.09,.007571168988,.01,106.91,3.605000485,579.7190000000001,10.314,569.405,1016.284,6.25,16171.111,,2
Sumatera Selatan,Sumatera Selatan,2024,,,,95073400,17119250,15396590,31083580,18.00635088,16.19442452,32.69429725,51.9,350,5659827.5,4375447,132.09,.007571168988,.01,106.42,2.861009086,1556.708,465.474,1091.234,2501.15,6.25,16171.111,,2
Bengkulu,Bengkulu,2024,,,,13908320,755690,3767100,8383800,5.433366503,27.08522668,60.27902723,51.9,9.609999999999999,155449.7,1080744,132.09,.007571168988,.01,106.64,3.65474339,34.848,,34.848,547.297,6.25,16171.111,,2
Lampung,Lampung,2024,,23,5,72361110,12445180,19550860,29789330,17.19871351,27.01846337,41.16759679,51.9,27.66,447357.6,4836334,132.09,.007571168988,.01,107.36,3.171247357,1102.879,620.224,482.655,1630.831,6.25,16171.111,,2
Bangka Belitung,Bangka Belitung,2024,,1527,104,15353580,3029030,2934060,6621980,19.72849329,19.10994048,43.1298759,51.9,13.19,213290.5,787140,132.09,.007571168988,.01,104.27,1.420095321,414.83,1.455,413.375,291.443,6.25,16171.111,,2
Kepulauan Riau,Kepulauan Riau,2024,,341,25,51528700,21544190,1418710,13620310,41.81007866,2.753242368,26.43247355,51.9,253.42,4098034.5,1003393,132.09,.007571168988,.01,106.36,3.422792688,4662.946,4255.898,407.048,1971.591,6.25,16171.111,,2
DKI Jakarta,DKI Jakarta,2024,,7469,1895,535407980,57825620,364840,,10.80029102,.06814242851,0,51.9,1865.87,30173213.9,5106782,132.09,.007571168988,.01,105.05,2.139037433,3005.995,24916.621,-21910.626,71633.586,6.25,16171.111,,2
Jawa Barat,Jawa Barat,2024,,5155,828,436974120,182634580,31413790,,41.79528527,7.18893604,0,51.9,2537.11,41027954.2,24086585,132.09,.007571168988,.01,106.84,2.740648139,8839.998,1155.774,7684.224,17288.269,6.25,16171.111,,2
Jawa Tengah,Jawa Tengah,2024,,4275,480,288512730,92663370,35488660,,32.11760188,12.30055256,0,51.9,612.67,9907591.9,20409224,132.09,.007571168988,.01,106.42,2.722007722,2658.986,3804.733,-1145.747,18555.727,6.25,16171.111,,2
DI Yogyakarta,DI Yogyakarta,2024,,292,155,30937080,3475540,2415610,,11.2342212,7.808138325,0,51.9,9.06,146447.2,2133609,132.09,.007571168988,.01,106.05,2.49347637,122.224,.011,122.213,1648.185,6.25,16171.111,,2
Jawa Timur,Jawa Timur,2024,,819,65,484114960,144396560,49910910,,29.82691549,10.30972272,0,51.9,765.91,12385593.1,23236078,132.09,.007571168988,.01,106.71,2.763867488,5765.968,7173.049,-1407.081,16812.683,6.25,16171.111,,2
Banten,Banten,2024,,6135,276,132081230,43839340,6947430,,33.19119605,5.259967673,0,51.9,1347.41,21789102.4,5625335,132.09,.007571168988,.01,106.21,2.926640178,2819.171,3549.378,-730.207,4112.003,6.25,16171.111,,2
Bali,Bali,2024,,19,17,42236170,2754440,5474140,,6.521519352,12.96078693,0,51.9,210.62,3405881.8,2662802,132.09,.007571168988,.01,107.01,3.421281531,153.568,36.072,117.496,1640.424,6.25,16171.111,,2
Nusa Tenggara Barat,Nusa Tenggara Barat,2024,,,,28061060,1065460,6163960,,3.796934257,21.96624076,0,51.9,11.19,180987.1,2930313,132.09,.007571168988,.01,106.41,2.732187681,840.711,292.218,548.4930000000001,1113.546,6.25,16171.111,,2
Nusa Tenggara Timur,Nusa Tenggara Timur,2024,,27,,19760100,257070,5558410,,1.300954955,28.12946291,0,51.9,19.92,322147.9,2963778,132.09,.007571168988,.01,105.93,2.091364688,18.329,17.653,.676,1311.51,6.25,16171.111,,2
Kalimantan Barat,Kalimantan Barat,2024,,785,,40214060,6204780,8624910,,15.42937967,21.44749871,0,51.9,139.75,2259878.8,2756918,132.09,.007571168988,.01,106.58,2.609030519,474.604,132.576,342.028,1674.727,6.25,16171.111,,2
Kalimantan Tengah,Kalimantan Tengah,2024,,298,131,28994770,4496810,5943250,,15.50903835,20.49766216,0,51.9,130.79,2115013.2,1379832,132.09,.007571168988,.01,106.78,2.64346823,1011.547,6.315,1005.232,803.783,6.25,16171.111,,2
Kalimantan Selatan,Kalimantan Selatan,2024,,246,87,39231130,4676450,5495670,,11.92025313,14.00844177,0,51.9,81.3,1314743.7,2098388,132.09,.007571168988,.01,106.96,2.658604473,2780.436,475.704,2304.732,1514.584,6.25,16171.111,,2
Kalimantan Timur,Kalimantan Timur,2024,,109,109,141337700,25677220,8775770,,18.16728304,6.209079389,0,51.9,268.46,4341377.4,1893994,132.09,.007571168988,.01,107.14,3.168030814,6273.74,1110.653,5163.087,1893.908,6.25,16171.111,,2
Kalimantan Utara,Kalimantan Utara,2024,,78,78,18068610,1541880,3096320,,8.533473244,17.13645931,0,51.9,470.86,7614274.4,344064,132.09,.007571168988,.01,105.52,2.416771814,428.315,226.755,201.56,,6.25,16171.111,,2
Sulawesi Utara,Sulawesi Utara,2024,,27,,26583020,2806570,5267640,,10.55775454,19.81580723,0,51.9,22.35,361455.1,1257188,132.09,.007571168988,.01,107.12,4.263188631,202.735,51.923,150.812,1148.333,6.25,16171.111,,2
Sulawesi Tengah,Sulawesi Tengah,2024,,1812,165,52131730,20597430,8406050,,39.51035195,16.12463273,0,51.9,2114.83,34199076.7,1525658,132.09,.007571168988,.01,107.11,3.10935695,5450.537,2656.803,2793.734,842.325,6.25,16171.111,,2
Sulawesi Selatan,Sulawesi Selatan,2024,,227,25,99634190,12822750,20635430,,12.86982912,20.71119362,0,51.9,101.99,1649265.8,4477301,132.09,.007571168988,.01,106.06,2.354757769,500.922,251.64,249.282,4806.154,6.25,16171.111,,2
Sulawesi Tenggara,Sulawesi Tenggara,2024,,348,22,27766800,2499580,6443930,,9.002045608,23.20731953,0,51.9,91.55,1480389.2,1355014,132.09,.007571168988,.01,106.82,2.612872238,960.486,460.409,500.077,602.885,6.25,16171.111,,2
Gorontalo,Gorontalo,2024,,18,,8180820,328880,2918270,,4.020134901,35.67209644,0,51.9,3.04,49153.7,633463,132.09,.007571168988,.01,106.86,4.488119683,9.055999999999999,4.962,4.094,660.649,6.25,16171.111,,2
Sulawesi Barat,Sulawesi Barat,2024,,,,9392130,1025270,3744720,,10.91626713,39.87082802,0,51.9,.28,4557,749904,132.09,.007571168988,.01,105.77,1.868438794,112.869,.931,111.938,281.717,6.25,16171.111,,2
Maluku,Maluku,2024,,32,,9162070,529720,2041870,,5.781662877,22.28612093,0,51.9,1.23,19956.8,892547,132.09,.007571168988,.01,106.18,3.097388096,23.763,124.182,-100.419,452.318,6.25,16171.111,,2
Maluku Utara,Maluku Utara,2024,,,,13562900,4469960,1606100,,32.9572584,11.84186273,0,51.9,1792.94,28993754.5,642047,132.09,.007571168988,.01,107.7,3.141160697,2868.379,1072.022,1796.357,429.032,6.25,16171.111,,2
Papua Barat,Papua Barat,2024,,,,13134010,5851090,833270,,44.5491514,6.344368552,0,51.9,137.61,2225334.1,304467,132.09,.007571168988,.01,107.65,3.959439884,,.001,-.001,505.65,6.25,16171.111,,2
Papua Barat Daya,Papua Barat Daya,2024,,,,6243560,1303230,695580,,20.87318773,11.14075944,0,51.9,27.76,448958.6,295276,132.09,.007571168988,.01,104.74,1.867340984,,4.367,-4.367,,6.25,16171.111,,2
Papua,Papua,2024,,,,12807000,372640,1755570,,2.90965878,13.70789412,0,51.9,.51,8305.5,480381,132.09,.007571168988,.01,104.66,1.799435853,,4.177,-4.177,1103.962,6.25,16171.111,,2
Papua Selatan,Papua Selatan,2024,,,,4730190,287520,1102720,,6.07840277,23.3123828,0,51.9,30.74,497054.7,210289,132.09,.007571168988,.01,107.89,3.076335149,,0,0,,6.25,16171.111,,2
Papua Tengah,Papua Tengah,2024,,,,25967650,62430,968200,,.2404145158,3.72848525,0,51.9,224.46,3629772.5,819313,132.09,.007571168988,.01,109.67,4.716891053,,112.366,-112.366,,6.25,16171.111,,2
Papua Pegunungan,Papua Pegunungan,2024,,,,3463800,29180,608600,,.8424273919,17.57029852,0,51.9,,,998028,132.09,.007571168988,.01,109.36,3.97413957,,,0,,6.25,16171.111,,2
Aceh,Aceh,2024,September,311,83,38501180,1661340,10067370,20010110,4.315036578,26.14821156,51.97271876,49.133,10.01,158116.5,2508354,132.3,.8307293651,.83,106.64,2.096696984,187.832,124.349,63.483,697.438,6.17,15798.695,,3
Sumatera Utara,Sumatera Utara,2024,,539,,160851480,27790130,40432140,70105480,17.27688797,25.1363183,43.58398194,49.133,395.27,6244682.2,7723364,132.3,.8307293651,.83,105.7,1.781415503,2946.263,1523.859,1422.404,5048.966,6.17,15798.695,,3
Sumatera Barat,Sumatera Barat,2024,,419,56,49968300,4565050,10570260,28109030,9.135892156000001,21.15393159,56.25372486,49.133,18.06,285365.5,2924753,132.3,.8307293651,.83,106.49,2.06057121,523.073,122.648,400.425,1487.931,6.17,15798.695,,3
Riau,Riau,2024,,1051,112,145530510,46519630,40006170,24651010,31.96555142,27.48988511,16.93872302,49.133,319.59,5049109.6,3159367,132.3,.8307293651,.83,106.13,1.861982916,4443.858,545.276,3898.582,2324.375,6.17,15798.695,,3
Jambi,Jambi,2024,,211,,45184400,4583190,12151840,14980620,10.14330167,26.89388373,33.15440727,49.133,9.279999999999999,146602.4,1833267,132.3,.8307293651,.83,105.93,2.189851437,563.8390000000001,14.88,548.9589999999999,991.296,6.17,15798.695,,3
Sumatera Selatan,Sumatera Selatan,2024,,273,273,97418480,17208310,15751690,31185460,17.6643179,16.16909851,32.01185237,49.133,318.03,5024490.5,4480100,132.3,.8307293651,.83,105.93,1.689545935,1820.611,594.509,1226.102,2470.159,6.17,15798.695,,3
Bengkulu,Bengkulu,2024,,46,46,13550240,746280,3526340,8144590,5.507503926,26.0241885,60.10661066,49.133,5.82,91937.3,1101234,132.3,.8307293651,.83,105.74,2.036089935,40.63,,40.63,480.656,6.17,15798.695,,3
Lampung,Lampung,2024,,60,31,72903890,13733750,18431760,30002900,18.83815802,25.28227232,41.15404542,49.133,49.3,778913.6,4787589,132.3,.8307293651,.83,107.2,2.338902148,1533.419,411.39,1122.029,1695.075,6.17,15798.695,,3
Bangka Belitung,Bangka Belitung,2024,,1843,36,15221760,3123000,2852610,6265560,20.51668138,18.74034277,41.16186302,49.133,11.49,181490.7,766084,132.3,.8307293651,.83,103.69,.7775294003,534.952,6.885,528.067,296.452,6.17,15798.695,,3
Kepulauan Riau,Kepulauan Riau,2024,,573,33,51801360,21289310,1295740,13184300,41.09797503,2.501362899,25.45164837,49.133,757.51,11967666.2,1049087,132.3,.8307293651,.83,106.23,2.657518361,4779.818,4378.112,401.706,2000.272,6.17,15798.695,,3
DKI Jakarta,DKI Jakarta,2024,,11210,3741,536638700,59205070,378880,,11.03257555,.07060243698,0,49.133,2718.04,42941500.4,5107775,132.3,.8307293651,.83,105.03,1.88185081,3832.698,30504.301,-26671.603,69125.25,6.17,15798.695,,3
Jawa Barat,Jawa Barat,2024,,7401,1191,439117660,187696840,29016990,,42.74408822,6.60802164,0,49.133,2173.92,34345173,24417110,132.3,.8307293651,.83,106.8,2.240091901,10115.562,1109.976,9005.585999999999,18613.126,6.17,15798.695,,3
Jawa Tengah,Jawa Tengah,2024,,11229,-3483,291546530,92910080,34763250,,31.86801091,11.92373993,0,49.133,661.53,10451269.5,20861393,132.3,.8307293651,.83,105.97,1.737711214,2931.35,3776.944,-845.5940000000001,18088.237,6.17,15798.695,,3
DI Yogyakarta,DI Yogyakarta,2024,,1052,585,31033270,3417440,2294270,,11.01218144,7.392936677,0,49.133,13.63,215391.5,2182769,132.3,.8307293651,.83,105.82,2.113287658,140.861,.01,140.851,1700.151,6.17,15798.695,,3
Jawa Timur,Jawa Timur,2024,,1553,501,492427890,148427450,51129860,,30.14196657,10.38321773,0,49.133,925.5599999999999,14622625.8,23361110,132.3,.8307293651,.83,106.32,1.975829657,6858.547,7790,-931.453,16194.09,6.17,15798.695,,3
Banten,Banten,2024,,10266,3907,133354820,44831190,6756560,,33.61797496,5.066603517,0,49.133,848.72,13408608.3,5797923,132.3,.8307293651,.83,105.64,2.265246854,2989.093,3553.752,-564.659,4250.203,6.17,15798.695,,3
Bali,Bali,2024,,30,11,42412580,2772550,5347890,,6.537093476,12.60920699,0,49.133,552.75,8732771.300000001,2665421,132.3,.8307293651,.83,106.81,2.504798464,158.136,38.305,119.831,1590.031,6.17,15798.695,,3
Nusa Tenggara Barat,Nusa Tenggara Barat,2024,,105,105,28126770,1495080,6215280,,5.315505478,22.09738267,0,49.133,332.38,5251097.5,3105549,132.3,.8307293651,.83,105.78,1.887882874,902.237,142.963,759.274,1241.937,6.17,15798.695,,3
Nusa Tenggara Timur,Nusa Tenggara Timur,2024,,27,,19499090,244490,5254300,,1.253853385,26.9463857,0,49.133,40.17,634706.2,3024462,132.3,.8307293651,.83,105.17,1.04727133,18.418,9.975,8.443,1522.487,6.17,15798.695,,3
Kalimantan Barat,Kalimantan Barat,2024,,786,,40827230,6245720,8904080,,15.29792739,21.80917001,0,49.133,157.91,2494809.8,2863521,132.3,.8307293651,.83,105.88,1.612284069,568.424,200.969,367.455,1680.456,6.17,15798.695,,3
Kalimantan Tengah,Kalimantan Tengah,2024,,709,31,29355170,4326260,6114630,,14.73764247,20.82982316,0,49.133,102.71,1622666.6,1402275,132.3,.8307293651,.83,105.69,1.342410586,822.581,13.23,809.351,786.417,6.17,15798.695,,3
Kalimantan Selatan,Kalimantan Selatan,2024,,246,,40581620,4749630,6278250,,11.70389452,15.47067367,0,49.133,206.17,3257204.3,2129276,132.3,.8307293651,.83,106.03,1.844203247,2736.134,506.903,2229.231,1573.75,6.17,15798.695,,3
Kalimantan Timur,Kalimantan Timur,2024,,329,74,143165780,26250490,8762510,,18.33572939,6.120533831,0,49.133,555.43,8775130.699999999,1976447,132.3,.8307293651,.83,106.69,2.154346993,6017.499,1240.263,4777.236,2156.651,6.17,15798.695,,3
Kalimantan Utara,Kalimantan Utara,2024,,599,489,18461530,1553720,3177440,,8.415987190999999,17.21114122,0,49.133,321.08,5072684.4,378361,132.3,.8307293651,.83,105.34,1.777777778,358.624,203.411,155.213,,6.17,15798.695,,3
Sulawesi Utara,Sulawesi Utara,2024,,78,,27040520,2721060,5348030,,10.0628982,19.77783711,0,49.133,43.8,691970.2,1305834,132.3,.8307293651,.83,107.09,3.991066226,210.534,54.194,156.34,1055.48,6.17,15798.695,,3
Sulawesi Tengah,Sulawesi Tengah,2024,,1812,,54933750,22763880,7984560,,41.43878763,14.53488975,0,49.133,2511.97,39685912.4,1598656,132.3,.8307293651,.83,106.86,2.248588652,5393.554,2791.551,2602.003,834.693,6.17,15798.695,,3
Sulawesi Selatan,Sulawesi Selatan,2024,,347,80,102921430,13725780,20937860,,13.33617304,20.34353778,0,49.133,93.84999999999999,1482751.8,4680928,132.3,.8307293651,.83,105.59,1.724470135,524.862,265.354,259.508,4647.86,6.17,15798.695,,3
Sulawesi Tenggara,Sulawesi Tenggara,2024,,1153,226,28778910,2501370,6227290,,8.691677343,21.63838033,0,49.133,82.72,1306842.8,1430889,132.3,.8307293651,.83,106.36,1.46918527,887.3680000000001,347.432,539.936,630.508,6.17,15798.695,,3
Gorontalo,Gorontalo,2024,,74,,8362890,356820,3010250,,4.266706844,35.99533176,0,49.133,7.33,115840.8,632184,132.3,.8307293651,.83,105.9,2.835502039,24.584,3.827,20.757,612.451,6.17,15798.695,,3
Sulawesi Barat,Sulawesi Barat,2024,,10,10,9320650,956500,3760180,,10.26215983,40.34246539,0,49.133,.87,13779.6,757507,132.3,.8307293651,.83,105.85,1.90622894,97.05500000000001,.9379999999999999,96.117,296.89,6.17,15798.695,,3
Maluku,Maluku,2024,,43,11,9447290,651810,2178880,,6.899438887,23.06354521,0,49.133,1.08,17136.8,907713,132.3,.8307293651,.83,106.64,2.361297754,16.577,133.557,-116.98,425.048,6.17,15798.695,,3
Maluku Utara,Maluku Utara,2024,,15,11,13367600,4467190,1654730,,33.41804064,12.37866184,0,49.133,722.33,11411883.9,661488,132.3,.8307293651,.83,108.22,3.135423616,2630.952,1109.47,1521.482,513.224,6.17,15798.695,,3
Papua Barat,Papua Barat,2024,,,,13157830,5861030,833210,,44.54404716,6.332427156,0,49.133,104.56,1651913.1,290077,132.3,.8307293651,.83,107.97,2.848161555,,6.904,-6.904,503.576,6.17,15798.695,,3
Papua Barat Daya,Papua Barat Daya,2024,,,,6222410,1301450,721460,,20.91552951,11.59454295,0,49.133,5.3,83696.7,297745,132.3,.8307293651,.83,105.36,2.004066221,,17.647,-17.647,,6.17,15798.695,,3
Papua,Papua,2024,,,,12909350,372100,1767410,,2.882406938,13.69092944,0,49.133,1.56,24644.4,458792,132.3,.8307293651,.83,104.22,.9199186598,,1.046,-1.046,1096.068,6.17,15798.695,,3
Papua Selatan,Papua Selatan,2024,,,,4784070,291360,1101560,,6.090211891,23.02558282,0,49.133,18.63,294294.9,226586,132.3,.8307293651,.83,106.73,1.531582953,,.055,-.055,,6.17,15798.695,,3
Papua Tengah,Papua Tengah,2024,,,,26231440,63640,972140,,.2426096318,3.706010802,0,49.133,411.33,6498523,778596,132.3,.8307293651,.83,109.86,3.91600454,,127.138,-127.138,,6.17,15798.695,,3
Papua Pegunungan,Papua Pegunungan,2024,,,,3450010,29000,609170,,.8405772737,17.65705027,0,49.133,,,1008418,132.3,.8307293651,.83,110.57,4.765965511,,,0,,6.17,15798.695,,3
Aceh,Aceh,2024,Desember,486,5,40854650,1714590,11737570,20258920,4.196805015,28.73007112,49.58779478,49.133,43.09,680511.9,2508354,133.08,1.766460197,1.77,106.67,1.803779347,188.733,158.231,30.502,787.2089999999999,6,15792.399,,4
Sumatera Utara,Sumatera Utara,2024,,761,123,161551590,27255840,40208520,70730350,16.8712917,24.88896581,43.78189654,50,699.85,11052323.3,7723364,133.08,1.766460197,1.77,106.37,1.740793879,2948.733,1518.649,1430.084,4579.024,6,15792.399,,4
Sumatera Barat,Sumatera Barat,2024,,671,146,50985730,4503870,11037490,28534460,8.83358932,21.6481945,55.96558096,50,60.96,962679.4,2924753,133.08,1.766460197,1.77,106.56,1.110162254,637.645,119.13,518.515,1349.576,6,15792.399,,4
Riau,Riau,2024,,1153,44,145758170,47105890,38321560,26532920,32.31783851,26.29119177,18.20338441,50,641.68,10133663.6,3159367,133.08,1.766460197,1.77,106.39,1.208143075,5287.924,473.498,4814.426,2108.206,6,15792.399,,4
Jambi,Jambi,2024,,323,112,45589720,4489220,12445370,15056660,9.847000596000001,27.29863224,33.02643666,50,40.44,638609.9,1833267,133.08,1.766460197,1.77,106.15,1.559510142,632.924,18.782,614.1420000000001,927.079,6,15792.399,,4
Sumatera Selatan,Sumatera Selatan,2024,,715,158,95612100,17516270,13716440,31993760,18.3201394,14.34592484,33.46204089,50,1359.73,21473459.1,4480100,133.08,1.766460197,1.77,106.45,1.005788025,1955.819,392.977,1562.842,2619.39,6,15792.399,,4
Bengkulu,Bengkulu,2024,,109,63,13971850,756670,3588700,8421530,5.41567509,25.68521706,60.27498148,50,65.68000000000001,1037319,1101234,133.08,1.766460197,1.77,105.65,.9941688175,60.186,2.088,58.098,431.733,6,15792.399,,4
Lampung,Lampung,2024,,143,40,70338410,13268340,15768570,30280360,18.86357681,22.41814963,43.04953723,50,36.52,576811.1,4787589,133.08,1.766460197,1.77,107.94,1.676714393,1788.466,536.073,1252.393,1805.86,6,15792.399,,4
Bangka Belitung,Bangka Belitung,2024,,1908,6,15750770,3251940,2953980,6418860,20.64622872,18.75451168,40.75267431,50,65.06999999999999,1027650.9,766084,133.08,1.766460197,1.77,103.8,.396556727,574.848,3.533,571.3150000000001,293.517,6,15792.399,,4
Kepulauan Riau,Kepulauan Riau,2024,,654,39,55394490,23100160,1539760,13359330,41.70118725,2.779626638,24.11671269,50,923.48,14583893.8,1049087,133.08,1.766460197,1.77,106.79,2.103451573,5131.992,4977.189,154.803,1923.82,6,15792.399,,4
DKI Jakarta,DKI Jakarta,2024,,17085,2584,551028170,60236690,390960,,10.93168975,.07095100056,0,50,1439.35,22730794.6,5107775,133.08,1.766460197,1.77,105.33,1.542466018,4184.613,30583.439,-26398.826,68140.743,6,15792.399,,4
Jawa Barat,Jawa Barat,2024,,10661,1151,448063610,185899850,30153490,,41.48961126,6.7297342,0,50,2522.4,39834733.7,24417110,133.08,1.766460197,1.77,107,1.74971472,9785.495000000001,1282.395,8503.1,19291.357,6,15792.399,,4
Jawa Tengah,Jawa Tengah,2024,,13130,118,292872180,93852310,30443050,,32.04548483,10.39465408,0,50,693.5599999999999,10952978,20861393,133.08,1.766460197,1.77,106.57,1.533917683,2927.491,3858.065,-930.574,15837.562,6,15792.399,,4
DI Yogyakarta,DI Yogyakarta,2024,,2699,404,31939390,3533750,2008420,,11.06392451,6.288222787,0,50,5.91,93306.2,2182769,133.08,1.766460197,1.77,106.2,1.335877863,160.114,.087,160.027,1573.256,6,15792.399,,4
Jawa Timur,Jawa Timur,2024,,5327,1570,488634150,149790070,37713000,,30.65485087,7.718044267,0,50,894.47,14125757.9,23361110,133.08,1.766460197,1.77,106.7,1.522359657,6654.978,8055.36,-1400.382,15521.056,6,15792.399,,4
Banten,Banten,2024,,13042,2315,135852060,45716120,6541520,,33.65139991,4.8151791,0,50,666.85,10531101.4,5797923,133.08,1.766460197,1.77,106.1,1.911439823,3308.407,3817.777,-509.37,4941.091,6,15792.399,,4
Bali,Bali,2024,,73,41,43830630,2787220,5647250,,6.359068989,12.88425469,0,50,350.7,5538372.3,2665421,133.08,1.766460197,1.77,107.47,2.449952336,152.01,42.695,109.315,1301.723,6,15792.399,,4
Nusa Tenggara Barat,Nusa Tenggara Barat,2024,,205,99,26729830,1256500,5235420,,4.700740708,19.58643209,0,50,143.58,2267464.8,3105549,133.08,1.766460197,1.77,106.52,1.389682086,245.921,121.74,124.181,1386.228,6,15792.399,,4
Nusa Tenggara Timur,Nusa Tenggara Timur,2024,,27,,20401400,249640,5411090,,1.223641515,26.52313077,0,50,16.28,257120.8,3024462,133.08,1.766460197,1.77,105.75,1.05112279,30.185,45.715,-15.53,1477.003,6,15792.399,,4
Kalimantan Barat,Kalimantan Barat,2024,,786,,41862260,6458730,9174650,,15.42852679,21.91627972,0,50,191,3016330.9,2863521,133.08,1.766460197,1.77,106.4,1.633393829,611.725,188.317,423.408,1621.15,6,15792.399,,4
Kalimantan Tengah,Kalimantan Tengah,2024,,825,24,31787580,4387970,6176210,,13.80403919,19.42963258,0,50,100.29,1583789.7,1402275,133.08,1.766460197,1.77,106.17,1.027690551,1046.211,10.72,1035.491,806.499,6,15792.399,,4
Kalimantan Selatan,Kalimantan Selatan,2024,,864,74,40468490,5187830,4537740,,12.81943062,11.2130203,0,50,154.77,2444153.3,2129276,133.08,1.766460197,1.77,106.64,1.930797171,3148.559,446.433,2702.126,1678.174,6,15792.399,,4
Kalimantan Timur,Kalimantan Timur,2024,,699,306,147298230,26786930,9063930,,18.18550705,6.153454797,0,50,272.66,4305931.9,1976447,133.08,1.766460197,1.77,106.68,1.580651305,6878.418,1630.06,5248.358,2177.47,6,15792.399,,4
Kalimantan Utara,Kalimantan Utara,2024,,1413,526,18962540,1612090,3065240,,8.501445480999999,16.16471211,0,50,239.13,3776455.4,378361,133.08,1.766460197,1.77,105.46,1.726632584,408.294,179.937,228.357,,6,15792.399,,4
Sulawesi Utara,Sulawesi Utara,2024,,126,,28785860,3020180,5494600,,10.49188734,19.08784382,0,50,4.94,78038.10000000001,1305834,133.08,1.766460197,1.77,107.18,1.708104005,252.114,68.258,183.856,1079.285,6,15792.399,,4
Sulawesi Tengah,Sulawesi Tengah,2024,,2055,61,56429850,23193840,8365970,,41.10207629,14.8254337,0,50,2650.37,41855693.4,1598656,133.08,1.766460197,1.77,106.94,1.634670215,5648.684,2740.846,2907.838,840.774,6,15792.399,,4
Sulawesi Selatan,Sulawesi Selatan,2024,,482,52,101547020,13689150,16642290,,13.48060238,16.38875272,0,50,129.08,2038497.1,4680928,133.08,1.766460197,1.77,105.93,1.426656453,538.5599999999999,318.818,219.742,4339.04,6,15792.399,,4
Sulawesi Tenggara,Sulawesi Tenggara,2024,,1168,12,30469400,2945220,6834010,,9.666156866,22.42909279,0,50,91.48,1444698.2,1430889,133.08,1.766460197,1.77,106.25,.9405282158,997.247,346.834,650.413,653.332,6,15792.399,,4
Gorontalo,Gorontalo,2024,,87,13,8441140,355860,3007370,,4.215781281,35.62753372,0,50,17.39,274651.9,632184,133.08,1.766460197,1.77,106.04,.09439305267,13.952,1.048,12.904,598.777,6,15792.399,,4
Sulawesi Barat,Sulawesi Barat,2024,,14,4,9612960,1061020,3668560,,11.03739119,38.16264709,0,50,.42,6604.4,757507,133.08,1.766460197,1.77,106.37,1.430342329,118.097,1.566,116.531,267.136,6,15792.399,,4
Maluku,Maluku,2024,,257,3,9671600,644330,2215600,,6.662082799,22.90830886,0,50,54.6,862238.2,907713,133.08,1.766460197,1.77,107.19,1.87226763,32.384,100.131,-67.747,419.207,6,15792.399,,4
Maluku Utara,Maluku Utara,2024,,17,2,16337250,6126210,1628090,,37.4984162,9.965508270999999,0,50,851.77,13451419.3,661488,133.08,1.766460197,1.77,107.94,2.15786485,3467.286,1226.462,2240.824,361.95,6,15792.399,,4
Papua Barat,Papua Barat,2024,,,,12866820,5664700,828530,,44.02564115,6.439275594,0,50,457.45,7224195.1,290077,133.08,1.766460197,1.77,107.43,2.470431133,,,0,463.359,6,15792.399,,4
Papua Barat Daya,Papua Barat Daya,2024,,,,6342340,1297740,746570,,20.46153312,11.77120747,0,50,36.57,577561.2,297745,133.08,1.766460197,1.77,105.44,2.06175588,,4.668,-4.668,,6,15792.399,,4
Papua,Papua,2024,,,,13282940,381780,1838420,,2.874213088,13.84046002,0,50,1.44,22734.7,458792,133.08,1.766460197,1.77,105.14,1.771367728,,.877,-.877,915.78,6,15792.399,,4
Papua Selatan,Papua Selatan,2024,,,,4896230,297320,1130550,,6.072427153,23.09021431,0,50,14.48,228727.6,226586,133.08,1.766460197,1.77,106.93,1.432365775,,0,0,,6,15792.399,,4
Papua Tengah,Papua Tengah,2024,,,,25729030,65370,960950,,.2540709852,3.734886236,0,50,449.71,7102003,778596,133.08,1.766460197,1.77,110.34,3.937452901,,103.125,-103.125,,6,15792.399,,4
Papua Pegunungan,Papua Pegunungan,2024,,,,3531470,29900,602580,,.8466729152,17.06314934,0,50,,,1008418,133.08,1.766460197,1.77,110.11,3.926380368,,,0,,6,15792.399,,4
Aceh,Aceh,2025,Maret,146,34,38383890,1646470,10512470,19700800,4.289481863,27.38771396,51.3256994,52.633,10.32,168747.4,2555818,134.89,2.773333333,2.77,107.3,1.188230856,161.826,179.695,-17.869,866.624,5.75,16352.019,,1
Sumatera Utara,Sumatera Utara,2025,,570,153,159947950,27209630,42454080,70617010,17.01155282,26.54243459,44.14999379,52.633,411.87,6734943,7699108,134.89,2.773333333,2.77,107.11,1.066238913,3042.049,1361.574,1680.475,4993.571,5.75,16352.019,,1
Sumatera Barat,Sumatera Barat,2025,,156,23,50930400,4649820,10881340,28817720,9.129753546,21.36511789,56.58255187,52.633,56.65,926404.1,2978187,134.89,2.773333333,2.77,107.18,.4781100591,645.556,,645.556,1595.699,5.75,16352.019,,1
Riau,Riau,2025,,1452,164,145335680,47029580,39326460,25936680,32.35928025,27.05905391,17.84605129,52.633,224.56,3672042.4,3091840,134.89,2.773333333,2.77,107.09,.6012212306,5170.967,378.467,4792.5,2264.88,5.75,16352.019,,1
Jambi,Jambi,2025,,89,15,43897180,4417370,12546510,14671180,10.06299266,28.58158542,33.42169133,52.633,25.02,409170.4,1799860,134.89,2.773333333,2.77,106.38,.1694915254,567.314,7.893,559.421,979.607,5.75,16352.019,,1
Sumatera Selatan,Sumatera Selatan,2025,,418,67,95769570,17560600,15754920,31834000,18.33630453,16.45086221,33.24020354,52.633,242.38,3963480,4492327,134.89,2.773333333,2.77,106.88,1.06855792,1764.962,258.33,1506.632,2717.12,5.75,16352.019,,1
Bengkulu,Bengkulu,2025,,60,9,13654250,746670,3910870,8174490,5.468407272,28.64214439,59.86773349,52.633,7.3,119304.3,1105046,134.89,2.773333333,2.77,105.38,-.4628317748,42.498,,42.498,458.682,5.75,16352.019,,1
Lampung,Lampung,2025,,225,40,69559040,13027330,20157760,30530460,18.72844996,28.97935337,43.89143381,52.633,40.73,665949,4879061,134.89,2.773333333,2.77,107.89,.8694839192,1573.523,685.734,887.789,1862.087,5.75,16352.019,,1
Bangka Belitung,Bangka Belitung,2025,,47,23,15140920,3106440,3007460,6345350,20.51685102,19.86312589,41.90861586,52.633,14.03,229398.9,762982,134.89,2.773333333,2.77,103.97,.08663842896,426.449,1.619,424.83,323.392,5.75,16352.019,,1
Kepulauan Riau,Kepulauan Riau,2025,,834,223,53855960,23265950,1608770,13157360,43.20032546,2.987171708,24.43064797,52.633,595.65,9740006.5,1016540,134.89,2.773333333,2.77,107.85,2.034058657,5817.741,5356.213,461.528,1867.181,5.75,16352.019,,1
DKI Jakarta,DKI Jakarta,2025,,2042,617,554299820,59318780,376570,,10.70156941,.06793615773,0,52.633,1720.22,28129151,5137602,134.89,2.773333333,2.77,104.59,.1915892327,4317.568,26617.21,-22299.642,67718.41,5.75,16352.019,,1
Jawa Barat,Jawa Barat,2025,,7176,1465,449366970,185509590,32880200,,41.2824267,7.317004185,0,52.633,2171.83,35513855.7,24994586,134.89,2.773333333,2.77,106.73,.4423113119,9318.575999999999,1015.35,8303.226000000001,21798.975,5.75,16352.019,,1
Jawa Tengah,Jawa Tengah,2025,,10459,371,298153250,95055650,35902860,,31.88147371,12.04174699,0,52.633,880.12,14391745.7,20923962,134.89,2.773333333,2.77,106.53,.6519274376,2991.094,3130.191,-139.097,16289.107,5.75,16352.019,,1
DI Yogyakarta,DI Yogyakarta,2025,,463,109,32249330,3639460,2399650,,11.28538174,7.440929781,0,52.633,51.34,839505.2,2168563,134.89,2.773333333,2.77,106.07,.3880371001,137.141,.069,137.072,1715.578,5.75,16352.019,,1
Jawa Timur,Jawa Timur,2025,,1595,322,494187730,151984880,50210480,,30.75448271,10.16020369,0,52.633,870.62,14236414.5,23864700,134.89,2.773333333,2.77,106.62,.6038875259000001,6143.981,6994.302,-850.321,17755.994,5.75,16352.019,,1
Banten,Banten,2025,,3554,429,137221030,45995060,6975760,,33.51895843,5.083593965,0,52.633,995.14,16272570.7,5801246,134.89,2.773333333,2.77,105.73,.408357075,3238.114,3325.467,-87.35299999999999,5510.984,5.75,16352.019,,1
Bali,Bali,2025,,247,183,41937950,2706490,5457760,,6.453558173,13.01389314,0,52.633,481.43,7872278.8,2694024,134.89,2.773333333,2.77,108.01,1.828980862,154.835,28.249,126.586,1326.024,5.75,16352.019,,1
Nusa Tenggara Barat,Nusa Tenggara Barat,2025,,47,9,26118030,1286000,6392870,,4.92380168,24.47684607,0,52.633,156.6,2560692.4,3088113,134.89,2.773333333,2.77,106.74,.603204524,17.308,71.569,-54.261,1609.771,5.75,16352.019,,1
Nusa Tenggara Timur,Nusa Tenggara Timur,2025,,31,10,19390650,259540,5951330,,1.338480144,30.69175092,0,52.633,30.86,504568.5,2976360,134.89,2.773333333,2.77,106.81,.7546457881,17.829,2.106,15.723,1625.755,5.75,16352.019,,1
Kalimantan Barat,Kalimantan Barat,2025,,1475,216,41654680,6326200,8855480,,15.18724907,21.25926787,0,52.633,209.31,3422564.6,2791377,134.89,2.773333333,2.77,105.98,.3788596325,597.785,94.514,503.271,1759.689,5.75,16352.019,,1
Kalimantan Tengah,Kalimantan Tengah,2025,,88,19,29697560,4677380,6241360,,15.75004815,21.01640674,0,52.633,206.35,3374298.1,1446139,134.89,2.773333333,2.77,106.33,.6341094075,868.961,5.924,863.037,923.626,5.75,16352.019,,1
Kalimantan Selatan,Kalimantan Selatan,2025,,758,217,38246130,5028900,5938050,,13.14878133,15.52588458,0,52.633,118.85,1943358.8,2154947,134.89,2.773333333,2.77,106.62,.6989044201,2469.401,329.342,2140.059,1948.74,5.75,16352.019,,1
Kalimantan Timur,Kalimantan Timur,2025,,1092,480,144698410,27957950,9534260,,19.32153228,6.589056507,0,52.633,450.82,7371879.6,2009990,134.89,2.773333333,2.77,106.4,.4247286456,5228.145,1236.445,3991.7,2306.847,5.75,16352.019,,1
Kalimantan Utara,Kalimantan Utara,2025,,21,6,18344270,1624130,3202260,,8.853609328999999,17.45645916,0,52.633,246.22,4026128.2,375513,134.89,2.773333333,2.77,104.92,.2101241643,329.113,203.207,125.906,,5.75,16352.019,,1
Sulawesi Utara,Sulawesi Utara,2025,,97,36,26579520,3034210,5623300,,11.41559366,21.15651449,0,52.633,106.81,1746569.9,1294920,134.89,2.773333333,2.77,106.66,.338664158,280.86,33.114,247.746,1163.466,5.75,16352.019,,1
Sulawesi Tengah,Sulawesi Tengah,2025,,165,66,53024710,20859950,8743930,,39.34005485,16.49029292,0,52.633,1903.43,31124946.8,1595512,134.89,2.773333333,2.77,106.94,.5169658803,5052.657,2630.844,2421.813,965.653,5.75,16352.019,,1
Sulawesi Selatan,Sulawesi Selatan,2025,,494,152,97367990,13157050,21328220,,13.51270577,21.90475535,0,52.633,94.47,1544781.7,4577588,134.89,2.773333333,2.77,105.59,-.1040681173,463.604,178.86,284.744,4654.385,5.75,16352.019,,1
Sulawesi Tenggara,Sulawesi Tenggara,2025,,308,178,28501210,3026560,6745930,,10.61905793,23.66892493,0,52.633,148.86,2434212.8,1383095,134.89,2.773333333,2.77,106.1,.3119977309,914.093,286.248,627.845,689.04,5.75,16352.019,,1
Gorontalo,Gorontalo,2025,,18,8,8451330,372930,3002220,,4.412678241,35.52363947,0,52.633,4.41,72095.7,615170,134.89,2.773333333,2.77,105.92,-.01887861053,20.057,.706,19.351,623.585,5.75,16352.019,,1
Sulawesi Barat,Sulawesi Barat,2025,,24,8,9181520,1099810,3925650,,11.97851772,42.75599247,0,52.633,2.36,38521.7,764613,134.89,2.773333333,2.77,106.07,.5498151484,138.088,,138.088,307.62,5.75,16352.019,,1
Maluku,Maluku,2025,,5,1,9381530,634890,2181660,,6.767446248,23.25484223,0,52.633,.46,7532.2,931667,134.89,2.773333333,2.77,106.8,1.869515452,18.723,86.554,-67.831,456.717,5.75,16352.019,,1
Maluku Utara,Maluku Utara,2025,,14,8,16814310,6358120,1647540,,37.81374317,9.798439543000001,0,52.633,1411.05,23073508.6,663611,134.89,2.773333333,2.77,107.39,.7789039039,3188.567,1140.238,2048.329,409.194,5.75,16352.019,,1
Papua Barat,Papua Barat,2025,,16,2,12964260,5744230,839750,,44.30819808,6.477423316,0,52.633,54.09,884403.7,295161,134.89,2.773333333,2.77,105.27,-.8850390735,,8.269,-8.269,490.267,5.75,16352.019,,1
Papua Barat Daya,Papua Barat Daya,2025,,,,6357680,1324140,750770,,20.82740874,11.80886739,0,52.633,7.37,120518.5,300928,134.89,2.773333333,2.77,103.64,.03861003861,,,0,,5.75,16352.019,,1
Papua,Papua,2025,,16,2,13080080,381750,1840750,,2.918560131,14.07292616,0,52.633,.93,15251.4,475118,134.89,2.773333333,2.77,104.5,1.181254841,,.042,-.042,900.4829999999999,5.75,16352.019,,1
Papua Selatan,Papua Selatan,2025,,,,4830780,292840,1155000,,6.061961008,23.90918237,0,52.633,9.199999999999999,150361.2,216820,134.89,2.773333333,2.77,107.83,1.14435794,,,0,,5.75,16352.019,,1
Papua Tengah,Papua Tengah,2025,,,,20512960,64820,982500,,.3159953512,4.78965493,0,52.633,437.15,7148243.3,840817,134.89,2.773333333,2.77,109.54,2.259148618,,56.545,-56.545,,5.75,16352.019,,1
Papua Pegunungan,Papua Pegunungan,2025,,,,3454690,30200,613350,,.874173949,17.75412555,0,52.633,,,1008269,134.89,2.773333333,2.77,114.16,6.861368529,,,0,,5.75,16352.019,,1
Aceh,Aceh,2025,Juni,300,21,39541330,1727880,10707600,20718960,4.36980749,27.07951402,52.39823749,47,4.22,69771.3,2555818,135.46,2.551290787,2.55,109.52,2.546816479,152.009,131.583,20.426,926.8200000000001,5.58,16523.754,,2
Sumatera Utara,Sumatera Utara,2025,,1077,180,164692330,28006070,43260100,72486870,17.00508457,26.26722204,44.01350688,47,336.69,5563381.9,7699108,135.46,2.551290787,2.55,108.4,1.488624661,2911.016,1510.183,1400.833,5694.098,5.58,16523.754,,2
Sumatera Barat,Sumatera Barat,2025,,321,54,51708450,4575890,11095470,29708280,8.849404691,21.45775014,57.45343363,47,13.32,220149.9,2978187,135.46,2.551290787,2.55,108.96,1.226309922,633.197,.114,633.083,1687.256,5.58,16523.754,,2
Riau,Riau,2025,,2005,256,147545760,47495260,42162920,27812240,32.19018967,28.57616512,18.84990799,47,198.61,3281830.7,3091840,135.46,2.551290787,2.55,108.79,1.341406614,4956.206,437.257,4518.949,2353.79,5.58,16523.754,,2
Jambi,Jambi,2025,,171,26,46340720,4634790,13003340,15748510,10.00154939,28.06028909,33.98417202,47,9.119999999999999,150701.5,1799860,135.46,2.551290787,2.55,108.38,1.374988308,492.511,20.507,472.004,991.2809999999999,5.58,16523.754,,2
Sumatera Selatan,Sumatera Selatan,2025,,741,94,100223840,18079640,16988050,32875440,18.03926092,16.95010888,32.80201597,47,278.19,4596673.3,4492327,135.46,2.551290787,2.55,109.09,2.508926893,1432.546,256.01,1176.536,2949.309,5.58,16523.754,,2
Bengkulu,Bengkulu,2025,,117,35,14602950,830090,3667290,8834830,5.684399385,25.11335038,60.50030987,47,1.3,21454.2,1105046,135.46,2.551290787,2.55,107.08,.4126031508,11.347,,11.347,485.38,5.58,16523.754,,2
Lampung,Lampung,2025,,477,100,76047840,13425950,20103650,31357240,17.65461057,26.43553058,41.23357087,47,37.52,619901.7,4879061,135.46,2.551290787,2.55,109.94,2.403129657,1473.969,460.422,1013.547,1830.961,5.58,16523.754,,2
Bangka Belitung,Bangka Belitung,2025,,101,12,15981530,3265410,2919050,6823610,20.43239915,18.26514733,42.69685068,47,84.67,1399131.9,762982,135.46,2.551290787,2.55,105.37,1.054953486,549.099,2.746,546.353,365.749,5.58,16523.754,,2
Kepulauan Riau,Kepulauan Riau,2025,,1607,347,55205870,23042720,1552350,13668940,41.73961936,2.811929239,24.75993948,47,646.6,10684280.7,1016540,135.46,2.551290787,2.55,108.35,1.871004137,6102.24,6073.17,29.07,1906.959,5.58,16523.754,,2
DKI Jakarta,DKI Jakarta,2025,,3923,626,563156560,58392760,380750,,10.36883243,.06760997333,0,47,1431.86,23659717.8,5137602,135.46,2.551290787,2.55,107.27,2.113279391,3936.478,29272.37,-25335.892,65222.528,5.58,16523.754,,2
Jawa Barat,Jawa Barat,2025,,11585,1544,459774240,188910480,30592560,,41.08766076,6.653822102,0,47,1801.45,29766719.8,24994586,135.46,2.551290787,2.55,108.59,1.63796331,9329.969999999999,867.871,8462.099,24934.879,5.58,16523.754,,2
Jawa Tengah,Jawa Tengah,2025,,12206,772,303793610,96798950,34567950,,31.86339239,11.37876139,0,47,721.75,11926032,20923962,135.46,2.551290787,2.55,108.47,1.926329637,2843.494,3599.505,-756.011,18030.457,5.58,16523.754,,2
DI Yogyakarta,DI Yogyakarta,2025,,1186,335,32640040,3659800,2431370,,11.21260881,7.449041116,0,47,13.02,215112.6,2168563,135.46,2.551290787,2.55,108.41,2.225365394,133.097,.017,133.08,1920.546,5.58,16523.754,,2
Jawa Timur,Jawa Timur,2025,,2928,325,509453930,155026030,53395160,,30.42984279,10.48086134,0,47,608.3099999999999,10051626.8,23864700,135.46,2.551290787,2.55,108.34,1.527504451,7592.715,7233.653,359.062,19519.62,5.58,16523.754,,2
Banten,Banten,2025,,5454,904,139124360,45950280,7548810,,33.02820584,5.425944098,0,47,596.91,9863114.4,5801246,135.46,2.551290787,2.55,107.97,1.657094436,3095.663,3100.775,-5.112,6034.622,5.58,16523.754,,2
Bali,Bali,2025,,470,82,44748200,2844680,5453260,,6.35708252,12.18654605,0,47,431.31,7126813.9,2694024,135.46,2.551290787,2.55,109.56,2.382954864,128.171,29.378,98.79300000000001,1410.308,5.58,16523.754,,2
Nusa Tenggara Barat,Nusa Tenggara Barat,2025,,114,27,27832060,1770640,6435220,,6.361871884,23.12160868,0,47,130.72,2159983.3,3088113,135.46,2.551290787,2.55,108.52,1.982896344,187.145,78.607,108.538,1729.464,5.58,16523.754,,2
Nusa Tenggara Timur,Nusa Tenggara Timur,2025,,81,16,20829920,275850,5266460,,1.324296973,25.28315039,0,47,17.44,288092.6,2976360,135.46,2.551290787,2.55,107.73,1.699235344,18.007,1.972,16.035,1727.806,5.58,16523.754,,2
Kalimantan Barat,Kalimantan Barat,2025,,1977,63,42463760,6409330,9134720,,15.09364691,21.51180206,0,47,412.02,6808121.9,2791377,135.46,2.551290787,2.55,107.64,.9945580784,541.076,103.386,437.69,1856.001,5.58,16523.754,,2
Kalimantan Tengah,Kalimantan Tengah,2025,,164,39,30442910,4862770,6245100,,15.97340727,20.51413613,0,47,101.75,1681355.3,1446139,135.46,2.551290787,2.55,107.75,.9084098146,828.812,11.043,817.769,994.278,5.58,16523.754,,2
Kalimantan Selatan,Kalimantan Selatan,2025,,1213,270,41343830,5130340,6569450,,12.40896163,15.88979541,0,47,99.91,1650960.9,2154947,135.46,2.551290787,2.55,108.61,1.54263276,2315.461,425.07,1890.391,2107.574,5.58,16523.754,,2
Kalimantan Timur,Kalimantan Timur,2025,,1998,315,147961940,29530650,9517990,,19.9582744,6.432728579,0,47,239.2,3952406.7,2009990,135.46,2.551290787,2.55,108.64,1.400037334,4864.103,1158.115,3705.988,2452.409,5.58,16523.754,,2
Kalimantan Utara,Kalimantan Utara,2025,,39,3,18855890,1670540,3299520,,8.859512863000001,17.49861714,0,47,203.59,3364091.3,375513,135.46,2.551290787,2.55,106.9,1.307808946,341.48,255.776,85.70399999999999,,5.58,16523.754,,2
Sulawesi Utara,Sulawesi Utara,2025,,223,26,28081720,3164640,5655090,,11.26939518,20.13797588,0,47,33.07,546462.7,1294920,135.46,2.551290787,2.55,109.09,1.839058999,297.287,42.571,254.716,1248.619,5.58,16523.754,,2
Sulawesi Tengah,Sulawesi Tengah,2025,,529,127,56278170,23098780,8336980,,41.04394297,14.81387899,0,47,1843.55,30462345.3,1595512,135.46,2.551290787,2.55,109.98,2.679488376,5331.603,2926.283,2405.32,1058.462,5.58,16523.754,,2
Sulawesi Selatan,Sulawesi Selatan,2025,,1067,159,104559940,13687340,22051550,,13.0904245,21.08986482,0,47,121.77,2012091.1,4577588,135.46,2.551290787,2.55,108.38,2.187441071,549.371,244.654,304.717,4933.317,5.58,16523.754,,2
Sulawesi Tenggara,Sulawesi Tenggara,2025,,717,151,29403650,2951330,6460650,,10.03729129,21.97227215,0,47,500.87,8276314.7,1383095,135.46,2.551290787,2.55,109.02,2.059539412,942.294,314.175,628.119,778.8680000000001,5.58,16523.754,,2
Gorontalo,Gorontalo,2025,,41,7,8602430,374010,3118400,,4.347725003,36.25022232,0,47,3.84,63438.8,615170,135.46,2.551290787,2.55,108.06,1.122964627,20.555,,20.555,658.515,5.58,16523.754,,2
Sulawesi Barat,Sulawesi Barat,2025,,39,7,9790700,1194140,3900660,,12.19667644,39.84046085,0,47,5.25,86827.5,764613,135.46,2.551290787,2.55,108.99,3.044341496,158.745,,158.745,354.613,5.58,16523.754,,2
Maluku,Maluku,2025,,16,4,9472300,562800,2351800,,5.941534791,24.82818323,0,47,.45,7510.9,931667,135.46,2.551290787,2.55,108.82,2.486343944,16.139,83.181,-67.042,489.127,5.58,16523.754,,2
Maluku Utara,Maluku Utara,2025,,38,6,17872040,6958720,1676970,,38.93634974,9.383204156,0,47,1103.89,18240387,663611,135.46,2.551290787,2.55,110.25,2.367688022,3719.405,1503.067,2216.338,451.742,5.58,16523.754,,2
Papua Barat,Papua Barat,2025,,39,5,13103370,5808420,837980,,44.32768059,6.395148729,0,47,107.22,1771705.7,295161,135.46,2.551290787,2.55,106.92,-.6781235485,,4.827,-4.827,576.024,5.58,16523.754,,2
Papua Barat Daya,Papua Barat Daya,2025,,,,6442790,1339420,747020,,20.7894406,11.59466629,0,47,23.96,395971.2,300928,135.46,2.551290787,2.55,105.18,.4200878365,,,0,,5.58,16523.754,,2
Papua,Papua,2025,,63,28,13261730,381710,1861680,,2.878282094,14.0379875,0,47,.88,14483.2,475118,135.46,2.551290787,2.55,106.07,1.347219568,,3.329,-3.329,1051.809,5.58,16523.754,,2
Papua Selatan,Papua Selatan,2025,,,,4876000,294780,1168550,,6.045529122,23.96534044,0,47,6.48,107061.1,216820,135.46,2.551290787,2.55,111.04,2.919640374,,,0,,5.58,16523.754,,2
Papua Tengah,Papua Tengah,2025,,,,23390350,65880,1007800,,.281654614,4.30861445,0,47,464.69,7678441.5,840817,135.46,2.551290787,2.55,112.7,2.762833956,,78.646,-78.646,,5.58,16523.754,,2
Papua Pegunungan,Papua Pegunungan,2025,,,,3573440,30130,631080,,.8431651294,17.66029372,0,47,,,1008269,135.46,2.551290787,2.55,114.34,4.553767374,,,0,,5.58,16523.754,,2
Aceh,Aceh,2025,September,379,44,40216740,1755780,11836760,20880090,4.365793946,29.43242043,51.91890243,50.367,11.6,189893,2561329,135.78,2.630385488,2.63,110.6,3.713428357,168.918,129.432,39.486,941.554,5,16365.809,,3
Sumatera Utara,Sumatera Utara,2025,,1704,216,168171200,28913000,40492330,73419820,17.19259897,24.07804071,43.65778445,50.367,505.71,8276361.7,7976273,135.78,2.630385488,2.63,110.13,4.191106906,3486.474,1658.734,1827.74,5690.501,5,16365.809,,3
Sumatera Barat,Sumatera Barat,2025,,514,53,51649410,4978810,11188280,29025880,9.639626087,21.66197058,56.19789268,50.367,41.48,678827.4,3018582,135.78,2.630385488,2.63,109.79,3.098882524,815.169,,815.169,1730.674,5,16365.809,,3
Riau,Riau,2025,,2423,209,152771600,49854380,40107490,25873170,32.63327739,26.25323686,16.93585064,50.367,326.59,5344901.1,3210929,135.78,2.630385488,2.63,110.05,3.693583341,5748.898,422.484,5326.414,2267.382,5,16365.809,,3
Jambi,Jambi,2025,,262,21,47364080,4749150,12839280,15868810,10.02690224,27.10763093,33.50389156,50.367,36.64,599682.8,1851864,135.78,2.630385488,2.63,109.2,3.086944208,516.448,17.198,499.25,1012.769,5,16365.809,,3
Sumatera Selatan,Sumatera Selatan,2025,,1328,206,102479440,18103640,14774080,33161970,17.66563127,14.41662835,32.35963233,50.367,173.75,2843548.3,4492574,135.78,2.630385488,2.63,109.24,3.124704994,1620.443,263.681,1356.762,2976.372,5,16365.809,,3
Bengkulu,Bengkulu,2025,,523,15,14167960,820470,3711970,8527940,5.791024255,26.19974929,60.19172838,50.367,4.43,72571.8,1115334,135.78,2.630385488,2.63,107.46,1.62663136,23.643,,23.643,506.825,5,16365.809,,3
Lampung,Lampung,2025,,699,116,76575420,14161520,16658840,31161560,18.49355838,21.75481375,40.69394592,50.367,54.3,888669.6,4853377,135.78,2.630385488,2.63,108.94,1.623134328,1779.452,468.339,1311.113,1983.056,5,16365.809,,3
Bangka Belitung,Bangka Belitung,2025,,255,13,15702300,3143220,3124840,6641560,20.01757704,19.90052413,42.2967336,50.367,20.46,334907,785723,135.78,2.630385488,2.63,105.49,1.735943678,456.164,.9389999999999999,455.225,427.211,5,16365.809,,3
Kepulauan Riau,Kepulauan Riau,2025,,2814,273,55675760,22741030,1333090,13609180,40.84547746,2.394381325,24.44363579,50.367,758.8200000000001,12418755.3,1051975,135.78,2.630385488,2.63,108.66,2.28748941,5611.793,5248.578,363.215,1924.386,5,16365.809,,3
DKI Jakarta,DKI Jakarta,2025,,5621,562,563275500,60059470,419420,,10.66253902,.0744608988,0,50.367,1407.33,23032020.1,5128464,135.78,2.630385488,2.63,107.41,2.266019233,4555.352,29152.36,-24597.008,67032.77499999999,5,16365.809,,3
Jawa Barat,Jawa Barat,2025,,17027,2050,461892790,193612290,30893930,,41.91714922,6.688549955,0,50.367,2209.58,36161633.9,24506852,135.78,2.630385488,2.63,108.94,2.003745318,10240.614,812.401,9428.213,24999.684,5,16365.809,,3
Jawa Tengah,Jawa Tengah,2025,,13800,386,307222020,98456270,31679590,,32.04726992,10.3116274,0,50.367,701.8,11485475.5,21295797,135.78,2.630385488,2.63,108.67,2.547890913,3354.729,3940.881,-586.152,16367.621,5,16365.809,,3
DI Yogyakarta,DI Yogyakarta,2025,,1416,61,32708400,3590550,2094370,,10.97745533,6.403156376,0,50.367,19.14,313262.6,2200071,135.78,2.630385488,2.63,108.45,2.485352485,144.833,.016,144.817,1850.507,5,16365.809,,3
Jawa Timur,Jawa Timur,2025,,4357,555,518115940,157595670,39980160,,30.4170665,7.716450492,0,50.367,555.55,9092009,23801034,135.78,2.630385488,2.63,108.77,2.304364184,8454.003000000001,7354.493,1099.51,19573.941,5,16365.809,,3
Banten,Banten,2025,,7380,580,140404840,47760620,7081110,,34.01636297,5.043351782,0,50.367,761.88,12468843.3,5755926,135.78,2.630385488,2.63,107.94,2.177205604,3366.789,3385.247,-18.458,6848.406,5,16365.809,,3
Bali,Bali,2025,,577,45,44905640,2903500,5661450,,6.465780245,12.60743639,0,50.367,258.72,4234187.3,2701726,135.78,2.630385488,2.63,109.77,2.771276098,128.149,44.087,84.062,1350.839,5,16365.809,,3
Nusa Tenggara Barat,Nusa Tenggara Barat,2025,,166,17,28919840,2490510,5391500,,8.611769636,18.64291089,0,50.367,190.66,3120245.6,3106729,135.78,2.630385488,2.63,108.71,2.769899792,395.946,49.912,346.034,1892.591,5,16365.809,,3
Nusa Tenggara Timur,Nusa Tenggara Timur,2025,,147,40,20464280,278180,5531320,,1.359344184,27.02914542,0,50.367,16.24,265794.8,2989090,135.78,2.630385488,2.63,107.99,2.681373015,20.098,5.2,14.898,1817.303,5,16365.809,,3
Kalimantan Barat,Kalimantan Barat,2025,,2232,62,42996980,6595050,9180560,,15.33840284,21.35163912,0,50.367,511.84,8376619.8,2930432,135.78,2.630385488,2.63,108.07,2.068379297,478.248,247.147,231.101,1563.763,5,16365.809,,3
Kalimantan Tengah,Kalimantan Tengah,2025,,368,101,30928490,4858000,6385380,,15.70720071,20.64562479,0,50.367,106.95,1750280.7,1417683,135.78,2.630385488,2.63,108,2.185637241,855.211,11.377,843.8339999999999,1198.223,5,16365.809,,3
Kalimantan Selatan,Kalimantan Selatan,2025,,1943,177,42689870,5134390,4851110,,12.02718584,11.36360921,0,50.367,191.07,3127012,2153139,135.78,2.630385488,2.63,108.88,2.687918514,2540.733,375.498,2165.235,2110.234,5,16365.809,,3
Kalimantan Timur,Kalimantan Timur,2025,,3430,573,149270950,29784630,9767780,,19.95340018,6.543657691,0,50.367,218.18,3570700,1969739,135.78,2.630385488,2.63,108.7,1.883962883,5217.283,1122.754,4094.529,2097.672,5,16365.809,,3
Kalimantan Utara,Kalimantan Utara,2025,,68,7,19264780,1678370,3120180,,8.712116099999999,16.19629189,0,50.367,243.61,3986809,380572,135.78,2.630385488,2.63,107.64,2.183406114,352.214,238.331,113.883,,5,16365.809,,3
Sulawesi Utara,Sulawesi Utara,2025,,302,13,28498610,3058680,5663610,,10.73273398,19.87328505,0,50.367,60.59,991627.3,1339333,135.78,2.630385488,2.63,108.71,1.512746288,346.511,50.439,296.072,1354.834,5,16365.809,,3
Sulawesi Tengah,Sulawesi Tengah,2025,,1504,428,59210760,25613380,8694900,,43.25798216,14.68466204,0,50.367,1960.77,32089646.5,1652846,135.78,2.630385488,2.63,110.99,3.864869923,5665.906,2787.049,2878.857,1099.133,5,16365.809,,3
Sulawesi Selatan,Sulawesi Selatan,2025,,2106,326,108079870,14192180,17477280,,13.1311964,16.17070783,0,50.367,97.3,1592323.2,4759077,135.78,2.630385488,2.63,108.83,3.068472393,506.07,296.615,209.455,6157.826,5,16365.809,,3
Sulawesi Tenggara,Sulawesi Tenggara,2025,,1216,125,30405810,3091660,7125950,,10.16799092,23.43614592,0,50.367,313.44,5129631.6,1434033,135.78,2.630385488,2.63,110.31,3.713802181,930.937,385.285,545.652,805.539,5,16365.809,,3
Gorontalo,Gorontalo,2025,,70,7,8822810,416560,3042970,,4.721398285,34.4898054,0,50.367,5.53,90472.5,633263,135.78,2.630385488,2.63,108.58,2.53068933,25.933,.983,24.95,656.2809999999999,5,16365.809,,3
Sulawesi Barat,Sulawesi Barat,2025,,77,18,9861010,1159210,3972150,,11.75548955,40.28137077,0,50.367,1.45,23703,800433,135.78,2.630385488,2.63,109.43,3.382144544,159.452,,159.452,354.577,5,16365.809,,3
Maluku,Maluku,2025,,48,18,9854110,674190,2353600,,6.841713762,23.88445024,0,50.367,1.04,16978.4,922486,135.78,2.630385488,2.63,109.93,3.085146287,24.438,82.95099999999999,-58.513,509.49,5,16365.809,,3
Maluku Utara,Maluku Utara,2025,,64,6,18896070,7789630,1708420,,41.22354543,9.041139242,0,50.367,972.9400000000001,15922904.6,673456,135.78,2.630385488,2.63,109.21,.9148031787000001,3858.448,1741.667,2116.781,692.569,5,16365.809,,3
Papua Barat,Papua Barat,2025,,200,104,13140750,5820290,843120,,44.29191637,6.416072142,0,50.367,63.43,1038099.8,288323,135.78,2.630385488,2.63,108.18,.1944984718,,,0,593.8339999999999,5,16365.809,,3
Papua Barat Daya,Papua Barat Daya,2025,,,,6472950,1345910,757890,,20.79283789,11.70857183,0,50.367,15.43,252488.9,301862,135.78,2.630385488,2.63,106.81,1.376233865,,.823,-.823,,5,16365.809,,3
Papua,Papua,2025,,83,6,13452460,387430,1911800,,2.879993696,14.21152711,0,50.367,5.15,84264.89999999999,434016,135.78,2.630385488,2.63,105.24,.9786989062,,4.359,-4.359,1149.445,5,16365.809,,3
Papua Selatan,Papua Selatan,2025,,,,4939500,299420,1179680,,6.06174714,23.88257921,0,50.367,9.76,159762.6,217682,135.78,2.630385488,2.63,111.23,4.216246604,,,0,,5,16365.809,,3
Papua Tengah,Papua Tengah,2025,,,,21999820,67250,998700,,.3056843192,4.539582597,0,50.367,418.98,6856880.9,790239,135.78,2.630385488,2.63,112.43,2.339340979,,86.652,-86.652,,5,16365.809,,3
Papua Pegunungan,Papua Pegunungan,2025,,,,3599750,30580,637190,,.8495034377,17.70095145,0,50.367,,,1040001,135.78,2.630385488,2.63,114.77,3.798498689,,,0,,5,16365.809,,3
Aceh,Aceh,2025,Desember,429,1,40198420,1732960,10617900,20365380,4.311015209,26.41372472,50.66214045,51.9,7.59,126578.6,2561329,136.81,2.802825368,2.8,111.99,4.987344145,166.471,136.858,29.613,1046.821,4.75,16365.809,,4
Sumatera Utara,Sumatera Utara,2025,,1969,13,168392700,27740290,40663940,76897840,16.47357041,24.14827959,45.66578005,51.9,594.12,9903902.300000001,7976273,136.81,2.802825368,2.8,111.19,4.531352825,3122.672,1542.215,1580.457,5667.195,4.75,16669.879,,4
Sumatera Barat,Sumatera Barat,2025,,627,20,51849620,4651530,11409880,29250100,8.971194003000001,22.00571576,56.41333533,51.9,17.07,284580.4,3018582,136.81,2.802825368,2.8,111.41,4.551426426,685.516,,685.516,1758.235,4.75,16669.879,,4
Riau,Riau,2025,,2546,17,152957410,50164630,40213630,28008980,32.79646929,26.29073675,18.31162021,51.9,177.97,2966680.9,3210929,136.81,2.802825368,2.8,111.39,4.69968982,5570.529,399.793,5170.736,2171.318,4.75,16669.879,,4
Jambi,Jambi,2025,,303,2,47980230,4793280,12478840,16089600,9.990114677999999,26.0082955,33.53381174,51.9,7.09,118219.8,1851864,136.81,2.802825368,2.8,110.03,3.655204899,467.532,30.849,436.683,1147.238,4.75,16669.879,,4
Sumatera Selatan,Sumatera Selatan,2025,,1537,24,100912970,18129420,16038960,34221250,17.96540128,15.89385388,33.91164684,51.9,272.83,4547962.1,4492574,136.81,2.802825368,2.8,109.75,3.10004697,1516.362,314.813,1201.549,2981.637,4.75,16669.879,,4
Bengkulu,Bengkulu,2025,,535,,14641650,840320,3839110,8909450,5.739243869,26.22047379,60.85004081,51.9,3.59,59851.6,1115334,136.81,2.802825368,2.8,108.57,2.763842877,27.186,,27.186,482.75,4.75,16669.879,,4
Lampung,Lampung,2025,,800,1,74238350,14135500,16990720,31887600,19.04069797,22.88671556,42.95300205,51.9,20.7,345099.1,4853377,136.81,2.802825368,2.8,109.23,1.195108394,1810.78,440.164,1370.616,1940.075,4.75,16669.879,,4
Bangka Belitung,Bangka Belitung,2025,,271,4,16466410,3237550,3037240,6904730,19.66154128,18.44506483,41.9322123,51.9,17.82,297127,785723,136.81,2.802825368,2.8,106.62,2.716763006,605.0359999999999,.571,604.465,344.525,4.75,16669.879,,4
Kepulauan Riau,Kepulauan Riau,2025,,3265,7,59767120,25153160,1410650,14292040,42.08528033,2.360244228,23.91288053,51.9,713.62,11896029.6,1051975,136.81,2.802825368,2.8,110.16,3.155726192,5882.413,5530.133,352.28,1817.838,4.75,16669.879,,4
DKI Jakarta,DKI Jakarta,2025,,6311,23,582505150,61760400,376260,,10.60255004,.06459342033,0,51.9,1418.76,23650596.4,5128464,136.81,2.802825368,2.8,108.13,2.658311972,4700.917,32354.491,-27653.574,64500.728,4.75,16669.879,,4
Jawa Barat,Jawa Barat,2025,,18815,104,474282740,194070790,33682960,,40.91879667,7.101873452,0,51.9,3003.65,50070469.1,24506852,136.81,2.802825368,2.8,109.78,2.598130841,9833.584999999999,862.099,8971.486000000001,23132.379,4.75,16669.879,,4
Jawa Tengah,Jawa Tengah,2025,,14700,66,309979710,98715640,38499530,,31.8458392,12.42001614,0,51.9,875.15,14588722.5,21295797,136.81,2.802825368,2.8,109.54,2.786900629,3433.889,3928.506,-494.617,16346.81,4.75,16669.879,,4
DI Yogyakarta,DI Yogyakarta,2025,,1576,2,33838170,3670000,2931020,,10.84574018,8.661875036,0,51.9,20.69,344926.5,2200071,136.81,2.802825368,2.8,109.36,2.975517891,143.653,.018,143.635,1916.602,4.75,16669.879,,4
Jawa Timur,Jawa Timur,2025,,5949,27,517204030,159196780,46318310,,30.78026674,8.955519933,0,51.9,675.22,11255787.3,23801034,136.81,2.802825368,2.8,109.63,2.74601687,6933.267,8008.53,-1075.263,18688.502,4.75,16669.879,,4
Banten,Banten,2025,,10376,25,143520640,48273860,9030390,,33.63548267,6.292049701,0,51.9,1206.18,20106910.7,5755926,136.81,2.802825368,2.8,108.95,2.686145146,3311.794,3442.214,-130.42,6712.724,4.75,16669.879,,4
Bali,Bali,2025,,611,2,46401160,3001990,5508690,,6.469644293,11.87187993,0,51.9,428.83,7148512.5,2701726,136.81,2.802825368,2.8,110.35,2.679817624,154.331,40.769,113.562,1175.121,4.75,16669.879,,4
Nusa Tenggara Barat,Nusa Tenggara Barat,2025,,177,2,30069110,2987700,6541720,,9.936110512999999,21.75561565,0,51.9,142.96,2383116.6,3106729,136.81,2.802825368,2.8,109.61,2.900863688,1096.747,54.301,1042.446,1973.032,4.75,16669.879,,4
Nusa Tenggara Timur,Nusa Tenggara Timur,2025,,171,,21491650,300450,5392320,,1.397984799,25.09030251,0,51.9,7.72,128608.5,2989090,136.81,2.802825368,2.8,108.15,2.269503546,20.703,3.114,17.589,1632.043,4.75,16669.879,,4
Kalimantan Barat,Kalimantan Barat,2025,,2577,18,44215260,6548540,9889350,,14.81058802,22.36637306,0,51.9,990.25,16507321.5,2930432,136.81,2.802825368,2.8,108.51,1.983082707,532.547,205.496,327.051,1465.867,4.75,16669.879,,4
Kalimantan Tengah,Kalimantan Tengah,2025,,479,,33309860,4802430,6205170,,14.41744276,18.62862828,0,51.9,49.47,824638.6,1417683,136.81,2.802825368,2.8,109.16,2.816238109,985.631,9.352,976.279,1185.439,4.75,16669.879,,4
Kalimantan Selatan,Kalimantan Selatan,2025,,2140,4,42678480,5412010,4628770,,12.68088742,10.84567679,0,51.9,170.37,2840108.7,2153139,136.81,2.802825368,2.8,110.23,3.366466617,2810.963,392.435,2418.528,2042.011,4.75,16669.879,,4
Kalimantan Timur,Kalimantan Timur,2025,,3917,44,154729340,30506800,9687810,,19.71623481,6.26113315,0,51.9,145.61,2427234.5,1969739,136.81,2.802825368,2.8,109.14,2.305961755,5881.201,1513.959,4367.242,2265.981,4.75,16669.879,,4
Kalimantan Utara,Kalimantan Utara,2025,,76,3,20003950,1771570,3215410,,8.856100919999999,16.07387541,0,51.9,298.44,4975010.1,380572,136.81,2.802825368,2.8,108.01,2.41797838,381.496,198.771,182.725,,4.75,16669.879,,4
Sulawesi Utara,Sulawesi Utara,2025,,345,1,30499570,3291390,5687950,,10.79159477,18.64927932,0,51.9,50.82,847092.4,1339333,136.81,2.802825368,2.8,108.38,1.119611868,311.746,48.477,263.269,1398.907,4.75,16669.879,,4
Sulawesi Tengah,Sulawesi Tengah,2025,,1650,12,61751590,27060140,8697980,,43.82096072,14.08543489,0,51.9,1741.5,29030569,1652846,136.81,2.802825368,2.8,110.76,3.572096503,6265.868,2968.357,3297.511,1044.146,4.75,16669.879,,4
Sulawesi Selatan,Sulawesi Selatan,2025,,4297,17,107626130,14514040,20590200,,13.48560986,19.1312277,0,51.9,187.48,3125217.5,4759077,136.81,2.802825368,2.8,108.95,2.8509393,467.033,286.959,180.074,6255.964,4.75,16669.879,,4
Sulawesi Tenggara,Sulawesi Tenggara,2025,,1409,17,32279540,3140050,6608450,,9.727678895,20.47256559,0,51.9,428.63,7145178.7,1434033,136.81,2.802825368,2.8,109.46,3.021176471,936.551,590.2329999999999,346.318,796.9400000000001,4.75,16669.879,,4
Gorontalo,Gorontalo,2025,,87,1,8957910,444130,3166880,,4.957964525,35.35288923,0,51.9,2.93,48807.4,633263,136.81,2.802825368,2.8,108.57,2.385892116,23.236,.654,22.582,645.389,4.75,16669.879,,4
Sulawesi Barat,Sulawesi Barat,2025,,95,1,10242480,1217660,3776310,,11.88833173,36.86909811,0,51.9,.97,16137.4,800433,136.81,2.802825368,2.8,109.1,2.566513115,177.938,.91,177.028,337.082,4.75,16669.879,,4
Maluku,Maluku,2025,,85,,10198120,703050,2371510,,6.893917702,23.25438414,0,51.9,.34,5615.4,922486,136.81,2.802825368,2.8,110.12,2.733463943,28.729,106.388,-77.65900000000001,504.321,4.75,16669.879,,4
Maluku Utara,Maluku Utara,2025,,73,,21207850,9246200,1682440,,43.59800734,7.933100244,0,51.9,1692.37,28211676.3,673456,136.81,2.802825368,2.8,109.63,1.56568464,3993.521,2043.609,1949.912,626.324,4.75,16669.879,,4
Papua Barat,Papua Barat,2025,,214,,13475020,5989640,844130,,44.44995258,6.264406287,0,51.9,179.93,2999461.7,288323,136.81,2.802825368,2.8,109.35,1.787210276,,4.96,-4.96,583.12,4.75,16669.879,,4
Papua Barat Daya,Papua Barat Daya,2025,,,,6601820,1359130,764830,,20.58720171,11.58513864,0,51.9,8.220000000000001,137041.9,301862,136.81,2.802825368,2.8,107.17,1.640743551,,.002,-.002,,4.75,16669.879,,4
Papua,Papua,2025,,88,,13840380,396830,1866470,,2.867190063,13.48568464,0,51.9,2.96,49343.6,434016,136.81,2.802825368,2.8,106.5,1.293513411,,.9399999999999999,-.9399999999999999,1058.597,4.75,16669.879,,4
Papua Selatan,Papua Selatan,2025,,,,5060470,305290,1169170,,6.032838847,23.10398046,0,51.9,21.5,358446.9,217682,136.81,2.802825368,2.8,110.41,3.254465538,,,0,,4.75,16669.879,,4
Papua Tengah,Papua Tengah,2025,,,,16572190,69830,1015850,,.4213685699,6.129847654,0,51.9,433.51,7226490.4,790239,136.81,2.802825368,2.8,113.25,2.637302882,,74.73,-74.73,,4.75,16669.879,,4
Papua Pegunungan,Papua Pegunungan,2025,,,,3687680,31120,640530,,.8438910101,17.36945722,0,51.9,,,1040001,136.81,2.802825368,2.8,114,3.532830806,,,0,,4.75,16669.879,,4
