Provinsi,year,PHK,% Pekerja Formal,% Pekerja Formal (2019),"% Pekerja Formal (Growth from 2019, pp)",Jumlah Pekerja Memiliki Kontrak Tertulis,Jumlah Pekerja Formal,% Pekerja Memiliki Kontrak Tertulis,% Pekerja Memiliki Kontrak Tertulis (2019),"% Pekerja Memiliki Kontrak Tertulis (Growth from 2019, pp)",Jumlah Penduduk Bekerja,% TPT,% TPT Laki-laki,% TPT Perempuan,% TPAK,% TPAK Laki-laki,% TPAK Perempuan,Berusaha Sendiri,Buruh/karyawan/pegawai,Pekerja Keluarga Tidak Dibayar,Penduduk Bekerja Setengah Penganggur,% Pekerja Penuh Waktu,% Pekerja Paruh Waktu,% Setengah Pengangguran,"Tenaga Kerja - Pertanian, Kehutanan dan Perikanan",Tenaga Kerja - Pertambangan dan Penggalian,Tenaga Kerja - Industri Pengolahan,Tenaga Kerja - Pengadaan Listrik dan Gas,"Tenaga Kerja - Pengadaan Air, Pengelolaan Sampah, Limbah dan Daur Ulang",Tenaga Kerja - Konstruksi,"Tenaga Kerja - Perdagangan Besar dan Eceran, Reparasi Mobil dan Sepeda Motor",Tenaga Kerja - Transportasi dan Pergudangan,Tenaga Kerja - Penyediaan Akomodasi dan Makan Minum,Tenaga Kerja - Informasi dan Komunikasi,Tenaga Kerja - Jasa Keuangan dan Asuransi,Tenaga Kerja - Real Estate,Tenaga Kerja - Jasa Perusahaan,"Tenaga Kerja - Administrasi Pemerintahan, Pertahanan dan Jaminan Sosial Wajib",Tenaga Kerja - Jasa Pendidikan,Tenaga Kerja - Jasa Kesehatan dan Kegiatan Sosial,Tenaga Kerja - Jasa Lainnya,"% Share Tenaga Kerja - Pertanian, Kehutanan dan Perikanan",% Share Tenaga Kerja - Pertambangan dan Penggalian,% Share Tenaga Kerja - Industri Pengolahan,% Share Tenaga Kerja - Pengadaan Listrik dan Gas,"% Share Tenaga Kerja - Pengadaan Air, Pengelolaan Sampah, Limbah dan Daur Ulang",% Share Tenaga Kerja - Konstruksi,"% Share Tenaga Kerja - Perdagangan Besar dan Eceran, Reparasi Mobil dan Sepeda Motor",% Share Tenaga Kerja - Transportasi dan Pergudangan,% Share Tenaga Kerja - Penyediaan Akomodasi dan Makan Minum,% Share Tenaga Kerja - Informasi dan Komunikasi,% Share Tenaga Kerja - Jasa Keuangan dan Asuransi,% Share Tenaga Kerja - Real Estate,% Share Tenaga Kerja - Jasa Perusahaan,"% Share Tenaga Kerja - Administrasi Pemerintahan, Pertahanan dan Jaminan Sosial Wajib",% Share Tenaga Kerja - Jasa Pendidikan,% Share Tenaga Kerja - Jasa Kesehatan dan Kegiatan Sosial,% Share Tenaga Kerja - Jasa Lainnya,Jam Kerja,UMP (IDR),Growth UMP,Upah buruh/karyawan/pegawai (IDR),Kaitz Index,Proporsi Lapangan Kerja Informal Sektor Non-Pertanian,Proporsi Lapangan Kerja Informal,Pencari Kerja Terdaftar - Jumlah,Lowongan Kerja Terdaftar - Jumlah,Penempatan/Pemenuhan Tenaga Kerja - Jumlah,BPJSTK - Peserta Aktif PU,BPJSTK - Peserta Aktif BPU,BPJSTK - PHK,BPJSTK - JHT PHK,BPJSTK - JKP PHK,Pertumbuhan Bekerja,Pertumbuhan Buruh/Karyawan/Pegawai,Pertumbuhan Pekerja Keluarga Tidak Dibayar,Pertumbuhan % Pekerja Formal,Pertumbuhan % Pekerja Memiliki Kontrak Tertulis,Pertumbuhan % Pekerja Penuh Waktu,Pertumbuhan % Pekerja Paruh Waktu,Pertumbuhan % Setengah Pengangguran,Pertumbuhan Jam Kerja,Pertumbuhan TPT,Pertumbuhan TPT Laki-laki,Pertumbuhan TPT Perempuan,Pertumbuhan TPAK,Pertumbuhan TPAK Laki-laki,Pertumbuhan TPAK Perempuan,Pertumbuhan Upah,Pertumbuhan BPJSTK - Peserta Aktif PU,Pertumbuhan BPJSTK - Peserta Aktif BPU,Pertumbuhan BPJSTK - PHK,Pertumbuhan BPJSTK - JHT PHK,Pertumbuhan BPJSTK - JKP PHK,Lag_1 PHK,Lag_1 % Pekerja Formal,Lag_1 % Pekerja Memiliki Kontrak Tertulis,Lag_1 Growth UMP,Lag_1 BPJSTK - Peserta Aktif PU,Lag_1 BPJSTK - Peserta Aktif BPU,Lag_1 BPJSTK - PHK,Lag_1 BPJSTK - JHT PHK,Lag_1 BPJSTK - JKP PHK,Perusahaan Industri Sedang,Perusahaan Industri Besar,Jumlah Perusahaan,Tenaga Kerja Industri Sedang,Tenaga Kerja Industri Besar,Jumlah Tenaga Kerja Produksi,Jumlah Tenaga Kerja Lainnya,Jumlah Tenaga Kerja,"Pengeluaran untuk Pekerja Produksi Upah/Gaji, Upah Lembur, Tunjangan",Pengeluaran untuk Pekerja Produksi Lainnya,Jumlah Pengeluaran untuk Pekerja Produksi,"Pengeluaran untuk Pekerja Lainnya Upah/Gaji, Upah Lembur, Tunjangan",Pengeluaran untuk Pekerja Lainnya Lainnya,Jumlah Pengeluaran untuk Pekerja Lainnya,Jumlah Pengeluaran Seluruh Pekerja,Biaya Input,Nilai Output,Nilai Tambah (harga pasar),Nilai Tambah (biaya faktor produksi),Jumlah Perusahaan PMDN,Jumlah Perusahaan PMA,Jumlah Tenaga Kerja/Jumlah Perusahaan,Jumlah Tenaga Kerja Produksi/Jumlah Tenaga Kerja,Jumlah Tenaga Kerja/Biaya Input,Jumlah Tenaga Kerja/Nilai Output,Jumlah Tenaga Kerja/Nilai Tambah (harga pasar),Jumlah Tenaga Kerja/Nilai Tambah (biaya faktor produksi),Biaya Pekerja/Biaya Input,Biaya Pekerja/Nilai Output,Biaya Pekerja/Nilai Tambah Pasar,Biaya Pekerja/Nilai Tambah Produksi,Biaya Pekerja/Tenaga Kerja,Nilai Output/Tenaga Kerja,Nilai Tambah Pasar/Tenaga Kerja,Nilai Tambah Produksi/Tenaga Kerja,Biaya Input/Nilai Output,Nilai Tambah Pasar/Nilai Output,Nilai Tambah Produksi/Nilai Output,Biaya Pekerja Produksi/Total Biaya Pekerja,Biaya Pekerja Lainnya/Total Biaya Pekerja,Upah Pekerja Produksi/Jumlah Tenaga Kerja Produksi,Upah Pekerja Lainnya/Jumlah Tenaga Kerja Lainnya,Proporsi Perusahaan PMDN,Proporsi Perusahaan PMA,Pertumbuhan Nilai Output,Pertumbuhan Biaya Input,Pertumbuhan Nilai Tambah Pasar,Pertumbuhan Nilai Tambah Produksi,Pertumbuhan Tenaga Kerja,Pertumbuhan Jumlah Perusahaan,Pertumbuhan Pengeluaran Tenaga Kerja,Pertumbuhan Produktivitas (Nilai Tambah Pasar) Tenaga Kerja,Pertumbuhan Produktivitas (Nilai Tambah Produksi) Tenaga Kerja,Selisih Pertumbuhan Biaya Input dan Pertumbuhan Nilai Output,Selisih Pertumbuhan Biaya Pekerja dan Nilai Output,PDRB Riil (IDR miliar),PDRB Riil (IDR juta),PDRB Manufaktur (IDR juta),Manufacturing Share,Laju Pertumbuhan PDB Industri Manufaktur,PMI Manufaktur,FDI,PDRB/Pekerja,Laju Pertumbuhan PDB Per Tenaga Kerja,ICOR,Inflasi YoY (per IV),Inflasi YoY (Average),IHP (2016=100),IHK (2010=100),Perubahan harga produsen (%),Perubahan harga konsumen (%),Nilai Ekspor BPS,Nilai Ekspor,Nilai Impor,Neraca Perdagangan,NPL,BI Rate (Average)*,Kurs,IKK,province_std
Aceh,2022,84.0,38.55,0.2570319181580747,38.29296808,396068.0,923270.187,0.4698571926819257,0.49237172041274485,-0.02251452773,2394994.0,6.17,5.68,7.02,63.5,81.06,46.15,604272.0,842954.0,300164.0,250455.0,61.5,28.04,10.46,969992.0,21670,175231,5769,3586,158823,320127.0,75172.0,118304,9444,10724,870,26719,159044.0,176663.0,66276.0,96580.0,0.4050081128,0.009048039369,0.07316552776,0.002408774302,0.001497289764,0.06631457114,0.133665053,0.031387135,0.04939636592,0.00394322491,0.004477673013,0.000363257695,0.01115618661,0.06640684695,0.07376344158,0.02767272068,0.04032577952,38.0,3166.46,0.04514963676500372,2327990.0,1.360169073,44.13,61.45,11600.0,1553.0,1549.0,315935.0,56888.0,1448.0,3939.0,,,,,,,,,,,,,,,,,,,,,,,,,,,,,,,,57.0,30.0,87.0,1849.0,8755.0,7168.0,3436.0,10604.0,397366109.0,34909199.0,432275308.0,193818007.0,11138177.0,204956184.0,637231492.0,10652661077.0,21273885572.0,10621224495.0,10379820664.0,81.0,6.0,121.8850575,0.6759713316,9.954320262e-07,4.984514918e-07,9.983782948e-07,1.021597612e-06,0.05981899615,0.02995369557,0.05999604775,0.06139137781,60093.5017,2006213.275,1001624.339,978858.9838,0.5007388538,0.4992611462,0.4879137207,0.6783646342,0.3216353658,55436.12012,56408.03463,0.9310344828,0.06896551724,,,,,,,,,,,,140971.7,140971700.0,6472363.2,4.591250017,4.19,51.8,127.6,0.05886098253,2.75,6.02,5.94,4.48,130.8,163.1,10.0,4.2,745.8,692.5,167.3,525.2,605.4,4.0,14875.93,119.9,Aceh
Sumatera Utara,2022,70.0,40.93,0.29822611230415613,40.63177389,1158119.0,2945885.178,0.43182732559678705,0.40538524305862134,0.02644208254,7197374.0,6.16,5.9,6.55,69.53,83.89,55.37,1442845.0,2681903.0,1119422.0,491786.0,68.93,24.24,6.83,2493755.0,32908,720482,16080,18074,435285,1304741.0,316982.0,542897,42634,57805,14570,90623,312989.0,366511.0,107116.0,323922.0,0.3464812305,0.004572223147,0.1001034544,0.002234148177,0.002511193666,0.06047830778,0.1812801447,0.04404134063,0.07542987206,0.005923549339,0.008031401453,0.002024349436,0.01259112004,0.04348655496,0.05092287826,0.01488265026,0.0450055812,42.0,2522.60994,0.9276917112469647,2576442.0,0.9791060462,46.45,59.07,27722.0,1526.0,1368.0,1201977.0,282555.0,10740.0,25807.0,,,,,,,,,,,,,,,,,,,,,,,,,,,,,,,,832.0,432.0,1264.0,32479.0,138586.0,137378.0,33767.0,171145.0,6546111198.0,439161312.0,6985272510.0,2301046792.0,153495166.0,2454541958.0,9439814468.0,196870314607.0,288425631608.0,91555317001.0,89561384425.0,1178.0,86.0,135.3995253,0.8026994654,8.693286255e-07,5.933765285e-07,1.869307055e-06,1.910924011e-06,0.0479494051,0.03272876414,0.1031050383,0.1054004974,55156.82297,1685270.569,534957.5915,523307.0462,0.6825687215,0.3174312785,0.3105181184,0.7399798517,0.2600201483,47650.36031,68144.8394,0.9319620253,0.06803797468,,,,,,,,,,,,573528.8,573528800.0,99869073.9,17.41308787,1.98,51.8,1316.1,0.07968584097,2.37,6.02,6.12,4.84,130.8,163.1,10.0,4.2,12717.0,12108.9,6837.5,5271.4,5638.3,4.0,14875.93,119.9,Sumatera Utara
Sumatera Barat,2022,35.0,34.74,0.23942157235566583,34.50057843,429172.0,933868.1736,0.5104924218093926,0.46317084522674234,0.04732157658,2688164.0,6.28,6.2,6.39,69.3,82.58,56.28,653862.0,840702.0,387302.0,233244.0,65.74,25.58,8.68,939746.0,38347,230775,7828,4751,117992,543335.0,89098.0,212594,18413,23335,1388,32739,122595.0,169700.0,55036.0,80492.0,0.349586558,0.01426512668,0.08584855686,0.002912024713,0.001767377288,0.04389315533,0.2021212247,0.03314455517,0.07908520462,0.006849656494,0.008680645972,0.0005163375449,0.01217894444,0.04560547645,0.06312858888,0.02047345326,0.02994311359,39.0,2512.539,1.1472435438867592,2655767.0,0.946069064,52.38,65.26,20304.0,1907.0,1725.0,373923.0,111406.0,2681.0,7889.0,,,,,,,,,,,,,,,,,,,,,,,,,,,,,,,,136.0,60.0,196.0,4139.0,12644.0,13030.0,3753.0,16783.0,586601645.0,34221055.0,620822700.0,199240416.0,19188839.0,218429255.0,839251955.0,40419965393.0,64948317682.0,24528352289.0,24215698280.0,179.0,17.0,85.62755102,0.7763808616,4.152155955e-07,2.584054614e-07,6.84228594e-07,6.930628143e-07,0.02076330217,0.01292184286,0.03421558632,0.034657351,50006.0749,3869887.248,1461499.868,1442870.66,0.6223404522,0.3776595478,0.3728456586,0.7397333975,0.2602666025,45019.31274,53088.30695,0.9132653061,0.08673469388,,,,,,,,,,,,182628.3,182628300.0,16918566.2,9.26393456,1.75,51.8,95.6,0.06793793087,0.22,6.02,5.88,4.55,130.8,163.1,10.0,4.2,2868.4,2617.8,710.3,1907.5,1147.0,4.0,14875.93,119.9,Sumatera Barat
Riau,2022,916.0,45.98,0.29519579421293607,45.68480421,649948.0,1457073.554,0.5087022437129156,0.5086516805716477,5.056314127e-05,3168929.0,4.37,3.72,5.68,63.86,83.59,43.28,694008.0,1277659.0,334746.0,235115.0,63.61,28.97,7.42,1266219.0,34966,230084,6679,18642,164959,568587.0,93309.0,179718,18560,30956,9593,58862,130044.0,191647.0,54396.0,111708.0,0.3995731681,0.01103401181,0.07260623384,0.002107652144,0.005882744612,0.05205512651,0.179425604,0.0294449639,0.056712536,0.005856868362,0.009768600054,0.003027205722,0.01857472982,0.04103720847,0.06047689929,0.01716542087,0.03525102645,40.0,2938.56401,1.7309638916397176,2889691.0,1.016912884,44.3,54.02,16477.0,555.0,420.0,593002.0,173909.0,4751.0,10388.0,,,,,,,,,,,,,,,,,,,,,,,,,,,,,,,,150.0,236.0,386.0,7827.0,74441.0,63748.0,18520.0,82268.0,4266561754.0,554351386.0,4820913140.0,1557667859.0,336737446.0,1894405305.0,6715318445.0,413662869319.0,591999174685.0,178336305366.0,176663812892.0,344.0,42.0,213.1295337,0.7748820927,1.988769264e-07,1.3896641e-07,4.613081999e-07,4.656754468e-07,0.01623379554,0.01134345913,0.03765536373,0.0380118505,81627.34532,7195983.55,2167748.157,2147418.351,0.698755821,0.301244179,0.2984190189,0.7178979194,0.2821020806,66928.55861,84107.3358,0.8911917098,0.1088082902,,,,,,,,,,,,529533.0,529533000.0,170116902.3,32.12583584,4.73,51.8,2748.7,0.1671015665,3.89,6.02,5.67,4.23,130.8,163.1,10.0,4.2,22596.0,20690.9,4899.4,15791.5,1795.1,4.0,14875.93,119.9,Riau
Jambi,2022,92.0,40.02,0.2759322751972263,39.74406772,299736.0,719487.1638,0.47659525751656434,0.42800893021842684,0.0485863273,1797819.0,4.59,4.33,5.05,67.84,86.17,48.97,440747.0,628911.0,257486.0,134140.0,61.86,30.68,7.46,862275.0,56641,94420,1520,4093,85331,260547.0,62670.0,90857,4866,16043,2139,19974,74381.0,91169.0,26537.0,44356.0,0.4796228096,0.03150539626,0.05251919131,0.0008454688709,0.002276647427,0.0474636212,0.1449239328,0.03485890404,0.05053734553,0.002706612846,0.008923590195,0.001189774944,0.01111012844,0.04137290795,0.05071088914,0.01476066278,0.0246721166,39.0,2649.03424,0.7175264895171978,2520767.0,1.050884211,44.76,59.98,11203.0,978.0,870.0,268570.0,112330.0,1925.0,3123.0,,,,,,,,,,,,,,,,,,,,,,,,,,,,,,,,103.0,90.0,193.0,4344.0,23509.0,22318.0,5535.0,27853.0,1223247536.0,81227879.0,1304475415.0,448817027.0,48993694.0,497810721.0,1802286136.0,37826829189.0,62457166353.0,24630337164.0,24425409709.0,178.0,15.0,144.3160622,0.8012781388,7.363292297e-07,4.459536291e-07,1.130841199e-06,1.140328876e-06,0.04764571006,0.02885635454,0.07317342528,0.07378734512,64707.07414,2242385.608,884297.4604,876939.996,0.6056443383,0.3943556617,0.3910745737,0.7237892968,0.2762107032,54809.90841,81087.08708,0.9222797927,0.07772020725,,,,,,,,,,,,161731.9,161731900.0,16213293.3,10.02479616,3.12,51.8,39.2,0.08996005716,2.15,6.02,5.36,3.97,130.8,163.1,10.0,4.2,3001.9,2719.4,310.1,2409.3,907.1,4.0,14875.93,119.9,Jambi
Sumatera Selatan,2022,160.0,36.72,0.25679713844587737,36.46320286,649448.0,1575179.309,0.44178783642677605,0.4018773507434917,0.03991048568,4289704.0,4.63,4.53,4.8,69.31,84.95,53.32,1012639.0,1470045.0,785338.0,303829.0,64.54,28.38,7.08,1992257.0,75036,267855,12971,8130,201842,694992.0,133528.0,193235,23012,25256,4843,57558,194644.0,195620.0,58745.0,150180.0,0.4644276155,0.01749211601,0.06244137125,0.003023751755,0.001895235662,0.04705266377,0.1620139758,0.03112755565,0.04504623163,0.0053644727,0.005887585717,0.001128982326,0.01341770901,0.04537469252,0.04560221405,0.01369441808,0.03500940857,41.0,3144.446,3.3299804049211446,2630695.0,1.195290978,45.1,63.28,23589.0,1212.0,1119.0,573899.0,95170.0,4681.0,16715.0,,,,,,,,,,,,,,,,,,,,,,,,,,,,,,,,172.0,139.0,311.0,6958.0,64350.0,46106.0,22690.0,68796.0,3059524810.0,383126877.0,3442651687.0,1372343204.0,215366011.0,1587709215.0,5030360902.0,89734205396.0,183833254610.0,94099049214.0,92936472024.0,284.0,27.0,221.2090032,0.670184313,7.666641689e-07,3.742304413e-07,7.311019673e-07,7.40247596e-07,0.05605845485,0.02736371563,0.05345814803,0.05412687605,73119.96195,2672150.337,1367798.262,1350899.355,0.4881282529,0.5118717471,0.5055476618,0.6843746908,0.3156253092,66358.49586,60482.29193,0.9131832797,0.08681672026,,,,,,,,,,,,343503.6,343503600.0,63307614.8,18.42997127,4.39,51.8,1226.3,0.08007629431,2.53,6.02,5.34,4.05,130.8,163.1,10.0,4.2,7583.3,6789.8,1704.8,5085.0,2902.5,4.0,14875.93,119.9,Sumatera Selatan
Bengkulu,2022,26.0,32.46,0.24193566149394513,32.21806434,172272.0,336771.2016,0.5785968341612341,0.49588196971291854,0.08271486445,1037496.0,3.59,3.39,3.91,69.81,84.72,54.36,225584.0,297741.0,181804.0,83167.0,63.06,28.92,8.02,499641.0,11121,53218,2605,4169,45823,165220.0,28769.0,36180,5769,8766,1705,10074,66540.0,50633.0,19352.0,27911.0,0.4815835435,0.01071907747,0.05129465559,0.002510853054,0.004018328745,0.04416691727,0.1592488067,0.02772926353,0.0348724236,0.005560503366,0.008449189202,0.00164337983,0.009709916954,0.06413518703,0.04880307972,0.01865260203,0.02690227239,38.0,2238.09431,1.0426325056433399,2737834.0,0.817468959,47.72,67.54,4246.0,664.0,662.0,117043.0,24826.0,834.0,1958.0,,,,,,,,,,,,,,,,,,,,,,,,,,,,,,,,39.0,35.0,74.0,1488.0,4940.0,5264.0,1164.0,6428.0,250451827.0,7680719.0,258132546.0,53961108.0,780743.0,54741851.0,312874397.0,11430107228.0,17116441144.0,5686333916.0,5584631012.0,65.0,9.0,86.86486486,0.8189172371,5.623744267e-07,3.75545357e-07,1.130429569e-06,1.151016063e-06,0.02737283131,0.01827917348,0.05502216395,0.05602418429,48673.67719,2662794.204,884619.4642,868797.6061,0.6677852675,0.3322147325,0.3262729071,0.8250356964,0.1749643036,47578.23461,46358.34021,0.8783783784,0.1216216216,,,,,,,,,,,,49916.1,49916100.0,2863150.6,5.735926084,3.08,51.8,52.2,0.04811208911,2.73,6.02,5.89,4.42,130.8,163.1,10.0,4.2,311.2,5418.9,22.4,5396.5,391.9,4.0,14875.93,119.9,Bengkulu
Lampung,2022,30.0,28.49,0.20955681255735695,28.28044319,462137.0,1250131.513,0.407159118541569,0.40821016890235196,-0.001051050361,4387966.0,4.52,4.1,5.24,70.06,85.84,53.54,878210.0,1135028.0,807884.0,303546.0,63.38,29.7,6.92,1914133.0,17131,409629,4742,20707,216667,865967.0,147397.0,183528,18878,27928,2577,37241,120485.0,191652.0,63328.0,145976.0,0.436223298,0.003904086768,0.09335281996,0.001080682941,0.004719042946,0.04937754759,0.1973504353,0.03359119009,0.04182530129,0.00430222112,0.006364680127,0.000587288051,0.008487075789,0.02745805232,0.04367672858,0.01443219934,0.03326734984,40.0,2440.48618,0.3488735412288406,2322728.0,1.050698222,55.67,71.51,15790.0,928.0,866.0,467278.0,95808.0,3193.0,11782.0,,,,,,,,,,,,,,,,,,,,,,,,,,,,,,,,289.0,127.0,416.0,10608.0,49857.0,48628.0,11837.0,60465.0,1900350146.0,69056397.0,1969406543.0,576905524.0,32071632.0,608977156.0,2578383699.0,52285233457.0,79891922824.0,27606689367.0,27070434111.0,388.0,28.0,145.3485577,0.8042338543,1.156445061e-06,7.568349573e-07,2.190230027e-06,2.233617671e-06,0.04931380293,0.03227339646,0.09339706275,0.09524722391,42642.58164,1321292.034,456573.0483,447704.1943,0.6544495565,0.3455504435,0.3388381848,0.7638143787,0.2361856213,39079.34001,48737.47774,0.9326923077,0.06730769231,,,,,,,,,,,,257534.2,257534200.0,46589527.0,18.09061748,0.4,51.8,247.8,0.05869101994,1.82,6.02,5.12,3.8,130.8,163.1,10.0,4.2,5601.1,288.8,2706.4,-2417.6,2968.5,4.0,14875.93,119.9,Lampung
Bangka Belitung,2022,380.0,50.37,0.3520311029007684,50.0179689,144140.0,368190.5964,0.44344219930594864,0.36799906800942345,0.0754431313,730972.0,4.77,4.33,5.62,67.38,86.02,47.55,206869.0,325048.0,59517.0,24598.0,74.93,21.7,3.37,183099.0,138969,50185,2012,254,33381,128709.0,15143.0,36734,5849,6771,551,7933,40359.0,37193.0,16265.0,27565.0,0.2504870228,0.1901153533,0.06865516053,0.002752499412,0.0003474825301,0.04566659188,0.1760792479,0.02071625179,0.05025363489,0.008001674483,0.009263008706,0.0007537908429,0.01085267288,0.05521278517,0.05088156591,0.0222511943,0.03771006277,41.0,3264.884,1.0792595866000738,2969146.0,1.099603724,43.49,49.63,4483.0,532.0,501.0,105071.0,49780.0,780.0,1560.0,,,,,,,,,,,,,,,,,,,,,,,,,,,,,,,,67.0,43.0,110.0,2668.0,11621.0,12086.0,2203.0,14289.0,600383912.0,45933461.0,646317373.0,126200136.0,4380611.0,130580747.0,776898120.0,21574166843.0,49270238495.0,27696071652.0,27136704101.0,99.0,11.0,129.9,0.8458254601,6.623198988e-07,2.900128036e-07,5.159215422e-07,5.265562077e-07,0.03601057346,0.01576810147,0.02805084164,0.02862905226,54370.36322,3448123.626,1938279.211,1899132.487,0.4378742117,0.5621257883,0.5507727368,0.831920372,0.168079628,49675.98147,57285.58148,0.9,0.1,,,,,,,,,,,,57804.2,57804200.0,12484719.3,21.59829095,5.14,51.8,129.7,0.079078542,0.18,6.02,4.98,3.68,130.8,163.1,10.0,4.2,2634.4,2510.2,206.6,2303.6,466.1,4.0,14875.93,119.9,Bangka Belitung
Kepulauan Riau,2022,863.0,63.68,0.4182589631706473,63.26174104,472030.0,736138.8896,0.6754420859531285,0.6034253042464346,0.07201678171,1155997.0,,7.78,9.03,68.94,80.02,50.68,228843.0,698846.0,76616.0,57246.0,79.32,15.73,4.95,90120.0,9630,297852,3976,1692,82574,201209.0,73239.0,117832,10787,17249,13137,30991,59649.0,52821.0,18953.0,74286.0,0.07795867982,0.008330471446,0.2576581081,0.003439455293,0.001463671619,0.07143098122,0.1740566801,0.06335570075,0.1019310604,0.009331339095,0.014921319,0.01136421634,0.0268088931,0.05159961488,0.04569302515,0.01639537127,0.06426141244,44.0,3050.172,1.4876923998323122,4155520.0,0.7340048899,32.57,36.32,11382.0,414.0,320.0,310171.0,87054.0,4036.0,13680.0,,,,,,,,,,,,,,,,,,,,,,,,,,,,,,,,408.0,249.0,657.0,16544.0,150239.0,136253.0,30530.0,166783.0,9665342982.0,777284513.0,10442627495.0,2309612411.0,340304548.0,2649916959.0,13092544454.0,101760034034.0,191481513754.0,89721479720.0,88241194262.0,323.0,334.0,253.8554033,0.8169477705,1.638983335e-06,8.710135863e-07,1.858897117e-06,1.890080947e-06,0.1286609677,0.06837497885,0.1459243037,0.1483722491,78500.47339,1148087.717,537953.3869,529077.8692,0.5314352913,0.4685647087,0.4608340123,0.7976010723,0.2023989277,70936.73521,75650.58667,0.4916286149,0.5083713851,,,,,,,,,,,,190111.1,190111100.0,79348156.2,41.73778185,4.55,51.8,934.0,0.1644563956,-1.14,6.02,5.83,4.29,130.8,163.1,10.0,4.2,18217.0,18260.6,16715.5,1545.1,1234.1,4.0,14875.93,119.9,Kepulauan Riau
DKI Jakarta,2022,1655.0,63.12,0.4167439955217326,62.703256,1858151.0,3077164.382,0.6356656054855742,0.5620147559420254,0.07365084954,4875102.0,7.18,7.5,6.65,63.08,80.02,46.62,1183102.0,2923158.0,242452.0,131936.0,81.81,15.48,2.71,25474.0,17005,500278,14533,18719,218962,1177618.0,598473.0,603860,125605,209146,94734,278664,202342.0,207039.0,120537.0,462113.0,0.005225326568,0.003488132146,0.1026189811,0.002981065832,0.003839714533,0.04491434231,0.2415576125,0.1227611238,0.1238661263,0.02576458913,0.04290084597,0.0194322088,0.05716065018,0.04150518287,0.04246864989,0.02472502114,0.09479042695,44.0,4641.854,5.110007184818755,5255824.0,0.8831829224,36.82,36.88,36647.0,919.0,499.0,1735860.0,362562.0,18116.0,49475.0,,,,,,,,,,,,,,,,,,,,,,,,,,,,,,,,1134.0,475.0,1609.0,45692.0,204332.0,199411.0,50613.0,250024.0,11123576269.0,523340072.0,11646916341.0,4314758321.0,251690746.0,4566449067.0,16213365408.0,281738511256.0,491567212461.0,209828701205.0,208718425904.0,1487.0,122.0,155.390926,0.7975674335,8.874328145e-07,5.086262746e-07,1.191562444e-06,1.197900947e-06,0.05754756542,0.03298300822,0.07726953136,0.07768056576,64847.2363,1966080.106,839234.2383,834793.5634,0.5731434158,0.4268565842,0.4245979402,0.718352794,0.281647206,55782.15981,85250.0014,0.9241765071,0.07582349285,,,,,,,,,,,,1953489.0,1953489000.0,228741590.5,11.70938718,5.88,51.8,3744.1,0.4007073083,2.27,6.02,5.89,4.31,130.8,163.1,10.0,4.2,11502.7,19962.9,100108.1,-80145.2,77566.0,4.0,14875.93,119.9,DKI Jakarta
Jawa Barat,2022,4629.0,45.39,0.2991639406436535,45.09083606,5740015.0,10645120.62,0.5829651132853645,0.6147618594690685,-0.03179674618,23452568.0,8.31,8.55,7.89,66.15,83.93,48.01,5139406.0,9846241.0,2077898.0,1318780.0,73.88,20.5,5.62,3585851.0,147242,4522840,58362,149206,1710514,5439021.0,1218505.0,2148541,260602,352782,136561,503286,566135.0,1024834.0,333273.0,1295013.0,0.152898011,0.006278289013,0.1928505228,0.002488512132,0.006362032507,0.07293504063,0.231915797,0.05195614399,0.09161218507,0.01111187483,0.01504236125,0.005822859143,0.0214597395,0.02413957397,0.04369815706,0.01421051204,0.05521838802,42.0,1841.48731,1.7198843654305733,3533613.0,0.5211344055,48.57,54.61,292753.0,7624.0,6979.0,4203172.0,988063.0,46782.0,159117.0,,,,,,,,,,,,,,,,,,,,,,,,,,,,,,,,5422.0,3292.0,8714.0,218730.0,1675154.0,1621420.0,272463.0,1893883.0,84854901379.0,4609404736.0,89464306115.0,22038333959.0,1820909372.0,23859243331.0,113323549446.0,1048762806704.0,2010401338411.0,961638531707.0,954400094642.0,7489.0,1225.0,217.3379619,0.8561352523,1.805825863e-06,9.420422499e-07,1.969433355e-06,1.984370088e-06,0.1080545083,0.05636862018,0.117844227,0.1187379906,59836.6158,1061523.515,507760.2638,503938.2552,0.5216683787,0.4783316213,0.4747311278,0.7894590891,0.2105409109,52333.69601,80885.60267,0.8594216204,0.1405783796,,,,,,,,,,,,1589984.9,1589984900.0,683420247.4,42.9828137,7.0,51.8,6534.5,0.06779576974,0.33,6.02,5.87,4.27,130.8,163.1,10.0,4.2,38546.6,35808.3,8661.1,27147.2,17681.7,4.0,14875.93,119.9,Jawa Barat
Jawa Tengah,2022,467.0,39.84,0.2746682160271102,39.56533178,3097275.0,7326758.866,0.45749959453507133,0.43353259334199323,0.02396700119,18390459.0,5.57,5.75,5.31,70.84,83.74,58.31,3922691.0,6770006.0,2261830.0,991581.0,71.41,23.2,5.39,4557468.0,84993,4025810,27545,57093,1482142,3565465.0,512175.0,1405347,103731,201499,17209,177173,357097.0,749980.0,249877.0,815855.0,0.2478169794,0.004621581223,0.2189075324,0.001497787521,0.003104490214,0.08059298574,0.1938758027,0.02785003898,0.07641717915,0.00564047912,0.01095671402,0.0009357569596,0.009633962915,0.01941751427,0.04078092885,0.01358731721,0.04436294929,42.0,1812.93543,0.7757905494756301,2200716.0,0.8237934518,49.99,60.16,111970.0,12269.0,11639.0,3128875.0,544331.0,19204.0,77386.0,,,,,,,,,,,,,,,,,,,,,,,,,,,,,,,,2936.0,1483.0,4419.0,101848.0,1070684.0,1047281.0,125251.0,1172532.0,37852635657.0,2029117558.0,39881753215.0,7086941006.0,764390117.0,7851331123.0,47733084338.0,313227608019.0,634748049891.0,321520441872.0,313952880091.0,3973.0,446.0,265.3387644,0.8931790348,3.743386502e-06,1.847240019e-06,3.646834998e-06,3.734738792e-06,0.1523910508,0.07520004882,0.1484604962,0.1520390077,40709.40865,541348.1678,274210.3771,267756.3428,0.4934676177,0.5065323823,0.4946102318,0.8355159481,0.1644840519,36143.72423,56581.91157,0.8990721883,0.1009278117,,,,,,,,,,,,1050278.1,1050278100.0000001,346169652.5,32.95980869,3.88,51.8,2362.0,0.05710994489,2.14,6.02,5.63,4.09,130.8,163.1,10.0,4.2,11740.2,12362.9,14428.6,-2065.7,16130.5,4.0,14875.93,119.9,Jawa Tengah
DI Yogyakarta,2022,113.0,46.62,0.34176924041756035,46.27823076,466370.0,1044815.272,0.4847009034682664,0.4678059389603624,0.01689496451,2241131.0,4.06,3.9,4.27,72.6,82.22,63.38,468305.0,962181.0,269489.0,106775.0,67.06,28.18,4.76,402044.0,6939,387207,1568,7272,159070,444742.0,100671.0,225614,22693,24400,4693,52282,67735.0,141321.0,53210.0,139670.0,0.1793933509,0.00309620455,0.1727730329,0.0006996467409,0.003244790242,0.07097755553,0.1984453385,0.04491973026,0.1006697065,0.010125691,0.01088736,0.002094031987,0.02332839981,0.03022357908,0.06305789354,0.02374247645,0.06232121192,40.0,1840.91553,4.301163172804536,2462583.0,0.7475547139,44.19,53.38,13310.0,1825.0,1704.0,364326.0,63441.0,2086.0,8253.0,,,,,,,,,,,,,,,,,,,,,,,,,,,,,,,,425.0,132.0,557.0,14437.0,65329.0,68730.0,11036.0,79766.0,2282222594.0,158259089.0,2440481683.0,568953912.0,56467038.0,625420950.0,3065902633.0,9267062908.0,22600612278.0,13333549370.0,13168113764.0,503.0,54.0,143.2064632,0.8616453125,8.607473672e-06,3.529373409e-06,5.982353069e-06,6.057511458e-06,0.3308386555,0.1356557334,0.2299389718,0.2328277753,38436.20882,283336.4125,167158.3052,165084.2936,0.4100359227,0.5899640773,0.5826441161,0.7960075629,0.2039924371,33205.62482,51554.35955,0.9030520646,0.09694793537,,,,,,,,,,,,112901.3,112901300.0,12890389.8,11.41739714,1.76,51.8,113.9,0.05037693022,4.55,6.02,6.29,4.59,130.8,163.1,10.0,4.2,581.6,536.0,63.0,473.0,1320.4,4.0,14875.93,119.9,DI Yogyakarta
Jawa Timur,2022,3574.0,36.14,0.2634464237926189,35.87655358,3713936.0,7811044.09,0.5146705815933224,0.4599136071285951,0.05475697446,21613293.0,5.49,5.74,5.13,71.23,85.76,57.28,4436795.0,7216142.0,3108951.0,1246057.0,66.2,28.03,5.77,6766440.0,108273,3221241,43101,69351,1396816,4340444.0,705855.0,1556876,126854,204139,37368,285802,462128.0,998127.0,313930.0,976548.0,0.3130684436,0.005009555925,0.1490398062,0.001994189409,0.003208719745,0.06462763448,0.2008228917,0.03265837371,0.07203326212,0.005869258331,0.009445066978,0.001728935984,0.01322343615,0.02138165619,0.04618116268,0.01452485746,0.04518274934,41.0,1891.56712,1.2195162410703233,2638752.0,0.7168415675,50.73,63.86,95978.0,8497.0,8073.0,2919531.0,633773.0,26691.0,58254.0,,,,,,,,,,,,,,,,,,,,,,,,,,,,,,,,4535.0,1763.0,6298.0,159337.0,814816.0,803823.0,170320.0,974143.0,36540371120.0,1649052621.0,38189423741.0,11201234381.0,731213480.0,11932447861.0,50121871602.0,584879871386.0,1041827274222.0,456947402836.0,447184958620.0,5914.0,384.0,154.6749762,0.8251591399,1.665543726e-06,9.350331136e-07,2.131849298e-06,2.178389459e-06,0.0856960105,0.04810957905,0.1096884921,0.1120830892,51452.27303,1069480.84,469076.309,459054.737,0.5613981183,0.4386018817,0.42923138,0.761931319,0.238068681,45458.23038,65765.81952,0.9390282629,0.06097173706,,,,,,,,,,,,1757874.9,1757874900.0,536394033.2,30.51377736,6.27,51.8,3134.0,0.08133304351,2.53,6.02,6.13,4.5,130.8,163.1,10.0,4.2,24963.2,25898.6,31946.5,-6047.9,19233.8,4.0,14875.93,119.9,Jawa Timur
Banten,2022,3703.0,52.04,0.3493072466712147,51.69069275,2002153.0,3091497.607,0.6760588443653855,0.7154727790199276,-0.03941393465,5940618.0,8.09,7.39,9.35,64.72,81.69,47.17,1302970.0,2961507.0,473435.0,271703.0,76.98,18.45,4.57,670880.0,38623,1368588,22227,56523,353551,1240325.0,410961.0,461408,71074,116204,70604,211101,141346.0,283139.0,93029.0,331035.0,0.1129310116,0.006501512132,0.2303780516,0.003741529922,0.009514666656,0.05951417849,0.2087872003,0.06917815621,0.07767003366,0.01196407512,0.01956092784,0.01188495877,0.03553519179,0.02379314745,0.04766153959,0.01565981856,0.05572400043,42.0,2501.20311,1.6337515858514564,4370278.0,0.5723212825,42.5,47.96,58778.0,1473.0,1265.0,1412620.0,354431.0,20709.0,50271.0,,,,,,,,,,,,,,,,,,,,,,,,,,,,,,,,2269.0,1557.0,3826.0,108033.0,708364.0,687697.0,128700.0,816397.0,37163271204.0,1894329577.0,39057600781.0,10173136678.0,983149570.0,11156286248.0,50213887029.0,625806114712.0,1087303142410.0,461497027698.0,458588270958.0,3384.0,442.0,213.3813382,0.8423561086,1.30455261e-06,7.50845802e-07,1.769018977e-06,1.7802396e-06,0.08023872865,0.04618204903,0.1088065232,0.1094966666,61506.70204,1331831.379,565285.0607,561722.1413,0.5755580852,0.4244419148,0.4217667117,0.7778246834,0.2221753166,54040.18224,79045.35103,0.8844746472,0.1155253528,,,,,,,,,,,,484129.4,484129400.0,160639459.5,33.18109983,3.6,51.8,3410.7,0.08149478724,0.75,6.02,5.08,3.75,130.8,163.1,10.0,4.2,14084.2,14565.5,17688.7,-3123.2,3754.2,4.0,14875.93,119.9,Banten
Bali,2022,706.0,46.57,0.365449580638601,46.20455042,630921.0,1214112.499,0.554390204253786,0.5137708365603929,0.04061936769,2607070.0,4.8,5.17,4.35,76.86,84.06,69.62,449057.0,1138045.0,362084.0,102339.0,66.4,29.67,3.93,518584.0,6250,403698,6480,8928,176488,553557.0,85949.0,314733,16943,62632,3559,51297,125737.0,97073.0,60284.0,114878.0,0.1989144902,0.002397327268,0.1548473957,0.002485548911,0.003424534055,0.06769591917,0.2123291665,0.03296766101,0.1207228805,0.006498866544,0.02402390423,0.001365134039,0.0196761115,0.04822923819,0.03723451998,0.02312327632,0.0440640259,42.0,2516.971,0.9210505212510043,3002534.0,0.8382822642,43.45,53.43,11851.0,1066.0,978.0,449550.0,161362.0,3667.0,8597.0,,,,,,,,,,,,,,,,,,,,,,,,,,,,,,,,359.0,66.0,425.0,12253.0,16412.0,22524.0,6141.0,28665.0,838582662.0,93708837.0,932291499.0,363984991.0,37071302.0,401056293.0,1333347792.0,5171132885.0,11396155395.0,6225022510.0,5990907704.0,375.0,50.0,67.44705882,0.7857666143,5.543272748e-06,2.515321967e-06,4.604802626e-06,4.784750728e-06,0.2578444263,0.1169997903,0.2141916419,0.2225618984,46514.83663,397563.4186,217164.5739,208997.3035,0.453761177,0.546238823,0.5256955084,0.699211042,0.300788958,37230.62786,59271.28986,0.8823529412,0.1176470588,,,,,,,,,,,,150830.8,150830800.0,10240402.1,6.789330893,5.56,51.8,449.5,0.05785452635,-1.81,6.02,6.51,4.67,130.8,163.1,10.0,4.2,617.0,574.7,115.7,459.0,2406.5,4.0,14875.93,119.9,Bali
Nusa Tenggara Barat,2022,396.0,24.64,0.19290546245561643,24.44709454,388630.0,669800.208,0.6228803508119579,0.5278463680434473,0.09503398277,2718345.0,2.89,3.61,1.91,70.93,83.27,59.16,544562.0,623924.0,470125.0,361473.0,61.4,25.3,13.3,939781.0,40748,274744,4500,7905,168178,599230.0,76649.0,130054,11814,28698,1388,25834,111588.0,148439.0,39835.0,108960.0,0.3457180748,0.01499000311,0.1010703204,0.001655419014,0.002908019402,0.06186779088,0.2204392746,0.028196936,0.04784308099,0.004346026718,0.01055715886,0.0005106047981,0.009503576625,0.0410499771,0.05460638734,0.01465413698,0.0400832124,38.0,3016.738,0.5309910277378833,2218414.0,1.359862496,63.17,75.36,14393.0,1809.0,1757.0,287204.0,87690.0,2353.0,4297.0,,,,,,,,,,,,,,,,,,,,,,,,,,,,,,,,194.0,18.0,212.0,5632.0,3452.0,7560.0,1524.0,9084.0,156855095.0,10504974.0,167360069.0,50583692.0,3666257.0,54249949.0,221610018.0,3437989190.0,5065948264.0,1627959074.0,1599891485.0,212.0,,42.8490566,0.8322324967,2.642242165e-06,1.793148987e-06,5.579992854e-06,5.677885085e-06,0.0644591957,0.04374502195,0.1361275118,0.1385156556,24395.64267,557678.1444,179211.699,176121.916,0.6786467233,0.3213532767,0.3158128354,0.7552008276,0.2447991724,20748.02844,33191.39895,1.0,0.0,,,,,,,,,,,,102073.7,102073700.0,4530839.0,4.438791775,1.98,51.8,704.6,0.03754994307,4.56,6.02,5.5,4.04,130.8,163.1,10.0,4.2,3099.8,2746.9,563.6,2183.3,973.4,4.0,14875.93,119.9,Nusa Tenggara Barat
Nusa Tenggara Timur,2022,62.0,24.76,0.18185505174116892,24.57814495,449672.0,721826.5468,0.6556897054534849,0.6016084038340213,0.05408130162,2915293.0,3.54,3.82,3.22,75.23,82.85,67.87,700707.0,685800.0,702912.0,364493.0,52.44,35.06,12.5,1438901.0,26739,333352,4169,4498,122888,321427.0,127627.0,35697,6450,24599,1436,23259,149320.0,181982.0,53436.0,59513.0,0.4935699431,0.009171976882,0.114345968,0.001430044939,0.001542898089,0.04215288137,0.11025547,0.04377844697,0.01224473835,0.002212470582,0.008437916875,0.0004925748458,0.007978271824,0.05121955152,0.06242322813,0.01832954698,0.02041407159,40.0,2434.32819,1.4430786965688611,2100927.0,1.15869242,52.98,75.24,6132.0,478.0,450.0,293801.0,106266.0,1816.0,3167.0,,,,,,,,,,,,,,,,,,,,,,,,,,,,,,,,74.0,2.0,76.0,1217.0,249.0,1111.0,355.0,1466.0,21982282.0,1061162.0,23043444.0,8192927.0,340357.0,8533284.0,31576728.0,152049601.0,297338342.0,145288741.0,140809687.0,74.0,2.0,19.28947368,0.7578444748,9.641590575e-06,4.930410219e-06,1.009025193e-05,1.041121553e-05,0.207673863,0.1061979689,0.2173377495,0.2242511057,21539.3779,202822.8799,99105.55321,96050.26398,0.5113689677,0.4886310323,0.4735672031,0.7297603476,0.2702396524,19786.0324,23078.66761,0.9736842105,0.02631578947,,,,,,,,,,,,72711.3,72711300.0,877992.3,1.207504611,6.67,51.8,73.3,0.02494133523,-0.72,6.02,6.65,4.76,130.8,163.1,10.0,4.2,66.6,61.7,26.7,35.0,779.0,4.0,14875.93,119.9,Nusa Tenggara Timur
Kalimantan Barat,2022,1131.0,41.23,0.2614628505189088,40.96853715,488240.0,1054466.733,0.49966023431551543,0.41714139416588264,0.08251884015,2557523.0,5.11,5.11,5.1,68.97,85.01,52.51,575269.0,977144.0,361740.0,184287.0,64.13,28.66,7.21,1237003.0,82800,124005,7592,3643,140750,365010.0,82779.0,130779,9056,14803,3707,22598,98454.0,122432.0,36841.0,75271.0,0.4836722876,0.03237507541,0.04848636747,0.002968497253,0.001424425118,0.05503371817,0.1427201241,0.03236686434,0.05113502401,0.003540926123,0.005788022239,0.00144944933,0.008835893167,0.03849584148,0.04787131924,0.01440495354,0.02943121137,40.0,2922.516,0.6672523074719834,2645920.0,1.104536796,41.39,58.77,11022.0,293.0,205.0,398535.0,90514.0,3473.0,4417.0,,,,,,,,,,,,,,,,,,,,,,,,,,,,,,,,110.0,121.0,231.0,5654.0,36823.0,33688.0,8789.0,42477.0,1978450892.0,101213727.0,2079664619.0,544614423.0,70121595.0,614736018.0,2694400637.0,58518737534.0,99859406113.0,41340668579.0,40481560388.0,196.0,35.0,183.8831169,0.7930880241,7.258700681e-07,4.253680415e-07,1.027487011e-06,1.049292557e-06,0.04604338286,0.02698194133,0.06517554577,0.06655871491,63431.98995,2350905.34,973248.3127,953023.0569,0.5860112714,0.4139887286,0.4053855512,0.7718468406,0.2281531594,58728.65388,61965.45944,0.8484848485,0.1515151515,,,,,,,,,,,,148368.9,148368900.0,23649170.5,15.93943913,4.04,51.8,745.5,0.05801273341,1.98,6.02,5.24,3.88,130.8,163.1,10.0,4.2,2959.9,2696.4,605.0,2091.4,1403.1,4.0,14875.93,119.9,Kalimantan Barat
Kalimantan Tengah,2022,37.0,48.5,0.3348053932140992,48.16519461,351078.0,652070.375,0.575785009299076,0.5578728405712585,0.01791216873,1344475.0,4.26,3.95,4.86,67.23,85.17,47.68,323876.0,609738.0,146250.0,72306.0,70.77,23.85,5.38,535714.0,96980,52860,3611,1986,63415,212667.0,37266.0,57171,3916,8957,1263,16457,115591.0,73777.0,25255.0,37589.0,0.3984559029,0.07213224493,0.03931646182,0.002685806728,0.001477156511,0.04716710984,0.1581784712,0.02771788244,0.04252291787,0.002912661076,0.006662079994,0.0009394001376,0.01224046561,0.08597482289,0.0548742074,0.01878428383,0.02795812492,41.0,2906.47332,1.0086967357425465,3195306.0,0.9096071926,40.98,51.5,10402.0,694.0,682.0,273755.0,64090.0,2109.0,3359.0,,,,,,,,,,,,,,,,,,,,,,,,,,,,,,,,53.0,113.0,166.0,2913.0,23996.0,20034.0,6875.0,26909.0,914074533.0,122279683.0,1036354216.0,295055315.0,75574342.0,370629657.0,1406983873.0,88356775052.0,117149731180.0,28792956128.0,26492267636.0,135.0,31.0,162.1024096,0.744509272,3.04549368e-07,2.296974968e-07,9.345688536e-07,1.015730339e-06,0.01592389347,0.01201013318,0.04886555819,0.05310922766,52286.73949,4353552.015,1070012.12,984513.272,0.7542208946,0.2457791054,0.2261402341,0.7365786033,0.2634213967,45626.16217,42917.13673,0.813253012,0.186746988,,,,,,,,,,,,109094.7,109094700.0,16913219.7,15.50324599,4.63,51.8,548.3,0.08114297402,6.61,6.02,5.53,4.09,130.8,163.1,10.0,4.2,5852.4,6151.9,8082.4,-1930.5,530.0,4.0,14875.93,119.9,Kalimantan Tengah
Kalimantan Selatan,2022,1199.0,42.7,0.29359526460197366,42.40640474,428936.0,893380.075,0.5106204666743648,0.5197419644334758,-0.009121497759,2092225.0,4.74,4.87,4.52,67.55,82.97,51.9,540516.0,840029.0,270706.0,141470.0,59.98,33.26,6.76,678086.0,86667,170244,6687,4563,113680,388261.0,80610.0,152999,8333,16273,4179,31306,95825.0,114424.0,35162.0,104926.0,0.3240980296,0.04142336508,0.08136983355,0.003196118964,0.002180931783,0.05433450035,0.1855732534,0.03852836096,0.0731274122,0.003982841234,0.007777844161,0.001997395118,0.01496301784,0.04580052337,0.05469010264,0.01680603186,0.05015043793,41.0,3014.49722,1.1108451193345843,2898486.0,1.040024765,43.37,57.3,10290.0,980.0,886.0,303362.0,73548.0,2785.0,7537.0,,,,,,,,,,,,,,,,,,,,,,,,,,,,,,,,139.0,82.0,221.0,5355.0,28813.0,26553.0,7615.0,34168.0,1812444514.0,344704802.0,2157149316.0,907561936.0,83301234.0,990863170.0,3148012486.0,35544211184.0,54570103776.0,19025892592.0,18471265702.0,200.0,21.0,154.6063348,0.7771306486,9.61281707e-07,6.261303834e-07,1.795868437e-06,1.849792026e-06,0.08856610911,0.05768749312,0.1654593849,0.170427546,92133.35536,1597111.443,556833.6628,540601.3142,0.6513495252,0.3486504748,0.3384869081,0.6852416646,0.3147583354,68257.61737,119180.8189,0.9049773756,0.09502262443,,,,,,,,,,,,142339.2,142339200.0,17855337.0,12.54421621,3.31,51.8,208.1,0.06803245349,5.97,6.02,7.08,5.2,130.8,163.1,10.0,4.2,16204.3,14830.4,2929.0,11901.4,1498.5,4.0,14875.93,119.9,Kalimantan Selatan
Kalimantan Timur,2022,3082.0,55.74,0.3704286028511062,55.3695714,597300.0,973733.208,0.6526520751451339,0.6269550199676329,0.02569705518,1746920.0,5.71,5.12,6.9,64.73,82.74,45.17,418152.0,915189.0,139675.0,84090.0,73.69,21.5,4.81,349451.0,130564,131400,7544,9333,105395,350429.0,104347.0,132798,10973,20760,8776,55065,111964.0,100599.0,42318.0,75204.0,0.2000383532,0.07473954159,0.07521809814,0.004318457628,0.005342545738,0.06033189843,0.2005981957,0.05973198544,0.07601836375,0.006281340874,0.01188377258,0.005023698853,0.03152119158,0.0640922309,0.05758649509,0.02422434914,0.04304948137,45.0,3310.723,0.0,3963732.0,0.835253998,36.54,44.26,13617.0,1784.0,1661.0,556716.0,169532.0,7686.0,12271.0,,,,,,,,,,,,,,,,,,,,,,,,,,,,,,,,146.0,136.0,282.0,6365.0,47798.0,44213.0,9950.0,54163.0,2631810910.0,235162571.0,2866973481.0,751637142.0,132246916.0,883884058.0,3750857539.0,126713253928.0,198219772570.0,71506518642.0,66550701901.0,249.0,33.0,192.0673759,0.8162952569,4.274454196e-07,2.732472109e-07,7.574554185e-07,8.138606875e-07,0.02960114607,0.01892272143,0.05245476371,0.05636090127,69251.2885,3659689.688,1320209.712,1228711.517,0.6392563783,0.3607436217,0.335741995,0.7643514719,0.2356485281,59525.72569,75541.42131,0.8829787234,0.1170212766,,,,,,,,,,,,506158.9,506158900.0,99658389.5,19.68915088,3.57,51.8,1266.2,0.2897436059,2.9,6.02,4.44,3.29,130.8,163.1,10.0,4.2,36464.9,33601.2,8272.4,25328.8,3248.7,4.0,14875.93,119.9,Kalimantan Timur
Kalimantan Utara,2022,238.0,51.0,0.34168401911078294,50.65831598,113248.0,180531.84,0.6767822246657862,0.5872660507646925,0.0895161739,353984.0,4.33,4.79,3.44,67.62,83.67,49.3,76378.0,167333.0,41101.0,21907.0,69.46,24.35,6.19,118121.0,12723,26732,1168,704,17930,52020.0,14146.0,22676,5947,4069,312,4091,31062.0,22126.0,12054.0,8103.0,0.3336902233,0.03594230248,0.07551753752,0.003299584162,0.001988790454,0.05065200687,0.1469557946,0.03996225818,0.06405939251,0.01680019436,0.01149486982,0.0008813957693,0.01155701953,0.0877497288,0.06250564997,0.03405238655,0.02289086512,42.0,2390.739,3.7777308004346253,3427759.0,0.6974641449,33.73,49.0,2370.0,404.0,394.0,79825.0,41331.0,989.0,660.0,,,,,,,,,,,,,,,,,,,,,,,,,,,,,,,,17.0,21.0,38.0,717.0,16130.0,12963.0,3884.0,16847.0,642119452.0,6826698.0,648946150.0,214014265.0,6740820.0,220755085.0,869701235.0,6459824565.0,9726954415.0,3267129850.0,3241844864.0,31.0,7.0,443.3421053,0.7694545023,2.607965562e-06,1.731991257e-06,5.156513752e-06,5.196732326e-06,0.1346323304,0.08941146405,0.2661973276,0.2682735515,51623.50775,577370.1202,193929.4741,192428.6142,0.6641158465,0.3358841535,0.3332846774,0.7461713562,0.2538286438,49534.78763,55101.51004,0.8157894737,0.1842105263,,,,,,,,,,,,66528.4,66528399.99999999,5768312.1,8.670450665,3.83,51.8,430.5,0.1879418279,0.63,6.02,4.87,3.65,130.8,163.1,10.0,4.2,2569.9,2288.7,447.1,1841.6,,4.0,14875.93,119.9,Kalimantan Utara
Sulawesi Utara,2022,558.0,40.85,0.27420451508954247,40.57579548,263305.0,473845.7025,0.59904127914384,0.5228042414827823,0.07623703766,1159965.0,6.61,6.08,7.6,63.08,80.77,44.79,360403.0,439544.0,93486.0,72754.0,71.87,21.86,6.27,281769.0,38989,125474,3931,3608,84651,205681.0,76287.0,66853,5129,15742,585,14951,106127.0,58923.0,23035.0,48230.0,0.2429116396,0.03361222106,0.1081705051,0.003388895355,0.003110438677,0.0729772019,0.177316557,0.06576663951,0.0576336355,0.004421685137,0.01357109913,0.0005043255615,0.012889182,0.09149155362,0.05079722233,0.0198583578,0.04157884074,41.0,3165.876,0.0,3240217.0,0.9770567835,49.43,59.15,5730.0,306.0,237.0,359195.0,270998.0,2520.0,4941.0,,,,,,,,,,,,,,,,,,,,,,,,,,,,,,,,80.0,28.0,108.0,2969.0,10214.0,11132.0,2051.0,13183.0,536578398.0,49802192.0,586380590.0,119531784.0,34925863.0,154457647.0,740838237.0,15650072989.0,21623211407.0,5973138418.0,5854550027.0,98.0,10.0,122.0648148,0.844420845,8.423602886e-07,6.096689225e-07,2.207047464e-06,2.2517529e-06,0.04733768574,0.03426124931,0.1240283056,0.1265405938,56196.48312,1640234.5,453094.0164,444098.4622,0.7237626592,0.2762373408,0.2707530309,0.791509618,0.208490382,48201.43712,58279.75817,0.9074074074,0.09259259259,,,,,,,,,,,,96768.2,96768200.0,10230489.2,10.57216028,7.31,51.8,105.1,0.08342337915,2.41,6.02,5.6,4.1,130.8,163.1,10.0,4.2,1119.8,1000.1,274.3,725.8,1399.5,4.0,14875.93,119.9,Sulawesi Utara
Sulawesi Tengah,2022,35.0,32.13,0.2435618678153864,31.88643813,279988.0,509684.616,0.6000522925123123,0.5513618459125954,0.0486904466,1586320.0,3.0,2.81,3.32,69.99,85.83,53.71,397661.0,466606.0,263874.0,120813.0,65.46,26.92,7.62,689616.0,27779,133238,5295,2529,70991,246081.0,42346.0,63021,6536,10769,592,12605,119392.0,81237.0,31367.0,42926.0,0.4347269151,0.01751159917,0.08399188058,0.003337914166,0.001594255888,0.04475200464,0.1551269605,0.02669448787,0.03972779767,0.004120227949,0.006788668112,0.0003731907812,0.007946063846,0.07526350295,0.05121097887,0.01977343789,0.02706011397,39.0,2710.59592,6.213969346851528,2605724.0,1.040246749,49.37,67.87,14100.0,968.0,864.0,229939.0,103164.0,1675.0,2568.0,,,,,,,,,,,,,,,,,,,,,,,,,,,,,,,,66.0,28.0,94.0,2505.0,52480.0,46478.0,8707.0,55185.0,7013824368.0,94899557.0,7108723925.0,631616905.0,11408970.0,643025875.0,7751749800.0,244052217771.0,323290535349.0,79238317578.0,70975041726.0,64.0,30.0,587.0744681,0.8422216182,2.261196415e-07,1.706978521e-07,6.964433583e-07,7.775268412e-07,0.03176266895,0.02397765772,0.09782829869,0.1092179675,140468.4208,5858304.527,1435866.949,1286129.233,0.7549005959,0.2450994041,0.2195394977,0.9170476484,0.08295235161,150906.3292,72541.27771,0.6808510638,0.3191489362,,,,,,,,,,,,172624.8,172624800.0,56659016.1,32.82206039,29.9,51.8,7486.0,0.1088209189,10.7,6.02,5.35,3.92,130.8,163.1,10.0,4.2,18956.3,17471.8,3549.4,13922.4,825.8,4.0,14875.93,119.9,Sulawesi Tengah
Sulawesi Selatan,2022,191.0,36.45,0.23906131848356987,36.21093868,753208.0,1586905.425,0.5218102160653766,0.5007938715207731,0.02101634454,4353650.0,4.51,4.91,3.9,66.18,82.91,50.46,994371.0,1443452.0,738968.0,271017.0,63.99,29.78,6.23,1677393.0,28437,356510,13680,12047,262156,780174.0,196263.0,182275,30665,44251,6495,55342,233622.0,255670.0,95820.0,122850.0,0.3852843017,0.006531760707,0.08188761154,0.003142191035,0.002767103465,0.06021522171,0.1791999816,0.0450801052,0.04186716893,0.007043515211,0.01016411517,0.001491851665,0.01271163277,0.05366118085,0.05872543728,0.02200911879,0.02821770239,41.0,2800.58,0.4214676713426968,2876952.0,0.9734538498,44.89,63.55,44397.0,2762.0,2649.0,729690.0,208050.0,4960.0,9249.0,,,,,,,,,,,,,,,,,,,,,,,,,,,,,,,,384.0,82.0,466.0,12721.0,29330.0,34855.0,7196.0,42051.0,1686859556.0,50945897.0,1737805453.0,527889386.0,10634491.0,538523877.0,2276329330.0,36524401561.0,76140726128.0,39616324567.0,39110405196.0,441.0,25.0,90.23819742,0.828874462,1.151312498e-06,5.52279997e-07,1.061456368e-06,1.07518702e-06,0.06232352161,0.02989634386,0.05745937703,0.05820265269,54132.58496,1810675.754,942101.8422,930070.7521,0.4796959974,0.5203040026,0.5136594722,0.7634244439,0.2365755561,48396.48705,73358.72513,0.9463519313,0.05364806867,,,,,,,,,,,,360912.82,360912820.0,48363155.6,13.40023211,9.73,51.8,469.0,0.08289890552,0.43,6.02,5.55,4.09,130.8,163.1,10.0,4.2,2559.7,2469.9,1243.3,1226.6,4265.0,4.0,14875.93,119.9,Sulawesi Selatan
Sulawesi Tenggara,2022,74.0,37.61,0.24911257356945546,37.36088743,352621.0,502439.8881,0.7649692707192148,0.5868441037932564,0.1781251669,1335921.0,3.36,3.36,3.36,68.82,82.91,54.94,336223.0,460961.0,216756.0,108742.0,63.52,28.34,8.14,438501.0,33974,119588,4737,2869,88796,247446.0,55477.0,61089,6414,10922,1307,8885,106493.0,82681.0,37496.0,29246.0,0.3282387207,0.02543114451,0.08951726936,0.003545868356,0.00214758208,0.06646800222,0.1852250245,0.04152715617,0.04572800338,0.004801182106,0.00817563314,0.0009783512648,0.006650842378,0.07971504303,0.06189063575,0.02806752795,0.02189201308,40.0,2678.8631,0.0,2831991.0,0.945929242,45.98,62.39,9505.0,1658.0,1550.0,170454.0,57273.0,1571.0,1991.0,,,,,,,,,,,,,,,,,,,,,,,,,,,,,,,,122.0,12.0,134.0,3449.0,23830.0,25819.0,1460.0,27279.0,890695265.0,21472164.0,912167429.0,398345606.0,42805471.0,441151077.0,1353318506.0,20061482100.0,51939586825.0,31878104725.0,30084502525.0,130.0,4.0,203.5746269,0.9464789765,1.359769924e-06,5.252063343e-07,8.557284141e-07,9.067459227e-07,0.06745855063,0.0260556271,0.04245291612,0.04498390841,49610.26819,1904013.594,1168595.063,1102844.772,0.3862464707,0.6137535293,0.5792210598,0.6740227263,0.3259772737,34497.66703,272839.4562,0.9701492537,0.02985074627,,,,,,,,,,,,102656.4,102656400.0,8336672.0,8.12094716,16.83,51.8,877.9,0.07684316662,4.83,6.02,7.39,5.43,130.8,163.1,10.0,4.2,5831.7,5668.3,2710.7,2957.6,592.0,4.0,14875.93,119.9,Sulawesi Tenggara
Gorontalo,2022,171.0,35.03,0.2691987886875738,34.76080121,120089.0,215171.775,0.612143053757302,0.5179013287234764,0.09424172503,614250.0,2.58,2.28,3.07,68.91,85.3,52.64,151566.0,196178.0,78170.0,37481.0,70.8,23.1,6.1,204305.0,15810,56602,2036,551,30493,114273.0,28065.0,28813,4956,6123,257,4823,49236.0,33009.0,13284.0,21614.0,0.3326088726,0.02573870574,0.09214814815,0.003314611315,0.000897028897,0.04964265364,0.18603663,0.04568986569,0.04690761091,0.008068376068,0.009968253968,0.0004183964184,0.007851851852,0.08015628816,0.05373870574,0.02162637363,0.03518762719,41.0,2207.212,1.0682348825463635,2551301.0,0.8651319464,52.03,64.97,2283.0,523.0,513.0,89438.0,64828.0,741.0,1704.0,,,,,,,,,,,,,,,,,,,,,,,,,,,,,,,,22.0,7.0,29.0,889.0,4228.0,4465.0,652.0,5117.0,97603980.0,6012114.0,103616094.0,24353234.0,2131727.0,26484961.0,130101055.0,1108921915.0,2728975105.0,1620053190.0,1618465450.0,27.0,2.0,176.4482759,0.8725815908,4.614391627e-06,1.875062909e-06,3.15853827e-06,3.161636846e-06,0.1173221065,0.04767396183,0.08030665647,0.08038543856,25425.25992,533315.4397,316602.1477,316291.8605,0.4063510557,0.5936489443,0.5930671361,0.7964277769,0.2035722231,21859.79395,37351.58589,0.9310344828,0.06896551724,,,,,,,,,,,,30282.2,30282200.0,1332268.4,4.399509943,7.79,51.8,102.9,0.0492994709,-1.93,6.02,5.74,4.22,130.8,163.1,10.0,4.2,52.0,52.0,32.6,19.4,641.7,4.0,14875.93,119.9,Gorontalo
Sulawesi Barat,2022,34.0,22.75,0.19107675035828262,22.55892325,103671.0,166507.705,0.6554610691366611,0.5286198049159432,0.1268412642,731902.0,2.34,2.55,2.03,73.0,87.71,58.22,151389.0,158165.0,163350.0,95410.0,50.85,36.11,13.04,367695.0,4120,54269,907,606,35242,114746.0,23035.0,16384,3633,4621,132,2765,37801.0,38849.0,14679.0,12418.0,0.5023828327,0.005629168932,0.07414790505,0.001239236947,0.0008279797022,0.04815125522,0.15677782,0.03147279281,0.02238551063,0.004963779304,0.006313686805,0.0001803520143,0.003777828179,0.05164762496,0.05307951064,0.02005596378,0.01696675238,36.0,1975.0,1.2820512820512704,2340502.0,0.8438360659,57.15,77.25,3762.0,306.0,286.0,84461.0,47063.0,278.0,507.0,,,,,,,,,,,,,,,,,,,,,,,,,,,,,,,,17.0,10.0,27.0,847.0,1889.0,2490.0,246.0,2736.0,108852019.0,336766.0,109188785.0,12263879.0,102868.0,12366747.0,121555532.0,12675309015.0,14422098600.0,1746789585.0,1746186971.0,24.0,3.0,101.3333333,0.9100877193,2.158527257e-07,1.89708868e-07,1.566301988e-06,1.566842523e-06,0.009589946238,0.008428421922,0.06958796471,0.06961197971,44428.19152,5271234.868,638446.4857,638226.2321,0.8788810399,0.1211189601,0.121077176,0.8982625735,0.1017374265,43715.67028,49853.16667,0.8888888889,0.1111111111,,,,,,,,,,,,33643.0,33643000.0,3580179.5,10.64167732,-0.64,51.8,28.3,0.0459665365,-4.04,6.02,6.78,4.97,130.8,163.1,10.0,4.2,472.2,411.2,67.4,343.8,191.1,4.0,14875.93,119.9,Sulawesi Barat
Maluku,2022,195.0,36.7,0.22521912829858567,36.47478087,165158.0,296845.748,0.5891346222444175,0.6433663495846929,-0.05423172734,808844.0,6.88,5.03,9.65,65.46,78.33,52.47,264482.0,280340.0,116614.0,95439.0,58.46,29.74,11.8,271247.0,15856,86975,1450,1828,34808,110583.0,60191.0,29997,3044,7038,380,5776,79210.0,60513.0,17078.0,22870.0,0.3353514398,0.01960328568,0.1075300058,0.001792681902,0.002260015528,0.0430342563,0.1367173398,0.07441608023,0.03708626138,0.003763395661,0.008701307051,0.0004698062914,0.00714105563,0.09792988512,0.07481417925,0.0211140838,0.02827492075,41.0,2619.31283,0.5509422213998647,2719294.0,0.9632326736,48.04,63.3,7493.0,1045.0,1039.0,116024.0,66863.0,1758.0,1354.0,,,,,,,,,,,,,,,,,,,,,,,,,,,,,,,,31.0,7.0,38.0,1159.0,3058.0,2516.0,1701.0,4217.0,189319132.0,1004400.0,190323532.0,206906332.0,264692.0,207171024.0,397494556.0,2271623633.0,5263056064.0,2991432431.0,2979949035.0,37.0,1.0,110.9736842,0.5966326773,1.856381462e-06,8.012455024e-07,1.409692546e-06,1.415124873e-06,0.1749825764,0.07552542689,0.1328776649,0.1333897162,94260.03225,1248056.928,709374.539,706651.4193,0.4316168411,0.5683831589,0.5662012714,0.4788078959,0.5211921041,75246.0779,121638.0553,0.9736842105,0.02631578947,,,,,,,,,,,,33575.1,33575100.0,2019621.7,6.015236589,12.29,51.8,73.4,0.04150998215,4.06,6.02,6.54,4.81,130.8,163.1,10.0,4.2,129.4,133.5,185.7,-52.2,288.8,4.0,14875.93,119.9,Maluku
Maluku Utara,2022,8.0,34.37,0.23737246349438001,34.13262754,120834.0,201053.5016,0.6540158153682946,0.6221106372042682,0.03190517816,584968.0,3.98,3.8,4.31,64.88,82.29,46.87,168100.0,184757.0,82405.0,54281.0,60.78,29.94,9.28,166716.0,19597,116038,1257,1195,30214,70357.0,37177.0,15499,955,3692,-,3717,57378.0,37071.0,11223.0,12882.0,0.2850002051,0.03350097783,0.1983664064,0.002148835492,0.002042846788,0.05165068858,0.1202749552,0.0635539038,0.02649546642,0.001632567935,0.006311456353,#VALUE!,0.006354193734,0.09808741675,0.06337269731,0.01918566486,0.02202171743,39.0,2862.231,5.169922800777499,2938081.0,0.9741838295,54.29,65.63,9719.0,488.0,418.0,86515.0,18548.0,2574.0,1021.0,,,,,,,,,,,,,,,,,,,,,,,,,,,,,,,,14.0,15.0,29.0,505.0,32134.0,18865.0,13774.0,32639.0,2711669381.0,142145671.0,2853815052.0,1242308260.0,41346478.0,1283654738.0,4137469790.0,31119974932.0,77750629451.0,46630654519.0,46626094115.0,13.0,16.0,1125.482759,0.5779895217,1.048811899e-06,4.197908137e-07,6.999472844e-07,7.000157448e-07,0.1329522212,0.05321461471,0.08872853775,0.08873721611,126764.6003,2382138.835,1428679.02,1428539.297,0.4002536719,0.5997463281,0.5996876738,0.6897488554,0.3102511446,143740.757,90192.26514,0.4482758621,0.5517241379,,,,,,,,,,,,40248.4,40248400.0,10326441.9,25.65677617,76.74,51.8,4487.5,0.06880444742,19.52,6.02,5.21,3.84,130.8,163.1,10.0,4.2,8200.2,7947.8,4243.0,3704.8,168.8,4.0,14875.93,119.9,Maluku Utara
Papua Barat,2022,124.0,39.72,0.30857719266634964,39.41142281,115944.0,193716.426,0.6208713532964915,0.627131623408013,-0.006260270112,487705.0,5.37,5.94,4.41,68.55,80.88,54.63,118867.0,186744.0,83932.0,59963.0,58.46,29.25,12.29,188481.0,8859,20375,1336,523,29170,69746.0,28440.0,15477,2907,4051,-,5075,59758.0,25092.0,12136.0,16245.0,0.3864921228,0.01816593564,0.04178021658,0.00273955187,0.001072444332,0.0598149162,0.1430185514,0.05831800538,0.0317365601,0.005960985993,0.008306829809,#VALUE!,0.01040660609,0.1225375304,0.0514527212,0.02488562986,0.03331139231,38.0,3200.0,2.0863906080520707,3283235.0,0.9746484793,38.02,60.28,2095.0,581.0,575.0,100883.0,253377.0,755.0,830.0,,,,,,,,,,,,,,,,,,,,,,,,,,,,,,,,30.0,13.0,43.0,1180.0,14705.0,10835.0,5050.0,15885.0,526746960.0,11078390.0,537825350.0,282100906.0,14561041.0,296661947.0,834487297.0,5623106758.0,15184433578.0,9561326820.0,9194598584.0,39.0,4.0,369.4186047,0.682090022,2.824950812e-06,1.046137146e-06,1.661380298e-06,1.727644753e-06,0.1484032463,0.05495676165,0.0872773531,0.0907584262,52533.03727,955897.6127,601909.1483,578822.6997,0.3703204818,0.6296795182,0.6055279268,0.6444979473,0.3555020527,48615.31703,55861.56554,0.9069767442,0.09302325581,,,,,,,,,,,,62530.5,62530500.0,19299248.3,30.86373578,2.92,51.8,71.8,0.1282137768,1.16,6.02,6.12,4.49,130.8,163.1,10.0,4.2,2730.1,2463.0,297.2,2165.8,585.2,4.0,14875.93,119.9,Papua Barat
Papua Barat Daya,2022,,,,,,0.0,,,,,,,,,,,,,,,,,,,,,,,,,,,,,,,,,,,,,,,,,,,,,,,,,,,,,,,,,,,,,,,,,,,,,,,,,,,,,,,,,,,,,,,,,,,,,,,,,,,,,,,,,,,,,,,,,,,,,,,,,,,,,,,,,,,,,,,,,,,,,,,,,,,,,,,,,,,,,,,,,,,,,,,,,,,,,,,,Papua Barat Daya
Papua,2022,76.0,15.89,0.1588095805772882,15.73119042,210754.0,307434.4763,0.7107245712127446,0.700126994644139,0.01059757657,1934767.0,2.83,3.34,2.12,77.75,85.49,69.09,408941.0,296534.0,622882.0,113204.0,54.69,39.46,5.85,1383238.0,13771,30598,3226,1572,42372,131153.0,66707.0,37869,2649,5457,3063,12844,109928.0,50303.0,22990.0,17027.0,0.7149377677,0.007117652927,0.01581482421,0.001667384238,0.0008125009368,0.02190031151,0.06778749069,0.03447805343,0.01957289948,0.001369157113,0.002820494664,0.001583136367,0.006638525466,0.05681717747,0.02599951312,0.01188256777,0.008800542908,43.0,3561.932,1.2862058179543396,3954382.0,0.900755668,45.83,84.11,1783.0,255.0,213.0,138863.0,83197.0,887.0,1107.0,,,,,,,,,,,,,,,,,,,,,,,,,,,,,,,,29.0,11.0,40.0,1176.0,3420.0,3927.0,669.0,4596.0,201196455.0,6833369.0,208029824.0,40376904.0,2389874.0,42766778.0,250796602.0,2040177007.0,3809770506.0,1769593499.0,1216074564.0,38.0,2.0,114.9,0.8544386423,2.25274571e-06,1.206371878e-06,2.597206648e-06,3.779373515e-06,0.1229288445,0.06582984503,0.1417255444,0.2062345595,54568.45126,828931.7898,385029.0468,264594.1175,0.5355117858,0.4644882142,0.3191989024,0.8294762463,0.1705237537,51234.13675,60354.11659,0.95,0.05,,,,,,,,,,,,,,2855820.0,,0.08,51.8,1260.5,0.0,6.32,6.02,5.53,4.1,130.8,163.1,10.0,4.2,6323.5,5959.4,843.1,5116.3,951.6,4.0,14875.93,119.9,Papua
Papua Selatan,2022,,,,,,0.0,,,,,,,,,,,,,,,,,,,,,,,,,,,,,,,,,,,,,,,,,,,,,,,,,,,,,,,,,,,,,,,,,,,,,,,,,,,,,,,,,,,,,,,,,,,,,,,,,,,,,,,,,,,,,,,,,,,,,,,,,,,,,,,,,,,,,,,,,,,,,,,,,,,,,,,,,,,,,,,,,,,,,,,,,,,,,,,,Papua Selatan
Papua Tengah,2022,,,,,,0.0,,,,,,,,,,,,,,,,,,,,,,,,,,,,,,,,,,,,,,,,,,,,,,,,,,,,,,,,,,,,,,,,,,,,,,,,,,,,,,,,,,,,,,,,,,,,,,,,,,,,,,,,,,,,,,,,,,,,,,,,,,,,,,,,,,,,,,,,,,,,,,,,,,,,,,,,,,,,,,,,,,,,,,,,,,,,,,,,Papua Tengah
Papua Pegunungan,2022,,,,,,0.0,,,,,,,,,,,,,,,,,,,,,,,,,,,,,,,,,,,,,,,,,,,,,,,,,,,,,,,,,,,,,,,,,,,,,,,,,,,,,,,,,,,,,,,,,,,,,,,,,,,,,,,,,,,,,,,,,,,,,,,,,,,,,,,,,,,,,,,,,,,,,,,,,,,,,,,,,,,,,,,,,,,,,,,,,,,,,,,,Papua Pegunungan
Aceh,2023,195.0,40.14,,39.88296808,405796.0,982364.283,0.46163331983381944,,-0.03073840058,2447345.0,6.03,4.64,8.31,64.77,80.57,49.05,626676.0,879044.0,283389.0,256697.0,60.6,28.91,10.49,946649.0,23448,176000,4998,5435,178702,358557.0,84418.0,136548,9379,12515,1495,24597,160113.0,174250.0,63201.0,87040.0,0.3868065189,0.009580994915,0.07191466671,0.002042213092,0.002220773941,0.07301872029,0.1465085634,0.03449370645,0.0557943404,0.003832316245,0.005113704852,0.000610866061,0.01005048328,0.06542314222,0.0711996061,0.02582431165,0.03556507154,38.0,3413.666,7.807014774,2594530.0,1.315716527,44.52,59.86,13977.0,1147.0,1446.0,363301.0,96820.0,1892.0,2019.0,739.0,2.185850988,4.281372412,-5.588611559,1.59,,-0.9,0.87,0.03,0.0,-0.14,-1.04,1.29,1.27,-0.49,2.9,11.4493619,14.99232437,70.19406553,30.66298343,-48.74333587,,84.0,38.55,,0.04514963677,315935.0,56888.0,1448.0,3939.0,,,,101.0,,,6555.0,2690.0,9245.0,396453063.0,22376745.0,418829808.0,166967045.0,5750172.0,172717217.0,591547025.0,13502673148.0,24136750980.0,10634077832.0,10351005530.0,92.0,9.0,91.53465347,0.7090319091,6.846792408e-07,3.830258682e-07,8.693748669e-07,8.931499431e-07,0.04380962336,0.02450814633,0.05562748687,0.05714874978,63985.61655,2610789.722,1150251.794,1119632.832,0.5594238081,0.4405761919,0.4288483375,0.7080245362,0.2919754638,60481.01648,62069.53346,0.9108910891,0.08910891089,13.45718157,26.7539918,0.1210155854,-0.2776072433,-12.81591852,16.09195402,-7.169210495,14.83864243,14.38142269,13.29681023,-20.62639206,146932.5,146932500.0,6371290.0,4.336201998,-1.56,51.3,248.6,0.06003751004,2,6.33,3.13,3.67,132.15,169.1,1.032110092,3.678724709,609.2,609.2,148.0,461.2,655.5,5.81,14875.93,124.4,Aceh
Sumatera Utara,2023,1247.0,41.48,,41.18177389,1096942.0,3131547.948,0.3857287582147515,,-0.01965648484,7549537.0,5.89,5.58,6.33,71.06,84.4,57.81,1678211.0,2843817.0,1152216.0,507793.0,67.09,26.18,6.73,2559037.0,51392,677302,17980,17150,447205,1442126.0,361377.0,605080,34228,62854,15176,106069,285562.0,388171.0,117837.0,360991.0,0.3389660849,0.006807304872,0.08971437586,0.002381603004,0.002271662487,0.05923608295,0.1910217805,0.04786743876,0.08014796139,0.004533787966,0.008325543672,0.002010189499,0.01404973577,0.03782510106,0.05141653058,0.01560850685,0.04781630979,41.0,2710.49393,7.448000066,2610584.0,1.038271103,47.19,58.52,52542.0,5896.0,7473.0,1384255.0,579853.0,16345.0,15945.0,10388.0,4.892937341,6.037280245,2.92954757,0.55,,-1.84,1.94,-0.1,-1.0,-0.27,-0.32,-0.22,1.53,0.51,2.44,1.325160823,15.16484924,105.2177452,52.18808194,-38.21443794,,70.0,40.93,,0.9276917112,1201977.0,282555.0,10740.0,25807.0,,,,1246.0,,,174782.0,49236.0,224018.0,9617862948.0,780795464.0,10398658412.0,3740814858.0,519717760.0,4260532617.0,14659191029.0,239692596346.0,336357971287.0,96665374941.0,90494181761.0,1199.0,47.0,179.7897271,0.7802140899,9.346054213e-07,6.660106765e-07,2.317458554e-06,2.475496166e-06,0.06115829714,0.04358211275,0.1516488302,0.1619904257,65437.55872,1501477.432,431507.1777,403959.4218,0.7126116126,0.2873883874,0.2690412878,0.7093610003,0.2906389997,55027.76572,75977.22922,0.9622792937,0.03772070626,16.61861306,21.75151791,5.581388506,1.041517326,30.89368664,-1.424050633,55.29109262,-19.33805883,-22.80642411,5.13290485,38.67247956,602235.9,602235900.0,103315910.0,17.15538878,3.44,51.3,1181.3,0.0797712363,0.11,6.33,2.72,3.64,132.15,169.1,1.032110092,3.678724709,10238.9,10238.9,5820.8,4418.1,5037.9,5.81,14875.93,124.4,Sumatera Utara
Sumatera Barat,2023,465.0,35.81,,35.57057843,442236.0,1018767.643,0.49301892093164296,,0.0298480757,2844925.0,5.94,5.31,6.84,69.61,82.21,56.94,694094.0,896996.0,363308.0,279045.0,64.65,25.54,9.81,964493.0,35487,245568,6365,6666,130223,529285.0,110681.0,237846,24953,23674,1977,44776,140148.0,187278.0,55009.0,100496.0,0.3390222941,0.01247379105,0.08631791699,0.002237317328,0.002343119766,0.04577379017,0.1860453263,0.03890471629,0.08360360994,0.008771057233,0.008321484749,0.0006949216587,0.01573890349,0.04926245859,0.06582880041,0.01933583486,0.03532465706,39.0,2742.476,9.151579339,2753517.0,0.9959902191,51.54,64.19,36285.0,20516.0,5534.0,404050.0,239627.0,3582.0,3539.0,3665.0,5.831526648,6.696070665,-6.19516553,1.07,,-1.09,-0.04,1.13,0.0,-0.34,-0.89,0.45,0.31,-0.37,0.66,3.680669276,8.057006389,115.093442,33.60686311,-55.14006845,,35.0,34.74,,1.147243544,373923.0,111406.0,2681.0,7889.0,,,,212.0,,,18812.0,5776.0,24588.0,955692619.0,191998981.0,1147691600.0,413730235.0,94700868.0,508431103.0,1656122703.0,42332517621.0,68243082279.0,25910564658.0,25382838175.0,203.0,9.0,115.9811321,0.7650886611,5.808300895e-07,3.603002558e-07,9.489565482e-07,9.686860008e-07,0.03912176256,0.02426799388,0.06391688969,0.06524576533,67354.91715,2775462.92,1053789.03,1032326.264,0.6203195431,0.3796804569,0.3719474169,0.6929991346,0.3070008654,50802.28679,71629.19581,0.9575471698,0.04245283019,5.072902139,4.731701795,5.635161925,4.819765598,46.50539236,8.163265306,97.33319573,-27.89674139,-28.45330543,-0.3412003442,92.26029359,191069.3,191069300.0,17440380.0,9.127777199,3.09,51.3,120.7,0.06716145417,-1.14,6.33,2.68,3.53,132.15,169.1,1.032110092,3.678724709,2366.7,2366.7,399.6,1967.1,1257.2,5.81,15254.41,124.4,Sumatera Barat
Riau,2023,4063.0,47.87,,47.57480421,567868.0,1437217.286,0.46001663897554457,,-0.0486350416,3002334.0,4.23,3.63,5.4,64.45,83.77,44.27,688343.0,1234451.0,308472.0,241033.0,65.07,26.9,8.03,1146960.0,43021,236877,5638,15181,179126,523429.0,102891.0,207327,25171,27018,5176,48681,117133.0,165758.0,43194.0,109753.0,0.3820227863,0.01432918523,0.07889761765,0.001877872349,0.005056399455,0.05966224944,0.1743406963,0.03427033768,0.069055275,0.008383810729,0.008998998779,0.001723992068,0.01621438521,0.03901398046,0.05520971351,0.01438680706,0.03655589285,41.0,3191.66253,8.613000062,3011040.0,1.059986759,43.08,52.13,25052.0,773.0,2902.0,619922.0,254906.0,6901.0,6408.0,1591.0,-5.257138926,-3.381810013,-7.848936208,1.89,,1.46,-2.07,0.61,1.0,-0.14,-0.09,-0.28,0.59,0.18,0.99,4.199376335,4.539613694,46.57435785,45.25363081,-38.31343858,,916.0,45.98,,1.730963892,593002.0,173909.0,4751.0,10388.0,,,,388.0,,,67907.0,35016.0,102923.0,3806429922.0,205486354.0,4011916276.0,2200924640.0,107833767.0,2308758407.0,6320674683.0,368809110228.0,557698133495.0,188889023267.0,186276022264.0,332.0,56.0,265.2654639,0.6597844991,2.79068486e-07,1.845496584e-07,5.448860829e-07,5.525295137e-07,0.01713806549,0.01133350518,0.03346237158,0.03393176753,61411.68333,5418595.78,1835245.992,1809858.071,0.6613059791,0.3386940209,0.3340086887,0.6347291195,0.3652708805,56053.57212,62854.82751,0.8556701031,0.1443298969,-5.794102873,-10.84307111,5.917313292,5.44096112,25.10696747,0.518134715,-5.87676914,-15.3385975,-15.71935341,-5.04896824,-0.08266626633,551828.5,551828500.0,176290050.0,31.94652868,3.63,51.3,2042.3,0.1837998371,9.99,6.33,2.84,3.41,132.15,169.1,1.032110092,3.678724709,18956.8,18956.8,2335.9,16620.9,1987.7,5.81,15254.41,124.4,Riau
Jambi,2023,331.0,40.27,,39.99406772,284600.0,725771.7128,0.4477320781312928,,0.01972314791,1802264.0,4.53,3.64,6.05,68.75,85.27,51.68,455085.0,635648.0,238950.0,166946.0,59.34,31.4,9.26,814402.0,60352,85245,4622,7071,81584,272341.0,63408.0,97651,5382,15964,1541,23457,97079.0,91432.0,30119.0,50614.0,0.4518771945,0.03348676997,0.0472988419,0.002564552141,0.00392339857,0.04526750798,0.1511104921,0.03518241501,0.05418240613,0.002986243969,0.008857747811,0.0008550356663,0.01301529632,0.05386502754,0.05073174629,0.0167117581,0.028083566,38.0,2943.03308,11.0983405,2668478.0,1.102888268,45.37,59.73,23224.0,4554.0,5470.0,300622.0,214514.0,2207.0,2512.0,1794.0,0.2472440218,1.071216754,-7.198837995,0.25,,-2.52,0.72,1.8,-1.0,-0.06,-0.69,1.0,0.91,-0.9,2.71,5.859764111,11.9343188,90.9676845,14.64935065,-19.56452129,,92.0,40.02,,0.7175264895,268570.0,112330.0,1925.0,3123.0,,,,193.0,,,17155.0,6331.0,23486.0,821532146.0,37732148.0,859264294.0,400671035.0,8002764.0,408673799.0,1267938093.0,40472068541.0,66391447353.0,25919378812.0,24452737882.0,183.0,10.0,121.6891192,0.7304351529,5.803014485e-07,3.537503841e-07,9.061173946e-07,9.604650454e-07,0.03132871975,0.01909791311,0.04891853706,0.05185260232,53986.97492,2826852.055,1103609.76,1041162.304,0.6095976237,0.3904023763,0.3683115651,0.6776863151,0.3223136849,47888.78729,63287.16396,0.9481865285,0.0518134715,6.29916666,6.993024287,5.233552588,0.1118841949,-15.67874197,0.0,-29.64834675,24.80073832,18.72674404,0.693857626,-35.94751341,169259.0,169259000.0,16892880.0,9.980491436,4.16,51.3,45.1,0.09391465401,4.4,6.33,2.6,3.22,132.15,169.1,1.032110092,3.678724709,2192.8,2192.8,78.6,2114.2,957.3,5.81,15254.41,124.4,Jambi
Sumatera Selatan,2023,188.0,37.03,,36.77320286,627687.0,1629193.728,0.4211519687601692,,0.01927461802,4399659.0,4.11,3.96,4.34,70.72,85.39,55.54,1063720.0,1490405.0,757671.0,372104.0,65.62,25.92,8.46,1967142.0,88052,273151,14527,12033,221873,718902.0,196805.0,224071,19000,27427,6257,55821,155351.0,205081.0,69728.0,144438.0,0.4471123785,0.02001336922,0.06208458428,0.003301846802,0.002734984689,0.05042959011,0.1633994816,0.04473187581,0.05092917428,0.004318516503,0.006233892218,0.001422155672,0.0126875742,0.03530978196,0.04661293068,0.01584850099,0.03282936246,42.0,3404.17724,8.260000013,2767669.0,1.2299799,47.28,62.97,48174.0,4629.0,8172.0,679919.0,197422.0,9064.0,9184.0,3636.0,2.56323047,1.384991616,-3.522941714,0.31,,1.08,-2.46,1.38,1.0,-0.52,-0.57,-0.46,1.41,0.44,2.22,5.206760951,18.47363386,107.4414206,93.63383892,-45.05533952,,160.0,36.72,,3.329980405,573899.0,95170.0,4681.0,16715.0,,,,316.0,,,40988.0,14457.0,55445.0,2465355038.0,349648576.0,2815003614.0,1197514512.0,150147034.0,1347661546.0,4162665160.0,83866412250.0,179216061686.0,95349649436.0,93252960804.0,295.0,21.0,175.4588608,0.7392551177,6.611109086e-07,3.093751725e-07,5.81491388e-07,5.945655722e-07,0.04963447283,0.02322707642,0.04365684808,0.04463842353,75077.37686,3232321.43,1719715.925,1681900.276,0.4679625892,0.5320374108,0.520338188,0.6762503122,0.3237496878,60148.21504,82832.84997,0.9335443038,0.0664556962,-2.511620073,-6.539081859,1.329025354,0.34054314,-19.40665155,1.607717042,-17.24917474,25.72876956,24.50226361,-4.027461785,-14.73755467,360967.5,360967500.0,65761470.0,18.21811382,3.69,51.3,1478.6,0.08204442662,2.45,6.33,2.93,3.29,132.15,169.1,1.032110092,3.678724709,6585.5,6585.5,1164.4,5421.1,3259.8,5.81,15254.41,124.4,Sumatera Selatan
Bengkulu,2023,25.0,32.23,,31.98806434,173228.0,344736.9145,0.558695469879829,,0.06281350017,1069615.0,3.42,3.06,3.99,70.91,84.99,56.22,232544.0,310058.0,179072.0,99534.0,63.41,27.28,9.31,484033.0,15420,59845,2198,2015,48586,173448.0,30147.0,52419,5335,8476,1610,10802,67950.0,56976.0,18287.0,32068.0,0.452530116,0.01441640216,0.0559500381,0.002054945004,0.001883855406,0.04542382072,0.1621592816,0.02818490765,0.04900735311,0.004987775975,0.007924346611,0.001505214493,0.01009896084,0.06352753093,0.05326776457,0.01709680586,0.02998088097,38.0,2418.28,8.050853317,2740734.0,0.8823475755,49.03,67.77,8227.0,1499.0,1479.0,135440.0,85305.0,1157.0,1283.0,1736.0,3.095819165,4.136816898,-1.502717212,-0.23,,0.35,-1.64,1.29,0.0,-0.17,-0.33,0.08,1.1,0.27,1.86,0.1059231495,15.71815487,243.6115363,38.72901679,-34.47395301,,26.0,32.46,,1.042632506,117043.0,24826.0,834.0,1958.0,,,,76.0,,,5826.0,1443.0,7269.0,238882229.0,4094138.0,242976367.0,99339424.0,3643995.0,102983419.0,345959786.0,13443108460.0,18568642002.0,5125533542.0,4790941919.0,69.0,7.0,95.64473684,0.8014857615,5.407231535e-07,3.914664303e-07,1.418193821e-06,1.51723818e-06,0.02573510338,0.01863139943,0.06749732163,0.07221122523,47593.86243,2554497.455,705122.2372,659092.2987,0.7239683149,0.2760316851,0.2580125094,0.7023254633,0.2976745367,41002.78562,68842.28967,0.9078947368,0.09210526316,8.484245328,17.61139412,-9.862248371,-14.21202388,13.08338519,2.702702703,10.5746553,-20.29089731,-24.13741773,9.12714879,2.090409971,52051.6,52051600.0,2915700.0,5.601556917,1.83,51.3,76.1,0.04866386504,1.13,6.33,3.09,3.57,132.15,169.1,1.032110092,3.678724709,246.4,4645.8,,4645.8,538.6,5.81,15254.41,124.4,Bengkulu
Lampung,2023,75.0,29.33,,29.12044319,493408.0,1377823.091,0.39409395801617564,,-0.01411621089,4697658.0,4.23,3.34,5.77,70.04,87.3,52.01,1032382.0,1252006.0,801985.0,399557.0,62.85,28.64,8.51,1987969.0,37008,409675,8344,14431,261032,890458.0,191404.0,240011,20324,37146,5731,40190,144674.0,195710.0,48976.0,164575.0,0.4231829988,0.007877968128,0.08720834935,0.001776204228,0.003071956281,0.05556641203,0.1895536031,0.04074455825,0.05109162906,0.004326411161,0.007907344468,0.00121996961,0.008555326931,0.03079704823,0.04166118521,0.0104256206,0.03503341452,40.0,2633.28459,7.900000073,2424538.0,1.086097471,55.57,70.67,42725.0,2850.0,5465.0,564393.0,168497.0,4885.0,5987.0,2905.0,7.057757512,10.30617747,-0.7301790851,0.84,,-0.53,-1.06,1.59,0.0,-0.29,-0.76,0.53,-0.02,1.46,-1.53,4.383208021,20.78313124,75.86944723,52.99091763,-49.18519776,,30.0,28.49,,0.3488735412,467278.0,95808.0,3193.0,11782.0,,,,410.0,,,50650.0,13204.0,63854.0,1902524285.0,67217397.0,1969741682.0,589697104.0,65743978.0,655441082.0,2625182764.0,54474510407.0,79119815576.0,24645305169.0,24086293945.0,397.0,13.0,155.7414634,0.7932157735,1.172181255e-06,8.070544596e-07,2.590919429e-06,2.651051264e-06,0.04819102998,0.03317983927,0.1065185741,0.1089907302,41112.26805,1239073.755,385963.3722,377208.8506,0.6885065392,0.3114934608,0.304428085,0.7503255427,0.2496744573,37562.17739,44660.48955,0.9682926829,0.03170731707,-0.9664396859,4.187180214,-10.72705299,-11.02361401,5.604895394,-1.442307692,1.815054331,-15.46514328,-15.74596456,5.1536199,2.781494017,269240.5,269240500.0,47257570.0,17.55217733,1.4,51.3,220.6,0.0573137721,-2.35,6.33,2.89,3.38,132.15,169.1,1.032110092,3.678724709,4645.8,246.4,2153.9,-1907.5,1935.4,5.81,15254.41,124.4,Lampung
Bangka Belitung,2023,207.0,48.93,,48.5779689,144399.0,366884.4795,0.4378540153068032,,0.0698549473,749815.0,4.56,3.25,6.9,68.34,85.38,50.31,218634.0,329788.0,65011.0,40111.0,72.35,22.3,5.35,188091.0,124027,53823,4516,2502,36683,125487.0,16849.0,47807,5998,5080,1541,7770,46431.0,40976.0,14371.0,27863.0,0.2508498763,0.1654101345,0.07178170615,0.006022818962,0.003336823083,0.04892273427,0.1673572815,0.02247087615,0.06375839374,0.007999306496,0.006775004501,0.002055173609,0.0103625561,0.06192327441,0.05464814654,0.01916606096,0.03715983276,41.0,3498.479,7.154771808,3221747.0,1.085895013,44.77,51.07,5497.0,620.0,930.0,118592.0,89001.0,703.0,981.0,272.0,2.577800518,1.458246167,9.230976024,-1.44,,-2.58,0.6,1.98,0.0,-0.21,-1.08,1.28,0.96,-0.64,2.76,8.507530448,12.86844134,78.78867015,-9.871794872,-37.11538462,,380.0,50.37,,1.079259587,105071.0,49780.0,780.0,1560.0,,,,138.0,,,13364.0,4599.0,17963.0,886847682.0,46407211.0,933254893.0,312248153.0,18447706.0,330695859.0,1263950752.0,30474586241.0,55847549225.0,25372962984.0,24784448823.0,133.0,5.0,130.1666667,0.7439737238,5.894419651e-07,3.216434785e-07,7.079583102e-07,7.247689924e-07,0.04147556728,0.02263216147,0.04981486604,0.05099773495,70364.12359,3109032.412,1412512.553,1379749.976,0.5456745491,0.4543254509,0.4437875819,0.7383633354,0.2616366646,66360.94597,67894.793,0.9637681159,0.03623188406,13.3494599,41.25498548,-8.387863439,-8.668168652,25.71208622,25.45454545,62.69195657,-27.12543454,-27.3484085,27.90552558,49.34249667,60336.3,60336300.0,12724000.0,21.08846582,1.92,51.3,72.5,0.08046824883,1.76,6.33,2.53,3.22,132.15,169.1,1.032110092,3.678724709,2034.7,2034.7,19.5,2015.2,470.8,5.81,15254.41,124.4,Bangka Belitung
Kepulauan Riau,2023,683.0,66.33,,65.91174104,396909.0,676138.8348,0.6224373460212116,,0.01901204177,1019356.0,,5.95,8.23,68.68,84.92,51.95,205557.0,637669.0,62859.0,48892.0,80.98,14.22,4.8,85171.0,11497,257178,4907,5076,78903,167687.0,63396.0,91889,9384,12817,8117,28894,56550.0,53048.0,21257.0,63585.0,0.08355373393,0.01127868968,0.252294586,0.00481382363,0.00497961458,0.07740475359,0.1645028822,0.06219220763,0.09014416946,0.009205812297,0.01257362492,0.007962870675,0.02834534745,0.05547620262,0.05204070021,0.02085336232,0.06237761881,45.0,3279.194,7.508494603,4651057.0,0.7050427462,29.45,33.67,22146.0,250.0,3183.0,294533.0,113122.0,4031.0,3878.0,4653.0,-11.82018638,-8.754003028,-17.95577947,2.65,,1.66,-1.51,-0.15,1.0,0.0,-1.83,-0.8,-0.26,4.9,1.27,11.9247892,-5.041735043,29.94463207,-0.1238850347,-71.65204678,,863.0,63.68,,1.4876924,310171.0,87054.0,4036.0,13680.0,,,,704.0,,,188273.0,16191.0,204464.0,14778850334.0,3120278976.0,17899129310.0,1971690844.0,457059805.0,2428750649.0,20327879959.0,107092234381.0,201257572770.0,94165338389.0,91058550658.0,83.0,621.0,290.4318182,0.9208124658,1.909232739e-06,1.015931958e-06,2.171329743e-06,2.245412413e-06,0.189816564,0.1010042985,0.2158743366,0.2232396608,99420.33785,984317.8886,460547.2767,445352.4858,0.5321153033,0.4678846967,0.452447823,0.8805212027,0.1194787973,78496.91849,121776.9652,0.1178977273,0.8821022727,5.105484506,5.239975004,4.952948483,3.192790419,22.5928302,7.153729072,55.26302034,-14.3889995,-15.8247752,0.1344904979,50.15753584,199912.8,199912800.0,81302960.0,40.66921178,2.48,51.3,764.1,0.1961167639,19.3,6.33,2.79,3.38,132.15,169.1,1.032110092,3.678724709,17729.0,17789.3,17900.3,-111.0,1517.9,5.81,15254.41,124.4,Kepulauan Riau
DKI Jakarta,2023,2413.0,63.77,,63.353256,1873472.0,3234884.385,0.6145487026054827,,0.05253394666,5072737.0,6.53,7.76,4.55,65.21,80.25,50.12,1162880.0,3048533.0,284951.0,150130.0,84.26,12.78,2.96,23705.0,15157,562017,15361,18207,227719,1177577.0,602062.0,621697,130859,193337,132359,236137,251415.0,267247.0,129393.0,468488.0,0.004673019713,0.002987933339,0.1107916693,0.003028148315,0.003589186666,0.04489075621,0.23213839,0.1186858298,0.1225565213,0.02579652759,0.03811295559,0.02609222595,0.0465502154,0.04956200174,0.05268299934,0.02550753173,0.09235408814,44.0,4901.797824,5.6,5532624.0,0.8859806529,36.12,36.23,85385.0,12802.0,15816.0,1684807.0,519032.0,20615.0,24989.0,15582.0,4.053966461,4.289025773,17.52883045,0.65,,2.45,-2.7,0.25,0.0,-0.65,0.26,-2.1,2.13,0.23,3.5,5.266538606,-2.941078198,43.15675664,13.79443586,-49.49166246,,1655.0,63.12,,5.110007185,1735860.0,362562.0,18116.0,49475.0,,,,1512.0,,,169712.0,49593.0,219305.0,11517169936.0,520548894.0,12037718830.0,4878498267.0,494558414.0,5373056681.0,17410775511.0,223826589064.0,448335786672.0,224509197608.0,217948279382.0,1383.0,129.0,145.0429894,0.773862885,9.797986956e-07,4.891534571e-07,9.768196686e-07,1.006224966e-06,0.07778689558,0.03883423101,0.07755038857,0.07988489545,79390.6911,2044348.221,1023730.41,993813.5445,0.4992387307,0.5007612693,0.486127331,0.6913947528,0.3086052472,67863.0264,98370.70286,0.9146825397,0.08531746032,-8.794611336,-20.55520274,6.996419612,4.422155561,-12.2864205,-6.028589186,7.385327308,21.98387094,19.04901859,-11.76059141,16.17993864,2050474.5,2050474500.0,232990980.0,11.36278359,1.86,51.3,4830.0,0.4042146281,0.87,6.33,1.83,2.6,132.15,169.1,1.032110092,3.678724709,11076.4,11076.4,100956.2,-89879.8,69457.3,5.81,15254.41,124.4,DKI Jakarta
Jawa Barat,2023,19217.0,44.85,,44.55083606,5161326.0,10541363.7,0.5284035031932557,,-0.08635835628,23503598.0,7.44,8.09,6.25,66.49,84.63,47.98,5465649.0,9767774.0,2139242.0,1486113.0,74.34,19.34,6.32,3603172.0,121346,4439057,69190,132613,1785412,5359329.0,1187049.0,2276859,250391,323583,139256,511159,539896.0,1092869.0,333422.0,1338995.0,0.1533029964,0.005162869106,0.1888671258,0.002943804604,0.00564224252,0.07596334825,0.2280216416,0.05050499077,0.09687278518,0.01065330508,0.01376738149,0.005924880097,0.02174811703,0.0229707809,0.0464979447,0.01418599825,0.0569697882,42.0,1986.67017,7.884000026,3674236.0,0.5407029298,49.23,55.15,542150.0,35546.0,73925.0,4373889.0,1343349.0,58749.0,78987.0,78383.0,0.2175881123,-0.7969234147,2.952214209,-0.54,,0.46,-1.16,0.7,0.0,-0.87,-0.46,-1.64,0.34,0.7,-0.03,3.979581239,4.061622984,35.9578286,25.58035142,-50.35916967,,4629.0,45.39,,1.719884365,4203172.0,988063.0,46782.0,159117.0,,,,8699.0,,,1698768.0,372127.0,2070895.0,94682984672.0,6292315916.0,100975300588.0,28440900934.0,3336069386.0,31776970319.0,132752270907.0,975448726600.0,1978958563180.0,1003509836580.0,988547095048.0,6736.0,1963.0,238.0612714,0.8203061961,2.12301779e-06,1.046456979e-06,2.063651919e-06,2.094887548e-06,0.1360935406,0.06708188508,0.1322879618,0.1342902848,64103.81546,955605.4571,484577.8451,477352.5915,0.492910132,0.507089868,0.499528951,0.7606295538,0.2393704462,55736.26574,76427.94243,0.7743418784,0.2256581216,-1.564004889,-6.99053014,4.354162556,3.577849646,9.346511902,-0.1721367914,17.14446958,-4.565622861,-5.275579582,-5.426525251,18.70847447,1669406.4,1669406400.0,715811270.0,42.87819131,4.74,51.3,8283.7,0.07102769542,4.77,6.33,2.48,3.17,132.15,169.1,1.032110092,3.678724709,36632.4,36632.4,5956.7,30675.7,18276.5,5.81,15254.41,124.4,Jawa Barat
Jawa Tengah,2023,9435.0,39.61,,39.33533178,3256746.0,7917593.388,0.44450471120295193,,0.01097211786,19988875.0,5.13,5.43,4.69,71.72,84.52,58.92,4639252.0,7326685.0,2284516.0,1279171.0,70.49,23.11,6.4,4883060.0,116667,4184724,37229,49805,1740953,3662695.0,600410.0,1708443,101105,222871,16704,256611,351803.0,820862.0,267908.0,967025.0,0.2442888857,0.005836596607,0.2093526524,0.001862486008,0.002491635973,0.0870960972,0.1832366754,0.0300372082,0.08546969252,0.005058063548,0.01114975205,0.0008356648386,0.01283769097,0.01759993997,0.04106594293,0.01340285534,0.04837816035,42.0,1958.16969,8.011000149,2321344.0,0.8435499823,50.39,60.39,218013.0,35191.0,48250.0,3598758.0,772149.0,32070.0,39009.0,24302.0,8.691550331,8.222725357,1.002993152,-0.23,,-0.92,-0.09,1.01,0.0,-0.44,-0.32,-0.62,0.88,0.78,0.61,5.481306993,15.01763413,41.85284321,66.99645907,-49.59165741,,467.0,39.84,,0.7757905495,3128875.0,544331.0,19204.0,77386.0,,,,4465.0,,,1156288.0,163027.0,1319315.0,41601067935.0,2069485521.0,43670553456.0,10201021742.0,1253057337.0,11454079079.0,55124632535.0,392711015649.0,736919391466.0,344208375817.0,335042528382.0,4182.0,283.0,295.4792833,0.8764305719,3.359505966e-06,1.790311146e-06,3.832896271e-06,3.937753832e-06,0.1403694583,0.07480415521,0.1601490156,0.1645302547,41782.76798,558562.1262,260899.312,253951.8829,0.5329090538,0.4670909462,0.4546528864,0.7922148674,0.2077851326,35978.11958,62572.59069,0.9366181411,0.0633818589,16.09636163,25.37560726,7.056451469,6.717456545,12.51846431,1.040959493,15.48516778,-4.854325802,-5.155605176,9.279245623,-0.6111938525,1102437.5,1102437500.0,361111030.0,32.75569182,4.31,51.3,1563.7,0.05515255361,-3.42,6.33,2.88,3.42,132.15,169.1,1.032110092,3.678724709,10229.2,10229.2,14497.4,-4268.2,16063.7,5.81,15254.41,124.4,Jawa Tengah
DI Yogyakarta,2023,928.0,46.22,,45.87823076,421302.0,988973.962,0.4593404412830943,,-0.008465497677,2139710.0,3.69,4.05,3.24,74.08,83.76,64.75,462700.0,917189.0,270941.0,120289.0,67.2,27.18,5.62,420457.0,6841,294033,841,9553,148904,445522.0,80453.0,237067,21136,27788,3867,65827,66277.0,143118.0,45753.0,122273.0,0.1965018624,0.003197162232,0.1374172201,0.0003930439172,0.004464623711,0.06959073893,0.2082160667,0.03759995513,0.1107939861,0.009877974118,0.01298680662,0.001807254254,0.03076444939,0.03097475826,0.06688663417,0.02138280421,0.05714465979,40.0,1981.78239,7.652000198,2705601.0,0.7324740012,43.2,53.78,18992.0,2047.0,3773.0,395214.0,101920.0,3156.0,4126.0,1946.0,-4.525438272,-4.676043281,0.5387975019,-0.4,,0.14,-1.0,0.86,0.0,-0.37,0.15,-1.03,1.48,1.54,1.37,9.868418648,8.478121243,60.65320534,51.29434324,-50.0060584,,113.0,46.62,,4.301163173,364326.0,63441.0,2086.0,8253.0,,,,568.0,,,69200.0,14321.0,83521.0,2166976931.0,200247240.0,2367224171.0,814331118.0,80125722.0,894456840.0,3261681011.0,9071864515.0,22510625181.0,13438760666.0,13211584019.0,521.0,47.0,147.0440141,0.8285341411,9.206596931e-06,3.710292332e-06,6.214933213e-06,6.321800617e-06,0.3595381088,0.1448951766,0.2427069796,0.2468803897,39052.22652,269520.5419,160902.7749,158182.7806,0.4030036679,0.5969963321,0.586904358,0.7257681432,0.2742318568,31314.69553,56862.72732,0.9172535211,0.08274647887,-0.3981622086,-2.10636741,0.7890719349,0.3301175535,4.707519495,1.97486535,6.385668478,-3.742279044,-4.180599409,-1.708205202,6.783830687,118625.6,118625600.0,13441250.0,11.33081729,4.26,51.3,46.0,0.05544003627,10.05,6.33,3.17,3.79,132.15,169.1,1.032110092,3.678724709,472.3,472.3,8.1,464.2,1453.3,5.81,15254.41,124.4,DI Yogyakarta
Jawa Timur,2023,2498.0,36.89,,36.62655358,3636945.0,8375201.995,0.4758503287433646,,0.01593672161,22703177.0,4.88,4.94,4.8,72.56,85.9,59.46,4879286.0,7643044.0,3199941.0,1302671.0,67.24,27.02,5.74,7149540.0,113629,3451630,31196,78581,1506425,4336018.0,734446.0,1770123,128194,231066,38490,303491,451558.0,1033229.0,285499.0,1060062.0,0.3149136352,0.005004982342,0.1520329071,0.001374080817,0.003461233641,0.0663530483,0.190987279,0.03234992178,0.07796807469,0.005646522511,0.01017769451,0.001695357438,0.01336777668,0.01988963923,0.04551032659,0.01257528847,0.04669223166,42.0,2040.2443,7.860000231,2654068.0,0.7687234464,50.08,63.11,220388.0,51163.0,56171.0,3301045.0,1036429.0,27630.0,29439.0,24239.0,5.042655925,5.915931255,2.926710649,0.75,,1.04,-1.01,-0.03,1.0,-0.61,-0.8,-0.33,1.33,0.14,2.18,0.5804258983,13.06764682,63.53315777,3.518039789,-49.46441446,,3574.0,36.14,,1.219516241,2919531.0,633773.0,26691.0,58254.0,,,,6285.0,,,1090043.0,247520.0,1337563.0,53450495397.0,3423241326.0,56873736723.0,19295654069.0,1738327935.0,21033982004.0,77907718727.0,729035208939.0,1209083535078.0,480048326139.0,467200631293.0,5944.0,341.0,212.8182975,0.8149470343,1.834702883e-06,1.10626186e-06,2.786309059e-06,2.862930635e-06,0.1068641374,0.06443534832,0.1622914079,0.1667543096,58246.01811,903945.1114,358897.7313,349292.4306,0.6029651284,0.3970348716,0.3864088938,0.7300141456,0.2699858544,49035.21732,77955.93919,0.9457438345,0.05425616547,16.05412576,24.64699926,5.055488478,4.475927083,37.30663773,-0.2064147348,55.43657137,-23.48841235,-23.91050512,8.592873492,39.38244561,1844808.7,1844808700.0,558448650.0,30.27135822,4.08,51.3,4741.0,0.08125773322,-0.09,6.33,2.99,3.61,132.15,169.1,1.032110092,3.678724709,22425.4,22425.4,28485.6,-6060.2,18124.3,5.81,15254.41,124.4,Jawa Timur
Banten,2023,11140.0,53.69,,53.34069275,1686945.0,2961892.606,0.599762575870484,,-0.1157102031,5516656.0,7.52,7.1,8.28,64.44,82.16,46.16,1236312.0,2812688.0,421898.0,281657.0,78.29,16.6,5.11,662474.0,42566,1158479,10582,31428,390743,1186369.0,361655.0,479502,56224,90709,55116,156921,132356.0,311989.0,78511.0,311032.0,0.1200861536,0.007715906158,0.2099965994,0.00191819102,0.005696929444,0.07082968378,0.2150521983,0.06555692434,0.0869189596,0.01019168134,0.01644275083,0.009990835028,0.02844494926,0.02399207056,0.05655400663,0.01423162873,0.05638053197,43.0,2661.28011,6.400000038,4378058.0,0.6078677144,40.48,46.31,125510.0,7697.0,14729.0,1448863.0,582058.0,30187.0,29173.0,50719.0,-7.136664906,-5.025110526,-10.88576045,1.65,,1.31,-1.85,0.54,1.0,-0.57,-0.29,-1.07,-0.28,0.47,-1.01,0.1780207117,2.565658139,64.22321975,45.76754068,-41.96853056,,3703.0,52.04,,1.633751586,1412620.0,354431.0,20709.0,50271.0,,,,3783.0,,,653281.0,166758.0,820039.0,41693104252.0,2372244073.0,44065348325.0,16304288816.0,1283360402.0,17587649218.0,61652997543.0,592929745499.0,1025621225071.0,432691479572.0,421384349468.0,3262.0,521.0,216.7694951,0.7966462571,1.383028944e-06,7.995534608e-07,1.895204872e-06,1.946059461e-06,0.1039802742,0.06011283312,0.1424872004,0.1463106013,75183.00659,1250698.107,527647.4406,513858.9134,0.5781176627,0.4218823373,0.4108576726,0.7147316445,0.2852683555,63821.0881,97772.15376,0.8622786149,0.1377213851,-5.67292735,-5.253443269,-6.241762438,-8.112706723,0.4461064899,-1.123889179,22.7807708,-6.658166415,-8.520801365,0.4194840802,28.45369815,507425.7,507425700.0,169934380.0,33.48950989,5.82,51.3,4451.6,0.09198066727,12.87,6.33,2.52,3.05,132.15,169.1,1.032110092,3.678724709,12141.9,12141.9,16493.7,-4351.8,3685.7,5.81,15254.41,124.4,Banten
Bali,2023,145.0,47.65,,47.28455042,631495.0,1247389.324,0.5418674194807813,,0.02809658292,2617816.0,2.69,3.15,2.15,77.08,83.55,70.63,478358.0,1165405.0,349354.0,67408.0,73.89,23.54,2.57,495732.0,6093,384323,5202,18255,174496,559836.0,99521.0,357657,12649,55658,4629,46330,114436.0,109176.0,49101.0,124722.0,0.1893685423,0.002327512705,0.1468105474,0.001987152649,0.006973370168,0.06665709125,0.2138561305,0.03801680485,0.1366241936,0.0048318904,0.02126123456,0.0017682679,0.01769795891,0.0437143023,0.04170499378,0.01875647486,0.04764353186,43.0,2713.67228,7.814999855,3380840.0,0.8026621431,42.9,52.35,20047.0,1794.0,2425.0,551350.0,267730.0,2339.0,2172.0,476.0,0.4121868611,2.40412286,-3.515758774,1.08,,7.49,-6.13,-1.36,1.0,-2.11,-2.02,-2.2,0.22,-0.51,1.01,12.59955757,22.64486709,65.91886566,-36.21488956,-74.7353728,,706.0,46.57,,0.9210505213,449550.0,161362.0,3667.0,8597.0,,,,446.0,,,28231.0,7753.0,35984.0,1021994951.0,85810766.0,1107805717.0,505224624.0,72300279.0,577524903.0,1685330620.0,6683521207.0,13474392871.0,6790871664.0,6510109613.0,401.0,45.0,80.68161435,0.7845431303,5.383988303e-06,2.67054704e-06,5.298877932e-06,5.527403091e-06,0.2521620816,0.1250765534,0.2481758901,0.2588789929,46835.55525,374455.1154,188719.1992,180916.7856,0.4960165012,0.5039834988,0.4831467863,0.6573224885,0.3426775115,36201.16011,65165.04888,0.899103139,0.100896861,18.23630342,29.24675029,9.089913379,8.666498211,25.53287982,4.941176471,26.39842584,-13.0985336,-13.43582783,11.01044687,8.162122416,159464.3,159464300.0,10478810.0,6.571257642,2.26,51.3,808.5,0.06091501465,5.28,6.33,3.14,3.71,132.15,169.1,1.032110092,3.678724709,581.0,581.0,113.2,467.8,1857.6,5.81,15254.41,124.4,Bali
Nusa Tenggara Barat,2023,90.0,27.7,,27.50709454,446219.0,801356.014,0.6087239441231038,,0.08087757608,2892982.0,2.8,3.29,2.14,73.31,84.18,62.54,616072.0,733040.0,453693.0,371157.0,62.04,25.13,12.83,970339.0,31806,357998,7828,7549,181985,529876.0,85416.0,162035,14366,37167,4100,36068,111169.0,202171.0,41229.0,111880.0,0.3354113506,0.01099419215,0.1237470541,0.002705858522,0.00260941824,0.06290568002,0.1831591071,0.02952524419,0.05600968136,0.004965810365,0.01284729736,0.001417222783,0.01246741252,0.03842713159,0.06988325541,0.0142513849,0.03867289876,38.0,3251.70267,7.788699914,2344661.0,1.386854078,59.65,72.3,52854.0,2667.0,3011.0,337664.0,200296.0,2865.0,1942.0,211.0,6.424386897,17.48866849,-3.495240627,3.06,,0.64,-0.17,-0.47,0.0,-0.09,-0.32,0.23,2.38,0.91,3.38,5.69086744,17.56939318,128.4137302,21.75945601,-54.80567838,,396.0,24.64,,0.5309910277,287204.0,87690.0,2353.0,4297.0,,,,209.0,,,6203.0,2436.0,8639.0,143622054.0,8824188.0,152446242.0,51752977.0,1460722.0,53213698.0,205659940.0,3799299439.0,5276702148.0,1477402709.0,1410994313.0,,,41.33492823,0.7180229193,2.273840254e-06,1.637196824e-06,5.847423961e-06,6.122632756e-06,0.05413101634,0.03897508979,0.1392037112,0.1457553288,23805.98912,610800.1097,171015.4774,163328.4307,0.7200140035,0.2799859965,0.2674007881,0.7412539457,0.2587460543,23153.64404,21245.06445,0.0,0.0,4.160206007,10.50934802,-9.248166456,-11.80687401,-4.89872303,-1.41509434,-7.197363253,-4.57348583,-7.263993928,6.349142017,-11.35756926,103906.2,103906200.0,4644520.0,4.469916136,2.51,51.3,468.4,0.03591664241,-4.35,6.33,3.35,3.7,132.15,169.1,1.032110092,3.678724709,2050.6,2050.6,597.8,1452.8,802.5,5.81,15254.41,124.4,Nusa Tenggara Barat
Nusa Tenggara Timur,2023,108.0,25.49,,25.30814495,455066.0,738420.0649,0.6514949999642088,,0.04988659613,2896901.0,3.14,2.95,3.36,75.72,83.03,68.52,708400.0,698495.0,713462.0,310805.0,52.2,37.07,10.73,1421199.0,22086,273926,5229,8475,119612,339376.0,148043.0,45297,7243,26302,1566,26428,164922.0,178976.0,56186.0,52035.0,0.4905928784,0.007624009243,0.09455828832,0.001805032343,0.002925540086,0.04128964021,0.1171513973,0.05110392105,0.01563636452,0.002500258034,0.009079357562,0.0005405776725,0.009122852317,0.05693049227,0.06178188347,0.01939520888,0.01796229833,40.0,2608.60175,7.1590002,2339851.0,1.114858061,51.68,74.51,14640.0,3196.0,4976.0,362631.0,155706.0,1779.0,1452.0,137.0,-0.6308799836,1.851122776,1.500899117,0.73,,-0.24,2.01,-1.77,0.0,-0.4,-0.87,0.14,0.49,0.18,0.65,11.37231327,23.42742196,46.52475862,-2.037444934,-54.15219451,,62.0,24.76,,1.443078697,293801.0,106266.0,1816.0,3167.0,,,,77.0,,,1834.0,804.0,2638.0,45555806.0,1250879.0,46806685.0,27254561.0,532484.0,27787045.0,74593730.0,174524137.0,342401246.0,167877109.0,155142303.0,,,34.25974026,0.6952236543,1.511538774e-05,7.704411216e-06,1.571387556e-05,1.700374398e-05,0.4274121121,0.2178547271,0.4443353263,0.4808084485,28276.62244,129795.7718,63638.02464,58810.57733,0.5097064892,0.4902935108,0.4531008716,0.6274881951,0.3725118049,24839.58888,33898.70771,0.0,0.0,15.1554299,14.78105556,15.54722537,10.17871448,79.94542974,1.315789474,136.2300806,-35.78762987,-38.7710404,-0.3743743458,121.0746507,75246.7,75246700.0,944420.0,1.25509823,7.33,51.3,124.3,0.02597489524,4.18,6.33,3.51,4.06,132.15,169.1,1.032110092,3.678724709,74.1,74.1,70.3,3.8,805.8,5.81,15254.41,124.4,Nusa Tenggara Timur
Kalimantan Barat,2023,459.0,40.31,,40.04853715,418703.0,1118701.26,0.4063243293076427,,-0.01081706486,2775245.0,5.05,5.09,4.98,69.42,84.85,53.11,623168.0,1030465.0,436263.0,188229.0,65.76,27.46,6.78,1318010.0,81696,138174,6819,4430,180309,408159.0,80530.0,151127,9598,17286,2910,22012,103938.0,121767.0,40239.0,88241.0,0.474916629,0.02943740102,0.04978803673,0.002457080366,0.001596255466,0.06497048008,0.1470713396,0.02901725794,0.05445537241,0.0034584334,0.006228639273,0.001048556073,0.007931551989,0.03745182858,0.04387612625,0.01449926043,0.03179575137,41.0,3181.013,8.845015733,2796615.0,1.137451169,42.2,59.69,21996.0,3011.0,4051.0,424365.0,153588.0,5742.0,4918.0,3173.0,8.51300262,5.456821103,20.60126057,-0.92,,1.63,-1.2,-0.43,1.0,-0.06,-0.02,-0.12,0.45,-0.16,0.6,5.695372498,6.481237532,69.68424774,65.33256551,11.34254019,,1131.0,41.23,,0.6672523075,398535.0,90514.0,3473.0,4417.0,,,,244.0,,,40122.0,87.0,40209.0,2194010479.0,78159224.0,2272169703.0,631070750.0,66165248.0,697235998.0,2969405701.0,62664321948.0,101241353117.0,38577031169.0,36981115011.0,222.0,22.0,164.7909836,0.9978363053,6.416569868e-07,3.971598439e-07,1.042304158e-06,1.087284685e-06,0.0473859065,0.02932996853,0.07697341167,0.08029519121,73849.28004,2517877.916,959412.8471,919722.3261,0.6189597434,0.3810402566,0.3652767755,0.7651934198,0.2348065802,54683.47737,7253686.782,0.9098360656,0.09016393443,1.383892673,7.084200016,-6.685033177,-8.647011981,-5.339360124,5.627705628,10.20653945,-1.421576121,-3.494220894,5.700307344,8.822646779,154980.8,154980800.0,24255610.0,15.65071931,2.57,51.3,490.5,0.05584400657,-3.74,6.33,2.74,3.22,132.15,169.1,1.032110092,3.678724709,2124.2,2124.2,457.2,1667.0,1300.7,5.81,15254.41,124.4,Kalimantan Barat
Kalimantan Tengah,2023,405.0,48.14,,47.80519461,322017.0,649829.825,0.5333305729688548,,-0.0245422676,1349875.0,4.1,3.78,4.71,67.18,84.85,48.13,346718.0,603785.0,143737.0,82522.0,70.43,23.46,6.11,485968.0,135522,61738,3552,2910,64004,219959.0,44850.0,70113,6096,7657,1521,14978,85172.0,78702.0,22637.0,44496.0,0.3600096305,0.1003959626,0.04573608667,0.002631354755,0.002155755163,0.04741476063,0.1629476803,0.03322529864,0.05194036485,0.004515973701,0.005672377072,0.001126770997,0.01109584221,0.06309621261,0.05830317622,0.0167697009,0.03296305213,42.0,3149.97765,8.377999837,3323457.0,0.9478015362,43.63,51.86,17299.0,1407.0,1608.0,276160.0,108540.0,2863.0,2005.0,1030.0,0.4016437643,-0.9763209772,-1.718290598,-0.36,,-0.34,-0.39,0.73,1.0,-0.16,-0.17,-0.15,-0.05,-0.32,0.45,4.010601802,0.8785227667,69.3555937,35.75154101,-40.30961596,,37.0,48.5,,1.008696736,273755.0,64090.0,2109.0,3359.0,,,,167.0,,,16227.0,4676.0,20903.0,758355340.0,78853959.0,837209299.0,332693974.0,22196476.0,354890450.0,1192099749.0,90216360691.0,121617893181.0,31401532490.0,28846604477.0,134.0,33.0,125.1676647,0.7763000526,2.316985505e-07,1.718743801e-07,6.656681487e-07,7.246260133e-07,0.01321378672,0.009802009538,0.03796310735,0.04132547905,57030.07937,5818202.803,1502250.035,1380022.221,0.7418017064,0.2581982936,0.2371904637,0.7022980247,0.2977019753,46734.16775,71149.26732,0.8023952096,0.1976047904,3.814060823,2.104632766,9.059772642,8.886883046,-22.31967,0.6024096386,-15.27267854,40.39560934,40.17304386,-1.709428057,-19.08673936,113611.5,113611500.0,17882650.0,15.74017595,5.87,51.3,697.6,0.08416445967,3.72,6.33,2.82,3.39,132.15,169.1,1.032110092,3.678724709,4992.1,4992.1,72.7,4919.4,605.7,5.81,15254.41,124.4,Kalimantan Tengah
Kalimantan Selatan,2023,2284.0,44.75,,44.45640474,427311.0,930657.2475,0.4888699991648352,,-0.03087196527,2079681.0,4.31,4.91,3.34,69.76,85.52,53.75,550667.0,874079.0,239978.0,134706.0,64.03,29.49,6.48,612834.0,96475,173061,5669,7857,102504,398211.0,82747.0,174554,12796,16938,5283,32497,99430.0,124206.0,35133.0,99486.0,0.294676924,0.04638932606,0.08321516617,0.002725898828,0.003777983258,0.04928832835,0.1914769621,0.03978831369,0.08393306473,0.006152866714,0.008144518318,0.002540293439,0.01562595417,0.04781021705,0.05972358261,0.01689345626,0.04783714425,40.0,3201.396047,6.199999979,3066884.0,1.043859516,43.8,55.25,15215.0,523.0,1594.0,364703.0,177199.0,4845.0,3472.0,1614.0,-0.5995531073,4.053431489,-11.35105982,2.05,,4.05,-3.77,-0.28,-1.0,-0.43,0.04,-1.18,2.21,2.55,1.85,5.809860734,20.22039675,140.929733,73.96768402,-53.93392597,,1199.0,42.7,,1.110845119,303362.0,73548.0,2785.0,7537.0,,,,228.0,,,25644.0,8424.0,34068.0,1350692965.0,75648945.0,1426341910.0,572457941.0,78367401.0,650825341.0,2077167251.0,40511535114.0,61872089987.0,21360554873.0,19119250404.0,220.0,8.0,149.4210526,0.7527298344,8.40945669e-07,5.506198353e-07,1.594902389e-06,1.781869021e-06,0.05127347668,0.03357195872,0.09724313171,0.1086427139,60971.21202,1816135.082,626997.6187,561208.4773,0.6547626745,0.3452373255,0.3090125193,0.6866764866,0.3133235134,52670.91581,67955.59604,0.9649122807,0.0350877193,13.38092784,13.97505744,12.27097373,3.508068762,-0.2926715055,3.167420814,-34.0165498,12.60052337,3.811896602,0.5941295966,-47.39747764,149226.1,149226100.0,18395030.0,12.32695219,3.01,51.3,327.9,0.07175432194,5.47,6.33,3.33,4.1,132.15,169.1,1.032110092,3.678724709,13249.9,13249.9,1419.6,11830.3,1537.4,5.81,15254.41,124.4,Kalimantan Selatan
Kalimantan Timur,2023,2010.0,55.33,,54.9595714,678860.0,1022108.324,0.7057138223687767,,0.0787588024,1847295.0,5.31,4.79,6.31,65.57,82.82,46.86,442091.0,961948.0,154295.0,63649.0,77.63,18.92,3.45,354868.0,154128,124353,5830,7751,118658,364685.0,112540.0,148164,10446,24282,12966,71738,113037.0,99131.0,44519.0,80199.0,0.192101424,0.08343442709,0.06731626513,0.003155965885,0.004195864764,0.06423337908,0.1974156808,0.06092150956,0.08020592271,0.005654754655,0.01314462498,0.007018911435,0.03883407902,0.06119055159,0.05366278802,0.02409956179,0.04341428954,46.0,3485.0,5.264016349,4068893.0,0.8564983154,36.76,44.67,16921.0,575.0,2231.0,539280.0,297979.0,6999.0,6258.0,945.0,5.745826941,5.109217877,10.4671559,-0.41,,3.94,-2.58,-1.36,1.0,-0.4,-0.33,-0.59,0.84,0.08,1.69,2.653080481,-3.131938008,75.76563717,-8.93832943,-49.00171135,,3082.0,55.74,,0.0,556716.0,169532.0,7686.0,12271.0,,,,287.0,,,31072.0,24540.0,55612.0,2133366946.0,161920615.0,2295287561.0,2008710846.0,187402956.0,2196113802.0,4491401363.0,147177728700.0,229277417166.0,82099688466.0,76016664768.0,264.0,23.0,193.7700348,0.558728332,3.778560825e-07,2.425533255e-07,6.773716325e-07,7.31576427e-07,0.03051685471,0.01958937526,0.05470667973,0.05908443072,80763.16915,4122804.739,1476294.477,1366911.184,0.6419198651,0.3580801349,0.3315488534,0.5110404026,0.4889595974,68658.82293,81854.5577,0.9198606272,0.08013937282,15.66828788,16.15022434,14.81427152,14.223686,2.675258017,1.773049645,19.74332046,11.8227251,11.2475276,0.4819364581,4.075032585,537630.0,537630000.0,104363860.0,19.41183714,4.71,51.3,1332.7,0.2910363532,0.45,6.33,2.52,2.81,132.15,169.1,1.032110092,3.678724709,27937.7,27937.7,5570.8,22366.9,2263.5,5.81,15254.41,124.4,Kalimantan Timur
Kalimantan Utara,2023,1937.0,48.62,,48.27831598,96681.0,180997.674,0.5839705722465843,,-0.003295478518,372270.0,4.01,4.22,3.64,70.35,85.18,53.6,69897.0,165558.0,46346.0,19695.0,72.69,22.02,5.29,123199.0,10491,24510,1657,2345,19512,59498.0,16274.0,25209,1598,3494,1056,7431,33268.0,21503.0,10180.0,11045.0,0.3309399092,0.02818115884,0.06583931018,0.00445107046,0.006299191447,0.0524135708,0.1598248583,0.04371558278,0.06771697961,0.00429258334,0.009385660945,0.002836650818,0.0199613184,0.08936524566,0.05776183953,0.02734574368,0.02966932603,43.0,2599.546,8.733993966,3599653.0,0.7221657199,36.93,51.38,4557.0,1557.0,1720.0,94876.0,79466.0,853.0,521.0,159.0,5.165770204,-1.060759085,12.76124668,-2.38,,3.23,-2.33,-0.9,1.0,-0.32,-0.57,0.2,2.73,1.51,4.3,5.01476329,18.8549953,92.26730541,-13.7512639,-21.06060606,,238.0,51.0,,3.7777308,79825.0,41331.0,989.0,660.0,,,,40.0,,,9144.0,1642.0,10786.0,510721770.0,17554005.0,528275775.0,91930617.0,2971855.0,94902472.0,623178247.0,6924941356.0,10457630485.0,3532689129.0,3294979823.0,28.0,12.0,269.65,0.8477656221,1.557558316e-06,1.031399992e-06,3.053198175e-06,3.273464658e-06,0.08999040063,0.05959076943,0.1764033642,0.1891296094,57776.58511,969555.9508,327525.4153,305486.7257,0.6621902893,0.3378097107,0.3150790064,0.8477121555,0.1522878445,55853.21194,55986.97747,0.7,0.3,7.511868966,7.20014586,8.128213178,1.6390346,-35.97673176,5.263157895,-28.34570978,68.88893078,58.75327424,-0.3117231053,-35.85757874,69831.5,69831500.0,5879460.0,8.4194955,1.67,51.3,1272.1,0.1875829371,-0.21,6.33,2.74,3.05,132.15,169.1,1.032110092,3.678724709,1955.8,1954.5,682.2,1272.3,,5.81,15254.41,124.4,Kalimantan Utara
Sulawesi Utara,2023,38.0,41.86,,41.58579548,268828.0,523646.8328,0.549059975695189,,0.02625573421,1250948.0,6.1,5.42,7.32,64.09,80.93,46.53,396471.0,489615.0,95653.0,75696.0,71.59,22.36,6.05,285522.0,40506,140759,6007,2192,87590,225420.0,88203.0,81550,8501,18460,3637,17629,96192.0,63686.0,28147.0,56947.0,0.2282444994,0.03238024282,0.1125218634,0.004801958195,0.001752271078,0.07001889767,0.1801993368,0.07050892603,0.06519055948,0.006795646182,0.01475680844,0.002907395032,0.01409251224,0.07689528262,0.05091018971,0.02250053559,0.0455230753,41.0,3385.145,6.926013527,3282230.0,1.031355207,49.55,58.14,10521.0,1803.0,2191.0,351870.0,248683.0,2325.0,2576.0,310.0,7.843598729,11.39157855,2.317994138,1.01,,-0.28,0.5,-0.22,0.0,-0.51,-0.66,-0.28,1.01,0.16,1.74,1.29661069,-2.039282284,-8.234378113,-7.738095238,-47.8648047,,558.0,40.85,,0.0,359195.0,270998.0,2520.0,4941.0,,,,110.0,,,13025.0,3121.0,16146.0,481199926.0,23636781.0,504836707.0,190858925.0,24309911.0,215168836.0,720005543.0,26314959813.0,32750623666.0,6435663853.0,6249073976.0,96.0,14.0,146.7818182,0.8067013502,6.13567344e-07,4.929982453e-07,2.508832091e-06,2.583742817e-06,0.02736107325,0.02198448342,0.1118774317,0.115217958,44593.43138,2028404.785,398591.8403,387035.4252,0.8034949222,0.1965050778,0.1908077855,0.7011566951,0.2988433049,36944.33213,61153.13201,0.8727272727,0.1272727273,51.46049793,68.14592387,7.74342402,6.738757841,22.47591595,1.851851852,-2.812043569,-12.02888896,-12.84918589,16.68542593,-54.2725415,102070.5,102070500.0,10948510.0,10.72641948,7.01,51.3,203.7,0.08159451872,-2.19,6.33,2.6,3.13,132.15,169.1,1.032110092,3.678724709,888.6,888.6,194.4,694.2,1239.7,5.81,15254.41,124.4,Sulawesi Utara
Sulawesi Tengah,2023,2610.0,33.9,,33.65643813,263677.0,524490.291,0.5525514512813313,,0.001189605369,1547169.0,2.95,2.62,3.52,69.85,85.42,53.4,401283.0,477199.0,258122.0,118784.0,66.08,26.24,7.68,627840.0,32632,134905,5382,2257,81465,228242.0,42778.0,82674,5884,11332,338,13036,119285.0,81256.0,29314.0,48549.0,0.4057992372,0.02109142569,0.08719474085,0.00347861158,0.001458793448,0.05265423493,0.1475223457,0.02764920962,0.05343566217,0.003803075165,0.007324345304,0.0002184635292,0.008425711735,0.07709888189,0.05251914949,0.01894686359,0.03137924816,40.0,2758.98454,1.785165382,2648195.0,1.041835869,48.24,66.1,22509.0,2332.0,5835.0,263542.0,151380.0,2398.0,1460.0,170.0,-2.468039235,2.270223701,-2.179828251,1.77,,0.62,-0.68,0.06,1.0,-0.05,-0.19,0.2,-0.14,-0.41,-0.31,1.629911687,14.61387585,46.73723392,43.1641791,-43.14641745,,35.0,32.13,,6.213969347,229939.0,103164.0,1675.0,2568.0,,,,120.0,,,61699.0,29568.0,91267.0,8022800345.0,657204047.0,8680004392.0,2194075966.0,107569321.0,2301645287.0,10981649679.0,303154518551.0,387348546719.0,84194028168.0,75013023661.0,75.0,45.0,760.5583333,0.6760274798,3.010576931e-07,2.356198333e-07,1.084007999e-06,1.216682058e-06,0.03622459507,0.02835082195,0.1304326437,0.1463965741,120324.4292,4244124.894,922502.4178,821907.4108,0.7826401341,0.2173598659,0.1936576871,0.7904098788,0.2095901212,130031.2865,74204.40902,0.625,0.375,19.81437882,24.21707179,6.254184518,5.689298431,65.38370934,27.65957447,41.66671993,-35.75293181,-36.09449271,4.402692967,21.85234111,193181.4,193181400.0,71086180.0,36.79763166,25.53,51.3,7244.1,0.1248612143,14.74,6.33,2.9,3.33,132.15,169.1,1.032110092,3.678724709,19385.9,19385.9,9163.7,10222.2,833.4,5.81,15254.41,124.4,Sulawesi Tengah
Sulawesi Selatan,2023,766.0,37.23,,36.99093868,792783.0,1671992.971,0.5166763339177133,,0.0158824624,4490983.0,4.33,4.39,4.25,65.66,82.22,49.62,1068775.0,1534390.0,745800.0,318329.0,62.33,30.58,7.09,1609771.0,31083,404871,12818,10842,331868,787203.0,219872.0,218697,25450,45137,4711,57110,241929.0,272251.0,100489.0,116881.0,0.3584451333,0.006921201884,0.09015197786,0.002854163554,0.002414170795,0.07389651664,0.1752852327,0.04895854649,0.04869691112,0.005666910785,0.01005058358,0.001048990833,0.01271659234,0.0538699434,0.06062169463,0.02237572487,0.02602570529,41.0,2989.35,6.740389491,2969920.0,1.006542264,46.11,62.77,66960.0,5629.0,12969.0,847000.0,279736.0,7545.0,5786.0,1970.0,3.154433636,6.300036302,0.9245325914,0.78,,-1.66,0.8,0.86,0.0,-0.18,-0.52,0.35,-0.52,-0.69,-0.84,3.231475534,16.0766901,34.45614035,52.11693548,-37.44188561,,191.0,36.45,,0.4214676713,729690.0,208050.0,4960.0,9249.0,,,,504.0,,,26225.0,7888.0,34113.0,1258410203.0,121074420.0,1379484623.0,450926237.0,44909402.0,495835638.0,1875320261.0,38374388780.0,79229740365.0,40855351585.0,40301094723.0,477.0,27.0,67.68452381,0.7687685047,8.889522696e-07,4.305580183e-07,8.349701735e-07,8.464534334e-07,0.04886905878,0.02366939804,0.04590145937,0.04653273748,54973.77132,2322567.36,1197647.571,1181399.898,0.4843432353,0.5156567647,0.5086611989,0.7355994876,0.2644005124,47985.13643,57166.1051,0.9464285714,0.05357142857,4.056980271,5.065071952,3.127566809,3.04443158,-18.87707783,8.154506438,-17.61647859,27.12506411,27.02258354,1.008091681,-21.67345886,377207.79,377207790.0,50444820.0,13.37321798,4.26,51.3,336.7,0.08399225515,1.31,6.33,3.01,3.42,132.15,169.1,1.032110092,3.678724709,2341.5,2341.5,1085.2,1256.3,4066.3,5.81,15254.41,124.4,Sulawesi Selatan
Sulawesi Tenggara,2023,146.0,38.16,,37.91088743,320399.0,515785.824,0.6795673153401559,,0.09272321155,1351640.0,3.15,2.68,3.87,70.07,84.15,55.64,341905.0,471475.0,218403.0,139524.0,63.62,26.06,10.32,416507.0,33657,130838,4436,2619,96965,253499.0,56497.0,55199,10372,17272,1573,13148,110742.0,84865.0,36627.0,26824.0,0.3081493593,0.02490086118,0.09679944364,0.003281938978,0.001937646119,0.0717387766,0.1875491995,0.04179885177,0.04083853689,0.00767364091,0.0127785505,0.001163771418,0.009727442218,0.08193157941,0.06278668876,0.02709819183,0.019845521,40.0,2871.79482,7.201999983,2876321.0,0.9984263996,47.39,61.84,16318.0,1982.0,3512.0,208716.0,122059.0,2385.0,1675.0,370.0,1.176641433,2.280887103,0.759840558,0.55,,0.1,-2.28,2.18,0.0,-0.21,-0.68,0.51,1.25,1.24,0.7,1.565329833,22.44711183,113.117874,51.81413113,-15.8714214,,74.0,37.61,,0.0,170454.0,57273.0,1571.0,1991.0,,,,141.0,,,28393.0,7847.0,36240.0,1005466391.0,36502827.0,1041969218.0,739472349.0,433902656.0,1173375006.0,2215344224.0,24952415154.0,57845546441.0,32893131287.0,31491383923.0,138.0,3.0,257.0212766,0.7834713024,1.452364421e-06,6.264959401e-07,1.101749775e-06,1.150790962e-06,0.08878275751,0.03829757622,0.06734975168,0.07034762999,61129.80751,1596179.538,907647.1106,868967.5475,0.4313627702,0.5686372298,0.5444046406,0.4703419029,0.5296580971,35412.47459,94236.31311,0.9787234043,0.02127659574,11.37082518,24.37971945,3.184086917,4.676432315,32.84944463,5.223880597,63.6971795,-22.33005775,-21.20672193,13.00889427,52.32635432,108153.0,108153000.0,9404490.0,8.695542426,12.81,51.3,448.3,0.08001612855,4.13,6.33,3.05,4.38,132.15,169.1,1.032110092,3.678724709,4298.3,4299.6,1847.7,2451.9,637.5,5.81,15254.41,124.4,Sulawesi Tenggara
Gorontalo,2023,483.0,36.27,,36.00080121,122713.0,229052.6667,0.5735914143349943,,0.05569008561,631521.0,3.06,2.79,3.46,70.79,85.34,56.07,177780.0,213938.0,75207.0,52564.0,68.88,22.8,8.32,188127.0,16706,65246,1128,1047,31190,106154.0,42626.0,41825,4381,5560,-,6966,51177.0,33055.0,11887.0,24446.0,0.2978950819,0.02645359378,0.1033156459,0.001786163881,0.001657902113,0.04938869808,0.1680925892,0.06749735955,0.06622899318,0.006937219823,0.008804141113,#VALUE!,0.01103051205,0.08103768521,0.0523418857,0.01882281033,0.03870971828,41.0,2371.407,7.439022622,2570181.0,0.9226614779,51.72,63.73,3574.0,306.0,437.0,106885.0,113325.0,422.0,564.0,196.0,2.811721612,9.053002885,-3.790456697,1.24,,-1.92,-0.3,2.22,0.0,0.48,0.51,0.39,1.88,0.04,3.43,0.7400146043,19.50736823,74.80872463,-43.04993252,-66.90140845,,171.0,35.03,,1.068234883,89438.0,64828.0,741.0,1704.0,,,,27.0,,,4741.0,1032.0,5773.0,315905617.0,2274836.0,318180453.0,58286071.0,4960.0,58291031.0,376471484.0,1167969226.0,2790700540.0,1622731314.0,1563966612.0,,,213.8148148,0.821236792,4.942767216e-06,2.068656209e-06,3.557582177e-06,3.691255271e-06,0.3223299686,0.1349021432,0.2319986561,0.2407158063,65212.45176,483405.6019,281089.7824,270910.5512,0.4185218762,0.5814781238,0.5604207938,0.8451648173,0.1548351827,66632.69711,56478.75097,0.0,0.0,2.261854089,5.324749218,0.1653108686,-3.367315502,12.82001173,-6.896551724,189.3685097,-11.21671649,-14.34792195,3.062895129,187.1066556,31643.8,31643800.0,1338400.0,4.229580518,0.3,51.3,33.8,0.05010728068,1.64,6.33,3.14,3.53,132.15,169.1,1.032110092,3.678724709,55.2,55.2,36.0,19.2,783.9,5.81,15254.41,124.4,Gorontalo
Sulawesi Barat,2023,9.0,26.65,,26.45892325,111445.0,198011.3655,0.6034328721877792,,0.07481306727,743007.0,2.27,2.36,2.13,71.05,86.28,55.4,168252.0,184685.0,150415.0,77408.0,51.79,37.79,10.42,358508.0,6499,45807,2552,2391,45051,113743.0,20112.0,25884,1763,3339,-,4900,50811.0,36421.0,12964.0,12262.0,0.482509586,0.008746889329,0.06165083236,0.003434691732,0.003218004676,0.06063334531,0.153084695,0.02706838563,0.0348368185,0.002372790566,0.004493901134,#VALUE!,0.006594823467,0.06838562759,0.04901838072,0.01744801866,0.01650320926,37.0,2123.994,7.544,2367534.0,0.8971334731,52.7,73.35,8178.0,1636.0,2202.0,108965.0,44749.0,420.0,361.0,46.0,1.517279636,16.76729997,-7.918579737,3.9,,0.94,1.68,-2.62,1.0,-0.07,-0.19,0.1,-1.95,-1.43,-2.82,1.1549659,29.01220682,-4.916813633,51.07913669,-28.79684418,,34.0,22.75,,1.282051282,84461.0,47063.0,278.0,507.0,,,,34.0,,,2192.0,393.0,2585.0,102920629.0,2743109.0,105663738.0,19825474.0,2271065.0,22096539.0,127760277.0,14221706617.0,16215396584.0,1993689967.0,1992867795.0,30.0,4.0,76.02941176,0.8479690522,1.817644021e-07,1.594163909e-07,1.296590765e-06,1.297125683e-06,0.008983470159,0.007878948648,0.06408231927,0.0641087569,49423.70484,6272880.69,771253.3721,770935.3172,0.877049571,0.122950429,0.1228997259,0.8270468762,0.1729531238,46952.8417,50446.49873,0.8823529412,0.1176470588,12.43437612,12.20007812,14.13452336,14.12682766,-5.519005848,25.92592593,5.104453,20.80156902,20.79342378,-0.234297996,-7.329923118,35402.5,35402500.0,4102270.0,11.58751501,14.46,51.3,24.3,0.04764759955,3.68,6.33,3.18,4.11,132.15,169.1,1.032110092,3.678724709,472.7,472.7,13.1,459.6,263.2,5.81,15254.41,124.4,Sulawesi Barat
Maluku,2023,73.0,34.58,,34.35478087,165650.0,295055.2332,0.5921231358755487,,-0.05124321371,853254.0,6.31,5.74,7.13,63.6,74.34,52.68,246493.0,279756.0,145912.0,88991.0,64.88,24.69,10.43,269604.0,12201,94023,2145,1227,36111,141204.0,58641.0,36064,2709,6783,671,7540,75240.0,62617.0,18628.0,27846.0,0.315971563,0.01429937627,0.1101934477,0.00251390559,0.001438024316,0.0423215127,0.1654888228,0.06872631127,0.04226642946,0.003174904542,0.007949567186,0.0007864012357,0.008836759042,0.08818007299,0.07338611949,0.02183171717,0.03263506529,42.0,2812.827,7.387974731,2865989.0,0.9814507313,52.17,65.42,11093.0,168.0,1018.0,134997.0,76347.0,1152.0,688.0,123.0,5.490551948,-0.2083184704,25.12391308,-2.12,,6.42,-5.05,-1.37,1.0,-0.57,0.71,-2.52,-1.86,-3.99,0.21,5.394598745,16.35265118,14.18422745,-34.47098976,-49.18759232,,195.0,36.7,,0.5509422214,116024.0,66863.0,1758.0,1354.0,,,,38.0,,,3047.0,737.0,3784.0,106469475.0,2336642.0,108806117.0,37771609.0,1138366.0,38909976.0,147716093.0,2427198889.0,5169030872.0,2741831983.0,2527264528.0,,,99.57894737,0.8052325581,1.558998736e-06,7.320521184e-07,1.380099154e-06,1.497271045e-06,0.06085866868,0.02857713499,0.05387496167,0.0584490034,39037.02246,1366022.958,724585.6192,667881.7463,0.4695655625,0.5304344375,0.4889242472,0.7365894588,0.2634105412,34942.39416,51250.48711,0.0,0.0,-1.786513213,6.848636972,-8.343843752,-15.19101507,-10.26796301,0.0,-62.83820979,2.144294634,-5.486392852,8.635150185,-61.05169658,35322.9,35322900.0,2350160.0,6.653360851,16.37,51.3,106.3,0.04139787215,-0.27,6.33,3.38,3.97,132.15,169.1,1.032110092,3.678724709,121.7,121.7,303.3,-181.6,336.2,5.81,15254.41,124.4,Maluku
Maluku Utara,2023,160.0,33.92,,33.68262754,135321.0,215289.9008,0.679414378454911,,0.05730374125,634699.0,4.31,3.94,4.94,67.77,82.13,52.48,184364.0,199173.0,101935.0,46459.0,66.73,25.95,7.32,160825.0,18611,161700,1392,727,30716,69791.0,34673.0,18447,2325,3927,-,4324,60257.0,42971.0,13877.0,10136.0,0.2533878264,0.02932256077,0.2547664326,0.002193165579,0.001145424839,0.04839459334,0.109959209,0.05462904463,0.02906417058,0.003663153715,0.006187184792,#VALUE!,0.006812678136,0.09493791545,0.06770295841,0.02186390714,0.01596977465,40.0,2976.72,3.999991615,3267084.0,0.9111244155,56.18,66.08,22890.0,168.0,2177.0,113377.0,51019.0,1145.0,879.0,6.0,8.50149068,7.80268136,23.7000182,-0.45,,5.95,-3.99,-1.96,1.0,0.33,0.14,0.63,2.89,-0.16,5.61,11.19788733,31.04895105,175.064697,-55.51670552,-13.9079334,,8.0,34.37,,5.169922801,86515.0,18548.0,2574.0,1021.0,,,,35.0,,,26821.0,206.0,27027.0,2318320342.0,1379428.0,2319699770.0,6377360.0,198171.0,6575531.0,2326275301.0,33183745946.0,80684448842.0,47500702896.0,47296448132.0,14.0,21.0,772.2,0.9923779924,8.144650108e-07,3.349716133e-07,5.68981054e-07,5.714382595e-07,0.07010285411,0.02883176789,0.04897349216,0.04918498942,86072.27221,2985327.592,1757527.765,1749970.331,0.4112780892,0.5887219108,0.586190385,0.9971733651,0.00282663492,86436.76008,30958.05825,0.4,0.6,3.773370597,6.631660271,1.865829219,1.437722867,-17.19415423,20.68965517,-43.77541302,23.01767861,22.50067846,2.858289674,-47.54878361,48929.4,48929400.0,14877800.0,30.40666757,41.32,51.3,4998.2,0.07709071544,11.05,6.33,3.52,3.3,132.15,169.1,1.032110092,3.678724709,10200.1,10200.1,3158.8,7041.3,220.5,5.81,15254.41,124.4,Maluku Utara
Papua Barat,2023,15.0,41.45,,41.14142281,136137.0,232486.0035,0.6159933756855079,,-0.01113824772,560883.0,4.18,3.7,4.94,67.24,79.21,53.82,153403.0,221004.0,86602.0,43796.0,67.15,25.04,7.81,199599.0,9623,24920,2671,212,33538,87555.0,34430.0,17661,3152,4470,627,7435,71704.0,31965.0,14010.0,17311.0,0.3558656618,0.01715687585,0.0444299435,0.004762133992,0.0003779754423,0.05979500181,0.1561020748,0.06138535131,0.03148785041,0.00561971035,0.007969576543,0.0011178802,0.01325588403,0.1278412788,0.05699049534,0.02497847145,0.03086383435,41.0,3282.0,2.5625,3540427.0,0.9270068271,38.71,58.55,2693.0,374.0,474.0,104128.0,172416.0,660.0,416.0,28.0,15.00456218,18.34597095,3.181146643,1.73,,8.69,-4.21,-4.48,3.0,-1.19,-2.24,0.53,-1.31,-1.67,-0.81,7.83349349,3.216597445,-31.95278182,-12.58278146,-49.87951807,,124.0,39.72,,2.086390608,100883.0,253377.0,755.0,830.0,,,,62.0,,,3457.0,1679.0,5136.0,165354772.0,5415945.0,170770717.0,94563052.0,2775079.0,97338131.0,268108848.0,2958136228.0,5206087613.0,2247951385.0,2220869106.0,,,82.83870968,0.6730919003,1.736228356e-06,9.865373735e-07,2.284746919e-06,2.312608152e-06,0.0906343817,0.05149910411,0.1192680811,0.1207224898,52201.8785,1013646.342,437685.2385,432412.2091,0.5682071544,0.4317928456,0.4265908051,0.636945473,0.363054527,47831.86925,56321.05539,0.0,0.0,-65.71431139,-47.3932053,-76.48912722,-75.84593731,-67.66761095,44.18604651,-67.87142849,-27.28383681,-25.29453158,18.3211061,-2.15711709,40965.9,40965900.0,16121080.0,39.35243703,-16.47,51.3,28.8,0.07303822722,-9.65,6.33,2.94,3.7,132.15,169.1,1.032110092,3.678724709,3078.7,3078.7,21.8,3056.9,529.1,5.81,15254.41,124.4,Papua Barat
Papua Barat Daya,2023,,,,,,0.0,,,,,6.58,6.67,6.43,,,,,,,,,,,,,,,,,,,,,,,,,,,,,,,,,,,,,,,,,,,,,,3864.696,,3650773.0,1.058596631,,,,,,,,,,,,,,,,,,,,,,,,,,,,,,,,,,,,,,,,,,,,,,,,,,,,,,,,,,,,,,,,,,,,,,,,,,,,,,,,,,,,,,,,,,,,,,,,24009.1,24009100.0,4946490.0,20.60256319,5.46,51.3,93.0,,-,6.33,3.1,2.42,132.15,169.1,,,,,,0.0,,5.81,15254.41,124.4,Papua Barat Daya
Papua,2023,7.0,15.57,,15.41119042,245486.0,381301.0479,0.6719531823108843,,-0.02817381233,2448947.0,6.9,6.22,8.12,77.2,86.64,66.27,499190.0,365332.0,858768.0,107570.0,58.18,37.43,4.39,1666431.0,16763,37576,3818,2243,52174,291017.0,92273.0,38758,3480,9778,1751,20661,113326.0,48496.0,23090.0,27312.0,0.6804683809,0.006844982762,0.01534373753,0.001559037415,0.0009159038558,0.02130466686,0.1188335231,0.03767864311,0.01582639396,0.001421018911,0.00399273647,0.0007150011821,0.008436687278,0.04627539918,0.01980279688,0.009428542145,0.01115254842,42.0,3864.696,8.499993824,4012358.0,0.9631981992,53.28,84.43,3278.0,664.0,777.0,146271.0,98533.0,922.0,687.0,36.0,26.5758099,23.20071223,37.87009418,-0.32,,3.49,-2.03,-1.46,-1.0,4.07,2.88,6.0,-0.55,1.15,-2.82,1.46612037,5.334754398,18.43335697,3.945885006,-37.9403794,,76.0,15.89,,1.286205818,138863.0,83197.0,887.0,1107.0,,,,56.0,,,24062.0,17307.0,41369.0,1229194719.0,80491561.0,1309686280.0,1207670178.0,14248079.0,1221918257.0,2531604537.0,4722085853.0,11452294784.0,6730208931.0,6638241816.0,47.0,9.0,738.7321429,0.5816432594,8.760747112e-06,3.612289133e-06,6.146763113e-06,6.231921214e-06,0.5361199724,0.2210565293,0.3761554155,0.3813667244,61195.6909,276832.7681,162687.2521,160464.1595,0.4123266072,0.5876733928,0.5796429398,0.5173344655,0.4826655345,51084.47839,69779.29034,0.8392857143,0.1607142857,200.6032717,131.4547138,280.3251388,445.8745716,800.1087903,40.0,909.4253737,-57.74675874,-39.35460053,-69.14855784,708.822102,49549.8,49549800.0,1417990.0,2.861747172,-50.35,51.3,8.3,0.02023310427,-16.87,6.33,3.58,3.83,132.15,169.1,1.032110092,3.678724709,6405.7,6405.7,660.0,5745.7,987.7,5.81,15254.41,124.4,Papua
Papua Selatan,2023,,,,,,0.0,,,,,3.38,3.17,3.75,,,,,,,,,,,,,,,,,,,,,,,,,,,,,,,,,,,,,,,,,,,,,,3864.696,,3416347.0,1.131236376,,,,,,,,,,,,,,,,,,,,,,,,,,,,,,,,,,,,,,,,,,,,,,,,,,,,,,,,,,,,,,,,,,,,,,,,,,,,,,,,,,,,,,,,,,,,,,,,18137.8,18137800.0,1116650.0,6.156479838,0.81,51.3,86.3,,-,6.33,4.25,3.09,132.15,169.099999999999,,,,,,0.0,,5.81,15254.41,124.4,Papua Selatan
Papua Tengah,2023,,,,,,0.0,,,,,2.13,2.23,1.97,,,,,,,,,,,,,,,,,,,,,,,,,,,,,,,,,,,,,,,,,,,,,,3864.696,,5742393.0,0.6730114083,,,,,,,,,,,,,,,,,,,,,,,,,,,,,,,,,,,,,,,,,,,,,,,,,,,,,,,,,,,,,,,,,,,,,,,,,,,,,,,,,,,,,,,,,,,,,,,,101066.1,101066100.0,241690.0,0.2391405229,1.81,51.3,968.0,,-,6.33,5.12,3.66,132.15,169.099999999999,,,,,,0.0,,5.81,15254.41,124.4,Papua Tengah
Papua Pegunungan,2023,,,,,,0.0,,,,,1.02,1.53,0.37,,,,,,,,,,,,,,,,,,,,,,,,,,,,,,,,,,,,,,,,,,,,,,3282.0,,4723867.0,0.6947697723,,,,,,,,,,,,,,,,,,,,,,,,,,,,,,,,,,,,,,,,,,,,,,,,,,,,,,,,,,,,,,,,,,,,,,,,,,,,,,,,,,,,,,,,,,,,,,,,13172.5,13172500.0,113590.0,0.8623268172,2.3,51.3,0.0,,-,6.33,4.87,3.47,132.15,169.099999999999,,,,,,0.0,,5.81,15254.41,124.4,Papua Pegunungan
Aceh,2024,486.0,39.83,,39.57296808,465924.0,999077.3982,0.5210529670754879,,0.02868124666,2508354.0,5.75,4.71,7.43,65.11,80.68,49.62,645318.0,894197.0,279264.0,345908.0,58.33,27.88,13.79,951092.0,25771,181345,6090,6385,179387,384194.0,80200.0,141645,12924,12018,2116,32837,160335.0,178845.0,63526.0,89644.0,0.3791697663,0.01027406817,0.0722964143,0.002427886973,0.002545493977,0.07151582273,0.1531657812,0.03197315849,0.05646930218,0.005152382798,0.00479118976,0.0008435810894,0.01309105493,0.06392040358,0.07129974477,0.0253257714,0.03573817731,38.0,3460.672,1.376994703,2624922.0,1.318390413,45.92,,8164.0,6885.0,6201.0,424544.0,71992.0,2701.0,1944.0,1323.0,2.492864717,1.723804497,-1.455596371,-0.31,,-2.27,-1.03,3.3,0.0,-0.28,0.07,-0.88,0.34,0.11,0.57,1.171387496,16.85737171,-25.64346209,42.7589852,-3.714710253,79.02571042,195.0,40.14,,7.807014774,363301.0,96820.0,1892.0,2019.0,739.0,,,,,,,,,,,,,,,,,,,,,,,,,,,,,,,,,,,,,,,,,,,,,,,,,,,,,,,,153780.5,153780500.0,6559190.0,4.265293714,,51.9,,0.06130733541,1.63,,2.17,2.64,132.18,172.7,0.0227014756,2.1289178,697.3,692.3,469.8,222.5,693.8,6.1,15849.92,124.5,Aceh
Sumatera Utara,2024,761.0,42.65,,42.35177389,1338303.0,3294014.746,0.44613832690668453,,0.04075308385,7723364.0,5.6,5.42,5.85,71.36,84.25,58.54,1677410.0,2999749.0,1171806.0,673070.0,66.21,25.08,8.71,2562383.0,46614,706007,22383,35004,467802,1533428.0,334591.0,644797,44528,66757,9637,130008,262468.0,385549.0,131491.0,339917.0,0.331770327,0.006035452945,0.09141185111,0.002898089485,0.00453222197,0.06056972066,0.1985440541,0.04332192552,0.08348654809,0.005765363383,0.008643513371,0.001247772344,0.01683307947,0.03398363718,0.04991982768,0.01702509425,0.0440115214,42.0,2809.915,3.668005632,2760361.0,1.017952,46.13,,18042.0,9312.0,5868.0,1615791.0,622009.0,17730.0,10554.0,15250.0,2.30248557,5.48319389,1.700202045,1.17,,-0.88,-1.1,1.98,1.0,-0.29,-0.16,-0.48,0.3,-0.15,0.73,5.737298627,16.72639795,7.270118461,8.473539309,-33.80997178,46.80400462,1247.0,41.48,,7.448000066,1384255.0,579853.0,16345.0,15945.0,10388.0,,,,,,,,,,,,,,,,,,,,,,,,,,,,,,,,,,,,,,,,,,,,,,,,,,,,,,,,632534.7,632534700.0,108101460.0,17.09020232,,51.9,,0.0818988591,2.12,,2.12,2.77,132.18,172.7,0.0227014756,2.1289178,10660.6,10660.6,5795.2,4865.4,5138.6,6.1,15849.92,124.5,Sumatera Utara
Sumatera Barat,2024,671.0,37.45,,37.21057843,506146.0,1095319.999,0.5174221816036892,,0.05425133638,2924753.0,5.75,4.9,6.97,70.28,82.75,57.75,668142.0,978207.0,374153.0,325063.0,64.01,24.88,11.11,972401.0,47762,260570,8580,7703,146117,548991.0,99651.0,244274,17529,22359,3537,47872,133779.0,203869.0,57410.0,102349.0,0.3324728618,0.01633026789,0.08909128395,0.002933581058,0.002633726677,0.04995874865,0.1877050814,0.03407159511,0.08351953139,0.005993326616,0.007644748121,0.001209332891,0.0163678779,0.04574027277,0.06970468959,0.01962900799,0.03499406617,39.0,2811.499,2.516813274,2772393.0,1.014105504,49.47,,11521.0,10674.0,5180.0,452601.0,220243.0,3475.0,2121.0,3188.0,2.805979068,9.053663561,2.985070519,1.64,,-0.64,-0.66,1.3,0.0,-0.19,-0.41,0.13,0.67,0.54,0.81,0.685523278,12.01608712,-8.089238692,-2.987158012,-40.06781577,-13.01500682,465.0,35.81,,9.151579339,404050.0,239627.0,3582.0,3539.0,3665.0,,,,,,,,,,,,,,,,,,,,,,,,,,,,,,,,,,,,,,,,,,,,,,,,,,,,,,,,199420.0,199420000.0,17894050.0,8.973046836,,51.9,,0.0681835355,2.67,,0.89,1.67,132.18,172.7,0.0227014756,2.1289178,2177.6,2177.6,475.6,1702.0,1518.2,6.1,15849.92,124.5,Sumatera Barat
Riau,2024,1153.0,49.93,,49.63480421,672904.0,1577471.943,0.49929880433153423,,-0.00935287624,3159367.0,3.7,3.21,4.62,66.33,84.8,47.05,681879.0,1347698.0,345175.0,288273.0,63.36,27.52,9.12,1142134.0,48899,256671,8442,13194,166402,573829.0,108281.0,227449,19008,25287,10301,61961,138345.0,190374.0,52364.0,116426.0,0.361507226,0.01547746748,0.08124127396,0.002672054244,0.004176153008,0.05266941131,0.1816278387,0.03427300469,0.07199195282,0.006016395056,0.008003818486,0.003260463251,0.01961183997,0.04378883492,0.06025700718,0.01657420616,0.03685105276,40.0,3294.625,3.225982353,3139242.0,1.04949698,43.33,,7338.0,6241.0,2908.0,730554.0,304169.0,5340.0,3467.0,4807.0,5.23036411,9.173875674,11.89832465,2.06,,-1.71,0.62,1.09,-1.0,-0.53,-0.42,-0.78,1.88,1.03,2.78,4.257731548,17.84611612,19.3259476,-22.61991016,-45.89575531,202.1370207,4063.0,47.87,,8.613000062,619922.0,254906.0,6901.0,6408.0,1591.0,,,,,,,,,,,,,,,,,,,,,,,,,,,,,,,,,,,,,,,,,,,,,,,,,,,,,,,,571233.6,571233600.0,182856230.0,32.01076232,,51.9,,0.1808063451,1.51,,1.25,1.94,132.18,172.7,0.0227014756,2.1289178,18181.0,18181.0,1959.0,16222.0,2297.9,6.1,15849.92,124.5,Riau
Jambi,2024,323.0,41.65,,41.37406772,334767.0,763555.7055,0.5053994604313832,,0.07739053021,1833267.0,4.48,2.68,7.62,68.87,86.04,51.17,436009.0,662381.0,242481.0,154465.0,66.02,25.55,8.43,805191.0,69166,89248,3199,3844,84989,305101.0,54674.0,103439,9034,17419,3122,18767,97680.0,92464.0,27365.0,48565.0,0.4392109824,0.03772827417,0.04868248869,0.001744972227,0.002096803139,0.04635931373,0.1664247488,0.02982326088,0.05642331423,0.004927814661,0.009501616513,0.001702970707,0.01023691584,0.05328192784,0.05043673398,0.01492690372,0.02649095849,40.0,3037.121,3.196971201,2831081.0,1.072777854,45.86,,6211.0,2960.0,2374.0,326890.0,207289.0,2761.0,1833.0,1895.0,1.720225228,4.205629531,1.477715003,1.38,,6.68,-5.85,-0.83,2.0,-0.05,-0.96,1.57,0.12,0.77,-0.51,6.093473508,8.737883455,-3.36807854,25.10194835,-27.03025478,5.629877369,331.0,40.27,,11.0983405,300622.0,214514.0,2207.0,2512.0,1794.0,,,,,,,,,,,,,,,,,,,,,,,,,,,,,,,,,,,,,,,,,,,,,,,,,,,,,,,,176868.4,176868400.0,17691810.0,10.00281,,51.9,,0.09647716345,-1.63,,1.43,2.62,132.18,172.7,0.0227014756,2.1289178,2340.7,2340.7,51.4,2289.3,1001.3,6.1,15849.92,124.5,Jambi
Sumatera Selatan,2024,715.0,37.66,,37.40320286,713384.0,1687205.66,0.45424612490838784,,0.05236877416,4480100.0,3.86,3.75,4.02,70.82,85.79,55.35,988205.0,1570479.0,815358.0,440287.0,62.3,27.87,9.83,2029165.0,84301,267439,14626,13997,221979,755936.0,174791.0,227472,29229,28371,8646,45724,155412.0,212572.0,66199.0,144241.0,0.4529285061,0.01881676748,0.05969487288,0.003264659271,0.003124260619,0.04954777795,0.1687319479,0.03901497734,0.05077386665,0.006524184728,0.006332671146,0.001929867637,0.01020602219,0.03468940425,0.04744804803,0.01477623267,0.03219593313,41.0,3456.874,1.54800283,2886117.0,1.197759481,45.49,,17730.0,12239.0,7282.0,744097.0,198806.0,6634.0,4404.0,5578.0,1.828346242,5.372633613,7.613726802,0.63,,-3.32,1.95,1.37,-1.0,-0.25,-0.21,-0.32,0.1,0.4,-0.19,4.279702522,9.439065536,0.7010363587,-26.80935569,-52.04703833,53.41034103,188.0,37.03,,8.260000013,679919.0,197422.0,9064.0,9184.0,3636.0,,,,,,,,,,,,,,,,,,,,,,,,,,,,,,,,,,,,,,,,,,,,,,,,,,,,,,,,379119.6,379119600.0,68741770.0,18.13194834,,51.9,,0.08462302181,2.74,,1.2,1.85,132.18,172.7,0.0227014756,2.1289178,6723.0,6723.0,2097.2,4625.8,3026.0,6.1,15849.92,124.5,Sumatera Selatan
Bengkulu,2024,109.0,33.99,,33.74806434,209764.0,374309.4366,0.634182178780577,,0.1383002091,1101234.0,3.11,2.93,3.38,71.71,85.1,57.74,228256.0,330763.0,190876.0,110666.0,61.83,28.12,10.05,489326.0,12217,55892,2295,4822,51869,172582.0,30592.0,50661,6303,7949,2499,15507,71056.0,67632.0,22315.0,37717.0,0.4443433457,0.01109391828,0.05075397236,0.002084025738,0.004378724231,0.04710079783,0.1567169194,0.02777974527,0.04600384659,0.005723579185,0.007218266054,0.002269272471,0.01408147587,0.06452397946,0.06141474019,0.02026363153,0.03424975981,39.0,2507.079,3.671990009,2839093.0,0.8830563141,48.42,,3387.0,1277.0,1001.0,174398.0,87589.0,667.0,441.0,292.0,2.956110376,6.677782866,6.591761973,1.76,,-1.58,0.84,0.74,1.0,-0.31,-0.13,-0.61,0.8,0.11,1.52,3.588783151,28.76402835,2.677451498,-42.35090752,-65.6274357,-83.1797235,25.0,32.23,,8.050853317,135440.0,85305.0,1157.0,1283.0,1736.0,,,,,,,,,,,,,,,,,,,,,,,,,,,,,,,,,,,,,,,,,,,,,,,,,,,,,,,,54454.7,54454700.0,2959000.0,5.433874395,,51.9,,0.04944880016,3.14,,0.84,1.51,132.18,172.7,0.0227014756,2.1289178,194.4,5588.3,2.1,5586.2,528.0,6.1,15849.92,124.5,Bengkulu
Lampung,2024,143.0,30.86,,30.65044319,608221.0,1477449.965,0.45579188670493026,,0.0475817178,4787589.0,4.19,3.62,5.12,70.41,85.61,54.58,1012029.0,1334427.0,840343.0,461017.0,60.5,29.87,9.63,1942346.0,42379,415003,9866,17098,251326,939789.0,195598.0,254298,26012,39209,5457,44703,149616.0,206299.0,57603.0,190987.0,0.4057044161,0.008851845887,0.08668308829,0.00206074498,0.003571317421,0.05249531654,0.1962969252,0.04085521961,0.05311608829,0.005433214923,0.008189717204,0.001139822153,0.009337267673,0.03125080286,0.04309037388,0.01203173455,0.03989210436,40.0,2726.104,3.524852967,2517788.0,1.082737705,54.92,,31259.0,9539.0,7716.0,710444.0,148208.0,6035.0,3129.0,4839.0,1.914379463,6.583115416,4.782882473,1.53,,-2.35,1.23,1.12,0.0,-0.04,0.28,-0.65,0.37,-1.69,2.57,3.846093565,25.87753569,-12.04116394,23.54145343,-47.73676299,66.57487091,75.0,29.33,,7.900000073,564393.0,168497.0,4885.0,5987.0,2905.0,,,,,,,,,,,,,,,,,,,,,,,,,,,,,,,,,,,,,,,,,,,,,,,,,,,,,,,,281557.2,281557200.0,51493880.0,18.28895869,,51.9,,0.05880981012,1.61,,1.57,3.05,132.18,172.7,0.0227014756,2.1289178,5588.3,194.4,2104.0,-1909.6,1691.3,6.1,15849.92,124.5,Lampung
Bangka Belitung,2024,1908.0,48.86,,48.5079689,155748.0,374308.6424,0.45888945851821733,,0.09089039051,766084.0,4.63,3.96,5.84,68.87,86.2,50.57,210040.0,339402.0,75946.0,56786.0,70.54,22.05,7.41,190833.0,117204,61247,2971,2923,34299,135400.0,13850.0,52647,8110,7866,1335,9997,47574.0,35322.0,13820.0,30686.0,0.2491019262,0.1529910558,0.0799481519,0.003878164797,0.003815508482,0.0447718527,0.1767430203,0.0180789574,0.06872222889,0.01058630646,0.01026780353,0.001742628746,0.01304948282,0.06210023966,0.0461072154,0.0180397972,0.04005565969,41.0,3640.0,4.045215078,3264692.0,1.114959696,44.76,,1647.0,1311.0,678.0,145963.0,38625.0,2025.0,1660.0,2152.0,2.169735201,2.915206132,16.82023042,-0.07,,-1.81,-0.25,2.06,0.0,0.07,0.71,-1.06,0.53,0.82,0.26,1.332972453,23.07997167,-56.60161122,188.0512091,69.21508665,691.1764706,207.0,48.93,,7.154771808,118592.0,89001.0,703.0,981.0,272.0,,,,,,,,,,,,,,,,,,,,,,,,,,,,,,,,,,,,,,,,,,,,,,,,,,,,,,,,60801.9,60801900.0,12223710.0,20.10415793,,51.9,,0.07936714512,2.61,,0.75,1.33,132.18,172.7,0.0227014756,2.1289178,1701.2,1701.2,12.9,1688.3,300.9,6.1,15849.92,124.5,Bangka Belitung
Kepulauan Riau,2024,654.0,68.45,,68.03174104,440547.0,718100.0515,0.6544870290201718,,0.05106172477,1049087.0,6.39,6.02,7.0,69.17,85.73,52.15,182722.0,673118.0,60529.0,41054.0,82.28,13.81,3.91,74235.0,11882,248072,6966,3704,84255,174014.0,67739.0,113512,7335,13780,6968,30996,60432.0,69753.0,20212.0,55232.0,0.07076152883,0.01132603874,0.2364646593,0.006640059404,0.003530689066,0.08031269094,0.1658718486,0.06456947803,0.1082007498,0.006991793817,0.01313523092,0.006641965824,0.02954569068,0.05760437409,0.06648924255,0.0192662763,0.05264768318,44.0,3402.492,3.760009319,4911036.0,0.6928257093,28.63,,7837.0,8745.0,4696.0,344393.0,120620.0,3245.0,1904.0,4072.0,2.916645411,5.55915373,-3.706708665,2.12,,1.3,-0.41,-0.89,-1.0,6.39,0.07,-1.23,0.49,0.81,0.2,5.589675637,16.92849358,6.628242075,-19.49888365,-50.90252708,-12.48656781,683.0,66.33,,7.508494603,294533.0,113122.0,4031.0,3878.0,4653.0,,,,,,,,,,,,,,,,,,,,,,,,,,,,,,,,,,,,,,,,,,,,,,,,,,,,,,,,209939.1,209939100.0,87616700.0,41.73434105,,51.9,,0.2001160056,-1.37,,2.09,2.75,132.18,172.7,0.0227014756,2.1289178,19325.5,19004.4,17342.1,1662.3,1978.4,6.1,15849.92,124.5,Kepulauan Riau
DKI Jakarta,2024,17085.0,63.69,,63.273256,1933348.0,3253141.898,0.6318673794512404,,0.06985262351,5107775.0,6.21,6.23,6.17,65.1,79.95,50.24,1173975.0,3059737.0,283914.0,203223.0,82.15,13.87,3.98,22000.0,9763,571665,8557,26822,241346,1177588.0,604685.0,649129,132167,169879,142610,233513,251421.0,266855.0,129466.0,470309.0,0.004307159184,0.001911399778,0.1119205525,0.001675289143,0.005251210165,0.04725071093,0.230548135,0.1183852069,0.1270864515,0.02587565036,0.03325890432,0.02792018051,0.04571716648,0.04922319405,0.052244862,0.02534684868,0.09207707857,44.0,5067.381,3.378009089,5806940.0,0.8726422178,36.14,,35030.0,61030.0,25984.0,1742826.0,585925.0,19662.0,12897.0,21059.0,0.6907119372,0.3675210339,-0.3639222182,-0.08,,-2.11,1.09,1.02,0.0,-0.32,-1.53,1.62,-0.11,-0.3,0.12,4.958153672,3.443658532,12.88803003,-4.622847441,-48.38929129,35.14953151,2413.0,63.77,,5.6,1684807.0,519032.0,20615.0,24989.0,15582.0,,,,,,,,,,,,,,,,,,,,,,,,,,,,,,,,,,,,,,,,,,,,,,,,,,,,,,,,2151198.8,2151198800.0,235645990.0,10.95417076,,51.9,,0.4211616213,2.04,,1.48,2.25,132.18,172.7,0.0227014756,2.1289178,13770.6,13769.6,109998.8,-96229.2,69824.0,6.1,15849.92,124.5,DKI Jakarta
Jawa Barat,2024,10661.0,45.61,,45.31083606,5777853.0,11136643.87,0.5588617926126999,,-0.05590006686,24417110.0,6.75,7.12,6.13,67.71,84.51,50.59,5277180.0,10338608.0,2217666.0,1886634.0,72.76,19.51,7.73,3660646.0,136281,4576000,70061,132727,1873033,5483870.0,1247857.0,2392397,258580,334938,156267,522517,571635.0,1127519.0,384456.0,1488326.0,0.1499213461,0.005581373062,0.1874095665,0.002869340393,0.005435819391,0.07670985633,0.2245912805,0.0511058434,0.09798035066,0.01059011488,0.0137173482,0.006399897449,0.0213996251,0.02341124728,0.04617741412,0.01574535234,0.06095422431,42.0,2057.495,3.565001935,3774498.0,0.5451042761,48.7,,296636.0,148663.0,74952.0,5119031.0,1482391.0,46884.0,33219.0,63998.0,3.886690029,5.844054131,3.665971405,0.76,,-1.58,0.17,1.41,0.0,-0.69,-0.97,-0.12,1.22,-0.12,2.61,2.728784977,17.03614335,10.35040038,-20.19608844,-57.94371226,-18.35219372,19217.0,44.85,,7.884000026,4373889.0,1343349.0,58749.0,78987.0,78383.0,,,,,,,,,,,,,,,,,,,,,,,,,,,,,,,,,,,,,,,,,,,,,,,,,,,,,,,,1752124.2,1752124200.0,741041460.0,42.29388876,,51.9,,0.07175804999,4.19,,1.64,2.39,132.18,172.7,0.0227014756,2.1289178,37884.8,37884.8,5236.9,32647.9,18330.1,6.1,15849.92,124.5,Jawa Barat
Jawa Tengah,2024,13130.0,40.36,,40.08533178,3666192.0,8419658.215,0.46988160270194684,,0.03634900936,20861393.0,4.78,4.83,4.71,73.74,85.66,61.82,4539388.0,7802374.0,2672660.0,1559730.0,70.78,21.74,7.48,5327955.0,125095,4360982,33662,75475,1764098,3766358.0,647465.0,1716105,114719,249698,29671,248666,414523.0,787115.0,251824.0,947982.0,0.2553978538,0.005996483552,0.20904558,0.001613602697,0.003617927144,0.0845628094,0.1805420185,0.03103651803,0.08226224395,0.005499105453,0.01196938287,0.001422292366,0.0119199135,0.01987034135,0.03773070188,0.01207129361,0.0454419319,42.0,2036.947,4.023007322,2405447.0,0.8468060198,48.73,,179414.0,131741.0,65325.0,4412360.0,872958.0,29272.0,19972.0,33392.0,4.365018041,6.492554272,16.99020712,0.75,,0.29,-1.37,1.08,0.0,-0.35,-0.6,0.02,2.02,1.14,2.9,3.623030451,22.60785527,13.05564082,-8.724664796,-48.80155861,37.40432886,9435.0,39.61,,8.011000149,3598758.0,772149.0,32070.0,39009.0,24302.0,,,,,,,,,,,,,,,,,,,,,,,,,,,,,,,,,,,,,,,,,,,,,,,,,,,,,,,,1156998.9,1156998900.0,373837730.0,32.31098405,,51.9,,0.05546124844,1.02,,1.67,2.59,132.18,172.7,0.0227014756,2.1289178,11424.7,11365.2,15208.1,-3842.9,17552.0,6.1,15849.92,124.5,Jawa Tengah
DI Yogyakarta,2024,2699.0,46.88,,46.53823076,498329.0,1023282.107,0.5260863690012436,,0.05828043004,2182769.0,3.48,4.06,2.78,74.78,83.27,66.59,454282.0,947238.0,294481.0,121124.0,69.08,25.37,5.55,423637.0,5611,373479,3267,8236,138580,430550.0,86081.0,227695,21458,28211,5923,62708,74966.0,131777.0,37339.0,123251.0,0.1940823788,0.002570588092,0.1711033096,0.001496722741,0.003773189009,0.06348816572,0.197249457,0.03943660552,0.1043147488,0.009830632559,0.01292440932,0.002713525801,0.02872864696,0.03434444964,0.06037148228,0.01710625357,0.0564654345,41.0,2125.898,7.272019911,2829890.0,0.7512299065,42.88,,11376.0,24313.0,9141.0,435353.0,94952.0,2817.0,1798.0,2725.0,2.012375509,3.276205886,8.688238399,0.66,,1.88,-1.81,-0.07,1.0,-0.21,0.01,-0.46,0.7,-0.49,1.84,4.593766782,10.15626977,-6.836734694,-10.74144487,-56.42268541,40.03083248,928.0,46.22,,7.652000198,395214.0,101920.0,3156.0,4126.0,1946.0,,,,,,,,,,,,,,,,,,,,,,,,,,,,,,,,,,,,,,,,,,,,,,,,,,,,,,,,124590.4,124590400.0,13950280.0,11.19691405,,51.9,,0.05707905876,0.56,,1.28,2.3,132.18,172.7,0.0227014756,2.1289178,546.9,546.9,23.9,523.0,1635.8,6.1,15849.92,124.5,DI Yogyakarta
Jawa Timur,2024,5327.0,38.51,,38.24655358,4219487.0,8996363.461,0.5104353163535293,,0.05052170922,23361110.0,4.19,4.46,3.8,73.45,86.52,60.64,4743683.0,8266448.0,3354702.0,1648862.0,66.37,26.57,7.06,7350485.0,117921,3543790,45643,92967,1525938,4353436.0,754594.0,1860332,109346,232327,45549,368539,463138.0,1130792.0,330900.0,1035413.0,0.3146462219,0.005047748159,0.1516961309,0.001953802709,0.003979562615,0.06531958456,0.1863539875,0.03230129048,0.07963371603,0.004680685122,0.009945032578,0.001949778927,0.01577574867,0.01982517098,0.04840489172,0.01416456667,0.04432208059,42.0,2165.2443,6.126717276,2713383.0,0.7979869779,48.52,,76620.0,64669.0,28001.0,3938403.0,1055868.0,26896.0,16371.0,24299.0,2.897977671,8.156488436,4.836370421,1.62,,-0.87,-0.45,1.32,0.0,-0.69,-0.48,-1.0,0.89,0.62,1.18,2.234871149,19.30776466,1.87557469,-2.656532754,-44.39009477,0.2475349643,2498.0,36.89,,7.860000231,3301045.0,1036429.0,27630.0,29439.0,24239.0,,,,,,,,,,,,,,,,,,,,,,,,,,,,,,,,,,,,,,,,,,,,,,,,,,,,,,,,1935810.2,1935810200.0,588598820.0,30.40581251,,51.9,,0.08286464984,2.96,,1.51,2.62,132.18,172.7,0.0227014756,2.1289178,25984.6,25719.0,30426.8,-4707.8,16759.4,6.1,15849.92,124.5,Jawa Timur
Banten,2024,13042.0,53.79,,53.44069275,2105789.0,3118702.782,0.7038991765626891,,-0.01157360246,5797923.0,6.68,6.38,7.2,66.17,82.95,48.9,1171097.0,2991606.0,486279.0,392678.0,77.83,15.4,6.77,772067.0,48821,1248185,16367,30343,402320,1209364.0,376177.0,485215,46509,99132,70343,151884,135867.0,305649.0,79026.0,320654.0,0.133162686,0.008420429178,0.2152814034,0.002822907445,0.005233425832,0.06939036617,0.2085857298,0.06488133768,0.08368772748,0.00802166569,0.01709784694,0.01213244812,0.02619627753,0.02343373653,0.05271698158,0.01363005338,0.05530497732,43.0,2727.812,2.499995763,4392768.0,0.6209779346,39.28,,40044.0,34045.0,11422.0,1592129.0,732981.0,21446.0,16134.0,48207.0,5.098505326,6.361103684,15.25984954,0.1,,-0.46,-1.2,1.66,0.0,-0.84,-0.72,-1.08,1.73,0.79,2.74,0.3359937214,9.88816748,25.92920293,-28.95617319,-44.69543756,-4.952779037,11140.0,53.69,,6.400000038,1448863.0,582058.0,30187.0,29173.0,50719.0,,,,,,,,,,,,,,,,,,,,,,,,,,,,,,,,,,,,,,,,,,,,,,,,,,,,,,,,531735.2,531735199.99999994,178397540.0,33.55007154,,51.9,,0.0917113249,1.98,,1.88,2.56,132.18,172.7,0.0227014756,2.1289178,12229.4,12229.4,15014.1,-2784.7,4160.4,6.1,15849.92,124.5,Banten
Bali,2024,73.0,49.32,,48.95455042,711079.0,1314585.637,0.5786102366016975,,0.06483940004,2665421.0,1.79,1.94,1.62,77.11,83.77,70.49,490709.0,1228943.0,344518.0,62582.0,74.48,23.17,2.35,480420.0,4238,385901,3642,9853,200275,538267.0,107848.0,381510,17806,74204,5056,48496,114961.0,115856.0,50471.0,126617.0,0.1802416954,0.001589992725,0.1447805056,0.001366388274,0.003696601775,0.07513822394,0.2019444583,0.04046190077,0.1431331111,0.006680370568,0.02783950453,0.001896886083,0.01819449911,0.04313052235,0.0434663042,0.01893547023,0.0475035651,43.0,2813.672,3.685033036,3403265.0,0.8267566587,41.71,,8356.0,6860.0,1822.0,615055.0,350541.0,2072.0,1114.0,713.0,1.818500613,5.452010245,-1.384269251,1.67,,0.59,-0.37,-0.22,0.0,-0.9,-1.21,-0.53,0.03,0.22,-0.14,0.6632966955,11.55436655,30.93078848,-11.41513467,-48.71086556,49.78991597,145.0,47.65,,7.814999855,551350.0,267730.0,2339.0,2172.0,476.0,,,,,,,,,,,,,,,,,,,,,,,,,,,,,,,,,,,,,,,,,,,,,,,,,,,,,,,,168198.7,168198700.0,11022250.0,6.553112479,,51.9,,0.06310398995,-0.29,,2.34,2.97,132.18,172.7,0.0227014756,2.1289178,632.9,632.9,156.8,476.1,1549.9,6.1,15849.92,124.5,Bali
Nusa Tenggara Barat,2024,205.0,29.49,,29.29709454,496717.0,915826.4001,0.5889703746302016,,0.06112400659,3105549.0,2.73,2.83,2.6,77.23,86.47,68.04,605418.0,843365.0,546191.0,472913.0,59.46,25.31,15.23,1122821.0,44512,315835,6561,11599,193835,586653.0,83394.0,177575,15689,36843,2944,32071,121797.0,177010.0,59128.0,117282.0,0.3615531425,0.01433305351,0.1017002147,0.002112669934,0.003734927383,0.06241569526,0.1889047637,0.02685322305,0.05717990603,0.005051924797,0.01186360286,0.0009479805342,0.01032699854,0.03921915256,0.05699797363,0.01903946774,0.03776530333,39.0,3361.653,3.381315611,2365102.0,1.421356457,55.77,,36463.0,22859.0,1927.0,465695.0,209194.0,2774.0,1134.0,385.0,7.347677932,15.05033832,20.38779527,1.79,,-2.58,0.18,2.4,1.0,-0.07,-0.46,0.46,3.92,2.29,5.5,0.8718104664,37.91668641,4.442425211,-3.176265271,-41.60659114,82.46445498,90.0,27.7,,7.788699914,337664.0,200296.0,2865.0,1942.0,211.0,,,,,,,,,,,,,,,,,,,,,,,,,,,,,,,,,,,,,,,,,,,,,,,,,,,,,,,,109415.2,109415200.0,4839220.0,4.422804144,,51.9,,0.03523216024,3.6,,1.28,2.25,132.18,172.7,0.0227014756,2.1289178,2563.7,2563.7,919.2,1644.5,1132.1,6.1,15849.92,124.5,Nusa Tenggara Barat
Nusa Tenggara Timur,2024,27.0,26.68,,26.49814495,516057.0,806926.4616,0.6803095857688627,,0.07870118193,3024462.0,3.02,2.91,3.16,77.5,84.7,70.4,697371.0,758562.0,787201.0,450670.0,49.66,35.44,14.9,1509501.0,17473,276822,7187,7572,117691,362357.0,128272.0,44308,7551,26558,1300,20327,161090.0,202791.0,65923.0,67739.0,0.4990973601,0.005777225834,0.09152768327,0.002376290395,0.002503585762,0.03891303643,0.1198087462,0.04241150988,0.01464987823,0.002496642378,0.008781065856,0.0004298285116,0.006720864736,0.05326236534,0.06705027208,0.02179660383,0.02239704119,39.0,2702.616,3.604009313,2370111.0,1.140290898,49.69,,8679.0,3345.0,2599.0,472976.0,144916.0,2205.0,869.0,251.0,4.403360695,8.599488901,10.33537876,1.19,,-2.54,-1.63,4.17,-1.0,-0.12,-0.04,-0.2,1.78,1.67,1.88,1.293244741,30.42900359,-6.929726536,23.9460371,-40.15151515,83.21167883,108.0,25.49,,7.1590002,362631.0,155706.0,1779.0,1452.0,137.0,,,,,,,,,,,,,,,,,,,,,,,,,,,,,,,,,,,,,,,,,,,,,,,,,,,,,,,,78161.6,78161600.0,1005910.0,1.286961884,,51.9,,0.02584314169,-1.91,,1.19,2.12,132.18,172.7,0.0227014756,2.1289178,84.8,84.8,82.3,2.5,1284.0,6.1,15849.92,124.5,Nusa Tenggara Timur
Kalimantan Barat,2024,786.0,43.98,,43.71853715,543547.0,1259376.536,0.46776447706990476,,0.0506230829,2863521.0,4.86,5.07,4.5,70.44,86.05,53.95,641195.0,1162010.0,387328.0,236179.0,62.92,28.83,8.25,1318123.0,77480,145012,5874,4817,176890,408815.0,80823.0,180560,12060,31556,4153,22228,121715.0,133733.0,46618.0,93064.0,0.4603154648,0.02705759797,0.05064115123,0.002051320734,0.001682194753,0.0617735997,0.1427665451,0.02822504183,0.06305523864,0.004211598239,0.0110199995,0.001450312395,0.007762471447,0.04250536315,0.04670229413,0.01627995744,0.03249984896,41.0,3261.616,2.533878359,2904061.0,1.123122414,39.49,,5937.0,5985.0,2979.0,526621.0,189908.0,5308.0,2524.0,2373.0,3.180836287,12.76559611,-11.21685772,3.67,,-2.84,1.37,1.47,0.0,-0.19,-0.02,-0.48,1.02,1.2,0.84,3.842001849,24.09623791,23.64768081,-7.558342041,-48.67832452,-25.21273243,459.0,40.31,,8.845015733,424365.0,153588.0,5742.0,4918.0,3173.0,,,,,,,,,,,,,,,,,,,,,,,,,,,,,,,,,,,,,,,,,,,,,,,,,,,,,,,,162574.5,162574500.0,25034600.0,15.39884791,,51.9,,0.05677433481,-0.64,,1.71,2.24,132.18,172.7,0.0227014756,2.1289178,2112.3,2112.3,706.6,1405.7,1598.0,6.1,15849.92,124.5,Kalimantan Barat
Kalimantan Tengah,2024,825.0,50.67,,50.33519461,361047.0,710532.7425,0.550856844687746,,-0.007015995884,1402275.0,4.01,3.3,5.35,68.71,86.5,49.6,338458.0,655428.0,131085.0,82601.0,72.13,21.98,5.89,493439.0,136447,72659,4026,3701,70805,223586.0,36413.0,80532,6507,11901,2825,19213,92897.0,78098.0,23250.0,45976.0,0.3518846161,0.09730402382,0.0518150862,0.002871048831,0.002639282594,0.05049294896,0.1594451873,0.02596708919,0.05742953415,0.004640316628,0.008486923036,0.002014583445,0.01370130681,0.06624734806,0.05569378332,0.01658020003,0.03278672158,42.0,3282.812,4.216993413,3384610.0,0.9699232703,42.29,,12015.0,4762.0,2875.0,326584.0,124891.0,2663.0,1759.0,731.0,3.881840911,8.553210166,-8.802187328,2.53,,1.7,-1.48,-0.22,0.0,-0.09,-0.48,0.64,1.53,1.65,1.47,1.84004186,18.2589803,15.06449235,-6.985679357,-12.26932668,-29.02912621,405.0,48.14,,8.377999837,276160.0,108540.0,2863.0,2005.0,1030.0,,,,,,,,,,,,,,,,,,,,,,,,,,,,,,,,,,,,,,,,,,,,,,,,,,,,,,,,118682.3,118682300.0,17829340.0,15.0227456,,51.9,,0.08463553868,1.67,,1.03,1.56,132.18,172.7,0.0227014756,2.1289178,4023.5,4023.5,56.5,3967.0,794.5,6.1,15849.92,124.5,Kalimantan Tengah
Kalimantan Selatan,2024,864.0,46.44,,46.14640474,497424.0,988835.7744,0.5388012413277657,,0.01905927689,2129276.0,4.2,4.55,3.65,70.22,84.71,55.52,507614.0,923205.0,281925.0,162023.0,65.12,27.27,7.61,621668.0,96183,163201,4964,5979,108830,412546.0,86484.0,182198,12928,12234,4146,37306,115328.0,130697.0,38764.0,95820.0,0.2919621505,0.04517169216,0.07664624032,0.002331308858,0.002807996709,0.05111126975,0.1937494247,0.04061662274,0.08556805224,0.006071547324,0.005745614941,0.001947140718,0.01752050932,0.05416301128,0.06138095766,0.01820524911,0.04500121168,42.0,3360.858,4.981012991,3239646.0,1.037415199,41.19,,6817.0,4684.0,2782.0,450288.0,254013.0,4509.0,2384.0,1333.0,2.384740737,5.620315784,17.47951896,1.69,,1.09,-2.22,1.13,2.0,-0.11,-0.36,0.31,0.46,-0.81,1.77,5.63314426,23.4670403,43.3490031,-6.93498452,-31.33640553,-17.41016109,2284.0,44.75,,6.199999979,364703.0,177199.0,4845.0,3472.0,1614.0,,,,,,,,,,,,,,,,,,,,,,,,,,,,,,,,,,,,,,,,,,,,,,,,,,,,,,,,156770.0,156770000.0,19284690.0,12.301263,,51.9,,0.07362596488,0.56,,1.95,2.59,132.18,172.7,0.0227014756,2.1289178,11661.0,11661.0,2060.2,9600.8,1573.8,6.1,15849.92,124.5,Kalimantan Selatan
Kalimantan Timur,2024,699.0,57.68,,57.3095714,703665.0,1140014.63,0.6609926373199018,,0.03403761735,1976447.0,5.14,4.72,5.91,67.07,83.75,49.07,445260.0,1064558.0,179449.0,91044.0,75.44,19.95,4.61,352381.0,168391,138773,10007,5526,147736,383988.0,126036.0,163467,13651,21604,12898,64380,121846.0,118148.0,40837.0,86778.0,0.1782901338,0.08519884419,0.07021336773,0.005063125902,0.002795926225,0.07474827304,0.1942819615,0.06376897534,0.08270750493,0.006906838382,0.01093072569,0.006525851692,0.03257360304,0.06164900956,0.05977797533,0.02066182397,0.04390605971,45.0,3545.0,1.721664275,4400771.0,0.8055406655,35.89,,4949.0,4551.0,1971.0,609182.0,379666.0,9532.0,4955.0,2968.0,6.991411767,10.66689676,16.30253735,2.35,,-2.19,1.03,1.16,-1.0,-0.17,-0.07,-0.4,1.5,0.93,2.21,8.156469094,12.96209761,27.4136768,36.19088441,-20.82134867,214.0740741,2010.0,55.33,,5.264016349,539280.0,297979.0,6999.0,6258.0,945.0,,,,,,,,,,,,,,,,,,,,,,,,,,,,,,,,,,,,,,,,,,,,,,,,,,,,,,,,570824.0,570824000.0,104526590.0,18.31152685,,51.9,,0.2888132088,2.6,,1.47,2.14,132.18,172.7,0.0227014756,2.1289178,25460.9,25460.9,4998.2,20462.7,2096.0,6.1,15849.92,124.5,Kalimantan Timur
Kalimantan Utara,2024,1413.0,49.59,,49.24831598,107950.0,187629.2199,0.6165224592364145,,0.02925640847,378361.0,3.9,4.0,3.7,70.35,86.51,52.14,78697.0,175095.0,48092.0,25453.0,70.37,22.9,6.73,120683.0,12125,27192,1447,2462,17963,64547.0,14262.0,25959,1123,1539,1761,6159,33406.0,21477.0,10968.0,15288.0,0.3189625781,0.03204611469,0.07186787222,0.003824389934,0.006507013144,0.04747582335,0.1705963352,0.03769415981,0.06860907969,0.00296806489,0.004067543959,0.004654285193,0.01627810477,0.08829134081,0.05676324991,0.02898818853,0.04040585578,43.0,2736.698,5.275998194,3748909.0,0.7299985142,37.64,,2405.0,1652.0,1231.0,69647.0,77032.0,340.0,195.0,52.0,1.636178043,5.760518972,3.76731541,0.97,,-2.32,0.88,1.44,0.0,-0.11,-0.22,0.06,0.0,1.33,-1.46,4.146399667,-26.59155108,-3.062945159,-60.14067995,-62.57197697,-67.29559748,1937.0,48.62,,8.733993966,94876.0,79466.0,853.0,521.0,159.0,,,,,,,,,,,,,,,,,,,,,,,,,,,,,,,,,,,,,,,,,,,,,,,,,,,,,,,,73134.4,73134400.0,6188510.0,8.461831915,,51.9,,0.1932926491,-0.76,,1.29,1.87,132.18,172.7,0.0227014756,2.1289178,1571.9,1586.2,914.3,671.9,,6.1,15849.92,124.5,Kalimantan Utara
Sulawesi Utara,2024,126.0,44.53,,44.25579548,333361.0,581487.8802,0.6173351851851852,,0.0945309437,1305834.0,5.85,5.29,6.81,66.07,81.91,49.59,357806.0,540000.0,114405.0,86468.0,71.57,21.81,6.62,330661.0,42241,125389,3248,1865,79978,232790.0,92973.0,78560,10617,18834,4274,16025,108062.0,70328.0,32088.0,57901.0,0.2532182498,0.03234790946,0.09602215902,0.002487299305,0.001428206035,0.0612466822,0.1782692134,0.0711981768,0.06016078613,0.008130436181,0.01442296647,0.003273004072,0.01227185079,0.08275324429,0.05385676893,0.02457280175,0.04434024539,41.0,3434.298,1.452020519,3453051.0,0.9945691506,46.03,,2515.0,2266.0,1278.0,404214.0,169111.0,2902.0,1328.0,581.0,4.38755248,10.29073864,19.60419433,2.67,,-0.02,-0.55,0.57,0.0,-0.25,-0.13,-0.51,1.98,0.98,3.06,5.204418947,14.8759485,-31.9973621,24.8172043,-48.44720497,87.41935484,38.0,41.86,,6.926013527,351870.0,248683.0,2325.0,2576.0,310.0,,,,,,,,,,,,,,,,,,,,,,,,,,,,,,,,,,,,,,,,,,,,,,,,,,,,,,,,107575.0,107575000.0,11410760.0,10.60726005,,51.9,,0.08238030255,2.89,,0.44,1.52,132.18,172.7,0.0227014756,2.1289178,839.5,837.4,225.2,612.2,1144.9,6.1,15849.92,124.5,Sulawesi Utara
Sulawesi Tengah,2024,2055.0,34.57,,34.32643813,329871.0,552655.3792,0.6596140348772338,,0.108252189,1598656.0,2.94,2.6,3.5,71.1,85.94,55.47,386658.0,500097.0,269066.0,142237.0,67.81,23.29,8.9,648910.0,33260,135159,7158,3135,86992,242156.0,42934.0,82407,6452,11837,1274,18252,114831.0,83794.0,30098.0,50007.0,0.4059097142,0.02080497618,0.08454539313,0.004477511109,0.001961022259,0.0544157092,0.1514747388,0.0268563093,0.05154767505,0.004035890148,0.00740434465,0.0007969194123,0.01141709036,0.07182971196,0.05241527883,0.01882706473,0.03128065075,41.0,2885.964,4.602398388,2863721.0,1.007767167,47.86,,11196.0,13818.0,6454.0,321716.0,140619.0,8346.0,1685.0,687.0,3.327820038,4.798417432,4.239855572,0.67,,1.73,-2.95,1.22,1.0,-0.01,-0.02,-0.02,1.25,0.52,2.07,8.138600065,22.07390093,-7.108600872,248.0400334,15.4109589,304.1176471,2610.0,33.9,,1.785165382,263542.0,151380.0,2398.0,1460.0,170.0,,,,,,,,,,,,,,,,,,,,,,,,,,,,,,,,,,,,,,,,,,,,,,,,,,,,,,,,212281.5,212281500.0,84675780.0,39.88844058,,51.9,,0.132787479,0.96,,1.29,1.95,132.18,172.7,0.0227014756,2.1289178,21337.2,21337.2,10796.4,10540.8,868.0,6.1,15849.92,124.5,Sulawesi Tengah
Sulawesi Selatan,2024,482.0,39.5,,39.26093868,888984.0,1848966.56,0.5297319651026083,,0.02893809358,4680928.0,4.19,3.76,4.85,67.38,82.52,52.68,1021034.0,1678177.0,777763.0,371300.0,63.07,29.0,7.93,1656816.0,33173,399615,14935,10311,323767,850605.0,219864.0,235267,31750,51208,9214,69781,250413.0,277546.0,112062.0,134601.0,0.3539503278,0.007086842609,0.08537089227,0.003190606649,0.00220276834,0.06916726769,0.1817171723,0.04697017344,0.05026076026,0.00678284306,0.0109397111,0.001968413101,0.01490751407,0.05349644344,0.05929294362,0.02394012469,0.02875519555,41.0,3025.1,1.195912155,2992571.0,1.010869918,44.11,,22471.0,7908.0,4266.0,983493.0,334857.0,9454.0,4786.0,2110.0,4.229474928,9.370955233,4.285733441,2.27,,0.74,-1.58,0.84,0.0,-0.14,-0.63,0.6,1.72,0.3,3.06,0.7626804762,16.11487603,19.7046501,25.30152419,-17.28309713,7.106598985,766.0,37.23,,6.740389491,847000.0,279736.0,7545.0,5786.0,1970.0,,,,,,,,,,,,,,,,,,,,,,,,,,,,,,,,,,,,,,,,,,,,,,,,,,,,,,,,396141.74,396141740.0,52887140.0,13.35055983,,51.9,,0.08462888983,6.35,,1.23,1.89,132.18,172.7,0.0227014756,2.1289178,2059.3,2059.3,1109.5,949.8,4753.4,6.1,15849.92,124.5,Sulawesi Selatan
Sulawesi Tenggara,2024,1168.0,38.08,,37.83088743,329859.0,544882.5312,0.6644020343421119,,0.07755793055,1430889.0,3.09,2.52,3.9,72.81,85.03,60.3,334074.0,496475.0,273711.0,123190.0,63.14,28.25,8.61,479731.0,32440,135465,6340,3710,88664,269444.0,50273.0,56676,5594,14536,1985,14037,114948.0,85253.0,40720.0,31073.0,0.3352677951,0.02267122048,0.09467191375,0.004430811894,0.002592793711,0.06196427536,0.1883053123,0.03513410195,0.03960894241,0.003909457687,0.01015871951,0.001387249465,0.009809985261,0.08033327533,0.05958044265,0.02845783286,0.02171587034,40.0,2914.958,1.503003616,2954690.0,0.986552904,46.46,,8230.0,3482.0,2342.0,280585.0,100032.0,4345.0,2289.0,845.0,5.863173626,5.302508086,25.32382797,-0.08,,-0.48,2.19,-1.71,0.0,-0.06,-0.16,0.03,2.74,0.88,4.66,2.724626354,34.43387186,-18.04619078,82.1802935,36.65671642,128.3783784,146.0,38.16,,7.201999983,208716.0,122059.0,2385.0,1675.0,370.0,,,,,,,,,,,,,,,,,,,,,,,,,,,,,,,,,,,,,,,,,,,,,,,,,,,,,,,,113989.5,113989500.0,10625130.0,9.321148,,51.9,,0.07966341205,0.76,,1.05,1.63,132.18,172.7,0.0227014756,2.1289178,3858.3,3858.3,1737.7,2120.6,647.7,6.1,15849.92,124.5,Sulawesi Tenggara
Gorontalo,2024,87.0,38.55,,38.28080121,125325.0,243706.932,0.557738693914607,,0.03983736519,632184.0,3.13,2.63,3.9,69.95,84.5,55.23,170080.0,224702.0,77150.0,53686.0,70.62,20.89,8.49,190768.0,18637,58062,1560,1360,34837,109741.0,37603.0,40790,5114,8339,-,7359,49247.0,33655.0,8889.0,26156.0,0.3017922315,0.02948346588,0.09185324869,0.002467897557,0.002151500434,0.05511163281,0.1736086832,0.05948740502,0.06452919317,0.008090274427,0.01319217803,#VALUE!,0.01164183213,0.0779080455,0.05324172582,0.01406227012,0.0413784157,42.0,2444.067,3.064003775,2605876.0,0.9379061014,51.17,,1797.0,1257.0,221.0,123230.0,132629.0,505.0,250.0,167.0,0.1049846323,5.031364227,2.583536107,2.28,,1.74,-1.91,0.17,1.0,0.07,-0.16,0.44,-0.84,-0.84,-0.84,1.388812695,15.29213641,17.03419369,19.66824645,-55.67375887,-14.79591837,483.0,36.27,,7.439022622,106885.0,113325.0,422.0,564.0,196.0,,,,,,,,,,,,,,,,,,,,,,,,,,,,,,,,,,,,,,,,,,,,,,,,,,,,,,,,32951.9,32951900.0,1381610.0,4.192808305,,51.9,,0.05212390696,-0.44,,-0.79,2.94,132.18,172.7,0.0227014756,2.1289178,60.1,60.1,27.7,32.4,744.7,6.1,15849.92,124.5,Gorontalo
Sulawesi Barat,2024,14.0,27.92,,27.72892325,121052.0,211495.9544,0.6126516420614716,,0.08403183715,757507.0,2.68,2.04,3.69,71.4,85.95,56.46,170250.0,197587.0,152265.0,91611.0,53.41,34.5,12.09,351028.0,1598,63768,2667,2996,35366,121752.0,18606.0,26903,1960,4886,713,5062,42516.0,48319.0,15035.0,14332.0,0.4633990181,0.002109551463,0.0841814003,0.003520759544,0.003955078963,0.04668735734,0.1607272276,0.02456214926,0.03551518336,0.002587434836,0.006450105412,0.0009412454274,0.006682446499,0.05612621402,0.0637868693,0.0198480014,0.01891995718,37.0,2186.826,2.958200447,2443110.0,0.8950992792,52.62,,3727.0,1434.0,1168.0,127900.0,55356.0,724.0,269.0,61.0,1.951529393,6.985949048,1.229930526,1.27,,1.62,-3.29,1.67,0.0,0.41,-0.32,1.56,0.35,-0.33,1.06,3.192182245,17.37713945,23.70332298,72.38095238,-25.48476454,32.60869565,9.0,26.65,,7.544,108965.0,44749.0,420.0,361.0,46.0,,,,,,,,,,,,,,,,,,,,,,,,,,,,,,,,,,,,,,,,,,,,,,,,,,,,,,,,37087.4,37087400.0,4033130.0,10.87466363,,51.9,,0.04895981159,4.02,,1.49,2.25,132.18,172.7,0.0227014756,2.1289178,433.8,433.8,3.8,430.0,293.9,6.1,15849.92,124.5,Sulawesi Barat
Maluku,2024,257.0,34.96,,34.73478087,202342.0,317336.4648,0.6738219720936428,,0.03045562251,907713.0,6.11,6.05,6.2,66.52,76.62,56.25,278567.0,300290.0,156872.0,110030.0,63.69,24.19,12.12,288342.0,18111,105403,4631,1933,36208,144819.0,56530.0,40112,3954,9304,944,9417,74514.0,67871.0,20160.0,25460.0,0.3176576737,0.01995234176,0.116119302,0.005101832848,0.002129527725,0.03988926015,0.1595427189,0.06227739385,0.04419017905,0.004356002393,0.01024993583,0.001039976292,0.01037442452,0.08208982355,0.07477143106,0.02220966319,0.02804851313,42.0,2949.953,4.875024308,2925208.0,1.008459228,52.31,,4221.0,1401.0,457.0,140048.0,51589.0,1132.0,580.0,53.0,6.382507436,7.339967686,7.51137672,0.38,,-1.19,-0.5,1.69,0.0,-0.2,0.31,-0.93,2.92,2.28,3.57,2.066267526,3.741564627,-32.4282552,-1.736111111,-15.69767442,-56.91056911,73.0,34.58,,7.387974731,134997.0,76347.0,1152.0,688.0,123.0,,,,,,,,,,,,,,,,,,,,,,,,,,,,,,,,,,,,,,,,,,,,,,,,,,,,,,,,37210.1,37210100.0,2444100.0,6.56837794,,51.9,,0.04099324346,2.76,,1.28,1.92,132.18,172.7,0.0227014756,2.1289178,95.0,95.0,467.2,-372.2,428.9,6.1,15849.92,124.5,Maluku
Maluku Utara,2024,17.0,35.24,,35.00262754,164870.0,233108.3712,0.7669656314545691,,0.1448549943,661488.0,4.03,3.92,4.2,69.13,82.4,54.98,184027.0,214964.0,109590.0,60433.0,62.88,27.98,9.14,169480.0,16028,163130,2972,2222,27653,79978.0,30106.0,22426,1034,4132,195,5457,62278.0,42161.0,17238.0,14998.0,0.2562102412,0.02423022035,0.2466106717,0.004492900854,0.003359093438,0.0418042353,0.1209061994,0.04551254142,0.03390235348,0.001563142491,0.006246522991,0.0002947899282,0.008249582759,0.09414834434,0.06373660596,0.02605942965,0.02267312483,40.0,3200.0,7.500873445,3456786.0,0.92571539,54.86,,13519.0,8513.0,7767.0,144288.0,54725.0,1737.0,854.0,35.0,4.220740855,7.928283452,7.509687546,1.32,,-3.85,2.03,1.82,0.0,-0.28,-0.02,-0.74,1.36,0.27,2.5,5.806462276,27.26390714,7.263960485,51.70305677,-2.844141069,483.3333333,160.0,33.92,,3.999991615,113377.0,51019.0,1145.0,879.0,6.0,,,,,,,,,,,,,,,,,,,,,,,,,,,,,,,,,,,,,,,,,,,,,,,,,,,,,,,,55740.9,55740900.0,18662810.0,33.4813575,,51.9,,0.08426592773,-0.98,,1.5,2.26,132.18,172.7,0.0227014756,2.1289178,11077.1,11077.1,4221.6,6855.5,356.4,6.1,15849.92,124.5,Maluku Utara
Papua Barat,2024,,37.13,,36.82142281,74972.0,107705.5901,0.7253693508906025,,0.09823772748,290077.0,4.13,4.06,4.25,71.25,81.42,59.8,69555.0,103357.0,56138.0,31620.0,62.89,26.21,10.9,120703.0,2172,14626,455,158,16674,44287.0,12005.0,5572,1110,1148,122,2887,41921.0,13891.0,7215.0,5131.0,0.4161067579,0.007487667068,0.05042109509,0.00156854904,0.0005446829635,0.05748128945,0.1526732557,0.04138556314,0.01920869286,0.003826570187,0.003957569887,0.0004205779845,0.009952529846,0.1445168007,0.0478872851,0.02487270621,0.01768840687,38.0,3393.0,3.382084095,3392758.0,1.000071328,39.87,,542.0,195.0,32.0,127068.0,183242.0,732.0,434.0,122.0,-48.28208379,-53.23297316,-35.1770167,-4.32,,-4.26,1.17,3.09,-3.0,-0.05,0.36,-0.69,4.01,2.21,5.98,-4.170937573,22.03057775,6.278999629,10.90909091,4.326923077,335.7142857,15.0,41.45,,2.5625,104128.0,172416.0,660.0,416.0,28.0,,,,,,,,,,,,,,,,,,,,,,,,,,,,,,,,,,,,,,,,,,,,,,,,,,,,,,,,49486.2,49486200.0,21425310.0,43.29552481,,51.9,,0.1705967726,9.12,,2.53,3.55,132.18,172.7,0.0227014756,2.1289178,3626.4,3626.4,14.6,3611.8,486.1,6.1,15849.92,124.5,Papua Barat
Papua Barat Daya,2024,,43.04,,43.04,85610.0,128149.448,0.6910273795686427,,0.6910273796,297745.0,6.48,5.65,7.81,67.81,79.64,54.72,84623.0,123888.0,44966.0,40850.0,66.59,19.69,13.72,85324.0,11434,24000,1584,409,15439,49797.0,18961.0,14239,2073,3187,270,4403,32082.0,17526.0,6182.0,10835.0,0.2865673647,0.03840198828,0.08060588759,0.005319988581,0.001373658668,0.05185309577,0.167247141,0.06368200977,0.04782280139,0.00696233354,0.01070379016,0.0009068162354,0.01478782179,0.1077499202,0.05886244941,0.02076273321,0.03639019967,44.0,4024.27,4.129018169,3739328.0,1.076201392,41.45,,1104.0,972.0,531.0,,,,,,,,,,,,,,,,,,,,,,,,,,,,,,,,,,,,,,,,,,,,,,,,,,,,,,,,,,,,,,,,,,,,,,,,,,,,,,,,,,,,,,,,,,,24873.7,24873700.0,5175590.0,20.80747939,,51.9,,0.08354027775,47.26,,1.87,2.64,132.18,172.7,0.0227014756,2.1289178,50.7,50.7,27.4,23.3,,6.1,15849.92,124.5,Papua Barat Daya
Papua,2024,,42.72,,42.56119042,143483.0,195995.9424,0.7552253575244622,,0.05509836288,458792.0,6.48,5.72,7.68,68.4,79.01,56.45,144019.0,189987.0,64949.0,38630.0,68.48,23.1,8.42,135007.0,2803,24418,1539,612,25413,81317.0,34558.0,21781,3963,7756,301,5873,66916.0,21294.0,12071.0,13170.0,0.294266247,0.006109522398,0.05322237528,0.003354461281,0.001333937819,0.05539111406,0.1772415386,0.07532389405,0.04747467262,0.008637901271,0.01690526426,0.0006560707249,0.01280100786,0.1458525868,0.04641318942,0.02631039774,0.02870581876,43.0,4024.27,4.129018169,4151674.0,0.9693126194,41.22,,1897.0,385.0,217.0,210124.0,102392.0,776.0,429.0,51.0,-81.26574401,-47.99606933,-92.4369562,27.15,,10.3,-14.33,4.03,1.0,-0.42,-0.5,-0.44,-8.8,-7.63,-9.82,3.472172722,43.65390269,3.916454386,-15.835141,-37.55458515,41.66666667,7.0,15.57,,8.499993824,146271.0,98533.0,922.0,687.0,36.0,,,,,,,,,,,,,,,,,,,,,,,,,,,,,,,,,,,,,,,,,,,,,,,,,,,,,,,,51587.2,51587200.0,1492630.0,2.893411544,,51.9,,0.1124413678,-,,1.75,2.69,132.18,172.7,0.0227014756,2.1289178,89.6,89.6,7.3,82.3,1095.5,6.1,15849.92,124.5,Papua
Papua Selatan,2024,,33.16,,33.16,46684.0,75135.9176,0.649652101308099,,0.6496521013,226586.0,4.05,3.53,4.84,71.67,82.39,59.7,73630.0,71860.0,41906.0,16070.0,64.08,28.83,7.09,114282.0,590,9787,501,438,9463,35944.0,6703.0,6507,927,946,-,1491,20788.0,9935.0,3981.0,4253.0,0.5044761098,0.002604442561,0.04320284635,0.002211569022,0.001933467528,0.04177261009,0.158667938,0.02958911608,0.02872391143,0.004092064837,0.004175936716,#VALUE!,0.006581735353,0.09176466434,0.04385616414,0.01757336582,0.01877405799,39.0,4024.27,4.129018169,3639485.0,1.105725123,40.68,,406.0,311.0,217.0,,,,,,,,,,,,,,,,,,,,,,,,,,,,,,,,,,,,,,,,,,,,,,,,,,,,,,,,,,,,,,,,,,,,,,,,,,,,,,,,,,,,,,,,,,,19061.5,19061500.0,1156990.0,6.069774152,,51.9,,0.08412479147,51.36,,1.78,2.64,132.18,172.7,0.0227014756,2.1289178,0.2,0.2,,0.2,,6.1,15849.92,124.5,Papua Selatan
Papua Tengah,2024,,12.98,,12.98,65729.0,101061.7608,0.6731425060166931,,0.673142506,778596.0,2.75,2.68,2.87,73.13,85.03,59.32,257024.0,97645.0,228631.0,45444.0,55.99,38.17,5.84,559524.0,14500,9455,1007,811,21170,76271.0,30072.0,10028,982,2534,547,7647,19337.0,11117.0,6399.0,7195.0,0.7186319991,0.01862326547,0.01214365345,0.001293353678,0.001041618503,0.02718996758,0.09795966072,0.03862336822,0.01287959352,0.001261244599,0.003254576186,0.0007025466352,0.009821524899,0.02483572995,0.01427826498,0.008218639705,0.009240992761,44.0,4024.27,4.129018169,5071157.0,0.7935605228,55.4,,139.0,197.0,80.0,,,,,,,,,,,,,,,,,,,,,,,,,,,,,,,,,,,,,,,,,,,,,,,,,,,,,,,,,,,,,,,,,,,,,,,,,,,,,,,,,,,,,,,,,,,105472.5,105472500.0,252680.0,0.239569556,,51.9,,0.1354649908,-,,3.27,4.6,132.18,172.7,0.0227014756,2.1289178,5460.4,5460.4,448.1,5012.3,,6.1,15849.92,124.5,Papua Tengah
Papua Pegunungan,2024,,4.24,,4.24,33706.0,42756.9232,0.8406744151244575,,0.8406744151,1008418.0,1.32,1.43,1.18,88.22,90.37,85.71,78836.0,40094.0,511493.0,59363.0,47.28,46.83,5.89,891643.0,0,1491,0,0,1374,64602.0,8091.0,2357,893,975,287,1333,24290.0,5185.0,1571.0,4326.0,0.884199806,0,0.001478553536,0,0,0.001362530221,0.06406272002,0.008023458526,0.002337324403,0.0008855454782,0.0009668609644,0.0002846042018,0.001321872477,0.02408723367,0.005141717026,0.001557885718,0.004289887725,37.0,3393.5,3.397318708,4089877.0,0.8297315543,64.85,,30.0,191.0,17.0,,,,,,,,,,,,,,,,,,,,,,,,,,,,,,,,,,,,,,,,,,,,,,,,,,,,,,,,,,,,,,,,,,,,,,,,,,,,,,,,,,,,,,,,,,,13798.8,13798800.0,117590.0,0.8521755515,,51.9,,0.01368361136,-,,5.36,4.07,132.18,172.7,0.0227014756,2.1289178,,,,0.0,,6.1,15849.92,124.5,Papua Pegunungan
Aceh,2025,429.0,36.09,,35.83296808,475304.0,924383.6361,0.586578534590318,,0.0942068141775731,2561329.0,5.64,4.48,7.52,65.32,80.68,50.01,558579.0,810299.0,295312.0,354307.0,58.75,27.42,13.83,987571.0,30091,183389,6954,4316,171426,366315.0,78245.0,158788,9446,10507,1154,36851,157655.0,190715.0,72184.0,95722.0,0.385569757,0.01174819791,0.07159915809,0.002714996785,0.001685062715,0.06692853593,0.1430175507,0.03054859411,0.0619943787,0.003687929196,0.004102167273,0.0004505473526,0.01438745276,0.06155203022,0.07445939198,0.02818224445,0.03737200492,38.0,3685.616,6.500009247,2837520.0,1.298886351,,,,,,337420.0,63910.0,1567.0,1470.0,1575.0,2.111942732,-9.382496251,5.746533746,-3.74,,0.42,-0.46,0.04,0.0,-0.11,-0.23,0.09,0.21,0.0,0.39,8.099212091,,,,,,486.0,39.83,,1.376994703,424544.0,71992.0,2701.0,1944.0,1323.0,,,,,,,,,,,,,,,,,,,,,,,,,,,,,,,,,,,,,,,,,,,,,,,,,,,,,,,,158340.4,158340400.0,6863090.0,4.334389707,,51.1,,0.06181962567,-,,6.71,3.11,135.74,176.0,2.693297019,1.910828025,,649.2,577.6,71.6,934.5,5.27,16447.52,120.9,Aceh
Sumatera Utara,2025,1969.0,42.74,,42.44177389,1291027.0,3409059.08,0.42132774533669126,,0.015942502278069925,7976273.0,5.32,5.05,5.7,72.29,84.85,59.8,1556369.0,3064187.0,1121105.0,721739.0,66.89,24.06,9.05,2594523.0,39410,720974,24326,41036,480376,1586184.0,360102.0,666398,47314,64243,13886,123341,277222.0,421703.0,133348.0,381887.0,0.3252801152,0.004940904104,0.09038983495,0.003049795312,0.005144758711,0.06022562167,0.1988628022,0.04514664932,0.08354754156,0.005931843105,0.008054262937,0.001740913331,0.01546348777,0.03475583145,0.05286967986,0.01671808375,0.04787787479,42.0,2992.559,6.499983096,2815066.0,1.063051097,,,,,,1397515.0,667358.0,9095.0,6930.0,7657.0,3.274596406,2.148113059,-4.326740092,0.09,,0.68,-1.02,0.34,0.0,-0.28,-0.37,-0.15,0.93,0.6,1.26,1.981806003,,,,,,761.0,42.65,,3.668005632,1615791.0,622009.0,17730.0,10554.0,15250.0,,,,,,,,,,,,,,,,,,,,,,,,,,,,,,,,,,,,,,,,,,,,,,,,,,,,,,,,661204.2,661204200.0,111868990.0,16.91897753,,51.1,,0.08289638532,,,4.66,2.82,135.74,176.0,2.693297019,1.910828025,,12562.2,6072.7,6489.5,5512.7,5.27,16447.52,120.9,Sumatera Utara
Sumatera Barat,2025,627.0,35.67,,35.43057843,487818.0,1076728.199,0.5106844049144493,,0.047513559687706985,3018582.0,5.62,5.18,6.24,71.34,83.21,59.4,667330.0,955224.0,402310.0,322787.0,63.15,26.16,10.69,1075246.0,49927,238583,8651,9685,144113,531878.0,96446.0,267215,20379,30630,4123,49757,139080.0,197409.0,61696.0,93764.0,0.3562089749,0.01653988528,0.07903810465,0.002865915188,0.003208460131,0.04774195301,0.176201276,0.03195076364,0.08852335302,0.006751183171,0.01014714856,0.001365873115,0.01648356745,0.04607461384,0.06539792525,0.0204387358,0.03106226698,39.0,2994.19347,6.49811613,2911450.0,1.028420021,,,,,,396055.0,201160.0,2512.0,1545.0,2491.0,3.208099966,-2.349502713,7.525530999,-1.78,,-0.86,1.28,-0.42,0.0,-0.13,0.28,-0.73,1.06,0.46,1.65,5.015775181,,,,,,671.0,37.45,,2.516813274,452601.0,220243.0,3475.0,2121.0,3188.0,,,,,,,,,,,,,,,,,,,,,,,,,,,,,,,,,,,,,,,,,,,,,,,,,,,,,,,,206137.9,206137900.0,18856050.0,9.147298968,,51.1,,0.06828964726,,,5.15,2.34,135.74,176.0,2.693297019,1.910828025,,2779.4,0.1,2779.3,1688.8,5.27,16447.52,120.9,Sumatera Barat
Riau,2025,2546.0,48.0,,47.70480421,679638.0,1541245.92,0.5130307506844682,,0.004379070112820571,3210929.0,4.16,3.81,4.8,66.55,84.68,47.68,669245.0,1324751.0,319842.0,288416.0,64.83,26.19,8.98,1104591.0,43330,260947,12309,15874,185243,586849.0,117501.0,231148,29275,31351,11262,70311,124935.0,195998.0,58785.0,131220.0,0.3440097866,0.01349453694,0.08126838058,0.003833470002,0.004943740581,0.05769140333,0.1827661091,0.03659408227,0.07198788886,0.009117299075,0.009763840932,0.003507396146,0.02189740103,0.03890930008,0.06104090125,0.01830778569,0.04086667753,40.0,3508.77622,6.50001806,3144261.0,1.115930331,,,,,,639222.0,237495.0,6094.0,3598.0,5302.0,1.632035784,-1.702681164,-7.33917578,-1.93,,1.47,-1.33,-0.14,0.0,0.46,0.6,0.18,0.22,-0.12,0.63,0.1598793594,,,,,,1153.0,49.93,,3.225982353,730554.0,304169.0,5340.0,3467.0,4807.0,,,,,,,,,,,,,,,,,,,,,,,,,,,,,,,,,,,,,,,,,,,,,,,,,,,,,,,,598610.4,598610400.0,194543850.0,32.49924325,,51.1,,0.1864290366,,,4.88,2.59,135.74,176.0,2.693297019,1.910828025,,21446.6,1638.0,19808.6,2275.3,5.27,16447.52,120.9,Riau
Jambi,2025,303.0,42.73,,42.45406772,320575.0,791301.4872,0.47893836511813787,,0.050929434899711024,1851864.0,4.26,4.04,4.63,68.37,85.6,50.63,383545.0,669345.0,230336.0,171689.0,63.69,27.04,9.27,802899.0,72649,96568,3689,5988,83322,308735.0,60787.0,103467,9788,14703,2314,20791,81848.0,106118.0,30900.0,47298.0,0.4335626158,0.03923020265,0.05214637792,0.001992046932,0.003233498788,0.04499358484,0.1667158063,0.03282476467,0.05587181348,0.005285485327,0.007939567916,0.001249551803,0.01122706635,0.04419763006,0.05730334409,0.01668589054,0.02554075245,39.0,3234.535,6.500037371,2975646.0,1.087002621,,,,,,290867.0,199805.0,1527.0,913.0,1618.0,1.014418522,1.051358659,-5.008639852,1.08,,-2.33,1.49,0.84,-1.0,-0.22,1.36,-2.99,-0.5,-0.44,-0.54,5.106353368,,,,,,323.0,41.65,,3.196971201,326890.0,207289.0,2761.0,1833.0,1895.0,,,,,,,,,,,,,,,,,,,,,,,,,,,,,,,,,,,,,,,,,,,,,,,,,,,,,,,,185582.2,185582200.0,18594590.0,10.01959778,,51.1,,0.1002137306,,,3.71,2.07,135.74,176.0,2.693297019,1.910828025,,2043.8,76.4,1967.4,1020.6,5.27,16447.52,120.9,Jambi
Sumatera Selatan,2025,1537.0,36.87,,36.61320286,720283.0,1656412.034,0.47343713746170446,,0.07155978671821278,4492574.0,3.69,3.56,3.91,69.88,84.82,54.46,928231.0,1521391.0,775858.0,403373.0,61.85,29.17,8.98,2030483.0,89197,267964,8983,14031,247680,743368.0,170452.0,234924,23241,28080,5652,52100,146765.0,207544.0,71621.0,150489.0,0.451964286,0.01985431959,0.05964598468,0.001999521878,0.003123153898,0.05513097837,0.1654659445,0.03794083303,0.05229162614,0.005173203602,0.006250314408,0.001258076105,0.01159691527,0.03266835449,0.04619712441,0.01594208576,0.03349727795,41.0,3681.571,6.500005496,3015055.0,1.221062634,,,,,,706415.0,198909.0,4741.0,3009.0,3777.0,0.278431285,-3.125670576,-4.844497754,-0.79,,-0.45,1.3,-0.85,0.0,-0.17,-0.19,-0.11,-0.94,-0.97,-0.89,4.467525052,,,,,,715.0,37.66,,1.54800283,744097.0,198806.0,6634.0,4404.0,5578.0,,,,,,,,,,,,,,,,,,,,,,,,,,,,,,,,,,,,,,,,,,,,,,,,,,,,,,,,399385.8,399385800.0,71873300.0,17.99595779,,51.1,,0.08889910328,,,2.91,2.45,135.74,176.0,2.693297019,1.910828025,,6334.3,1092.8,5241.5,2898.2,5.27,16447.52,120.9,Sumatera Selatan
Bengkulu,2025,535.0,34.83,,34.58806434,194385.0,388470.8322,0.5757218551284368,,0.07983988541551823,1115334.0,3.41,3.01,4.02,71.78,84.84,58.17,216722.0,337637.0,183071.0,108332.0,59.88,30.41,9.71,500148.0,9831,54691,2769,3596,48684,186636.0,32420.0,48118,7287,10393,1470,16681,69401.0,71580.0,18778.0,32851.0,0.4484289011,0.008814399991,0.04903553554,0.002482664386,0.00322414631,0.04364970493,0.1673364212,0.02906752596,0.04314223363,0.006533468898,0.009318284926,0.001317990844,0.01495605801,0.06222440991,0.06417808477,0.01683621229,0.02945395729,37.0,2670.03939,6.500010171,2935681.0,0.9095127809,,,,,,135765.0,48290.0,1138.0,638.0,605.0,1.280381826,2.078225194,-4.089042101,0.84,,-1.95,2.29,-0.34,-2.0,0.3,0.08,0.64,0.07,-0.26,0.43,3.402072422,,,,,,109.0,33.99,,3.671990009,174398.0,87589.0,667.0,441.0,292.0,,,,,,,,,,,,,,,,,,,,,,,,,,,,,,,,,,,,,,,,,,,,,,,,,,,,,,,,57066.8,57066800.0,3237550.0,5.673263614,,51.1,,0.05116565979,,,2.77,1.09,135.74,176.0,2.693297019,1.910828025,,6637.7,,6637.7,493.1,5.27,16447.52,120.9,Bengkulu
Lampung,2025,800.0,35.28,,35.07044319,609966.0,1712271.406,0.39931863278772023,,-0.008891536114631726,4853377.0,4.21,3.72,5.03,70.44,86.4,53.85,942056.0,1527517.0,796881.0,548051.0,58.39,30.32,11.29,1998315.0,23761,444421,5015,13164,261968,940533.0,165441.0,259874,25511,40131,7492,62206,149310.0,227540.0,55729.0,172966.0,0.4117370235,0.004895766391,0.09156943712,0.001033301143,0.002712338234,0.05397643744,0.1937893965,0.03408781144,0.05354498528,0.00525634007,0.008268675605,0.00154366743,0.01281705501,0.03076414628,0.04688281994,0.01148252032,0.03563827825,40.0,2893.07,6.12471131,2520619.0,1.14776172,,,,,,591265.0,118754.0,3129.0,1925.0,3111.0,1.374136335,14.46988108,-5.171935745,4.42,,-2.11,0.45,1.66,0.0,0.02,0.1,-0.09,0.03,0.79,-0.73,0.1124399671,,,,,,143.0,30.86,,3.524852967,710444.0,148208.0,6035.0,3129.0,4839.0,,,,,,,,,,,,,,,,,,,,,,,,,,,,,,,,,,,,,,,,,,,,,,,,,,,,,,,,296420.7,296420700.0,54750300.0,18.47047119,,51.1,,0.06107514417,,,1.25,1.52,135.74,176.0,2.693297019,1.910828025,,104.7,2054.7,-1950.0,1934.6,5.27,16447.52,120.9,Lampung
Bangka Belitung,2025,271.0,48.71,,48.3579689,160100.0,382725.6733,0.4664048662254125,,0.09840579821598905,785723.0,4.45,3.74,5.68,69.38,85.86,52.02,219045.0,343264.0,73190.0,58004.0,69.8,22.82,7.38,210661.0,104570,64977,3067,2366,34848,135783.0,17303.0,51640,7657,7989,2889,10711,49003.0,36451.0,15668.0,30140.0,0.2681110264,0.1330876148,0.08269708281,0.003903411253,0.00301123933,0.0443515081,0.1728128106,0.02202175576,0.06572290744,0.009745164645,0.01016770541,0.003676868311,0.01363203063,0.06236676284,0.04639166729,0.01994086975,0.03835957456,41.0,3876.6,6.5,3202690.0,1.210419991,,,,,,118897.0,38071.0,685.0,453.0,663.0,2.563556999,1.13788369,-3.628894214,-0.15,,-0.74,0.77,-0.03,0.0,-0.18,-0.22,-0.16,0.51,-0.34,1.45,-1.899168436,,,,,,1908.0,48.86,,4.045215078,145963.0,38625.0,2025.0,1660.0,2152.0,,,,,,,,,,,,,,,,,,,,,,,,,,,,,,,,,,,,,,,,,,,,,,,,,,,,,,,,63291.2,63291200.0,12752620.0,20.14912026,,51.1,,0.08055154297,,,2.77,1.4,135.74,176.0,2.693297019,1.910828025,,2036.7,5.9,2030.8,374.1,5.27,16447.52,120.9,Bangka Belitung
Kepulauan Riau,2025,3265.0,65.75,,65.33174104,427982.0,691673.5625,0.6576012218375811,,0.05417591759114648,1051975.0,6.45,6.4,6.54,68.23,83.94,52.12,173609.0,650823.0,81787.0,52705.0,80.29,14.7,5.01,78745.0,8113,254173,7567,4502,77538,174369.0,66713.0,114348,8137,12766,7280,32221,71273.0,63746.0,16268.0,54216.0,0.07485444046,0.00771216046,0.2416150574,0.007193136719,0.004279569381,0.07370707479,0.165753939,0.0634169063,0.1086984006,0.00773497469,0.01213526937,0.006920316547,0.03062905487,0.06775161007,0.06059649707,0.01546424582,0.05153734642,45.0,3623.654,6.500000588,4768990.0,0.7598367789,,,,,,300316.0,131492.0,3497.0,1945.0,3008.0,0.2752869876,-3.312197861,35.12035553,-2.7,,-1.99,0.89,1.1,1.0,0.06,0.38,-0.46,-0.94,-1.79,-0.03,-2.892383603,,,,,,654.0,68.45,,3.760009319,344393.0,120620.0,3245.0,1904.0,4072.0,,,,,,,,,,,,,,,,,,,,,,,,,,,,,,,,,,,,,,,,,,,,,,,,,,,,,,,,224504.7,224504700.0,94202860.0,41.9603064,,51.1,,0.2134125811,,,3.47,2.34,135.74,176.0,2.693297019,1.910828025,,23414.2,22208.1,1206.1,1918.2,5.27,16447.52,120.9,Kepulauan Riau
DKI Jakarta,2025,6311.0,63.37,,62.953256,1908442.0,3249907.637,0.6189975923716161,,0.05698283642959068,5128464.0,6.05,6.21,5.79,64.75,79.66,49.94,1211853.0,3083117.0,250615.0,165170.0,83.44,13.34,3.22,19721.0,10049,571301,9831,31603,242205,1180200.0,606435.0,649979,130027,169583,141223,234379,250963.0,269046.0,129657.0,482262.0,0.003845400884,0.001959456087,0.1113980716,0.001916948232,0.006162273928,0.04722759095,0.2301273832,0.1182488558,0.1267395072,0.02535398513,0.03306701578,0.02753709493,0.04570159798,0.04893531475,0.05246132175,0.02528183877,0.09403634305,43.0,5396.761,6.500004638,5903603.0,0.9141470048,,,,,,1724821.0,465202.0,13335.0,9137.0,16410.0,0.4050491652,0.7641179618,-11.7285516,-0.32,,1.29,-0.53,-0.76,-1.0,-0.16,-0.02,-0.38,-0.35,-0.29,-0.3,1.664611654,,,,,,17085.0,63.69,,3.378009089,1742826.0,585925.0,19662.0,12897.0,21059.0,,,,,,,,,,,,,,,,,,,,,,,,,,,,,,,,,,,,,,,,,,,,,,,,,,,,,,,,2263237.0,2263237000.0,239531410.0,10.58357609,,51.1,,0.4413089377,,,2.63,1.81,135.74,176.0,2.693297019,1.910828025,,17510.3,117396.4,-99886.1,67591.1,5.27,16447.52,120.9,DKI Jakarta
Jawa Barat,2025,18815.0,45.05,,44.75083606,5581355.0,11040336.83,0.5420600584933106,,-0.07270180097575785,24506852.0,6.77,6.92,6.51,66.99,84.41,49.27,5651481.0,10296562.0,2249203.0,2046174.0,72.08,19.57,8.35,3734138.0,132121,4589399,66802,136932,1868643,5560055.0,1250989.0,2450684,242261,339581,131996,479997,562116.0,1154462.0,327289.0,1479387.0,0.1523711817,0.005391186106,0.1872700337,0.002725849897,0.005587498549,0.07624981781,0.2268775688,0.05104649916,0.09999995103,0.009885439387,0.01385657366,0.005386085492,0.01958623653,0.02293709531,0.04710772318,0.01335499965,0.06036626002,42.0,2191.23218,6.500000243,3768080.0,0.5815248562,,,,,,4813993.0,1177080.0,32525.0,24058.0,56762.0,0.3675373539,-0.406689179,1.422080692,-0.56,,-0.68,0.06,0.62,0.0,0.02,-0.2,0.38,-0.72,-0.1,-1.32,-0.1700358564,,,,,,10661.0,45.61,,3.565001935,5119031.0,1482391.0,46884.0,33219.0,63998.0,,,,,,,,,,,,,,,,,,,,,,,,,,,,,,,,,,,,,,,,,,,,,,,,,,,,,,,,1845316.7,1845316700.0,762103150.0,41.29931464,,51.1,,0.07529799013,,,2.63,1.67,135.74,176.0,2.693297019,1.910828025,,38722.7,3557.7,35165.0,23485.6,5.27,16447.52,120.9,Jawa Barat
Jawa Tengah,2025,14700.0,41.21,,40.93533178,3665222.0,8775997.944,0.4558478692113004,,0.02231527586930715,21295797.0,4.66,4.82,4.43,74.36,85.36,63.37,4605746.0,8040450.0,2672855.0,1491409.0,68.81,24.19,7.0,5538356.0,111071,4468487,43926,73458,1803120,3831148.0,598132.0,1739284,123344,219044,27175,257898,407545.0,855436.0,273245.0,925128.0,0.2600680313,0.005215630108,0.2098295265,0.002062660533,0.003449413046,0.08467022859,0.1799016022,0.02808685676,0.08167264179,0.005791941011,0.0102857855,0.001276073396,0.01211027697,0.01913734433,0.04016924091,0.01283093561,0.04344181155,41.0,2169.349,6.500021846,2528470.0,0.8579690485,,,,,,3913043.0,959030.0,27203.0,21245.0,57470.0,2.082334579,3.051327711,0.007296102011,0.85,,-1.97,2.45,-0.48,-1.0,-0.12,-0.01,-0.28,0.62,-0.3,1.55,5.114350888,,,,,,13130.0,40.36,,4.023007322,4412360.0,872958.0,29272.0,19972.0,33392.0,,,,,,,,,,,,,,,,,,,,,,,,,,,,,,,,,,,,,,,,,,,,,,,,,,,,,,,,1219148.6,1219148600.0,389026510.0,31.90968763,,51.1,,0.05724831994,,,2.72,1.98,135.74,176.0,2.693297019,1.910828025,,12623.2,14599.1,-1975.9,17250.2,5.27,16447.52,120.9,Jawa Tengah
DI Yogyakarta,2025,1576.0,46.03,,45.68823076,447471.0,1012692.681,0.4783652638342044,,0.010559324873842035,2200071.0,3.46,3.88,2.94,74.74,83.9,65.91,454228.0,935417.0,274246.0,122390.0,67.41,27.03,5.56,401818.0,5919,396537,4415,14119,145232,422756.0,83946.0,242091,26409,32154,5657,66926,58818.0,131870.0,38501.0,122903.0,0.1826386512,0.00269036772,0.1802382741,0.002006753418,0.006417520162,0.06601241505,0.1921556168,0.03815604133,0.1100378124,0.01200370352,0.01461498288,0.002571280654,0.03041992736,0.02673459175,0.0599389747,0.01749988978,0.05586319714,40.0,2264.08095,6.499980244,2924613.0,0.7741471949,,,,,,417962.0,90568.0,2991.0,2168.0,3912.0,0.7926628974,-1.247944023,-6.871411059,-0.85,,-1.67,1.66,0.01,-1.0,-0.02,-0.18,0.16,-0.04,0.63,-0.68,3.347232578,,,,,,2699.0,46.88,,7.272019911,435353.0,94952.0,2817.0,1798.0,2725.0,,,,,,,,,,,,,,,,,,,,,,,,,,,,,,,,,,,,,,,,,,,,,,,,,,,,,,,,131435.9,131435900.0,14559810.0,11.07749861,,51.1,,0.05974166288,,,3.11,2.02,135.74,176.0,2.693297019,1.910828025,,558.7,0.1,558.6,1853.7,5.27,16447.52,120.9,DI Yogyakarta
Jawa Timur,2025,5949.0,38.27,,38.00655358,3969805.0,9108655.712,0.4810138039567692,,0.0211001968281741,23801034.0,3.88,3.9,3.86,73.98,85.89,62.29,4935172.0,8252996.0,3389318.0,1561322.0,66.6,26.84,6.56,7636387.0,99875,3558053,37633,91778,1530440,4414870.0,768449.0,1962840,138594,231017,31078,432093,463691.0,1123023.0,354531.0,926682.0,0.3208426575,0.004196246264,0.1494915305,0.001581149794,0.00385605096,0.06430140808,0.1854906808,0.03228637042,0.08246868602,0.005823024327,0.00970617495,0.001305741591,0.01815437934,0.01948196872,0.04718379042,0.01489561336,0.03893452696,41.0,2305.985,6.49999171,2899074.0,0.7954212276,,,,,,3673542.0,1097727.0,16780.0,10797.0,19828.0,1.88314682,-0.1627301109,1.031865125,-0.24,,0.23,0.27,-0.5,-1.0,-0.31,-0.56,0.06,0.53,-0.63,1.65,6.84352338,,,,,,5327.0,38.51,,6.126717276,3938403.0,1055868.0,26896.0,16371.0,24299.0,,,,,,,,,,,,,,,,,,,,,,,,,,,,,,,,,,,,,,,,,,,,,,,,,,,,,,,,2038961.6,2038961600.0,623803360.0,30.59416911,,51.1,,0.08566693363,,,2.93,1.8,135.74,176.0,2.693297019,1.910828025,,29124.0,29591.0,-467.0,18932.9,5.27,16447.52,120.9,Jawa Timur
Banten,2025,10376.0,54.88,,54.53069275,1850221.0,3158852.189,0.6138034882432521,,-0.10166929077667541,5755926.0,6.69,6.45,7.12,64.66,81.96,46.87,1021216.0,3014354.0,532666.0,383299.0,75.75,17.59,6.66,744992.0,24682,1287795,25627,35467,332770,1125890.0,382920.0,515249,58479,53001,53516,167786,162999.0,319651.0,97294.0,367808.0,0.129430434,0.004288102384,0.2237337659,0.004452281006,0.006161823484,0.05781346042,0.1956053639,0.06652622011,0.0895162655,0.0101597901,0.009208075295,0.009297548301,0.02915013153,0.02831846692,0.05553424419,0.01690327499,0.06390075202,42.0,2905.1199,6.500004399,4062488.0,0.7151085492,,,,,,1485502.0,635378.0,11526.0,8958.0,24469.0,-0.7243455976,0.7603942498,9.539174013,1.09,,-2.08,2.19,-0.11,-1.0,0.01,0.07,-0.08,-1.51,-0.99,-2.03,-7.518721681,,,,,,13042.0,53.79,,2.499995763,1592129.0,732981.0,21446.0,16134.0,48207.0,,,,,,,,,,,,,,,,,,,,,,,,,,,,,,,,,,,,,,,,,,,,,,,,,,,,,,,,560270.9,560270900.0,187979820.0,33.55159442,,51.1,,0.0973380999,,,2.74,1.73,135.74,176.0,2.693297019,1.910828025,,13012.4,13253.7,-241.3,6275.0,5.27,16447.52,120.9,Banten
Bali,2025,611.0,49.53,,49.16455042,685415.0,1338164.888,0.5511428284249673,,0.037371991864574405,2701726.0,1.49,1.51,1.48,77.31,83.84,70.84,570880.0,1243625.0,280490.0,75663.0,73.02,24.18,2.8,464171.0,4357,403820,3232,7986,206132,561652.0,120816.0,391990,13478,67987,5877,41328,108033.0,116702.0,53279.0,130886.0,0.171805357,0.001612672788,0.1494674145,0.001196272309,0.002955888199,0.076296412,0.207886366,0.04471808022,0.1450887322,0.004988662803,0.02516428387,0.002175276101,0.01529688799,0.03998666038,0.04319534994,0.01972035654,0.04844532717,42.0,2996.561,6.500011373,3639413.0,0.8233638227,,,,,,574598.0,394898.0,2205.0,1138.0,1508.0,1.362073759,1.194685189,-18.58480544,0.21,,-1.46,1.01,0.45,-1.0,-0.3,-0.43,-0.14,0.2,0.07,0.35,6.93886606,,,,,,73.0,49.32,,3.685033036,615055.0,350541.0,2072.0,1114.0,713.0,,,,,,,,,,,,,,,,,,,,,,,,,,,,,,,,,,,,,,,,,,,,,,,,,,,,,,,,177993.0,177993000.0,11456660.0,6.436578967,,51.1,,0.06588121815,,,2.91,2.42,135.74,176.0,2.693297019,1.910828025,,565.5,142.5,423.0,1346.2,5.27,16447.52,120.9,Bali
Nusa Tenggara Barat,2025,177.0,31.58,,31.38709454,450193.0,981105.0182,0.5009764853427047,,-0.026869882700742642,3106729.0,3.06,3.31,2.72,76.11,86.55,65.69,678189.0,898631.0,504087.0,433085.0,59.43,26.63,13.94,1098811.0,41371,318497,6368,24754,213551,591924.0,93062.0,178572,14988,21445,3433,34696,126391.0,197149.0,50735.0,90982.0,0.3536874314,0.0133165783,0.1025184366,0.002049744281,0.007967865881,0.06873821309,0.1905296535,0.02995497837,0.05747910423,0.004824366721,0.006902758496,0.001105020747,0.01116801626,0.040682982,0.06345870528,0.01633068092,0.02928546391,37.0,3580.16,6.499986762,2569181.0,1.393502443,,,,,,369629.0,237979.0,1591.0,850.0,454.0,0.03799650239,6.55303457,-7.708658693,2.09,,-0.03,1.32,-1.29,-2.0,0.33,0.48,0.12,-1.12,0.08,-2.35,8.628761043,,,,,,205.0,29.49,,3.381315611,465695.0,209194.0,2774.0,1134.0,385.0,,,,,,,,,,,,,,,,,,,,,,,,,,,,,,,,,,,,,,,,,,,,,,,,,,,,,,,,112939.0,112939000.0,8534850.0,7.557044068,,51.1,,0.03635302596,,,3.01,2.06,135.74,176.0,2.693297019,1.910828025,,1697.1,254.4,1442.7,1795.3,5.27,16447.52,120.9,Nusa Tenggara Barat
Nusa Tenggara Timur,2025,171.0,31.56,,31.37814495,575925.0,943356.804,0.6422272576224238,,0.040618853788402576,2989090.0,3.31,3.21,3.43,75.55,82.52,68.68,650355.0,896762.0,646932.0,341871.0,52.6,35.96,11.44,1308213.0,13246,295842,6790,9772,122647,385153.0,139272.0,57417,9375,37031,-,41856,191740.0,212886.0,82648.0,73090.0,0.4379720909,0.004434582377,0.09904391663,0.002273200539,0.003271533972,0.04106056355,0.1289440364,0.04662638962,0.0192224382,0.003138623719,0.01239747999,#VALUE!,0.014012825,0.06419196927,0.07127136524,0.02766943714,0.02446954748,39.0,2878.286,6.49999852,2674136.0,1.076342415,,,,,,389644.0,262133.0,1564.0,639.0,348.0,-1.169530316,18.21868219,-17.81870196,4.88,,2.94,0.52,-3.46,0.0,0.29,0.3,0.27,-1.95,-2.18,-1.72,12.82745829,,,,,,27.0,26.68,,3.604009313,472976.0,144916.0,2205.0,869.0,251.0,,,,,,,,,,,,,,,,,,,,,,,,,,,,,,,,,,,,,,,,,,,,,,,,,,,,,,,,82176.5,82176500.0,1114020.0,1.355643037,,51.1,,0.02749214644,,,2.39,1.85,135.74,176.0,2.693297019,1.910828025,,76.6,12.4,64.2,1738.6,5.27,16447.52,120.9,Nusa Tenggara Timur
Kalimantan Barat,2025,2577.0,43.61,,43.34853715,509473.0,1277961.395,0.43755625407949433,,0.020414859913611694,2930432.0,4.82,5.02,4.48,70.9,85.32,55.7,608707.0,1164360.0,401111.0,245948.0,61.06,30.55,8.39,1250517.0,127838,149234,6041,6619,188146,425709.0,92003.0,204053,12823,26432,5533,30760,122003.0,138147.0,51892.0,92682.0,0.426734693,0.04362428475,0.05092559732,0.0020614708,0.002258711344,0.06420418559,0.1452717552,0.0313957123,0.0696323955,0.004375805342,0.009019830523,0.00188811752,0.01049674587,0.04163311075,0.0471421961,0.01770796934,0.03162741876,40.0,3473.62104,6.5,2972111.0,1.168738664,,,,,,441279.0,146331.0,5080.0,3796.0,10239.0,2.336668738,0.2022357811,3.558482733,-0.37,,-1.86,1.72,0.14,-1.0,-0.04,-0.05,-0.02,0.46,-0.73,1.75,2.343270338,,,,,,786.0,43.98,,2.533878359,526621.0,189908.0,5308.0,2524.0,2373.0,,,,,,,,,,,,,,,,,,,,,,,,,,,,,,,,,,,,,,,,,,,,,,,,,,,,,,,,171330.7,171330700.0,25879120.0,15.1047769,,51.1,,0.05846602139,,,1.85,1.36,135.74,176.0,2.693297019,1.910828025,,2149.7,650.5,1499.2,1715.8,5.27,16447.52,120.9,Kalimantan Barat
Kalimantan Tengah,2025,479.0,49.85,,49.51519461,347262.0,706714.9755,0.5343922834728065,,-0.023480557098451982,1417683.0,3.97,3.71,4.43,68.4,85.26,50.34,294978.0,649826.0,151537.0,84575.0,68.52,25.51,5.97,468188.0,151533,78516,3890,2574,68273,233704.0,35210.0,83693,4962,11553,2336,24791,98450.0,80598.0,26030.0,43382.0,0.3302487227,0.106887788,0.05538332617,0.002743913837,0.001815638616,0.04815815665,0.1648492646,0.02483629979,0.05903505932,0.003500077239,0.008149212483,0.001647759055,0.01748698404,0.06944429749,0.05685191965,0.01836094529,0.03060063498,41.0,3496.195,6.500006702,3451676.0,1.012897792,,,,,,274646.0,134837.0,2323.0,1429.0,819.0,1.098785901,-0.8547086789,15.60209025,-0.82,,-3.61,3.53,0.08,-1.0,-0.04,0.41,-0.92,-0.31,-1.24,0.74,1.981498607,,,,,,825.0,50.67,,4.216993413,326584.0,124891.0,2663.0,1759.0,731.0,,,,,,,,,,,,,,,,,,,,,,,,,,,,,,,,,,,,,,,,,,,,,,,,,,,,,,,,124378.8,124378800.0,19200580.0,15.43718061,,51.1,,0.0877338587,,,3.13,1.63,135.74,176.0,2.693297019,1.910828025,,3538.6,37.7,3500.9,1060.6,5.27,16447.52,120.9,Kalimantan Tengah
Kalimantan Selatan,2025,2140.0,46.52,,46.22640474,513483.0,1001640.263,0.554948772263531,,0.03520680783005525,2153139.0,4.16,4.44,3.72,69.93,84.48,55.18,550339.0,925280.0,238343.0,159177.0,64.25,28.36,7.39,581351.0,94351,184076,12310,5776,109420,409401.0,105842.0,191938,14240,18871,6821,30230,115843.0,133277.0,44886.0,94506.0,0.2700016116,0.04382020854,0.08549192597,0.005717234233,0.002682595039,0.05081882777,0.1901414632,0.04915706789,0.0891433391,0.006613599958,0.008764413259,0.003167932957,0.01403996676,0.05380191432,0.06189892989,0.02084677301,0.04389219646,41.0,3579.31377,6.5,3164480.0,1.131090659,,,,,,413920.0,315619.0,3874.0,2610.0,4586.0,1.120709575,0.2247604811,-15.45872129,0.08,,-0.87,1.09,-0.22,-1.0,-0.04,-0.11,0.07,-0.29,-0.23,-0.34,-2.320191774,,,,,,864.0,46.44,,4.981012991,450288.0,254013.0,4509.0,2384.0,1333.0,,,,,,,,,,,,,,,,,,,,,,,,,,,,,,,,,,,,,,,,,,,,,,,,,,,,,,,,164958.3,164958300.0,20705640.0,12.55204497,,51.1,,0.07661293581,,,3.66,2.07,135.74,176.0,2.693297019,1.910828025,,10136.6,1522.3,8614.3,2060.0,5.27,16447.52,120.9,Kalimantan Selatan
Kalimantan Timur,2025,3917.0,56.78,,56.4095714,716729.0,1118417.804,0.6886777767955631,,0.06172275682793016,1969739.0,5.18,5.21,5.13,66.58,83.14,48.72,382250.0,1040732.0,177189.0,111542.0,74.32,20.02,5.66,352953.0,169202,140936,6450,5119,140113,375137.0,118482.0,164069,13959,27422,14371,70984,115887.0,120130.0,49495.0,85030.0,0.1791876995,0.08590072086,0.0715505963,0.003274545511,0.002598821468,0.07113277444,0.1904501053,0.06015111647,0.08329479185,0.007086725703,0.0139216414,0.007295890471,0.03603726179,0.05883368304,0.06098777554,0.02512769458,0.04316815578,44.0,3775.425,6.5,4475944.0,0.8434924566,,,,,,540462.0,328834.0,9344.0,5425.0,5116.0,-0.3393969077,-2.238111968,-1.259410752,-0.9,,-1.12,0.07,1.05,-1.0,0.04,0.49,-0.78,-0.49,-0.61,-0.35,1.708177953,,,,,,699.0,57.68,,1.721664275,609182.0,379666.0,9532.0,4955.0,2968.0,,,,,,,,,,,,,,,,,,,,,,,,,,,,,,,,,,,,,,,,,,,,,,,,,,,,,,,,596660.6,596660600.0,117780030.0,19.73987054,,51.1,,0.3029135332,,,2.68,1.5,135.74,176.0,2.693297019,1.910828025,,21190.7,5031.3,16159.4,2325.5,5.27,16447.52,120.9,Kalimantan Timur
Kalimantan Utara,2025,76.0,51.56,,51.21831598,114241.0,196222.9232,0.6313436382627149,,0.044077587498022375,380572.0,3.85,3.54,4.41,69.55,84.95,52.26,72399.0,180949.0,38981.0,17943.0,73.36,21.93,4.71,124003.0,15421,28075,1895,1758,19586,58988.0,13804.0,24864,1956,2094,1301,5769,37612.0,23350.0,9542.0,10554.0,0.3258332195,0.0405205848,0.07377053488,0.004979346878,0.004619362433,0.05146463744,0.1549982658,0.03627171731,0.06533323524,0.005139631922,0.005502243991,0.003418538411,0.01515876102,0.09883018194,0.06135501298,0.02507278518,0.02773194034,43.0,2915.0,6.515223821,3675921.0,0.7929985438,,,,,,56524.0,23153.0,287.0,129.0,45.0,0.5843625532,3.343327908,-18.94493887,1.97,,2.99,-0.97,-2.02,0.0,-0.05,-0.46,0.71,-0.8,-1.56,0.12,-1.946913089,,,,,,1413.0,49.59,,5.275998194,69647.0,77032.0,340.0,195.0,52.0,,,,,,,,,,,,,,,,,,,,,,,,,,,,,,,,,,,,,,,,,,,,,,,,,,,,,,,,76468.9,76468900.0,6744610.0,8.820069335,,51.1,,0.2009314926,,,2.57,1.53,135.74,176.0,2.693297019,1.910828025,,1404.3,896.1,508.2,,5.27,16447.52,120.9,Kalimantan Utara
Sulawesi Utara,2025,345.0,45.44,,45.16579548,311841.0,608592.9152,0.5515922079713875,,0.028787966488605266,1339333.0,5.99,5.23,7.31,67.21,83.26,50.51,330602.0,565347.0,112538.0,104009.0,69.04,23.19,7.77,305717.0,53987,154753,4829,2390,92199,235031.0,94911.0,93163,8065,21943,2061,18761,95643.0,68528.0,30342.0,57010.0,0.2282606342,0.04030887016,0.1155448272,0.003605526034,0.00178447033,0.06883948951,0.1754836176,0.07086437802,0.06955925076,0.006021654062,0.01638352822,0.001538825669,0.01400771877,0.07141091872,0.05116576684,0.02265456014,0.0425659638,40.0,3657.52737,6.5,3420935.0,1.069160148,,,,,,354129.0,147073.0,1762.0,947.0,802.0,2.565333725,4.693888889,-1.631921682,0.91,,-2.53,1.38,1.15,-1.0,0.14,-0.06,0.5,1.14,1.35,0.92,-0.93007604,,,,,,126.0,44.53,,1.452020519,404214.0,169111.0,2902.0,1328.0,581.0,,,,,,,,,,,,,,,,,,,,,,,,,,,,,,,,,,,,,,,,,,,,,,,,,,,,,,,,113659.4,113659400.0,12548920.0,11.04081141,,51.1,,0.08486268911,,,1.23,1.2,135.74,176.0,2.693297019,1.910828025,,1236.4,174.6,1061.8,1280.5,5.27,16447.52,120.9,Sulawesi Utara
Sulawesi Tengah,2025,1650.0,35.43,,35.18643813,339153.0,585603.3378,0.6449933818159689,,0.09363153590337348,1652846.0,2.92,2.69,3.29,72.4,86.02,58.05,347728.0,525824.0,262054.0,132832.0,63.18,28.78,8.04,644997.0,34398,137865,4351,3869,93150,249659.0,48675.0,84568,8239,13483,1587,18859,120565.0,100044.0,39559.0,48978.0,0.3902341779,0.02081137626,0.08341067468,0.002632429156,0.002340810941,0.05635733759,0.15104795,0.02944920458,0.05116508132,0.00498473542,0.008157444795,0.0009601620478,0.01141001642,0.07294387983,0.06052832508,0.02393386922,0.02963252475,38.0,3073.5517,6.500001386,3056120.0,1.005703866,,,,,,285996.0,154848.0,2631.0,1422.0,820.0,3.389722367,5.144401986,-2.606052047,0.86,,-4.63,5.49,-0.86,-3.0,-0.02,0.09,-0.21,1.3,0.08,2.58,6.718496669,,,,,,2055.0,34.57,,4.602398388,321716.0,140619.0,8346.0,1685.0,687.0,,,,,,,,,,,,,,,,,,,,,,,,,,,,,,,,,,,,,,,,,,,,,,,,,,,,,,,,230265.2,230265200.0,96632250.0,41.96563354,,51.1,,0.1393143705,,,3.31,2.66,135.74,176.0,2.693297019,1.910828025,,22316.0,11312.5,11003.5,1034.7,5.27,16447.52,120.9,Sulawesi Tengah
Sulawesi Selatan,2025,4297.0,39.55,,39.31093868,904832.0,1882214.954,0.5263530803771133,,0.02555920885634011,4759077.0,4.21,4.39,3.92,67.65,82.8,52.95,996654.0,1719059.0,763741.0,377502.0,62.64,29.43,7.93,1729197.0,35633,355385,13432,13441,331659,865138.0,224304.0,259766,27381,51220,10726,74853,245879.0,271454.0,110935.0,138674.0,0.3633471364,0.007487376229,0.07467519437,0.002822396023,0.002824287146,0.06968977388,0.1817869305,0.04713182829,0.05458327319,0.005753426557,0.01076259115,0.002253798373,0.01572847004,0.05166527039,0.0570392116,0.02331019229,0.02913884352,41.0,3221.731,6.499983472,3060385.0,1.052720818,,,,,,864811.0,320823.0,7673.0,4797.0,4068.0,1.669519377,2.436095835,-1.802862826,0.05,,-0.43,0.43,0.0,0.0,0.02,0.63,-0.93,0.27,0.28,0.27,2.266078232,,,,,,482.0,39.5,,1.195912155,983493.0,334857.0,9454.0,4786.0,2110.0,,,,,,,,,,,,,,,,,,,,,,,,,,,,,,,,,,,,,,,,,,,,,,,,,,,,,,,,417633.69,417633690.0,55550610.0,13.30127605,,51.1,,0.08775518656,,,2.84,2.0,135.74,176.0,2.693297019,1.910828025,,1986.1,1007.1,979.0,5318.1,5.27,16447.52,120.9,Sulawesi Selatan
Sulawesi Tenggara,2025,1409.0,38.87,,38.62088743,350316.0,557408.6271,0.6749098363182393,,0.08806573252498295,1434033.0,3.31,2.85,3.98,71.67,83.56,59.49,316133.0,519056.0,249079.0,113828.0,63.43,28.63,7.94,474782.0,36178,120604,4374,4155,86353,249071.0,52649.0,71299,7322,14504,1727,16312,129581.0,95899.0,38700.0,30523.0,0.3310816418,0.02522815026,0.08410127243,0.003050139014,0.002897422863,0.06021688483,0.1736856823,0.03671393894,0.04971921846,0.005105879711,0.01011413266,0.001204295857,0.01137491257,0.09036123994,0.0668736354,0.02698682666,0.02128472636,39.0,3104.43,6.499990737,3189724.0,0.9732597554,,,,,,229858.0,64947.0,3941.0,2102.0,1838.0,0.2197235425,4.54826527,-8.999272956,0.79,,0.29,0.38,-0.67,-1.0,0.22,0.33,0.08,-1.14,-1.47,-0.81,7.954607759,,,,,,1168.0,38.08,,1.503003616,280585.0,100032.0,4345.0,2289.0,845.0,,,,,,,,,,,,,,,,,,,,,,,,,,,,,,,,,,,,,,,,,,,,,,,,,,,,,,,,120590.2,120590200.0,12209600.0,10.12486919,,51.1,,0.08409164922,,,2.86,2.28,135.74,176.0,2.693297019,1.910828025,,3723.9,1575.9,2148.0,764.5,5.27,16447.52,120.9,Sulawesi Tenggara
Gorontalo,2025,87.0,38.86,,38.59080121,131347.0,246086.0018,0.5706099823187235,,0.052708653595247124,633263.0,3.42,3.3,3.61,69.29,85.3,53.12,153378.0,230187.0,65962.0,43206.0,70.08,23.1,6.82,185743.0,27704,53060,3962,1441,31195,101538.0,38523.0,42584,6037,8810,-,7919,51105.0,33321.0,15355.0,24922.0,0.2933313751,0.04375105611,0.0837940744,0.006256919012,0.002275673977,0.04926415663,0.1603521057,0.06083677211,0.06725003514,0.00953382637,0.01391303799,#VALUE!,0.01250594186,0.08070667494,0.05262160485,0.02424911445,0.0393576314,41.0,2602.931,6.499985475,2911813.0,0.8939210725,,,,,,94744.0,128733.0,370.0,193.0,121.0,0.170678157,2.441010761,-14.50162022,0.31,,-0.54,2.21,-1.67,-1.0,0.29,0.67,-0.29,-0.66,0.8,-2.11,11.74027467,,,,,,87.0,38.55,,3.064003775,123230.0,132629.0,505.0,250.0,167.0,,,,,,,,,,,,,,,,,,,,,,,,,,,,,,,,,,,,,,,,,,,,,,,,,,,,,,,,34834.5,34834500.0,1607630.0,4.615051171,,51.1,,0.05500795088,,,2.52,1.51,135.74,176.0,2.693297019,1.910828025,,89.8,2.3,87.5,646.8,5.27,16447.52,120.9,Gorontalo
Sulawesi Barat,2025,95.0,29.37,,29.17892325,125155.0,235087.1721,0.5889065080627326,,0.06028670314678941,800433.0,2.86,2.4,3.56,74.25,87.47,60.68,180483.0,212521.0,157647.0,90685.0,53.8,34.87,11.33,383566.0,2108,63725,1944,2043,34377,122008.0,24049.0,27101,2916,5484,-,6864,44064.0,49761.0,13504.0,16552.0,0.479417948,0.00263478263,0.0796496789,0.002429799542,0.002553539333,0.04296770516,0.152497419,0.03005877015,0.03387345544,0.003644699312,0.006854434509,#VALUE!,0.008579292208,0.05507545627,0.06219611882,0.01687860751,0.02068829322,37.0,2328.96969,6.5,2698528.0,0.8630518898,,,,,,101285.0,69942.0,604.0,282.0,182.0,5.666746314,7.558189557,3.53462713,1.45,,0.39,0.37,-0.76,0.0,0.18,0.36,-0.13,2.85,1.52,4.22,10.45462546,,,,,,14.0,27.92,,2.958200447,127900.0,55356.0,724.0,269.0,61.0,,,,,,,,,,,,,,,,,,,,,,,,,,,,,,,,,,,,,,,,,,,,,,,,,,,,,,,,39075.7,39075700.0,4670820.0,11.95325995,,51.1,,0.04881820215,,,2.48,2.38,135.74,176.0,2.693297019,1.910828025,,634.2,0.9,633.3,338.5,5.27,16447.52,120.9,Sulawesi Barat
Maluku,2025,85.0,33.94,,33.71478087,200604.0,313091.7484,0.6666578046592004,,0.023291455074507583,922486.0,6.27,5.9,6.8,66.66,77.45,55.71,278721.0,300910.0,148968.0,106001.0,61.23,27.28,11.49,282135.0,17349,120591,2494,874,34228,134765.0,66826.0,36505,3257,8900,505,8650,85265.0,72739.0,25246.0,22157.0,0.3058420399,0.01880678948,0.1307239351,0.002703564065,0.0009474398527,0.03710408613,0.1460889379,0.07244120778,0.03957241628,0.003530676888,0.009647842894,0.0005474337822,0.009376836071,0.09242958701,0.07885106115,0.027367353,0.0240187927,41.0,3141.7,6.500001864,3100805.0,1.013188511,,,,,,131913.0,36492.0,945.0,465.0,168.0,1.627496797,0.2064670818,-5.038502728,-1.02,,-2.46,3.09,-0.63,-1.0,0.16,-0.15,0.6,0.14,0.83,-0.54,6.002889367,,,,,,257.0,34.96,,4.875024308,140048.0,51589.0,1132.0,580.0,53.0,,,,,,,,,,,,,,,,,,,,,,,,,,,,,,,,,,,,,,,,,,,,,,,,,,,,,,,,38906.1,38906100.0,2574930.0,6.618319492,,51.1,,0.0421752742,,,3.58,2.55,135.74,176.0,2.693297019,1.910828025,,88.0,359.1,-271.1,492.2,5.27,16447.52,120.9,Maluku
Maluku Utara,2025,73.0,35.49,,35.25262754,150281.0,239009.5344,0.677884984054382,,0.05577434685011384,673456.0,4.55,4.19,5.15,69.57,83.85,54.29,179795.0,221691.0,110506.0,71090.0,59.56,29.88,10.56,162582.0,19579,167688,3821,1969,30379,80717.0,33754.0,24227,1430,3936,-,5912,61654.0,43906.0,15124.0,16673.0,0.2414520807,0.02907695986,0.2490350501,0.005674603587,0.002924180702,0.04511614299,0.1198735875,0.05012838772,0.03597974905,0.002123706655,0.005845391185,#VALUE!,0.008779967654,0.09156294414,0.06520521986,0.02246079682,0.02476123151,39.0,3408.0,6.5,3620219.0,0.9413795132,,,,,,129011.0,50069.0,1355.0,640.0,125.0,1.809254287,3.129361195,0.8358426864,0.25,,-3.32,1.9,1.42,-1.0,0.52,0.27,0.95,0.44,1.45,-0.69,4.727888854,,,,,,17.0,35.24,,7.500873445,144288.0,54725.0,1737.0,854.0,35.0,,,,,,,,,,,,,,,,,,,,,,,,,,,,,,,,,,,,,,,,,,,,,,,,,,,,,,,,74790.3,74790300.0,30352670.0,40.58369869,,51.1,,0.1110544713,,,1.63,1.41,135.74,176.0,2.693297019,1.910828025,,14759.9,6428.6,8331.3,513.3,5.27,16447.52,120.9,Maluku Utara
Papua Barat,2025,214.0,36.81,,36.50142281,76355.0,106131.6963,0.7483363225623083,,0.12120469915429533,288323.0,4.55,4.94,3.96,69.55,80.03,57.73,65174.0,102033.0,52445.0,28082.0,57.92,32.34,9.74,118285.0,2032,9903,607,393,15472,40407.0,13733.0,7305,736,1510,-,3971,43155.0,15041.0,7288.0,7976.0,0.4109772283,0.007060115213,0.03440763827,0.002109000952,0.001365465196,0.05375694025,0.1403927537,0.04771484361,0.02538097521,0.002557207085,0.005246443884,#VALUE!,0.01379710507,0.1499405866,0.05225944534,0.02532190929,0.027712342,37.0,3615.0,6.542882405,3765973.0,0.9599112899,,,,,,106928.0,186818.0,424.0,200.0,90.0,-0.6046670367,-1.280996933,-6.578431722,-0.32,,-4.97,6.13,-1.16,-1.0,0.42,0.88,-0.29,-1.7,-1.39,-2.07,11.00034249,,,,,,,37.13,,3.382084095,127068.0,183242.0,732.0,434.0,122.0,,,,,,,,,,,,,,,,,,,,,,,,,,,,,,,,,,,,,,,,,,,,,,,,,,,,,,,,52683.4,52683400.0,23362580.0,44.34523968,,51.1,,0.1827235427,,,2.59,0.1,135.74,176.0,2.693297019,1.910828025,,3280.4,18.1,3262.3,564.2,5.27,16447.52,120.9,Papua Barat
Papua Barat Daya,2025,,44.34,,44.34,86758.0,133845.6108,0.6700804794785054,,,301862.0,6.85,5.87,8.44,68.1,80.35,54.63,72240.0,129474.0,39549.0,22620.0,71.33,21.18,7.49,78264.0,7169,23639,1212,-,17203,53367.0,24600.0,15071,1344,3648,369,6371,30012.0,19089.0,9254.0,10562.0,0.2598630692,0.02380351558,0.07848951105,0.004024251761,#VALUE!,0.0571198045,0.1771965708,0.08168035753,0.05004084018,0.004462536607,0.01211259936,0.001225205363,0.02115388447,0.09965003619,0.06338196524,0.03072642393,0.0350694283,44.0,4285.85,6.500060881,3837947.0,1.1167038,,,,,,,,,,,1.38272683,4.508911275,-12.04687986,1.3,,4.74,1.49,-6.23,0.0,0.37,0.22,0.63,0.29,0.71,-0.09,2.637345534,,,,,,,43.04,,4.129018169,,,,,,,,,,,,,,,,,,,,,,,,,,,,,,,,,,,,,,,,,,,,,,,,,,,,,,,,,,,,,25875.2,25875200.0,5368600.0,20.74805219,,51.1,,0.08571863964,,,2.15,0.87,135.74,176.0,2.693297019,1.910828025,,29.1,0.8,28.3,,5.27,16447.52,120.9,Papua Barat Daya
Papua,2025,88.0,47.12,,46.96119042,146617.0,204508.3392,0.7493381443509726,,0.0492111497068336,434016.0,6.96,6.51,7.72,63.98,75.97,50.54,104055.0,195662.0,53297.0,37475.0,66.49,24.88,8.63,119201.0,2476,20796,2989,1635,19780,72549.0,34995.0,19434,2042,7002,-,8588,67598.0,24926.0,14208.0,15106.0,0.2750845209,0.005713956038,0.04799169215,0.006897824958,0.003773149484,0.04564703167,0.1674239889,0.08075924537,0.04484855478,0.004712398315,0.01615877228,#VALUE!,0.01981884267,0.1559983846,0.05752264467,0.03278832285,0.0348606704,41.0,4285.85,6.500060881,4426645.0,0.9681937449,,,,,,140208.0,62044.0,717.0,355.0,144.0,-5.400268531,2.987046482,-17.94023003,4.4,,-1.99,1.78,0.21,-2.0,0.48,0.79,0.04,-4.42,-3.04,-5.91,6.623135632,,,,,,,42.72,,4.129018169,210124.0,102392.0,776.0,429.0,51.0,,,,,,,,,,,,,,,,,,,,,,,,,,,,,,,,,,,,,,,,,,,,,,,,,,,,,,,,53634.7,53634700.0,1547720.0,2.885669166,,51.1,,0.1235777022,,,2.54,1.2,135.74,176.0,2.693297019,1.910828025,,93.5,8.7,84.8,1038.6,5.27,16447.52,120.9,Papua
Papua Selatan,2025,,34.12,,34.12,50921.0,74273.0984,0.7208011890438106,,,217682.0,4.04,4.59,3.17,67.37,78.24,55.32,58175.0,70645.0,35977.0,14032.0,66.86,26.69,6.45,101295.0,-,9371,-,-,8200,33621.0,6932.0,6372,-,-,-,2399,23987.0,8805.0,4812.0,7380.0,0.475175209,#VALUE!,0.04395939467,#VALUE!,#VALUE!,0.03846622947,0.1577162318,0.03251803691,0.0298910749,#VALUE!,#VALUE!,#VALUE!,0.01125371762,0.1125231032,0.04130428664,0.02257310929,0.03461960652,40.0,4285.85,6.500060881,4264963.0,1.004897346,,,,,,,,,,,-3.929633781,-1.690787643,-14.14833198,0.96,,2.78,-2.14,-0.64,1.0,-0.01,1.06,-1.67,-4.3,-4.15,-4.38,17.18589306,,,,,,,33.16,,4.129018169,,,,,,,,,,,,,,,,,,,,,,,,,,,,,,,,,,,,,,,,,,,,,,,,,,,,,,,,,,,,,19706.8,19706800.0,1192330.0,6.050348103,,51.1,,0.09053022299,,,2.95,2.89,135.74,176.0,2.693297019,1.910828025,,0.1,,0.1,,5.27,16447.52,120.9,Papua Selatan
Papua Tengah,2025,,15.28,,15.28,68356.0,120748.5192,0.5951763169351327,,,790239.0,3.62,3.69,3.54,73.89,80.58,66.09,152035.0,114850.0,312996.0,133509.0,46.15,36.96,16.89,592702.0,18087,13201,-,-,20835,37407.0,28320.0,10655,-,1034,478,7548,24852.0,10200.0,7804.0,15312.0,0.7517449124,0.0229403819,0.01674329526,#VALUE!,#VALUE!,0.0264257675,0.04744462131,0.03591925777,0.0135141134,#VALUE!,0.001311458776,0.0006062643084,0.009573395397,0.0315206707,0.01293702081,0.009898089253,0.01942075124,39.0,4285.848,6.500011182,4808336.0,0.8913370447,,,,,,,,,,,1.495383999,17.61994982,36.90007042,2.3,,-9.84,-1.21,11.05,-5.0,0.87,1.01,0.67,0.76,-4.45,6.77,-5.182663443,,,,,,,12.98,,4.129018169,,,,,,,,,,,,,,,,,,,,,,,,,,,,,,,,,,,,,,,,,,,,,,,,,,,,,,,,,,,,,82475.3,82475300.0,267780.0,0.3246790251,,51.1,,0.1043675394,,,3.28,2.5,135.74,176.0,2.693297019,1.910828025,,4352.2,296.6,4055.6,,5.27,16447.52,120.9,Papua Tengah
Papua Pegunungan,2025,,4.7,,4.7,26995.0,48880.047,0.6327200281260986,,,1040001.0,1.68,1.55,1.84,90.66,92.87,88.08,121317.0,42665.0,543706.0,55800.0,49.41,45.22,5.37,961850.0,-,-,-,-,-,40437.0,3877.0,-,-,-,-,-,18527.0,5481.0,2435.0,1761.0,0.9298914893,#VALUE!,#VALUE!,#VALUE!,#VALUE!,#VALUE!,0.03909343677,0.003748182465,#VALUE!,#VALUE!,#VALUE!,#VALUE!,#VALUE!,0.01791142031,0.005298887823,0.002354094481,0.001702488863,37.0,3614.0,6.497716222,3941546.0,0.9168991051,,,,,,,,,,,3.131935368,6.412430788,6.297837898,0.46,,2.13,-1.61,-0.52,0.0,0.36,0.12,0.66,2.44,2.5,2.37,-3.626783886,,,,,,,4.24,,3.397318708,,,,,,,,,,,,,,,,,,,,,,,,,,,,,,,,,,,,,,,,,,,,,,,,,,,,,,,,,,,,,14315.6,14315600.0,122030.0,0.8524267233,,51.1,,0.01376498676,,,3.22,4.69,135.74,176.0,2.693297019,1.910828025,,,,0.0,,5.27,16447.52,120.9,Papua Pegunungan
