province_name_original,province_std,province_code,year,month,date,quarter,phk_stock,phk_flow,ihk,inflasi_yoy,inflasi_mtm,nilai_ekspor,nilai_impor,neraca_perdagangan,npl,pmi_manufaktur_national,bi_rate_national,kurs_national,brent_oil_national,ihpb_national,phk_period_reporting_count,annual_phk,pct_pekerja_formal,tpt,tpak,proporsi_informal,ump_ribu_idr,growth_ump,kaitz_index,manufacturing_share,pdrb,fdi_idr,jumlah_penduduk_bekerja,map_skortotal,map_threshold_status,map_nonpkwtt,map_wageump,map_laborinten,map_formalgrowth,map_pdrbgrowth,map_informal,map_manufacture,annual_indicator_repeated_monthly,quarterly_indicator_repeated_monthly,map_year_used,admin_mapping_status,phk_reporting_status,baseline_merge_source,data_version,last_updated,source_file
Aceh,Aceh,11,2022,1,2022-01-01,1,,,97.64,,,31.64,0.3,31.34,607.556,53.7,3.5,14335,86.5,94.0,0,84.0,38.55,6.17,63.5,61.45,3166.46,0.04514963676500372,1.360169073,4.591250017,33457519.03,716361.0,2364666,15.0,Oranye (Risiko PHK),77.82,0.74,23.14,-1.93,4.21,61.45,7.32,True,True,2022,matched,no_data,Database Bulan + Tahun + Triwulan + MAP,baseline-v1,2026-07-03,Data untuk PHK Dashboard.xlsx; MAP_composite_all.xlsx
Aceh,Aceh,11,2022,2,2022-02-01,1,,,97.43,,,56.17,1.4,54.77,613.765,51.2,3.5,14351,97.1,94.0,0,84.0,38.55,6.17,63.5,61.45,3166.46,0.04514963676500372,1.360169073,4.591250017,33457519.03,716361.0,2364666,15.0,Oranye (Risiko PHK),77.82,0.74,23.14,-1.93,4.21,61.45,7.32,True,True,2022,matched,no_data,Database Bulan + Tahun + Triwulan + MAP,baseline-v1,2026-07-03,Data untuk PHK Dashboard.xlsx; MAP_composite_all.xlsx
Aceh,Aceh,11,2022,3,2022-03-01,1,,,97.7,,,76.24,16.1,60.14,639.58,51.3,3.5,14349,117.2,94.7,0,84.0,38.55,6.17,63.5,61.45,3166.46,0.04514963676500372,1.360169073,4.591250017,33457519.03,716361.0,2364666,15.0,Oranye (Risiko PHK),77.82,0.74,23.14,-1.93,4.21,61.45,7.32,True,True,2022,matched,no_data,Database Bulan + Tahun + Triwulan + MAP,baseline-v1,2026-07-03,Data untuk PHK Dashboard.xlsx; MAP_composite_all.xlsx
Aceh,Aceh,11,2022,4,2022-04-01,2,,,98.39,,,84.28,1.24,83.04,650.523,51.9,3.5,14369,104.6,95.6,0,84.0,38.55,6.17,63.5,61.45,3166.46,0.04514963676500372,1.360169073,4.591250017,34575835.45,674629.1,2364666,15.0,Oranye (Risiko PHK),77.82,0.74,23.14,-1.93,4.21,61.45,7.32,True,True,2022,matched,no_data,Database Bulan + Tahun + Triwulan + MAP,baseline-v1,2026-07-03,Data untuk PHK Dashboard.xlsx; MAP_composite_all.xlsx
Aceh,Aceh,11,2022,5,2022-05-01,2,,,99.19,,,45.04,34.3,10.74,639.332,50.8,3.5,14608,113.3,95.9,0,84.0,38.55,6.17,63.5,61.45,3166.46,0.04514963676500372,1.360169073,4.591250017,34575835.45,674629.1,2364666,15.0,Oranye (Risiko PHK),77.82,0.74,23.14,-1.93,4.21,61.45,7.32,True,True,2022,matched,no_data,Database Bulan + Tahun + Triwulan + MAP,baseline-v1,2026-07-03,Data untuk PHK Dashboard.xlsx; MAP_composite_all.xlsx
Aceh,Aceh,11,2022,6,2022-06-01,2,,,100.05,,,56.24,12.57,43.67,622.466,50.2,3.5,14689,122.7,96.6,0,84.0,38.55,6.17,63.5,61.45,3166.46,0.04514963676500372,1.360169073,4.591250017,34575835.45,674629.1,2364666,15.0,Oranye (Risiko PHK),77.82,0.74,23.14,-1.93,4.21,61.45,7.32,True,True,2022,matched,no_data,Database Bulan + Tahun + Triwulan + MAP,baseline-v1,2026-07-03,Data untuk PHK Dashboard.xlsx; MAP_composite_all.xlsx
Aceh,Aceh,11,2022,7,2022-07-01,3,,,101.2,,,3.0,56.61,-53.61,608.721,51.3,3.5,14984,111.9,97.0,0,84.0,38.55,6.17,63.5,61.45,3166.46,0.04514963676500372,1.360169073,4.591250017,35273304.65,305501.7,2394994,15.0,Oranye (Risiko PHK),77.82,0.74,23.14,-1.93,4.21,61.45,7.32,True,True,2022,matched,no_data,Database Bulan + Tahun + Triwulan + MAP,baseline-v1,2026-07-03,Data untuk PHK Dashboard.xlsx; MAP_composite_all.xlsx
Aceh,Aceh,11,2022,8,2022-08-01,3,,,100.69,,,61.31,3.08,58.23,621.332,51.7,3.75,14851,100.4,96.9,0,84.0,38.55,6.17,63.5,61.45,3166.46,0.04514963676500372,1.360169073,4.591250017,35273304.65,305501.7,2394994,15.0,Oranye (Risiko PHK),77.82,0.74,23.14,-1.93,4.21,61.45,7.32,True,True,2022,matched,no_data,Database Bulan + Tahun + Triwulan + MAP,baseline-v1,2026-07-03,Data untuk PHK Dashboard.xlsx; MAP_composite_all.xlsx
Aceh,Aceh,11,2022,9,2022-09-01,3,,,102.21,,,66.2,11.75,54.45,595.541,53.7,4.25,14972,89.8,97.7,0,84.0,38.55,6.17,63.5,61.45,3166.46,0.04514963676500372,1.360169073,4.591250017,35273304.65,305501.7,2394994,15.0,Oranye (Risiko PHK),77.82,0.74,23.14,-1.93,4.21,61.45,7.32,True,True,2022,matched,no_data,Database Bulan + Tahun + Triwulan + MAP,baseline-v1,2026-07-03,Data untuk PHK Dashboard.xlsx; MAP_composite_all.xlsx
Aceh,Aceh,11,2022,10,2022-10-01,4,1.0,1.0,101.52,,,69.67,29.83,39.84,562.995,51.8,4.75,15417,93.3,97.7,34,84.0,38.55,6.17,63.5,61.45,3166.46,0.04514963676500372,1.360169073,4.591250017,37665056.24,169503.1,2394994,15.0,Oranye (Risiko PHK),77.82,0.74,23.14,-1.93,4.21,61.45,7.32,True,True,2022,matched,reported,Database Bulan + Tahun + Triwulan + MAP,baseline-v1,2026-07-03,Data untuk PHK Dashboard.xlsx; MAP_composite_all.xlsx
Aceh,Aceh,11,2022,11,2022-11-01,4,1.0,0.0,101.2,,,57.59,,57.59,579.335,50.3,5.25,15659,91.4,98.0,34,84.0,38.55,6.17,63.5,61.45,3166.46,0.04514963676500372,1.360169073,4.591250017,37665056.24,169503.1,2394994,15.0,Oranye (Risiko PHK),77.82,0.74,23.14,-1.93,4.21,61.45,7.32,True,True,2022,matched,reported,Database Bulan + Tahun + Triwulan + MAP,baseline-v1,2026-07-03,Data untuk PHK Dashboard.xlsx; MAP_composite_all.xlsx
Aceh,Aceh,11,2022,12,2022-12-01,4,84.0,83.0,102.77,,,85.13,0.16,84.97,523.785,50.9,5.5,15615,80.9,98.7,34,84.0,38.55,6.17,63.5,61.45,3166.46,0.04514963676500372,1.360169073,4.591250017,37665056.24,169503.1,2394994,15.0,Oranye (Risiko PHK),77.82,0.74,23.14,-1.93,4.21,61.45,7.32,True,True,2022,matched,reported,Database Bulan + Tahun + Triwulan + MAP,baseline-v1,2026-07-03,Data untuk PHK Dashboard.xlsx; MAP_composite_all.xlsx
Aceh,Aceh,11,2023,1,2023-01-01,1,,,103.18,,,69.77,7.15,62.62,569.663,51.3,5.75,15295,82.5,99.3,8,195.0,40.14,6.03,64.77,59.86,3413.666,7.807014774,1.315716527,4.336201998,35011600.0,209560.5,2449956,12.0,Kuning (Perlu perhatian),76.15,0.76,24.53,4.13,4.23,59.86,7.19,True,True,2023,matched,no_data,Database Bulan + Tahun + Triwulan + MAP,baseline-v1,2026-07-03,Data untuk PHK Dashboard.xlsx; MAP_composite_all.xlsx
Aceh,Aceh,11,2023,2,2023-02-01,1,,0.0,103.7,,,66.82,1.66,65.16,600.704,51.2,5.75,15126,82.6,99.6,34,195.0,40.14,6.03,64.77,59.86,3413.666,7.807014774,1.315716527,4.336201998,35011600.0,209560.5,2449956,12.0,Kuning (Perlu perhatian),76.15,0.76,24.53,4.13,4.23,59.86,7.19,True,True,2023,matched,reported,Database Bulan + Tahun + Triwulan + MAP,baseline-v1,2026-07-03,Data untuk PHK Dashboard.xlsx; MAP_composite_all.xlsx
Aceh,Aceh,11,2023,3,2023-03-01,1,,0.0,103.27,,,72.04,23.23,48.81,644.337,51.9,5.75,15301,78.4,99.9,34,195.0,40.14,6.03,64.77,59.86,3413.666,7.807014774,1.315716527,4.336201998,35011600.0,209560.5,2449956,12.0,Kuning (Perlu perhatian),76.15,0.76,24.53,4.13,4.23,59.86,7.19,True,True,2023,matched,reported,Database Bulan + Tahun + Triwulan + MAP,baseline-v1,2026-07-03,Data untuk PHK Dashboard.xlsx; MAP_composite_all.xlsx
Aceh,Aceh,11,2023,4,2023-04-01,2,,0.0,103.43,,,55.41,0.01,55.4,649.108,52.7,5.75,14867,84.6,100.0,34,195.0,40.14,6.03,64.77,59.86,3413.666,7.807014774,1.315716527,4.336201998,36087660.0,2499202.2,2449956,12.0,Kuning (Perlu perhatian),76.15,0.76,24.53,4.13,4.23,59.86,7.19,True,True,2023,matched,reported,Database Bulan + Tahun + Triwulan + MAP,baseline-v1,2026-07-03,Data untuk PHK Dashboard.xlsx; MAP_composite_all.xlsx
Aceh,Aceh,11,2023,5,2023-05-01,2,,0.0,103.41,,,51.11,5.27,45.84,683.732,50.3,5.75,14811,75.5,100.2,34,195.0,40.14,6.03,64.77,59.86,3413.666,7.807014774,1.315716527,4.336201998,36087660.0,2499202.2,2449956,12.0,Kuning (Perlu perhatian),76.15,0.76,24.53,4.13,4.23,59.86,7.19,True,True,2023,matched,reported,Database Bulan + Tahun + Triwulan + MAP,baseline-v1,2026-07-03,Data untuk PHK Dashboard.xlsx; MAP_composite_all.xlsx
Aceh,Aceh,11,2023,6,2023-06-01,2,11.0,11.0,103.67,,,63.16,5.68,57.48,708.682,52.5,5.75,14932,74.8,100.3,34,195.0,40.14,6.03,64.77,59.86,3413.666,7.807014774,1.315716527,4.336201998,36087660.0,2499202.2,2449956,12.0,Kuning (Perlu perhatian),76.15,0.76,24.53,4.13,4.23,59.86,7.19,True,True,2023,matched,reported,Database Bulan + Tahun + Triwulan + MAP,baseline-v1,2026-07-03,Data untuk PHK Dashboard.xlsx; MAP_composite_all.xlsx
Aceh,Aceh,11,2023,7,2023-07-01,3,80.0,69.0,104.14,,,44.72,10.59,34.13,709.291,53.3,5.75,15040,80.1,100.5,34,195.0,40.14,6.03,64.77,59.86,3413.666,7.807014774,1.315716527,4.336201998,36621800.0,447503.4,2447345,12.0,Kuning (Perlu perhatian),76.15,0.76,24.53,4.13,4.23,59.86,7.19,True,True,2023,matched,reported,Database Bulan + Tahun + Triwulan + MAP,baseline-v1,2026-07-03,Data untuk PHK Dashboard.xlsx; MAP_composite_all.xlsx
Aceh,Aceh,11,2023,8,2023-08-01,3,95.0,15.0,104.47,,,47.24,11.2,36.04,703.102,53.9,5.75,15245,86.1,100.5,34,195.0,40.14,6.03,64.77,59.86,3413.666,7.807014774,1.315716527,4.336201998,36621800.0,447503.4,2447345,12.0,Kuning (Perlu perhatian),76.15,0.76,24.53,4.13,4.23,59.86,7.19,True,True,2023,matched,reported,Database Bulan + Tahun + Triwulan + MAP,baseline-v1,2026-07-03,Data untuk PHK Dashboard.xlsx; MAP_composite_all.xlsx
Aceh,Aceh,11,2023,9,2023-09-01,3,95.0,0.0,104.73,,,31.78,8.14,23.64,673.809,52.3,5.75,15354,"93,7",100.9,34,195.0,40.14,6.03,64.77,59.86,3413.666,7.807014774,1.315716527,4.336201998,36621800.0,447503.4,2447345,12.0,Kuning (Perlu perhatian),76.15,0.76,24.53,4.13,4.23,59.86,7.19,True,True,2023,matched,reported,Database Bulan + Tahun + Triwulan + MAP,baseline-v1,2026-07-03,Data untuk PHK Dashboard.xlsx; MAP_composite_all.xlsx
Aceh,Aceh,11,2023,10,2023-10-01,4,95.0,0.0,104.44,,,40.88,9.47,31.41,671.644,51.5,6.0,15741,90.6,101.2,34,195.0,40.14,6.03,64.77,59.86,3413.666,7.807014774,1.315716527,4.336201998,39211440.0,584278.3,2447345,12.0,Kuning (Perlu perhatian),76.15,0.76,24.53,4.13,4.23,59.86,7.19,True,True,2023,matched,reported,Database Bulan + Tahun + Triwulan + MAP,baseline-v1,2026-07-03,Data untuk PHK Dashboard.xlsx; MAP_composite_all.xlsx
Aceh,Aceh,11,2023,11,2023-11-01,4,95.0,0.0,104.97,,,24.04,26.3,-2.26,646.218,51.7,6.0,15617,82.9,101.4,34,195.0,40.14,6.03,64.77,59.86,3413.666,7.807014774,1.315716527,4.336201998,39211440.0,584278.3,2447345,12.0,Kuning (Perlu perhatian),76.15,0.76,24.53,4.13,4.23,59.86,7.19,True,True,2023,matched,reported,Database Bulan + Tahun + Triwulan + MAP,baseline-v1,2026-07-03,Data untuk PHK Dashboard.xlsx; MAP_composite_all.xlsx
Aceh,Aceh,11,2023,12,2023-12-01,4,195.0,100.0,104.93,,,42.29,39.33,2.96,605.397,52.2,6.0,15513,77.6,101.8,34,195.0,40.14,6.03,64.77,59.86,3413.666,7.807014774,1.315716527,4.336201998,39211440.0,584278.3,2447345,12.0,Kuning (Perlu perhatian),76.15,0.76,24.53,4.13,4.23,59.86,7.19,True,True,2023,matched,reported,Database Bulan + Tahun + Triwulan + MAP,baseline-v1,2026-07-03,Data untuk PHK Dashboard.xlsx; MAP_composite_all.xlsx
Aceh,Aceh,11,2024,1,2024-01-01,1,,,105.37,2.12,0.42,35.15,7.43,27.72,627.627,52.9,6.0,15611,80.1,102.1,9,486.0,39.83,5.75,65.11,,3460.672,1.376994703,1.318390413,4.265293714,36699900.0,235124.0,2455387,15.0,Oranye (Risiko PHK),82.44,0.76,24.53,-0.78,4.66,60.17,7.23,True,True,2024,matched,no_data,Database Bulan + Tahun + Triwulan + MAP,baseline-v1,2026-07-03,Data untuk PHK Dashboard.xlsx; MAP_composite_all.xlsx
Aceh,Aceh,11,2024,2,2024-02-01,1,,0.0,106.12,2.33,0.71,57.77,34.07,23.7,635.617,52.7,6.0,15665,83.5,103.0,34,486.0,39.83,5.75,65.11,,3460.672,1.376994703,1.318390413,4.265293714,36699900.0,235124.0,2455387,15.0,Oranye (Risiko PHK),82.44,0.76,24.53,-0.78,4.66,60.17,7.23,True,True,2024,matched,reported,Database Bulan + Tahun + Triwulan + MAP,baseline-v1,2026-07-03,Data untuk PHK Dashboard.xlsx; MAP_composite_all.xlsx
Aceh,Aceh,11,2024,3,2024-03-01,1,133.0,133.0,106.63,3.25,0.48,51.74,16.47,35.27,656.372,54.2,6.0,15703,85.4,103.5,34,486.0,39.83,5.75,65.11,,3460.672,1.376994703,1.318390413,4.265293714,36699900.0,235124.0,2455387,15.0,Oranye (Risiko PHK),82.44,0.76,24.53,-0.78,4.66,60.17,7.23,True,True,2024,matched,reported,Database Bulan + Tahun + Triwulan + MAP,baseline-v1,2026-07-03,Data untuk PHK Dashboard.xlsx; MAP_composite_all.xlsx
Aceh,Aceh,11,2024,4,2024-04-01,2,181.0,48.0,106.68,3.14,0.05,58.31,49.81,8.5,689.766,52.9,6.25,16100,89.9,103.4,34,486.0,39.83,5.75,65.11,,3460.672,1.376994703,1.318390413,4.265293714,37724760.0,139131.4,2455387,15.0,Oranye (Risiko PHK),82.44,0.76,24.53,-0.78,4.66,60.17,7.23,True,True,2024,matched,reported,Database Bulan + Tahun + Triwulan + MAP,baseline-v1,2026-07-03,Data untuk PHK Dashboard.xlsx; MAP_composite_all.xlsx
Aceh,Aceh,11,2024,5,2024-05-01,2,198.0,17.0,106.84,3.32,0.15,41.02,37.82,3.2,678.92,52.1,6.25,16084,81.7,103.3,34,486.0,39.83,5.75,65.11,,3460.672,1.376994703,1.318390413,4.265293714,37724760.0,139131.4,2455387,15.0,Oranye (Risiko PHK),82.44,0.76,24.53,-0.78,4.66,60.17,7.23,True,True,2024,matched,reported,Database Bulan + Tahun + Triwulan + MAP,baseline-v1,2026-07-03,Data untuk PHK Dashboard.xlsx; MAP_composite_all.xlsx
Aceh,Aceh,11,2024,6,2024-06-01,2,203.0,5.0,106.87,3.09,0.03,71.7,41.59,30.11,657.753,50.7,6.25,16329,82.2,103.3,34,486.0,39.83,5.75,65.11,,3460.672,1.376994703,1.318390413,4.265293714,37724760.0,139131.4,2455387,15.0,Oranye (Risiko PHK),82.44,0.76,24.53,-0.78,4.66,60.17,7.23,True,True,2024,matched,reported,Database Bulan + Tahun + Triwulan + MAP,baseline-v1,2026-07-03,Data untuk PHK Dashboard.xlsx; MAP_composite_all.xlsx
Aceh,Aceh,11,2024,7,2024-07-01,3,225.0,22.0,106.75,2.51,-0.11,70.29,55.11,15.18,670.638,49.3,6.25,16262,85.2,103.2,34,486.0,39.83,5.75,65.11,,3460.672,1.376994703,1.318390413,4.265293714,38501180.0,158116.5,2508354,15.0,Oranye (Risiko PHK),82.44,0.76,24.53,-0.78,4.66,60.17,7.23,True,True,2024,matched,reported,Database Bulan + Tahun + Triwulan + MAP,baseline-v1,2026-07-03,Data untuk PHK Dashboard.xlsx; MAP_composite_all.xlsx
Aceh,Aceh,11,2024,8,2024-08-01,3,228.0,3.0,106.86,2.29,0.1,59.29,23.14,36.15,696.885,48.9,6.25,15793,80.4,103.1,34,486.0,39.83,5.75,65.11,,3460.672,1.376994703,1.318390413,4.265293714,38501180.0,158116.5,2508354,15.0,Oranye (Risiko PHK),82.44,0.76,24.53,-0.78,4.66,60.17,7.23,True,True,2024,matched,reported,Database Bulan + Tahun + Triwulan + MAP,baseline-v1,2026-07-03,Data untuk PHK Dashboard.xlsx; MAP_composite_all.xlsx
Aceh,Aceh,11,2024,9,2024-09-01,3,311.0,83.0,106.3,1.5,-0.52,58.25,46.09,12.16,697.438,49.2,6.0,15341,74,102.9,34,486.0,39.83,5.75,65.11,,3460.672,1.376994703,1.318390413,4.265293714,38501180.0,158116.5,2508354,15.0,Oranye (Risiko PHK),82.44,0.76,24.53,-0.78,4.66,60.17,7.23,True,True,2024,matched,reported,Database Bulan + Tahun + Triwulan + MAP,baseline-v1,2026-07-03,Data untuk PHK Dashboard.xlsx; MAP_composite_all.xlsx
Aceh,Aceh,11,2024,10,2024-10-01,4,465.0,154.0,106.21,1.69,-0.08,61.14,63.18,-2.04,750.511,49.2,6.0,15541,75.6,102.8,34,486.0,39.83,5.75,65.11,,3460.672,1.376994703,1.318390413,4.265293714,40854650.0,680511.9,2508354,15.0,Oranye (Risiko PHK),82.44,0.76,24.53,-0.78,4.66,60.17,7.23,True,True,2024,matched,reported,Database Bulan + Tahun + Triwulan + MAP,baseline-v1,2026-07-03,Data untuk PHK Dashboard.xlsx; MAP_composite_all.xlsx
Aceh,Aceh,11,2024,11,2024-11-01,4,481.0,16.0,106.6,1.55,0.37,56.41,80.89,-24.48,776.938,49.6,6.0,15812,74.3,103.0,34,486.0,39.83,5.75,65.11,,3460.672,1.376994703,1.318390413,4.265293714,40854650.0,680511.9,2508354,15.0,Oranye (Risiko PHK),82.44,0.76,24.53,-0.78,4.66,60.17,7.23,True,True,2024,matched,reported,Database Bulan + Tahun + Triwulan + MAP,baseline-v1,2026-07-03,Data untuk PHK Dashboard.xlsx; MAP_composite_all.xlsx
Aceh,Aceh,11,2024,12,2024-12-01,4,486.0,5.0,107.21,2.17,0.57,71.19,14.16,57.03,787.209,51.2,6.0,16024,73.9,103.4,34,486.0,39.83,5.75,65.11,,3460.672,1.376994703,1.318390413,4.265293714,40854650.0,680511.9,2508354,15.0,Oranye (Risiko PHK),82.44,0.76,24.53,-0.78,4.66,60.17,7.23,True,True,2024,matched,reported,Database Bulan + Tahun + Triwulan + MAP,baseline-v1,2026-07-03,Data untuk PHK Dashboard.xlsx; MAP_composite_all.xlsx
Aceh,Aceh,11,2025,1,2025-01-01,1,26.0,26.0,107.07,1.61,-0.13,50.85,75.82,-24.97,833.668,51.9,5.75,16262,79.3,104.2,34,429.0,36.09,5.64,65.32,,3685.616,6.500009247,1.298886351,4.334389707,38383890.0,168747.4,2555818,15.0,Oranye (Risiko PHK),82.44,0.76,24.53,-0.78,4.66,60.17,7.23,True,True,2024,matched,reported,Database Bulan + Tahun + Triwulan + MAP,baseline-v1,2026-07-03,Data untuk PHK Dashboard.xlsx; MAP_composite_all.xlsx
Aceh,Aceh,11,2025,2,2025-02-01,1,112.0,86.0,106.56,0.41,-0.48,53.94,73.16,-19.22,859.663,53.6,5.75,16338,75.4,104.3,34,429.0,36.09,5.64,65.32,,3685.616,6.500009247,1.298886351,4.334389707,38383890.0,168747.4,2555818,15.0,Oranye (Risiko PHK),82.44,0.76,24.53,-0.78,4.66,60.17,7.23,True,True,2024,matched,reported,Database Bulan + Tahun + Triwulan + MAP,baseline-v1,2026-07-03,Data untuk PHK Dashboard.xlsx; MAP_composite_all.xlsx
Aceh,Aceh,11,2025,3,2025-03-01,1,146.0,34.0,108.26,1.53,1.6,57.03,30.71,26.32,866.624,52.4,5.75,16456,72.7,105.1,34,429.0,36.09,5.64,65.32,,3685.616,6.500009247,1.298886351,4.334389707,38383890.0,168747.4,2555818,15.0,Oranye (Risiko PHK),82.44,0.76,24.53,-0.78,4.66,60.17,7.23,True,True,2024,matched,reported,Database Bulan + Tahun + Triwulan + MAP,baseline-v1,2026-07-03,Data untuk PHK Dashboard.xlsx; MAP_composite_all.xlsx
Aceh,Aceh,11,2025,4,2025-04-01,2,229.0,83.0,110.0,3.11,1.61,52.99,50.81,2.18,884.35,46.7,5.75,16820,68.1,105.1,34,429.0,36.09,5.64,65.32,,3685.616,6.500009247,1.298886351,4.334389707,39541330.0,69771.3,2555818,15.0,Oranye (Risiko PHK),82.44,0.76,24.53,-0.78,4.66,60.17,7.23,True,True,2024,matched,reported,Database Bulan + Tahun + Triwulan + MAP,baseline-v1,2026-07-03,Data untuk PHK Dashboard.xlsx; MAP_composite_all.xlsx
Aceh,Aceh,11,2025,5,2025-05-01,2,279.0,50.0,109.35,2.35,-0.59,50.3,59.6,-9.3,933.98,47.4,5.5,16441,64.5,104.6,34,429.0,36.09,5.64,65.32,,3685.616,6.500009247,1.298886351,4.334389707,39541330.0,69771.3,2555818,15.0,Oranye (Risiko PHK),82.44,0.76,24.53,-0.78,4.66,60.17,7.23,True,True,2024,matched,reported,Database Bulan + Tahun + Triwulan + MAP,baseline-v1,2026-07-03,Data untuk PHK Dashboard.xlsx; MAP_composite_all.xlsx
Aceh,Aceh,11,2025,6,2025-06-01,2,300.0,21.0,109.21,2.19,-0.13,48.71,21.17,27.54,926.82,46.9,5.5,16311,71.4,104.7,34,429.0,36.09,5.64,65.32,,3685.616,6.500009247,1.298886351,4.334389707,39541330.0,69771.3,2555818,15.0,Oranye (Risiko PHK),82.44,0.76,24.53,-0.78,4.66,60.17,7.23,True,True,2024,matched,reported,Database Bulan + Tahun + Triwulan + MAP,baseline-v1,2026-07-03,Data untuk PHK Dashboard.xlsx; MAP_composite_all.xlsx
Aceh,Aceh,11,2025,7,2025-07-01,3,311.0,11.0,109.95,3.0,0.68,61.35,52.22,9.13,940.965,49.2,5.25,16276,71,105.2,34,429.0,36.09,5.64,65.32,,3685.616,6.500009247,1.298886351,4.334389707,40216740.0,189893.0,2561329,15.0,Oranye (Risiko PHK),82.44,0.76,24.53,-0.78,4.66,60.17,7.23,True,True,2024,matched,reported,Database Bulan + Tahun + Triwulan + MAP,baseline-v1,2026-07-03,Data untuk PHK Dashboard.xlsx; MAP_composite_all.xlsx
Aceh,Aceh,11,2025,8,2025-08-01,3,335.0,24.0,110.81,3.7,0.78,57.13,29.9,27.23,964.747,51.5,5.0,16309,67.9,105.2,34,429.0,36.09,5.64,65.32,,3685.616,6.500009247,1.298886351,4.334389707,40216740.0,189893.0,2561329,15.0,Oranye (Risiko PHK),82.44,0.76,24.53,-0.78,4.66,60.17,7.23,True,True,2024,matched,reported,Database Bulan + Tahun + Triwulan + MAP,baseline-v1,2026-07-03,Data untuk PHK Dashboard.xlsx; MAP_composite_all.xlsx
Aceh,Aceh,11,2025,9,2025-09-01,3,379.0,44.0,111.03,4.45,0.2,50.44,47.32,3.12,941.554,50.4,4.75,16512,68,105.3,34,429.0,36.09,5.64,65.32,,3685.616,6.500009247,1.298886351,4.334389707,40216740.0,189893.0,2561329,15.0,Oranye (Risiko PHK),82.44,0.76,24.53,-0.78,4.66,60.17,7.23,True,True,2024,matched,reported,Database Bulan + Tahun + Triwulan + MAP,baseline-v1,2026-07-03,Data untuk PHK Dashboard.xlsx; MAP_composite_all.xlsx
Aceh,Aceh,11,2025,10,2025-10-01,4,419.0,40.0,111.16,4.66,0.12,48.5,60.07,-11.57,989.536,51.2,4.75,16607,64.5,105.5,34,429.0,36.09,5.64,65.32,,3685.616,6.500009247,1.298886351,4.334389707,40198420.0,126578.6,2561329,15.0,Oranye (Risiko PHK),82.44,0.76,24.53,-0.78,4.66,60.17,7.23,True,True,2024,matched,reported,Database Bulan + Tahun + Triwulan + MAP,baseline-v1,2026-07-03,Data untuk PHK Dashboard.xlsx; MAP_composite_all.xlsx
Aceh,Aceh,11,2025,11,2025-11-01,4,428.0,9.0,110.42,3.58,-0.67,58.28,23.64,34.64,1025.639,53.3,4.75,16703,63.8,105.4,34,429.0,36.09,5.64,65.32,,3685.616,6.500009247,1.298886351,4.334389707,40198420.0,126578.6,2561329,15.0,Oranye (Risiko PHK),82.44,0.76,24.53,-0.78,4.66,60.17,7.23,True,True,2024,matched,reported,Database Bulan + Tahun + Triwulan + MAP,baseline-v1,2026-07-03,Data untuk PHK Dashboard.xlsx; MAP_composite_all.xlsx
Aceh,Aceh,11,2025,12,2025-12-01,4,429.0,1.0,114.4,6.71,3.6,59.69,53.16,6.53,1046.821,51.2,4.75,16699,62.5,106.3,27,429.0,36.09,5.64,65.32,,3685.616,6.500009247,1.298886351,4.334389707,40198420.0,126578.6,2561329,15.0,Oranye (Risiko PHK),82.44,0.76,24.53,-0.78,4.66,60.17,7.23,True,True,2024,matched,reported,Database Bulan + Tahun + Triwulan + MAP,baseline-v1,2026-07-03,Data untuk PHK Dashboard.xlsx; MAP_composite_all.xlsx
Bali,Bali,51,2022,1,2022-01-01,1,,,97.72,,,43.75,1.7,42.05,2220.277,53.7,3.5,14335,86.5,94.0,0,706.0,46.57,4.8,76.86,53.43,2516.971,0.9210505212510043,0.8382822642,6.789330893,35331596.52,1017279.9,2553057,12.0,Kuning (Perlu perhatian),83.05,1.19,39.59,8.54,4.84,53.43,15.48,True,True,2022,matched,no_data,Database Bulan + Tahun + Triwulan + MAP,baseline-v1,2026-07-03,Data untuk PHK Dashboard.xlsx; MAP_composite_all.xlsx
Bali,Bali,51,2022,2,2022-02-01,1,,,97.29,,,45.44,1.52,43.92,2464.827,51.2,3.5,14351,97.1,94.0,0,706.0,46.57,4.8,76.86,53.43,2516.971,0.9210505212510043,0.8382822642,6.789330893,35331596.52,1017279.9,2553057,12.0,Kuning (Perlu perhatian),83.05,1.19,39.59,8.54,4.84,53.43,15.48,True,True,2022,matched,no_data,Database Bulan + Tahun + Triwulan + MAP,baseline-v1,2026-07-03,Data untuk PHK Dashboard.xlsx; MAP_composite_all.xlsx
Bali,Bali,51,2022,3,2022-03-01,1,,,97.94,,,51.88,4.42,47.46,2341.155,51.3,3.5,14349,117.2,94.7,0,706.0,46.57,4.8,76.86,53.43,2516.971,0.9210505212510043,0.8382822642,6.789330893,35331596.52,1017279.9,2553057,12.0,Kuning (Perlu perhatian),83.05,1.19,39.59,8.54,4.84,53.43,15.48,True,True,2022,matched,no_data,Database Bulan + Tahun + Triwulan + MAP,baseline-v1,2026-07-03,Data untuk PHK Dashboard.xlsx; MAP_composite_all.xlsx
Bali,Bali,51,2022,4,2022-04-01,2,,,98.92,,,60.66,3.38,57.28,2429.807,51.9,3.5,14369,104.6,95.6,0,706.0,46.57,4.8,76.86,53.43,2516.971,0.9210505212510043,0.8382822642,6.789330893,37967657.74,2190825.7,2553057,12.0,Kuning (Perlu perhatian),83.05,1.19,39.59,8.54,4.84,53.43,15.48,True,True,2022,matched,no_data,Database Bulan + Tahun + Triwulan + MAP,baseline-v1,2026-07-03,Data untuk PHK Dashboard.xlsx; MAP_composite_all.xlsx
Bali,Bali,51,2022,5,2022-05-01,2,,,99.2,,,47.76,5.44,42.32,2522.772,50.8,3.5,14608,113.3,95.9,0,706.0,46.57,4.8,76.86,53.43,2516.971,0.9210505212510043,0.8382822642,6.789330893,37967657.74,2190825.7,2553057,12.0,Kuning (Perlu perhatian),83.05,1.19,39.59,8.54,4.84,53.43,15.48,True,True,2022,matched,no_data,Database Bulan + Tahun + Triwulan + MAP,baseline-v1,2026-07-03,Data untuk PHK Dashboard.xlsx; MAP_composite_all.xlsx
Bali,Bali,51,2022,6,2022-06-01,2,,,100.07,,,49.93,8.93,41,2506.636,50.2,3.5,14689,122.7,96.6,0,706.0,46.57,4.8,76.86,53.43,2516.971,0.9210505212510043,0.8382822642,6.789330893,37967657.74,2190825.7,2553057,12.0,Kuning (Perlu perhatian),83.05,1.19,39.59,8.54,4.84,53.43,15.48,True,True,2022,matched,no_data,Database Bulan + Tahun + Triwulan + MAP,baseline-v1,2026-07-03,Data untuk PHK Dashboard.xlsx; MAP_composite_all.xlsx
Bali,Bali,51,2022,7,2022-07-01,3,96.0,,101.12,,,7.3,50.1,-42.8,2725.815,51.3,3.5,14984,111.9,97.0,0,706.0,46.57,4.8,76.86,53.43,2516.971,0.9210505212510043,0.8382822642,6.789330893,38172181.38,1534396.6,2607070,12.0,Kuning (Perlu perhatian),83.05,1.19,39.59,8.54,4.84,53.43,15.48,True,True,2022,matched,reported,Database Bulan + Tahun + Triwulan + MAP,baseline-v1,2026-07-03,Data untuk PHK Dashboard.xlsx; MAP_composite_all.xlsx
Bali,Bali,51,2022,8,2022-08-01,3,,,100.61,,,50.8,7.28,43.52,2526.302,51.7,3.75,14851,100.4,96.9,0,706.0,46.57,4.8,76.86,53.43,2516.971,0.9210505212510043,0.8382822642,6.789330893,38172181.38,1534396.6,2607070,12.0,Kuning (Perlu perhatian),83.05,1.19,39.59,8.54,4.84,53.43,15.48,True,True,2022,matched,no_data,Database Bulan + Tahun + Triwulan + MAP,baseline-v1,2026-07-03,Data untuk PHK Dashboard.xlsx; MAP_composite_all.xlsx
Bali,Bali,51,2022,9,2022-09-01,3,96.0,,101.62,,,55.33,9.83,45.5,2423.785,53.7,4.25,14972,89.8,97.7,0,706.0,46.57,4.8,76.86,53.43,2516.971,0.9210505212510043,0.8382822642,6.789330893,38172181.38,1534396.6,2607070,12.0,Kuning (Perlu perhatian),83.05,1.19,39.59,8.54,4.84,53.43,15.48,True,True,2022,matched,reported,Database Bulan + Tahun + Triwulan + MAP,baseline-v1,2026-07-03,Data untuk PHK Dashboard.xlsx; MAP_composite_all.xlsx
Bali,Bali,51,2022,10,2022-10-01,4,96.0,0.0,101.53,,,52.96,7.46,45.5,2359.257,51.8,4.75,15417,93.3,97.7,34,706.0,46.57,4.8,76.86,53.43,2516.971,0.9210505212510043,0.8382822642,6.789330893,39359339.18,1951184.9,2607070,12.0,Kuning (Perlu perhatian),83.05,1.19,39.59,8.54,4.84,53.43,15.48,True,True,2022,matched,reported,Database Bulan + Tahun + Triwulan + MAP,baseline-v1,2026-07-03,Data untuk PHK Dashboard.xlsx; MAP_composite_all.xlsx
Bali,Bali,51,2022,11,2022-11-01,4,706.0,610.0,101.74,,,52.73,7.8,44.93,2273.647,50.3,5.25,15659,91.4,98.0,34,706.0,46.57,4.8,76.86,53.43,2516.971,0.9210505212510043,0.8382822642,6.789330893,39359339.18,1951184.9,2607070,12.0,Kuning (Perlu perhatian),83.05,1.19,39.59,8.54,4.84,53.43,15.48,True,True,2022,matched,reported,Database Bulan + Tahun + Triwulan + MAP,baseline-v1,2026-07-03,Data untuk PHK Dashboard.xlsx; MAP_composite_all.xlsx
Bali,Bali,51,2022,12,2022-12-01,4,706.0,0.0,102.26,,,56.17,7.82,48.35,2083.129,50.9,5.5,15615,80.9,98.7,34,706.0,46.57,4.8,76.86,53.43,2516.971,0.9210505212510043,0.8382822642,6.789330893,39359339.18,1951184.9,2607070,12.0,Kuning (Perlu perhatian),83.05,1.19,39.59,8.54,4.84,53.43,15.48,True,True,2022,matched,reported,Database Bulan + Tahun + Triwulan + MAP,baseline-v1,2026-07-03,Data untuk PHK Dashboard.xlsx; MAP_composite_all.xlsx
Bali,Bali,51,2023,1,2023-01-01,1,,,102.63,,,41.95,6.6,35.35,2195.494,51.3,5.75,15295,82.5,99.3,8,145.0,47.65,2.69,77.08,52.35,2713.67228,7.814999855,0.8026621431,6.571257642,37482210.0,2743422.3,2624806,12.0,Kuning (Perlu perhatian),81.85,1.25,40.58,2.33,5.71,52.35,14.68,True,True,2023,matched,no_data,Database Bulan + Tahun + Triwulan + MAP,baseline-v1,2026-07-03,Data untuk PHK Dashboard.xlsx; MAP_composite_all.xlsx
Bali,Bali,51,2023,2,2023-02-01,1,,0.0,102.88,,,49.6,7.39,42.21,2083.541,51.2,5.75,15126,82.6,99.6,34,145.0,47.65,2.69,77.08,52.35,2713.67228,7.814999855,0.8026621431,6.571257642,37482210.0,2743422.3,2624806,12.0,Kuning (Perlu perhatian),81.85,1.25,40.58,2.33,5.71,52.35,14.68,True,True,2023,matched,reported,Database Bulan + Tahun + Triwulan + MAP,baseline-v1,2026-07-03,Data untuk PHK Dashboard.xlsx; MAP_composite_all.xlsx
Bali,Bali,51,2023,3,2023-03-01,1,,0.0,103.15,,,51.88,10.06,41.82,2057.517,51.9,5.75,15301,78.4,99.9,34,145.0,47.65,2.69,77.08,52.35,2713.67228,7.814999855,0.8026621431,6.571257642,37482210.0,2743422.3,2624806,12.0,Kuning (Perlu perhatian),81.85,1.25,40.58,2.33,5.71,52.35,14.68,True,True,2023,matched,reported,Database Bulan + Tahun + Triwulan + MAP,baseline-v1,2026-07-03,Data untuk PHK Dashboard.xlsx; MAP_composite_all.xlsx
Bali,Bali,51,2023,4,2023-04-01,2,,0.0,103.13,,,43.84,9.35,34.49,2083.283,52.7,5.75,14867,84.6,100.0,34,145.0,47.65,2.69,77.08,52.35,2713.67228,7.814999855,0.8026621431,6.571257642,40087650.0,2893439.3,2624806,12.0,Kuning (Perlu perhatian),81.85,1.25,40.58,2.33,5.71,52.35,14.68,True,True,2023,matched,reported,Database Bulan + Tahun + Triwulan + MAP,baseline-v1,2026-07-03,Data untuk PHK Dashboard.xlsx; MAP_composite_all.xlsx
Bali,Bali,51,2023,5,2023-05-01,2,,0.0,103.51,,,49.67,11.07,38.6,2034.268,50.3,5.75,14811,75.5,100.2,34,145.0,47.65,2.69,77.08,52.35,2713.67228,7.814999855,0.8026621431,6.571257642,40087650.0,2893439.3,2624806,12.0,Kuning (Perlu perhatian),81.85,1.25,40.58,2.33,5.71,52.35,14.68,True,True,2023,matched,reported,Database Bulan + Tahun + Triwulan + MAP,baseline-v1,2026-07-03,Data untuk PHK Dashboard.xlsx; MAP_composite_all.xlsx
Bali,Bali,51,2023,6,2023-06-01,2,62.0,62.0,103.77,,,47.58,8.77,38.81,1726.378,52.5,5.75,14932,74.8,100.3,34,145.0,47.65,2.69,77.08,52.35,2713.67228,7.814999855,0.8026621431,6.571257642,40087650.0,2893439.3,2624806,12.0,Kuning (Perlu perhatian),81.85,1.25,40.58,2.33,5.71,52.35,14.68,True,True,2023,matched,reported,Database Bulan + Tahun + Triwulan + MAP,baseline-v1,2026-07-03,Data untuk PHK Dashboard.xlsx; MAP_composite_all.xlsx
Bali,Bali,51,2023,7,2023-07-01,3,79.0,17.0,104.06,,,47.8,9.18,38.62,1812.766,53.3,5.75,15040,80.1,100.5,34,145.0,47.65,2.69,77.08,52.35,2713.67228,7.814999855,0.8026621431,6.571257642,40226040.0,3590921.4,2617816,12.0,Kuning (Perlu perhatian),81.85,1.25,40.58,2.33,5.71,52.35,14.68,True,True,2023,matched,reported,Database Bulan + Tahun + Triwulan + MAP,baseline-v1,2026-07-03,Data untuk PHK Dashboard.xlsx; MAP_composite_all.xlsx
Bali,Bali,51,2023,8,2023-08-01,3,79.0,0.0,104.38,,,44.35,9.84,34.51,1773.281,53.9,5.75,15245,86.1,100.5,34,145.0,47.65,2.69,77.08,52.35,2713.67228,7.814999855,0.8026621431,6.571257642,40226040.0,3590921.4,2617816,12.0,Kuning (Perlu perhatian),81.85,1.25,40.58,2.33,5.71,52.35,14.68,True,True,2023,matched,reported,Database Bulan + Tahun + Triwulan + MAP,baseline-v1,2026-07-03,Data untuk PHK Dashboard.xlsx; MAP_composite_all.xlsx
Bali,Bali,51,2023,9,2023-09-01,3,80.0,1.0,104.16,,,46.55,9.45,37.1,1699.341,52.3,5.75,15354,"93,7",100.9,34,145.0,47.65,2.69,77.08,52.35,2713.67228,7.814999855,0.8026621431,6.571257642,40226040.0,3590921.4,2617816,12.0,Kuning (Perlu perhatian),81.85,1.25,40.58,2.33,5.71,52.35,14.68,True,True,2023,matched,reported,Database Bulan + Tahun + Triwulan + MAP,baseline-v1,2026-07-03,Data untuk PHK Dashboard.xlsx; MAP_composite_all.xlsx
Bali,Bali,51,2023,10,2023-10-01,4,90.0,10.0,104.39,,,54.43,11.49,42.94,1698.207,51.5,6.0,15741,90.6,101.2,34,145.0,47.65,2.69,77.08,52.35,2713.67228,7.814999855,0.8026621431,6.571257642,41668400.0,3091246.2,2617816,12.0,Kuning (Perlu perhatian),81.85,1.25,40.58,2.33,5.71,52.35,14.68,True,True,2023,matched,reported,Database Bulan + Tahun + Triwulan + MAP,baseline-v1,2026-07-03,Data untuk PHK Dashboard.xlsx; MAP_composite_all.xlsx
Bali,Bali,51,2023,11,2023-11-01,4,92.0,2.0,104.92,,,55.93,10.38,45.55,1660.141,51.7,6.0,15617,82.9,101.4,34,145.0,47.65,2.69,77.08,52.35,2713.67228,7.814999855,0.8026621431,6.571257642,41668400.0,3091246.2,2617816,12.0,Kuning (Perlu perhatian),81.85,1.25,40.58,2.33,5.71,52.35,14.68,True,True,2023,matched,reported,Database Bulan + Tahun + Triwulan + MAP,baseline-v1,2026-07-03,Data untuk PHK Dashboard.xlsx; MAP_composite_all.xlsx
Bali,Bali,51,2023,12,2023-12-01,4,145.0,53.0,105.4,,,47.43,9.64,37.79,1466.399,52.2,6.0,15513,77.6,101.8,34,145.0,47.65,2.69,77.08,52.35,2713.67228,7.814999855,0.8026621431,6.571257642,41668400.0,3091246.2,2617816,12.0,Kuning (Perlu perhatian),81.85,1.25,40.58,2.33,5.71,52.35,14.68,True,True,2023,matched,reported,Database Bulan + Tahun + Triwulan + MAP,baseline-v1,2026-07-03,Data untuk PHK Dashboard.xlsx; MAP_composite_all.xlsx
Bali,Bali,51,2024,1,2024-01-01,1,1.0,1.0,105.31,2.61,-0.09,65.26,10.97,54.29,1528.488,52.9,6.0,15611,80.1,102.1,9,73.0,49.32,1.79,77.11,,2813.672,3.685033036,0.8267566587,6.553112479,39719300.0,7823653.8,2662802,12.0,Kuning (Perlu perhatian),81.99,1.21,42.17,3.51,5.48,50.68,14.48,True,True,2024,matched,reported,Database Bulan + Tahun + Triwulan + MAP,baseline-v1,2026-07-03,Data untuk PHK Dashboard.xlsx; MAP_composite_all.xlsx
Bali,Bali,51,2024,2,2024-02-01,1,1.0,0.0,105.95,2.98,0.61,49.1,19.76,29.34,1550.805,52.7,6.0,15665,83.5,103.0,34,73.0,49.32,1.79,77.11,,2813.672,3.685033036,0.8267566587,6.553112479,39719300.0,7823653.8,2662802,12.0,Kuning (Perlu perhatian),81.99,1.21,42.17,3.51,5.48,50.68,14.48,True,True,2024,matched,reported,Database Bulan + Tahun + Triwulan + MAP,baseline-v1,2026-07-03,Data untuk PHK Dashboard.xlsx; MAP_composite_all.xlsx
Bali,Bali,51,2024,3,2024-03-01,1,1.0,0.0,106.94,3.67,0.93,54.84,9.0,45.84,1484.186,54.2,6.0,15703,85.4,103.5,34,73.0,49.32,1.79,77.11,,2813.672,3.685033036,0.8267566587,6.553112479,39719300.0,7823653.8,2662802,12.0,Kuning (Perlu perhatian),81.99,1.21,42.17,3.51,5.48,50.68,14.48,True,True,2024,matched,reported,Database Bulan + Tahun + Triwulan + MAP,baseline-v1,2026-07-03,Data untuk PHK Dashboard.xlsx; MAP_composite_all.xlsx
Bali,Bali,51,2024,4,2024-04-01,2,2.0,1.0,107.28,4.02,0.32,47.19,12.38,34.81,1611.987,52.9,6.25,16100,89.9,103.4,34,73.0,49.32,1.79,77.11,,2813.672,3.685033036,0.8267566587,6.553112479,42236170.0,3405881.8,2662802,12.0,Kuning (Perlu perhatian),81.99,1.21,42.17,3.51,5.48,50.68,14.48,True,True,2024,matched,reported,Database Bulan + Tahun + Triwulan + MAP,baseline-v1,2026-07-03,Data untuk PHK Dashboard.xlsx; MAP_composite_all.xlsx
Bali,Bali,51,2024,5,2024-05-01,2,2.0,0.0,107.17,3.54,-0.1,59.07,14.1,44.97,1640.537,52.1,6.25,16084,81.7,103.3,34,73.0,49.32,1.79,77.11,,2813.672,3.685033036,0.8267566587,6.553112479,42236170.0,3405881.8,2662802,12.0,Kuning (Perlu perhatian),81.99,1.21,42.17,3.51,5.48,50.68,14.48,True,True,2024,matched,reported,Database Bulan + Tahun + Triwulan + MAP,baseline-v1,2026-07-03,Data untuk PHK Dashboard.xlsx; MAP_composite_all.xlsx
Bali,Bali,51,2024,6,2024-06-01,2,19.0,17.0,106.58,2.71,-0.55,47.31,9.59,37.72,1640.424,50.7,6.25,16329,82.2,103.3,34,73.0,49.32,1.79,77.11,,2813.672,3.685033036,0.8267566587,6.553112479,42236170.0,3405881.8,2662802,12.0,Kuning (Perlu perhatian),81.99,1.21,42.17,3.51,5.48,50.68,14.48,True,True,2024,matched,reported,Database Bulan + Tahun + Triwulan + MAP,baseline-v1,2026-07-03,Data untuk PHK Dashboard.xlsx; MAP_composite_all.xlsx
Bali,Bali,51,2024,7,2024-07-01,3,19.0,0.0,106.69,2.53,0.1,50.74,11.08,39.66,1612.169,49.3,6.25,16262,85.2,103.2,34,73.0,49.32,1.79,77.11,,2813.672,3.685033036,0.8267566587,6.553112479,42412580.0,8732771.3,2665421,12.0,Kuning (Perlu perhatian),81.99,1.21,42.17,3.51,5.48,50.68,14.48,True,True,2024,matched,reported,Database Bulan + Tahun + Triwulan + MAP,baseline-v1,2026-07-03,Data untuk PHK Dashboard.xlsx; MAP_composite_all.xlsx
Bali,Bali,51,2024,8,2024-08-01,3,19.0,0.0,106.8,2.32,0.1,56.85,19.06,37.79,1648.68,48.9,6.25,15793,80.4,103.1,34,73.0,49.32,1.79,77.11,,2813.672,3.685033036,0.8267566587,6.553112479,42412580.0,8732771.3,2665421,12.0,Kuning (Perlu perhatian),81.99,1.21,42.17,3.51,5.48,50.68,14.48,True,True,2024,matched,reported,Database Bulan + Tahun + Triwulan + MAP,baseline-v1,2026-07-03,Data untuk PHK Dashboard.xlsx; MAP_composite_all.xlsx
Bali,Bali,51,2024,9,2024-09-01,3,30.0,11.0,106.94,2.67,0.13,50.56,8.16,42.4,1590.031,49.2,6.0,15341,74,102.9,34,73.0,49.32,1.79,77.11,,2813.672,3.685033036,0.8267566587,6.553112479,42412580.0,8732771.3,2665421,12.0,Kuning (Perlu perhatian),81.99,1.21,42.17,3.51,5.48,50.68,14.48,True,True,2024,matched,reported,Database Bulan + Tahun + Triwulan + MAP,baseline-v1,2026-07-03,Data untuk PHK Dashboard.xlsx; MAP_composite_all.xlsx
Bali,Bali,51,2024,10,2024-10-01,4,30.0,0.0,107.01,2.51,0.07,49.34,9.94,39.4,1535.928,49.2,6.0,15541,75.6,102.8,34,73.0,49.32,1.79,77.11,,2813.672,3.685033036,0.8267566587,6.553112479,43830630.0,5538372.3,2665421,12.0,Kuning (Perlu perhatian),81.99,1.21,42.17,3.51,5.48,50.68,14.48,True,True,2024,matched,reported,Database Bulan + Tahun + Triwulan + MAP,baseline-v1,2026-07-03,Data untuk PHK Dashboard.xlsx; MAP_composite_all.xlsx
Bali,Bali,51,2024,11,2024-11-01,4,32.0,2.0,107.54,2.5,0.5,50.73,12.67,38.06,1453.731,49.6,6.0,15812,74.3,103.0,34,73.0,49.32,1.79,77.11,,2813.672,3.685033036,0.8267566587,6.553112479,43830630.0,5538372.3,2665421,12.0,Kuning (Perlu perhatian),81.99,1.21,42.17,3.51,5.48,50.68,14.48,True,True,2024,matched,reported,Database Bulan + Tahun + Triwulan + MAP,baseline-v1,2026-07-03,Data untuk PHK Dashboard.xlsx; MAP_composite_all.xlsx
Bali,Bali,51,2024,12,2024-12-01,4,73.0,41.0,107.87,2.34,0.31,51.94,20.09,31.85,1301.723,51.2,6.0,16024,73.9,103.4,34,73.0,49.32,1.79,77.11,,2813.672,3.685033036,0.8267566587,6.553112479,43830630.0,5538372.3,2665421,12.0,Kuning (Perlu perhatian),81.99,1.21,42.17,3.51,5.48,50.68,14.48,True,True,2024,matched,reported,Database Bulan + Tahun + Triwulan + MAP,baseline-v1,2026-07-03,Data untuk PHK Dashboard.xlsx; MAP_composite_all.xlsx
Bali,Bali,51,2025,1,2025-01-01,1,31.0,31.0,107.85,2.41,-0.02,48.96,8.85,40.11,1356.649,51.9,5.75,16262,79.3,104.2,34,611.0,49.53,1.49,77.31,,2996.561,6.500011373,0.8233638227,6.436578967,41937950.0,7872278.8,2694024,12.0,Kuning (Perlu perhatian),81.99,1.21,42.17,3.51,5.48,50.68,14.48,True,True,2024,matched,reported,Database Bulan + Tahun + Triwulan + MAP,baseline-v1,2026-07-03,Data untuk PHK Dashboard.xlsx; MAP_composite_all.xlsx
Bali,Bali,51,2025,2,2025-02-01,1,64.0,33.0,107.23,1.21,-0.57,52.22,8.63,43.59,1343.632,53.6,5.75,16338,75.4,104.3,34,611.0,49.53,1.49,77.31,,2996.561,6.500011373,0.8233638227,6.436578967,41937950.0,7872278.8,2694024,12.0,Kuning (Perlu perhatian),81.99,1.21,42.17,3.51,5.48,50.68,14.48,True,True,2024,matched,reported,Database Bulan + Tahun + Triwulan + MAP,baseline-v1,2026-07-03,Data untuk PHK Dashboard.xlsx; MAP_composite_all.xlsx
Bali,Bali,51,2025,3,2025-03-01,1,247.0,183.0,108.96,1.89,1.61,53.66,10.77,42.89,1326.024,52.4,5.75,16456,72.7,105.1,34,611.0,49.53,1.49,77.31,,2996.561,6.500011373,0.8233638227,6.436578967,41937950.0,7872278.8,2694024,12.0,Kuning (Perlu perhatian),81.99,1.21,42.17,3.51,5.48,50.68,14.48,True,True,2024,matched,reported,Database Bulan + Tahun + Triwulan + MAP,baseline-v1,2026-07-03,Data untuk PHK Dashboard.xlsx; MAP_composite_all.xlsx
Bali,Bali,51,2025,4,2025-04-01,2,270.0,23.0,109.75,2.3,0.73,41.4,9.47,31.93,1422.931,46.7,5.75,16820,68.1,105.1,34,611.0,49.53,1.49,77.31,,2996.561,6.500011373,0.8233638227,6.436578967,44748200.0,7126813.9,2694024,12.0,Kuning (Perlu perhatian),81.99,1.21,42.17,3.51,5.48,50.68,14.48,True,True,2024,matched,reported,Database Bulan + Tahun + Triwulan + MAP,baseline-v1,2026-07-03,Data untuk PHK Dashboard.xlsx; MAP_composite_all.xlsx
Bali,Bali,51,2025,5,2025-05-01,2,388.0,118.0,109.23,1.92,-0.47,46.51,10.05,36.46,1433.715,47.4,5.5,16441,64.5,104.6,34,611.0,49.53,1.49,77.31,,2996.561,6.500011373,0.8233638227,6.436578967,44748200.0,7126813.9,2694024,12.0,Kuning (Perlu perhatian),81.99,1.21,42.17,3.51,5.48,50.68,14.48,True,True,2024,matched,reported,Database Bulan + Tahun + Triwulan + MAP,baseline-v1,2026-07-03,Data untuk PHK Dashboard.xlsx; MAP_composite_all.xlsx
Bali,Bali,51,2025,6,2025-06-01,2,470.0,82.0,109.71,2.94,0.44,40.27,9.85,30.42,1410.308,46.9,5.5,16311,71.4,104.7,34,611.0,49.53,1.49,77.31,,2996.561,6.500011373,0.8233638227,6.436578967,44748200.0,7126813.9,2694024,12.0,Kuning (Perlu perhatian),81.99,1.21,42.17,3.51,5.48,50.68,14.48,True,True,2024,matched,reported,Database Bulan + Tahun + Triwulan + MAP,baseline-v1,2026-07-03,Data untuk PHK Dashboard.xlsx; MAP_composite_all.xlsx
Bali,Bali,51,2025,7,2025-07-01,3,514.0,44.0,110.06,3.16,0.32,39.75,14.45,25.3,1398.792,49.2,5.25,16276,71,105.2,34,611.0,49.53,1.49,77.31,,2996.561,6.500011373,0.8233638227,6.436578967,44905640.0,4234187.3,2701726,12.0,Kuning (Perlu perhatian),81.99,1.21,42.17,3.51,5.48,50.68,14.48,True,True,2024,matched,reported,Database Bulan + Tahun + Triwulan + MAP,baseline-v1,2026-07-03,Data untuk PHK Dashboard.xlsx; MAP_composite_all.xlsx
Bali,Bali,51,2025,8,2025-08-01,3,532.0,18.0,109.63,2.65,-0.39,42.92,16.0,26.92,1398.746,51.5,5.0,16309,67.9,105.2,34,611.0,49.53,1.49,77.31,,2996.561,6.500011373,0.8233638227,6.436578967,44905640.0,4234187.3,2701726,12.0,Kuning (Perlu perhatian),81.99,1.21,42.17,3.51,5.48,50.68,14.48,True,True,2024,matched,reported,Database Bulan + Tahun + Triwulan + MAP,baseline-v1,2026-07-03,Data untuk PHK Dashboard.xlsx; MAP_composite_all.xlsx
Bali,Bali,51,2025,9,2025-09-01,3,577.0,45.0,109.62,2.51,-0.01,45.48,13.63,31.85,1350.839,50.4,4.75,16512,68,105.3,34,611.0,49.53,1.49,77.31,,2996.561,6.500011373,0.8233638227,6.436578967,44905640.0,4234187.3,2701726,12.0,Kuning (Perlu perhatian),81.99,1.21,42.17,3.51,5.48,50.68,14.48,True,True,2024,matched,reported,Database Bulan + Tahun + Triwulan + MAP,baseline-v1,2026-07-03,Data untuk PHK Dashboard.xlsx; MAP_composite_all.xlsx
Bali,Bali,51,2025,10,2025-10-01,4,604.0,27.0,109.8,2.61,0.16,53.35,14.77,38.58,1282.141,51.2,4.75,16607,64.5,105.5,34,611.0,49.53,1.49,77.31,,2996.561,6.500011373,0.8233638227,6.436578967,46401160.0,7148512.5,2701726,12.0,Kuning (Perlu perhatian),81.99,1.21,42.17,3.51,5.48,50.68,14.48,True,True,2024,matched,reported,Database Bulan + Tahun + Triwulan + MAP,baseline-v1,2026-07-03,Data untuk PHK Dashboard.xlsx; MAP_composite_all.xlsx
Bali,Bali,51,2025,11,2025-11-01,4,609.0,5.0,110.24,2.51,0.4,47.94,13.72,34.22,1255.443,53.3,4.75,16703,63.8,105.4,34,611.0,49.53,1.49,77.31,,2996.561,6.500011373,0.8233638227,6.436578967,46401160.0,7148512.5,2701726,12.0,Kuning (Perlu perhatian),81.99,1.21,42.17,3.51,5.48,50.68,14.48,True,True,2024,matched,reported,Database Bulan + Tahun + Triwulan + MAP,baseline-v1,2026-07-03,Data untuk PHK Dashboard.xlsx; MAP_composite_all.xlsx
Bali,Bali,51,2025,12,2025-12-01,4,611.0,2.0,111.01,2.91,0.7,53.03,12.28,40.75,1175.121,51.2,4.75,16699,62.5,106.3,27,611.0,49.53,1.49,77.31,,2996.561,6.500011373,0.8233638227,6.436578967,46401160.0,7148512.5,2701726,12.0,Kuning (Perlu perhatian),81.99,1.21,42.17,3.51,5.48,50.68,14.48,True,True,2024,matched,reported,Database Bulan + Tahun + Triwulan + MAP,baseline-v1,2026-07-03,Data untuk PHK Dashboard.xlsx; MAP_composite_all.xlsx
Bangka Belitung,Bangka Belitung,19,2022,1,2022-01-01,1,,,97.97,,,59.29,16.28,43.01,311.393,53.7,3.5,14335,86.5,94.0,0,380.0,50.37,4.77,67.38,49.63,3264.884,1.0792595866000738,1.099603724,21.59829095,13726875.87,112096.0,755814,12.0,Kuning (Perlu perhatian),80.27,0.91,19.61,2.64,4.4,49.63,6.87,True,True,2022,matched,no_data,Database Bulan + Tahun + Triwulan + MAP,baseline-v1,2026-07-03,Data untuk PHK Dashboard.xlsx; MAP_composite_all.xlsx
Bangka Belitung,Bangka Belitung,19,2022,2,2022-02-01,1,,,97.11,,,307.25,,307.25,319.848,51.2,3.5,14351,97.1,94.0,0,380.0,50.37,4.77,67.38,49.63,3264.884,1.0792595866000738,1.099603724,21.59829095,13726875.87,112096.0,755814,12.0,Kuning (Perlu perhatian),80.27,0.91,19.61,2.64,4.4,49.63,6.87,True,True,2022,matched,no_data,Database Bulan + Tahun + Triwulan + MAP,baseline-v1,2026-07-03,Data untuk PHK Dashboard.xlsx; MAP_composite_all.xlsx
Bangka Belitung,Bangka Belitung,19,2022,3,2022-03-01,1,,,98.11,,,314.37,2.91,311.46,486.325,51.3,3.5,14349,117.2,94.7,0,380.0,50.37,4.77,67.38,49.63,3264.884,1.0792595866000738,1.099603724,21.59829095,13726875.87,112096.0,755814,12.0,Kuning (Perlu perhatian),80.27,0.91,19.61,2.64,4.4,49.63,6.87,True,True,2022,matched,no_data,Database Bulan + Tahun + Triwulan + MAP,baseline-v1,2026-07-03,Data untuk PHK Dashboard.xlsx; MAP_composite_all.xlsx
Bangka Belitung,Bangka Belitung,19,2022,4,2022-04-01,2,,,99.19,,,436.4,1.93,434.47,493.594,51.9,3.5,14369,104.6,95.6,0,380.0,50.37,4.77,67.38,49.63,3264.884,1.0792595866000738,1.099603724,21.59829095,14456036.08,1060713.5,755814,12.0,Kuning (Perlu perhatian),80.27,0.91,19.61,2.64,4.4,49.63,6.87,True,True,2022,matched,no_data,Database Bulan + Tahun + Triwulan + MAP,baseline-v1,2026-07-03,Data untuk PHK Dashboard.xlsx; MAP_composite_all.xlsx
Bangka Belitung,Bangka Belitung,19,2022,5,2022-05-01,2,,,99.96,,,172.73,3.19,169.54,501.21,50.8,3.5,14608,113.3,95.9,0,380.0,50.37,4.77,67.38,49.63,3264.884,1.0792595866000738,1.099603724,21.59829095,14456036.08,1060713.5,755814,12.0,Kuning (Perlu perhatian),80.27,0.91,19.61,2.64,4.4,49.63,6.87,True,True,2022,matched,no_data,Database Bulan + Tahun + Triwulan + MAP,baseline-v1,2026-07-03,Data untuk PHK Dashboard.xlsx; MAP_composite_all.xlsx
Bangka Belitung,Bangka Belitung,19,2022,6,2022-06-01,2,,,100.71,,,286.93,0.16,286.77,499.788,50.2,3.5,14689,122.7,96.6,0,380.0,50.37,4.77,67.38,49.63,3264.884,1.0792595866000738,1.099603724,21.59829095,14456036.08,1060713.5,755814,12.0,Kuning (Perlu perhatian),80.27,0.91,19.61,2.64,4.4,49.63,6.87,True,True,2022,matched,no_data,Database Bulan + Tahun + Triwulan + MAP,baseline-v1,2026-07-03,Data untuk PHK Dashboard.xlsx; MAP_composite_all.xlsx
Bangka Belitung,Bangka Belitung,19,2022,7,2022-07-01,3,369.0,,101.17,,,14.07,144.03,-129.96,501.726,51.3,3.5,14984,111.9,97.0,0,380.0,50.37,4.77,67.38,49.63,3264.884,1.0792595866000738,1.099603724,21.59829095,14616798.91,451470.2,730972,12.0,Kuning (Perlu perhatian),80.27,0.91,19.61,2.64,4.4,49.63,6.87,True,True,2022,matched,reported,Database Bulan + Tahun + Triwulan + MAP,baseline-v1,2026-07-03,Data untuk PHK Dashboard.xlsx; MAP_composite_all.xlsx
Bangka Belitung,Bangka Belitung,19,2022,8,2022-08-01,3,,,100.15,,,262.21,1.47,260.74,493.813,51.7,3.75,14851,100.4,96.9,0,380.0,50.37,4.77,67.38,49.63,3264.884,1.0792595866000738,1.099603724,21.59829095,14616798.91,451470.2,730972,12.0,Kuning (Perlu perhatian),80.27,0.91,19.61,2.64,4.4,49.63,6.87,True,True,2022,matched,no_data,Database Bulan + Tahun + Triwulan + MAP,baseline-v1,2026-07-03,Data untuk PHK Dashboard.xlsx; MAP_composite_all.xlsx
Bangka Belitung,Bangka Belitung,19,2022,9,2022-09-01,3,369.0,,101.53,,,172.54,1.06,171.48,487.995,53.7,4.25,14972,89.8,97.7,0,380.0,50.37,4.77,67.38,49.63,3264.884,1.0792595866000738,1.099603724,21.59829095,14616798.91,451470.2,730972,12.0,Kuning (Perlu perhatian),80.27,0.91,19.61,2.64,4.4,49.63,6.87,True,True,2022,matched,reported,Database Bulan + Tahun + Triwulan + MAP,baseline-v1,2026-07-03,Data untuk PHK Dashboard.xlsx; MAP_composite_all.xlsx
Bangka Belitung,Bangka Belitung,19,2022,10,2022-10-01,4,369.0,0.0,100.93,,,165.84,3.89,161.95,510.429,51.8,4.75,15417,93.3,97.7,34,380.0,50.37,4.77,67.38,49.63,3264.884,1.0792595866000738,1.099603724,21.59829095,15004498.42,292276.0,730972,12.0,Kuning (Perlu perhatian),80.27,0.91,19.61,2.64,4.4,49.63,6.87,True,True,2022,matched,reported,Database Bulan + Tahun + Triwulan + MAP,baseline-v1,2026-07-03,Data untuk PHK Dashboard.xlsx; MAP_composite_all.xlsx
Bangka Belitung,Bangka Belitung,19,2022,11,2022-11-01,4,380.0,11.0,101.18,,,128.15,23.67,104.48,509.594,50.3,5.25,15659,91.4,98.0,34,380.0,50.37,4.77,67.38,49.63,3264.884,1.0792595866000738,1.099603724,21.59829095,15004498.42,292276.0,730972,12.0,Kuning (Perlu perhatian),80.27,0.91,19.61,2.64,4.4,49.63,6.87,True,True,2022,matched,reported,Database Bulan + Tahun + Triwulan + MAP,baseline-v1,2026-07-03,Data untuk PHK Dashboard.xlsx; MAP_composite_all.xlsx
Bangka Belitung,Bangka Belitung,19,2022,12,2022-12-01,4,380.0,0.0,101.99,,,190.37,8.03,182.34,477.884,50.9,5.5,15615,80.9,98.7,34,380.0,50.37,4.77,67.38,49.63,3264.884,1.0792595866000738,1.099603724,21.59829095,15004498.42,292276.0,730972,12.0,Kuning (Perlu perhatian),80.27,0.91,19.61,2.64,4.4,49.63,6.87,True,True,2022,matched,reported,Database Bulan + Tahun + Triwulan + MAP,baseline-v1,2026-07-03,Data untuk PHK Dashboard.xlsx; MAP_composite_all.xlsx
Bangka Belitung,Bangka Belitung,19,2023,1,2023-01-01,1,,,102.36,,,62.32,0.95,61.37,503.235,51.3,5.75,15295,82.5,99.3,8,207.0,48.93,4.56,68.34,51.07,3498.479,7.154771808,1.085895013,21.08846582,14331300.0,235146.5,774011,15.0,Oranye (Risiko PHK),77.26,0.92,21.73,-2.86,4.38,51.07,7.18,True,True,2023,matched,no_data,Database Bulan + Tahun + Triwulan + MAP,baseline-v1,2026-07-03,Data untuk PHK Dashboard.xlsx; MAP_composite_all.xlsx
Bangka Belitung,Bangka Belitung,19,2023,2,2023-02-01,1,38.0,38.0,102.1,,,112.57,0.16,112.41,525.216,51.2,5.75,15126,82.6,99.6,34,207.0,48.93,4.56,68.34,51.07,3498.479,7.154771808,1.085895013,21.08846582,14331300.0,235146.5,774011,15.0,Oranye (Risiko PHK),77.26,0.92,21.73,-2.86,4.38,51.07,7.18,True,True,2023,matched,reported,Database Bulan + Tahun + Triwulan + MAP,baseline-v1,2026-07-03,Data untuk PHK Dashboard.xlsx; MAP_composite_all.xlsx
Bangka Belitung,Bangka Belitung,19,2023,3,2023-03-01,1,38.0,0.0,102.2,,,137.28,1.43,135.85,515.011,51.9,5.75,15301,78.4,99.9,34,207.0,48.93,4.56,68.34,51.07,3498.479,7.154771808,1.085895013,21.08846582,14331300.0,235146.5,774011,15.0,Oranye (Risiko PHK),77.26,0.92,21.73,-2.86,4.38,51.07,7.18,True,True,2023,matched,reported,Database Bulan + Tahun + Triwulan + MAP,baseline-v1,2026-07-03,Data untuk PHK Dashboard.xlsx; MAP_composite_all.xlsx
Bangka Belitung,Bangka Belitung,19,2023,4,2023-04-01,2,38.0,0.0,102.62,,,188.97,2.51,186.46,506.431,52.7,5.75,14867,84.6,100.0,34,207.0,48.93,4.56,68.34,51.07,3498.479,7.154771808,1.085895013,21.08846582,15198110.0,132612.4,774011,15.0,Oranye (Risiko PHK),77.26,0.92,21.73,-2.86,4.38,51.07,7.18,True,True,2023,matched,reported,Database Bulan + Tahun + Triwulan + MAP,baseline-v1,2026-07-03,Data untuk PHK Dashboard.xlsx; MAP_composite_all.xlsx
Bangka Belitung,Bangka Belitung,19,2023,5,2023-05-01,2,38.0,0.0,102.98,,,215.79,1.21,214.58,501.302,50.3,5.75,14811,75.5,100.2,34,207.0,48.93,4.56,68.34,51.07,3498.479,7.154771808,1.085895013,21.08846582,15198110.0,132612.4,774011,15.0,Oranye (Risiko PHK),77.26,0.92,21.73,-2.86,4.38,51.07,7.18,True,True,2023,matched,reported,Database Bulan + Tahun + Triwulan + MAP,baseline-v1,2026-07-03,Data untuk PHK Dashboard.xlsx; MAP_composite_all.xlsx
Bangka Belitung,Bangka Belitung,19,2023,6,2023-06-01,2,38.0,0.0,102.84,,,235.71,2.22,233.49,470.293,52.5,5.75,14932,74.8,100.3,34,207.0,48.93,4.56,68.34,51.07,3498.479,7.154771808,1.085895013,21.08846582,15198110.0,132612.4,774011,15.0,Oranye (Risiko PHK),77.26,0.92,21.73,-2.86,4.38,51.07,7.18,True,True,2023,matched,reported,Database Bulan + Tahun + Triwulan + MAP,baseline-v1,2026-07-03,Data untuk PHK Dashboard.xlsx; MAP_composite_all.xlsx
Bangka Belitung,Bangka Belitung,19,2023,7,2023-07-01,3,28.0,-10.0,102.68,,,228.74,0.33,228.41,490.133,53.3,5.75,15040,80.1,100.5,34,207.0,48.93,4.56,68.34,51.07,3498.479,7.154771808,1.085895013,21.08846582,15202130.0,638378.2,749815,15.0,Oranye (Risiko PHK),77.26,0.92,21.73,-2.86,4.38,51.07,7.18,True,True,2023,matched,reported,Database Bulan + Tahun + Triwulan + MAP,baseline-v1,2026-07-03,Data untuk PHK Dashboard.xlsx; MAP_composite_all.xlsx
Bangka Belitung,Bangka Belitung,19,2023,8,2023-08-01,3,33.0,5.0,102.73,,,155.93,4.17,151.76,478.763,53.9,5.75,15245,86.1,100.5,34,207.0,48.93,4.56,68.34,51.07,3498.479,7.154771808,1.085895013,21.08846582,15202130.0,638378.2,749815,15.0,Oranye (Risiko PHK),77.26,0.92,21.73,-2.86,4.38,51.07,7.18,True,True,2023,matched,reported,Database Bulan + Tahun + Triwulan + MAP,baseline-v1,2026-07-03,Data untuk PHK Dashboard.xlsx; MAP_composite_all.xlsx
Bangka Belitung,Bangka Belitung,19,2023,9,2023-09-01,3,161.0,128.0,103.25,,,159.74,1.33,158.41,465.27,52.3,5.75,15354,"93,7",100.9,34,207.0,48.93,4.56,68.34,51.07,3498.479,7.154771808,1.085895013,21.08846582,15202130.0,638378.2,749815,15.0,Oranye (Risiko PHK),77.26,0.92,21.73,-2.86,4.38,51.07,7.18,True,True,2023,matched,reported,Database Bulan + Tahun + Triwulan + MAP,baseline-v1,2026-07-03,Data untuk PHK Dashboard.xlsx; MAP_composite_all.xlsx
Bangka Belitung,Bangka Belitung,19,2023,10,2023-10-01,4,185.0,24.0,103.34,,,156.76,1.12,155.64,468.771,51.5,6.0,15741,90.6,101.2,34,207.0,48.93,4.56,68.34,51.07,3498.479,7.154771808,1.085895013,21.08846582,15604770.0,95962.6,749815,15.0,Oranye (Risiko PHK),77.26,0.92,21.73,-2.86,4.38,51.07,7.18,True,True,2023,matched,reported,Database Bulan + Tahun + Triwulan + MAP,baseline-v1,2026-07-03,Data untuk PHK Dashboard.xlsx; MAP_composite_all.xlsx
Bangka Belitung,Bangka Belitung,19,2023,11,2023-11-01,4,188.0,3.0,103.35,,,210.28,2.86,207.42,461.129,51.7,6.0,15617,82.9,101.4,34,207.0,48.93,4.56,68.34,51.07,3498.479,7.154771808,1.085895013,21.08846582,15604770.0,95962.6,749815,15.0,Oranye (Risiko PHK),77.26,0.92,21.73,-2.86,4.38,51.07,7.18,True,True,2023,matched,reported,Database Bulan + Tahun + Triwulan + MAP,baseline-v1,2026-07-03,Data untuk PHK Dashboard.xlsx; MAP_composite_all.xlsx
Bangka Belitung,Bangka Belitung,19,2023,12,2023-12-01,4,207.0,19.0,103.47,,,170.64,1.25,169.39,263.634,52.2,6.0,15513,77.6,101.8,34,207.0,48.93,4.56,68.34,51.07,3498.479,7.154771808,1.085895013,21.08846582,15604770.0,95962.6,749815,15.0,Oranye (Risiko PHK),77.26,0.92,21.73,-2.86,4.38,51.07,7.18,True,True,2023,matched,reported,Database Bulan + Tahun + Triwulan + MAP,baseline-v1,2026-07-03,Data untuk PHK Dashboard.xlsx; MAP_composite_all.xlsx
Bangka Belitung,Bangka Belitung,19,2024,1,2024-01-01,1,1.0,1.0,103.6,1.21,0.13,29.79,0.3,29.49,288.848,52.9,6.0,15611,80.1,102.1,9,1908.0,48.86,4.63,68.87,,3640.0,4.045215078,1.114959696,20.10415793,14475760.0,196640.6,787140,17.0,Oranye (Risiko PHK),80.47,0.9,22.46,-0.14,0.77,51.14,7.99,True,True,2024,matched,reported,Database Bulan + Tahun + Triwulan + MAP,baseline-v1,2026-07-03,Data untuk PHK Dashboard.xlsx; MAP_composite_all.xlsx
Bangka Belitung,Bangka Belitung,19,2024,2,2024-02-01,1,9.0,8.0,104.0,1.86,0.39,18.76,0.69,18.07,294.631,52.7,6.0,15665,83.5,103.0,34,1908.0,48.86,4.63,68.87,,3640.0,4.045215078,1.114959696,20.10415793,14475760.0,196640.6,787140,17.0,Oranye (Risiko PHK),80.47,0.9,22.46,-0.14,0.77,51.14,7.99,True,True,2024,matched,reported,Database Bulan + Tahun + Triwulan + MAP,baseline-v1,2026-07-03,Data untuk PHK Dashboard.xlsx; MAP_composite_all.xlsx
Bangka Belitung,Bangka Belitung,19,2024,3,2024-03-01,1,25.0,16.0,104.04,1.8,0.04,127.99,0.06,127.93,289.322,54.2,6.0,15703,85.4,103.5,34,1908.0,48.86,4.63,68.87,,3640.0,4.045215078,1.114959696,20.10415793,14475760.0,196640.6,787140,17.0,Oranye (Risiko PHK),80.47,0.9,22.46,-0.14,0.77,51.14,7.99,True,True,2024,matched,reported,Database Bulan + Tahun + Triwulan + MAP,baseline-v1,2026-07-03,Data untuk PHK Dashboard.xlsx; MAP_composite_all.xlsx
Bangka Belitung,Bangka Belitung,19,2024,4,2024-04-01,2,50.0,25.0,104.6,1.93,0.54,120.35,0.09,120.26,305.122,52.9,6.25,16100,89.9,103.4,34,1908.0,48.86,4.63,68.87,,3640.0,4.045215078,1.114959696,20.10415793,15353580.0,213290.5,787140,17.0,Oranye (Risiko PHK),80.47,0.9,22.46,-0.14,0.77,51.14,7.99,True,True,2024,matched,reported,Database Bulan + Tahun + Triwulan + MAP,baseline-v1,2026-07-03,Data untuk PHK Dashboard.xlsx; MAP_composite_all.xlsx
Bangka Belitung,Bangka Belitung,19,2024,5,2024-05-01,2,1423.0,1373.0,104.27,1.25,-0.32,130.64,0.48,130.16,299.581,52.1,6.25,16084,81.7,103.3,34,1908.0,48.86,4.63,68.87,,3640.0,4.045215078,1.114959696,20.10415793,15353580.0,213290.5,787140,17.0,Oranye (Risiko PHK),80.47,0.9,22.46,-0.14,0.77,51.14,7.99,True,True,2024,matched,reported,Database Bulan + Tahun + Triwulan + MAP,baseline-v1,2026-07-03,Data untuk PHK Dashboard.xlsx; MAP_composite_all.xlsx
Bangka Belitung,Bangka Belitung,19,2024,6,2024-06-01,2,1527.0,104.0,103.95,1.08,-0.31,163.83,0.88,162.95,291.443,50.7,6.25,16329,82.2,103.3,34,1908.0,48.86,4.63,68.87,,3640.0,4.045215078,1.114959696,20.10415793,15353580.0,213290.5,787140,17.0,Oranye (Risiko PHK),80.47,0.9,22.46,-0.14,0.77,51.14,7.99,True,True,2024,matched,reported,Database Bulan + Tahun + Triwulan + MAP,baseline-v1,2026-07-03,Data untuk PHK Dashboard.xlsx; MAP_composite_all.xlsx
Bangka Belitung,Bangka Belitung,19,2024,7,2024-07-01,3,1560.0,33.0,103.54,0.84,-0.39,133.84,2.38,131.46,327.507,49.3,6.25,16262,85.2,103.2,34,1908.0,48.86,4.63,68.87,,3640.0,4.045215078,1.114959696,20.10415793,15221760.0,181490.7,766084,17.0,Oranye (Risiko PHK),80.47,0.9,22.46,-0.14,0.77,51.14,7.99,True,True,2024,matched,reported,Database Bulan + Tahun + Triwulan + MAP,baseline-v1,2026-07-03,Data untuk PHK Dashboard.xlsx; MAP_composite_all.xlsx
Bangka Belitung,Bangka Belitung,19,2024,8,2024-08-01,3,1807.0,247.0,103.78,1.02,0.23,220.92,0.77,220.15,312.552,48.9,6.25,15793,80.4,103.1,34,1908.0,48.86,4.63,68.87,,3640.0,4.045215078,1.114959696,20.10415793,15221760.0,181490.7,766084,17.0,Oranye (Risiko PHK),80.47,0.9,22.46,-0.14,0.77,51.14,7.99,True,True,2024,matched,reported,Database Bulan + Tahun + Triwulan + MAP,baseline-v1,2026-07-03,Data untuk PHK Dashboard.xlsx; MAP_composite_all.xlsx
Bangka Belitung,Bangka Belitung,19,2024,9,2024-09-01,3,1843.0,36.0,103.76,0.49,-0.02,180.19,3.74,176.45,296.452,49.2,6.0,15341,74,102.9,34,1908.0,48.86,4.63,68.87,,3640.0,4.045215078,1.114959696,20.10415793,15221760.0,181490.7,766084,17.0,Oranye (Risiko PHK),80.47,0.9,22.46,-0.14,0.77,51.14,7.99,True,True,2024,matched,reported,Database Bulan + Tahun + Triwulan + MAP,baseline-v1,2026-07-03,Data untuk PHK Dashboard.xlsx; MAP_composite_all.xlsx
Bangka Belitung,Bangka Belitung,19,2024,10,2024-10-01,4,1894.0,51.0,103.57,0.22,-0.18,201.28,1.69,199.59,302.769,49.2,6.0,15541,75.6,102.8,34,1908.0,48.86,4.63,68.87,,3640.0,4.045215078,1.114959696,20.10415793,15750770.0,1027650.9,766084,17.0,Oranye (Risiko PHK),80.47,0.9,22.46,-0.14,0.77,51.14,7.99,True,True,2024,matched,reported,Database Bulan + Tahun + Triwulan + MAP,baseline-v1,2026-07-03,Data untuk PHK Dashboard.xlsx; MAP_composite_all.xlsx
Bangka Belitung,Bangka Belitung,19,2024,11,2024-11-01,4,1902.0,8.0,103.58,0.22,0.01,227.88,,227.88,309.145,49.6,6.0,15812,74.3,103.0,34,1908.0,48.86,4.63,68.87,,3640.0,4.045215078,1.114959696,20.10415793,15750770.0,1027650.9,766084,17.0,Oranye (Risiko PHK),80.47,0.9,22.46,-0.14,0.77,51.14,7.99,True,True,2024,matched,reported,Database Bulan + Tahun + Triwulan + MAP,baseline-v1,2026-07-03,Data untuk PHK Dashboard.xlsx; MAP_composite_all.xlsx
Bangka Belitung,Bangka Belitung,19,2024,12,2024-12-01,4,1908.0,6.0,104.25,0.75,0.65,145.69,1.84,143.85,293.517,51.2,6.0,16024,73.9,103.4,34,1908.0,48.86,4.63,68.87,,3640.0,4.045215078,1.114959696,20.10415793,15750770.0,1027650.9,766084,17.0,Oranye (Risiko PHK),80.47,0.9,22.46,-0.14,0.77,51.14,7.99,True,True,2024,matched,reported,Database Bulan + Tahun + Triwulan + MAP,baseline-v1,2026-07-03,Data untuk PHK Dashboard.xlsx; MAP_composite_all.xlsx
Bangka Belitung,Bangka Belitung,19,2025,1,2025-01-01,1,13.0,13.0,103.36,-0.23,-0.85,75.56,0.05,75.51,327.325,51.9,5.75,16262,79.3,104.2,34,271.0,48.71,4.45,69.38,,3876.6,6.5,1.210419991,20.14912026,15140920.0,229398.9,762982,17.0,Oranye (Risiko PHK),80.47,0.9,22.46,-0.14,0.77,51.14,7.99,True,True,2024,matched,reported,Database Bulan + Tahun + Triwulan + MAP,baseline-v1,2026-07-03,Data untuk PHK Dashboard.xlsx; MAP_composite_all.xlsx
Bangka Belitung,Bangka Belitung,19,2025,2,2025-02-01,1,24.0,11.0,103.33,-0.64,-0.03,145.49,1.57,143.92,328.403,53.6,5.75,16338,75.4,104.3,34,271.0,48.71,4.45,69.38,,3876.6,6.5,1.210419991,20.14912026,15140920.0,229398.9,762982,17.0,Oranye (Risiko PHK),80.47,0.9,22.46,-0.14,0.77,51.14,7.99,True,True,2024,matched,reported,Database Bulan + Tahun + Triwulan + MAP,baseline-v1,2026-07-03,Data untuk PHK Dashboard.xlsx; MAP_composite_all.xlsx
Bangka Belitung,Bangka Belitung,19,2025,3,2025-03-01,1,47.0,23.0,105.22,1.13,1.83,205.39,,205.39,323.392,52.4,5.75,16456,72.7,105.1,34,271.0,48.71,4.45,69.38,,3876.6,6.5,1.210419991,20.14912026,15140920.0,229398.9,762982,17.0,Oranye (Risiko PHK),80.47,0.9,22.46,-0.14,0.77,51.14,7.99,True,True,2024,matched,reported,Database Bulan + Tahun + Triwulan + MAP,baseline-v1,2026-07-03,Data untuk PHK Dashboard.xlsx; MAP_composite_all.xlsx
Bangka Belitung,Bangka Belitung,19,2025,4,2025-04-01,2,63.0,16.0,106.03,1.37,0.77,176.41,1.39,175.02,344.855,46.7,5.75,16820,68.1,105.1,34,271.0,48.71,4.45,69.38,,3876.6,6.5,1.210419991,20.14912026,15981530.0,1399131.9,762982,17.0,Oranye (Risiko PHK),80.47,0.9,22.46,-0.14,0.77,51.14,7.99,True,True,2024,matched,reported,Database Bulan + Tahun + Triwulan + MAP,baseline-v1,2026-07-03,Data untuk PHK Dashboard.xlsx; MAP_composite_all.xlsx
Bangka Belitung,Bangka Belitung,19,2025,5,2025-05-01,2,89.0,26.0,105.09,0.79,-0.89,206.04,0.7,205.34,363.29,47.4,5.5,16441,64.5,104.6,34,271.0,48.71,4.45,69.38,,3876.6,6.5,1.210419991,20.14912026,15981530.0,1399131.9,762982,17.0,Oranye (Risiko PHK),80.47,0.9,22.46,-0.14,0.77,51.14,7.99,True,True,2024,matched,reported,Database Bulan + Tahun + Triwulan + MAP,baseline-v1,2026-07-03,Data untuk PHK Dashboard.xlsx; MAP_composite_all.xlsx
Bangka Belitung,Bangka Belitung,19,2025,6,2025-06-01,2,101.0,12.0,104.98,0.99,-0.1,166.65,0.65,166,365.749,46.9,5.5,16311,71.4,104.7,34,271.0,48.71,4.45,69.38,,3876.6,6.5,1.210419991,20.14912026,15981530.0,1399131.9,762982,17.0,Oranye (Risiko PHK),80.47,0.9,22.46,-0.14,0.77,51.14,7.99,True,True,2024,matched,reported,Database Bulan + Tahun + Triwulan + MAP,baseline-v1,2026-07-03,Data untuk PHK Dashboard.xlsx; MAP_composite_all.xlsx
Bangka Belitung,Bangka Belitung,19,2025,7,2025-07-01,3,196.0,95.0,105.66,2.05,0.65,145.98,0.12,145.86,437.029,49.2,5.25,16276,71,105.2,34,271.0,48.71,4.45,69.38,,3876.6,6.5,1.210419991,20.14912026,15702300.0,334907.0,785723,17.0,Oranye (Risiko PHK),80.47,0.9,22.46,-0.14,0.77,51.14,7.99,True,True,2024,matched,reported,Database Bulan + Tahun + Triwulan + MAP,baseline-v1,2026-07-03,Data untuk PHK Dashboard.xlsx; MAP_composite_all.xlsx
Bangka Belitung,Bangka Belitung,19,2025,8,2025-08-01,3,242.0,46.0,105.17,1.34,-0.46,136.23,0.7,135.53,435.869,51.5,5.0,16309,67.9,105.2,34,271.0,48.71,4.45,69.38,,3876.6,6.5,1.210419991,20.14912026,15702300.0,334907.0,785723,17.0,Oranye (Risiko PHK),80.47,0.9,22.46,-0.14,0.77,51.14,7.99,True,True,2024,matched,reported,Database Bulan + Tahun + Triwulan + MAP,baseline-v1,2026-07-03,Data untuk PHK Dashboard.xlsx; MAP_composite_all.xlsx
Bangka Belitung,Bangka Belitung,19,2025,9,2025-09-01,3,255.0,13.0,105.65,1.82,0.46,173.95,0.11,173.84,427.211,50.4,4.75,16512,68,105.3,34,271.0,48.71,4.45,69.38,,3876.6,6.5,1.210419991,20.14912026,15702300.0,334907.0,785723,17.0,Oranye (Risiko PHK),80.47,0.9,22.46,-0.14,0.77,51.14,7.99,True,True,2024,matched,reported,Database Bulan + Tahun + Triwulan + MAP,baseline-v1,2026-07-03,Data untuk PHK Dashboard.xlsx; MAP_composite_all.xlsx
Bangka Belitung,Bangka Belitung,19,2025,10,2025-10-01,4,264.0,9.0,106.17,2.51,0.49,113.78,,113.78,429.546,51.2,4.75,16607,64.5,105.5,34,271.0,48.71,4.45,69.38,,3876.6,6.5,1.210419991,20.14912026,16466410.0,297127.0,785723,17.0,Oranye (Risiko PHK),80.47,0.9,22.46,-0.14,0.77,51.14,7.99,True,True,2024,matched,reported,Database Bulan + Tahun + Triwulan + MAP,baseline-v1,2026-07-03,Data untuk PHK Dashboard.xlsx; MAP_composite_all.xlsx
Bangka Belitung,Bangka Belitung,19,2025,11,2025-11-01,4,267.0,3.0,106.55,2.87,0.36,283.43,0.57,282.86,361.593,53.3,4.75,16703,63.8,105.4,34,271.0,48.71,4.45,69.38,,3876.6,6.5,1.210419991,20.14912026,16466410.0,297127.0,785723,17.0,Oranye (Risiko PHK),80.47,0.9,22.46,-0.14,0.77,51.14,7.99,True,True,2024,matched,reported,Database Bulan + Tahun + Triwulan + MAP,baseline-v1,2026-07-03,Data untuk PHK Dashboard.xlsx; MAP_composite_all.xlsx
Bangka Belitung,Bangka Belitung,19,2025,12,2025-12-01,4,271.0,4.0,107.14,2.77,0.55,207.83,,207.83,344.525,51.2,4.75,16699,62.5,106.3,27,271.0,48.71,4.45,69.38,,3876.6,6.5,1.210419991,20.14912026,16466410.0,297127.0,785723,17.0,Oranye (Risiko PHK),80.47,0.9,22.46,-0.14,0.77,51.14,7.99,True,True,2024,matched,reported,Database Bulan + Tahun + Triwulan + MAP,baseline-v1,2026-07-03,Data untuk PHK Dashboard.xlsx; MAP_composite_all.xlsx
Banten,Banten,36,2022,1,2022-01-01,1,,,97.87,,,1241.51,1251.76,-10.25,3921.916,53.7,3.5,14335,86.5,94.0,0,3703.0,52.04,8.09,64.72,47.96,2501.20311,1.6337515858514564,0.5723212825,33.18109983,119268514.39,10227743.5,5405301,11.0,Kuning (Perlu perhatian),72.96,1.75,47.23,1.78,5.03,47.96,23.04,True,True,2022,matched,no_data,Database Bulan + Tahun + Triwulan + MAP,baseline-v1,2026-07-03,Data untuk PHK Dashboard.xlsx; MAP_composite_all.xlsx
Banten,Banten,36,2022,2,2022-02-01,1,,,97.71,,,1102.83,1503.32,-400.49,3729.562,51.2,3.5,14351,97.1,94.0,0,3703.0,52.04,8.09,64.72,47.96,2501.20311,1.6337515858514564,0.5723212825,33.18109983,119268514.39,10227743.5,5405301,11.0,Kuning (Perlu perhatian),72.96,1.75,47.23,1.78,5.03,47.96,23.04,True,True,2022,matched,no_data,Database Bulan + Tahun + Triwulan + MAP,baseline-v1,2026-07-03,Data untuk PHK Dashboard.xlsx; MAP_composite_all.xlsx
Banten,Banten,36,2022,3,2022-03-01,1,,,98.57,,,1412.39,1850.08,-437.69,3528.935,51.3,3.5,14349,117.2,94.7,0,3703.0,52.04,8.09,64.72,47.96,2501.20311,1.6337515858514564,0.5723212825,33.18109983,119268514.39,10227743.5,5405301,11.0,Kuning (Perlu perhatian),72.96,1.75,47.23,1.78,5.03,47.96,23.04,True,True,2022,matched,no_data,Database Bulan + Tahun + Triwulan + MAP,baseline-v1,2026-07-03,Data untuk PHK Dashboard.xlsx; MAP_composite_all.xlsx
Banten,Banten,36,2022,4,2022-04-01,2,,,99.48,,,1437.48,1683.63,-246.15,3775.247,51.9,3.5,14369,104.6,95.6,0,3703.0,52.04,8.09,64.72,47.96,2501.20311,1.6337515858514564,0.5723212825,33.18109983,120420401.77,9319310.6,5405301,11.0,Kuning (Perlu perhatian),72.96,1.75,47.23,1.78,5.03,47.96,23.04,True,True,2022,matched,no_data,Database Bulan + Tahun + Triwulan + MAP,baseline-v1,2026-07-03,Data untuk PHK Dashboard.xlsx; MAP_composite_all.xlsx
Banten,Banten,36,2022,5,2022-05-01,2,,,99.61,,,1036.98,1749.07,-712.09,3942.669,50.8,3.5,14608,113.3,95.9,0,3703.0,52.04,8.09,64.72,47.96,2501.20311,1.6337515858514564,0.5723212825,33.18109983,120420401.77,9319310.6,5405301,11.0,Kuning (Perlu perhatian),72.96,1.75,47.23,1.78,5.03,47.96,23.04,True,True,2022,matched,no_data,Database Bulan + Tahun + Triwulan + MAP,baseline-v1,2026-07-03,Data untuk PHK Dashboard.xlsx; MAP_composite_all.xlsx
Banten,Banten,36,2022,6,2022-06-01,2,,,100.54,,,1192.61,1670.06,-477.45,3806.093,50.2,3.5,14689,122.7,96.6,0,3703.0,52.04,8.09,64.72,47.96,2501.20311,1.6337515858514564,0.5723212825,33.18109983,120420401.77,9319310.6,5405301,11.0,Kuning (Perlu perhatian),72.96,1.75,47.23,1.78,5.03,47.96,23.04,True,True,2022,matched,no_data,Database Bulan + Tahun + Triwulan + MAP,baseline-v1,2026-07-03,Data untuk PHK Dashboard.xlsx; MAP_composite_all.xlsx
Banten,Banten,36,2022,7,2022-07-01,3,,,100.75,,,1611.28,1140.46,470.82,3725.433,51.3,3.5,14984,111.9,97.0,0,3703.0,52.04,8.09,64.72,47.96,2501.20311,1.6337515858514564,0.5723212825,33.18109983,121066329.35,14161026.5,5940618,11.0,Kuning (Perlu perhatian),72.96,1.75,47.23,1.78,5.03,47.96,23.04,True,True,2022,matched,no_data,Database Bulan + Tahun + Triwulan + MAP,baseline-v1,2026-07-03,Data untuk PHK Dashboard.xlsx; MAP_composite_all.xlsx
Banten,Banten,36,2022,8,2022-08-01,3,,,100.3,,,1115.61,1490.7,-375.09,3723.8,51.7,3.75,14851,100.4,96.9,0,3703.0,52.04,8.09,64.72,47.96,2501.20311,1.6337515858514564,0.5723212825,33.18109983,121066329.35,14161026.5,5940618,11.0,Kuning (Perlu perhatian),72.96,1.75,47.23,1.78,5.03,47.96,23.04,True,True,2022,matched,no_data,Database Bulan + Tahun + Triwulan + MAP,baseline-v1,2026-07-03,Data untuk PHK Dashboard.xlsx; MAP_composite_all.xlsx
Banten,Banten,36,2022,9,2022-09-01,3,3703.0,,101.43,,,1107.47,1355.97,-248.5,3652.287,53.7,4.25,14972,89.8,97.7,0,3703.0,52.04,8.09,64.72,47.96,2501.20311,1.6337515858514564,0.5723212825,33.18109983,121066329.35,14161026.5,5940618,11.0,Kuning (Perlu perhatian),72.96,1.75,47.23,1.78,5.03,47.96,23.04,True,True,2022,matched,reported,Database Bulan + Tahun + Triwulan + MAP,baseline-v1,2026-07-03,Data untuk PHK Dashboard.xlsx; MAP_composite_all.xlsx
Banten,Banten,36,2022,10,2022-10-01,4,3703.0,0.0,101.01,,,1084.03,1325.44,-241.41,3714.286,51.8,4.75,15417,93.3,97.7,34,3703.0,52.04,8.09,64.72,47.96,2501.20311,1.6337515858514564,0.5723212825,33.18109983,123374175.51,17264551.8,5940618,11.0,Kuning (Perlu perhatian),72.96,1.75,47.23,1.78,5.03,47.96,23.04,True,True,2022,matched,reported,Database Bulan + Tahun + Triwulan + MAP,baseline-v1,2026-07-03,Data untuk PHK Dashboard.xlsx; MAP_composite_all.xlsx
Banten,Banten,36,2022,11,2022-11-01,4,3703.0,0.0,101.1,,,1144.72,1164.81,-20.09,3853.077,50.3,5.25,15659,91.4,98.0,34,3703.0,52.04,8.09,64.72,47.96,2501.20311,1.6337515858514564,0.5723212825,33.18109983,123374175.51,17264551.8,5940618,11.0,Kuning (Perlu perhatian),72.96,1.75,47.23,1.78,5.03,47.96,23.04,True,True,2022,matched,reported,Database Bulan + Tahun + Triwulan + MAP,baseline-v1,2026-07-03,Data untuk PHK Dashboard.xlsx; MAP_composite_all.xlsx
Banten,Banten,36,2022,12,2022-12-01,4,3703.0,0.0,101.63,,,1078.6,1503.39,-424.79,3676.522,50.9,5.5,15615,80.9,98.7,34,3703.0,52.04,8.09,64.72,47.96,2501.20311,1.6337515858514564,0.5723212825,33.18109983,123374175.51,17264551.8,5940618,11.0,Kuning (Perlu perhatian),72.96,1.75,47.23,1.78,5.03,47.96,23.04,True,True,2022,matched,reported,Database Bulan + Tahun + Triwulan + MAP,baseline-v1,2026-07-03,Data untuk PHK Dashboard.xlsx; MAP_composite_all.xlsx
Banten,Banten,36,2023,1,2023-01-01,1,323.0,323.0,101.96,,,972.58,1436.13,-463.55,3879.398,51.3,5.75,15295,82.5,99.3,8,11140.0,53.69,7.52,64.44,46.31,2661.28011,6.400000038,0.6078677144,33.48950989,124821950.0,16310948.4,5617303,11.0,Kuning (Perlu perhatian),71.63,1.65,46.17,3.15,4.81,46.31,21.0,True,True,2023,matched,reported,Database Bulan + Tahun + Triwulan + MAP,baseline-v1,2026-07-03,Data untuk PHK Dashboard.xlsx; MAP_composite_all.xlsx
Banten,Banten,36,2023,2,2023-02-01,1,323.0,0.0,102.27,,,933.1,1155.99,-222.89,3931.958,51.2,5.75,15126,82.6,99.6,34,11140.0,53.69,7.52,64.44,46.31,2661.28011,6.400000038,0.6078677144,33.48950989,124821950.0,16310948.4,5617303,11.0,Kuning (Perlu perhatian),71.63,1.65,46.17,3.15,4.81,46.31,21.0,True,True,2023,matched,reported,Database Bulan + Tahun + Triwulan + MAP,baseline-v1,2026-07-03,Data untuk PHK Dashboard.xlsx; MAP_composite_all.xlsx
Banten,Banten,36,2023,3,2023-03-01,1,2342.0,2019.0,102.66,,,1165.5,1692.04,-526.54,3710.327,51.9,5.75,15301,78.4,99.9,34,11140.0,53.69,7.52,64.44,46.31,2661.28011,6.400000038,0.6078677144,33.48950989,124821950.0,16310948.4,5617303,11.0,Kuning (Perlu perhatian),71.63,1.65,46.17,3.15,4.81,46.31,21.0,True,True,2023,matched,reported,Database Bulan + Tahun + Triwulan + MAP,baseline-v1,2026-07-03,Data untuk PHK Dashboard.xlsx; MAP_composite_all.xlsx
Banten,Banten,36,2023,4,2023-04-01,2,3885.0,1543.0,103.07,,,878.74,1403.48,-524.74,3857.292,52.7,5.75,14867,84.6,100.0,34,11140.0,53.69,7.52,64.44,46.31,2661.28011,6.400000038,0.6078677144,33.48950989,126157970.0,17175263.6,5617303,11.0,Kuning (Perlu perhatian),71.63,1.65,46.17,3.15,4.81,46.31,21.0,True,True,2023,matched,reported,Database Bulan + Tahun + Triwulan + MAP,baseline-v1,2026-07-03,Data untuk PHK Dashboard.xlsx; MAP_composite_all.xlsx
Banten,Banten,36,2023,5,2023-05-01,2,4995.0,1110.0,103.1,,,1121.37,1439.43,-318.06,4007.476,50.3,5.75,14811,75.5,100.2,34,11140.0,53.69,7.52,64.44,46.31,2661.28011,6.400000038,0.6078677144,33.48950989,126157970.0,17175263.6,5617303,11.0,Kuning (Perlu perhatian),71.63,1.65,46.17,3.15,4.81,46.31,21.0,True,True,2023,matched,reported,Database Bulan + Tahun + Triwulan + MAP,baseline-v1,2026-07-03,Data untuk PHK Dashboard.xlsx; MAP_composite_all.xlsx
Banten,Banten,36,2023,6,2023-06-01,2,5141.0,146.0,103.4,,,962.16,1191.56,-229.4,3794.904,52.5,5.75,14932,74.8,100.3,34,11140.0,53.69,7.52,64.44,46.31,2661.28011,6.400000038,0.6078677144,33.48950989,126157970.0,17175263.6,5617303,11.0,Kuning (Perlu perhatian),71.63,1.65,46.17,3.15,4.81,46.31,21.0,True,True,2023,matched,reported,Database Bulan + Tahun + Triwulan + MAP,baseline-v1,2026-07-03,Data untuk PHK Dashboard.xlsx; MAP_composite_all.xlsx
Banten,Banten,36,2023,7,2023-07-01,3,5863.0,722.0,103.34,,,1021.4,1321.38,-299.98,3647.637,53.3,5.75,15040,80.1,100.5,34,11140.0,53.69,7.52,64.44,46.31,2661.28011,6.400000038,0.6078677144,33.48950989,127083640.0,18475560.3,5516656,11.0,Kuning (Perlu perhatian),71.63,1.65,46.17,3.15,4.81,46.31,21.0,True,True,2023,matched,reported,Database Bulan + Tahun + Triwulan + MAP,baseline-v1,2026-07-03,Data untuk PHK Dashboard.xlsx; MAP_composite_all.xlsx
Banten,Banten,36,2023,8,2023-08-01,3,6047.0,184.0,103.2,,,1071.59,1365.02,-293.43,3653.214,53.9,5.75,15245,86.1,100.5,34,11140.0,53.69,7.52,64.44,46.31,2661.28011,6.400000038,0.6078677144,33.48950989,127083640.0,18475560.3,5516656,11.0,Kuning (Perlu perhatian),71.63,1.65,46.17,3.15,4.81,46.31,21.0,True,True,2023,matched,reported,Database Bulan + Tahun + Triwulan + MAP,baseline-v1,2026-07-03,Data untuk PHK Dashboard.xlsx; MAP_composite_all.xlsx
Banten,Banten,36,2023,9,2023-09-01,3,6059.0,12.0,103.36,,,934.75,1267.64,-332.89,3369.785,52.3,5.75,15354,"93,7",100.9,34,11140.0,53.69,7.52,64.44,46.31,2661.28011,6.400000038,0.6078677144,33.48950989,127083640.0,18475560.3,5516656,11.0,Kuning (Perlu perhatian),71.63,1.65,46.17,3.15,4.81,46.31,21.0,True,True,2023,matched,reported,Database Bulan + Tahun + Triwulan + MAP,baseline-v1,2026-07-03,Data untuk PHK Dashboard.xlsx; MAP_composite_all.xlsx
Banten,Banten,36,2023,10,2023-10-01,4,6267.0,208.0,103.6,,,1026.93,1412.75,-385.82,3477.287,51.5,6.0,15741,90.6,101.2,34,11140.0,53.69,7.52,64.44,46.31,2661.28011,6.400000038,0.6078677144,33.48950989,129362170.0,15809375.8,5516656,11.0,Kuning (Perlu perhatian),71.63,1.65,46.17,3.15,4.81,46.31,21.0,True,True,2023,matched,reported,Database Bulan + Tahun + Triwulan + MAP,baseline-v1,2026-07-03,Data untuk PHK Dashboard.xlsx; MAP_composite_all.xlsx
Banten,Banten,36,2023,11,2023-11-01,4,8776.0,2509.0,104.1,,,1053.27,1294.17,-240.9,3514.976,51.7,6.0,15617,82.9,101.4,34,11140.0,53.69,7.52,64.44,46.31,2661.28011,6.400000038,0.6078677144,33.48950989,129362170.0,15809375.8,5516656,11.0,Kuning (Perlu perhatian),71.63,1.65,46.17,3.15,4.81,46.31,21.0,True,True,2023,matched,reported,Database Bulan + Tahun + Triwulan + MAP,baseline-v1,2026-07-03,Data untuk PHK Dashboard.xlsx; MAP_composite_all.xlsx
Banten,Banten,36,2023,12,2023-12-01,4,11140.0,2364.0,104.64,,,1000.51,1514.07,-513.56,3384.366,52.2,6.0,15513,77.6,101.8,34,11140.0,53.69,7.52,64.44,46.31,2661.28011,6.400000038,0.6078677144,33.48950989,129362170.0,15809375.8,5516656,11.0,Kuning (Perlu perhatian),71.63,1.65,46.17,3.15,4.81,46.31,21.0,True,True,2023,matched,reported,Database Bulan + Tahun + Triwulan + MAP,baseline-v1,2026-07-03,Data untuk PHK Dashboard.xlsx; MAP_composite_all.xlsx
Banten,Banten,36,2024,1,2024-01-01,1,6.0,6.0,104.6,2.59,-0.04,1050.93,1394.23,-343.3,3754.887,52.9,6.0,15611,80.1,102.1,9,13042.0,53.79,6.68,66.17,,2727.812,2.499995763,0.6209779346,33.55007154,130447140.0,15740962.8,5625335,13.0,Kuning (Perlu perhatian),70.46,1.61,45.94,0.19,4.79,46.21,21.53,True,True,2024,matched,reported,Database Bulan + Tahun + Triwulan + MAP,baseline-v1,2026-07-03,Data untuk PHK Dashboard.xlsx; MAP_composite_all.xlsx
Banten,Banten,36,2024,2,2024-02-01,1,8.0,2.0,105.14,2.81,0.52,950.31,1301.04,-350.73,3854.389,52.7,6.0,15665,83.5,103.0,34,13042.0,53.79,6.68,66.17,,2727.812,2.499995763,0.6209779346,33.55007154,130447140.0,15740962.8,5625335,13.0,Kuning (Perlu perhatian),70.46,1.61,45.94,0.19,4.79,46.21,21.53,True,True,2024,matched,reported,Database Bulan + Tahun + Triwulan + MAP,baseline-v1,2026-07-03,Data untuk PHK Dashboard.xlsx; MAP_composite_all.xlsx
Banten,Banten,36,2024,3,2024-03-01,1,927.0,919.0,106.17,3.42,0.98,1111.48,1397.91,-286.43,3703.165,54.2,6.0,15703,85.4,103.5,34,13042.0,53.79,6.68,66.17,,2727.812,2.499995763,0.6209779346,33.55007154,130447140.0,15740962.8,5625335,13.0,Kuning (Perlu perhatian),70.46,1.61,45.94,0.19,4.79,46.21,21.53,True,True,2024,matched,reported,Database Bulan + Tahun + Triwulan + MAP,baseline-v1,2026-07-03,Data untuk PHK Dashboard.xlsx; MAP_composite_all.xlsx
Banten,Banten,36,2024,4,2024-04-01,2,5078.0,4151.0,106.6,3.42,0.41,874.13,1428.79,-554.66,3923.125,52.9,6.25,16100,89.9,103.4,34,13042.0,53.79,6.68,66.17,,2727.812,2.499995763,0.6209779346,33.55007154,132081230.0,21789102.4,5625335,13.0,Kuning (Perlu perhatian),70.46,1.61,45.94,0.19,4.79,46.21,21.53,True,True,2024,matched,reported,Database Bulan + Tahun + Triwulan + MAP,baseline-v1,2026-07-03,Data untuk PHK Dashboard.xlsx; MAP_composite_all.xlsx
Banten,Banten,36,2024,5,2024-05-01,2,5859.0,781.0,106.05,2.86,-0.52,1083.35,1043.47,39.88,4206.444,52.1,6.25,16084,81.7,103.3,34,13042.0,53.79,6.68,66.17,,2727.812,2.499995763,0.6209779346,33.55007154,132081230.0,21789102.4,5625335,13.0,Kuning (Perlu perhatian),70.46,1.61,45.94,0.19,4.79,46.21,21.53,True,True,2024,matched,reported,Database Bulan + Tahun + Triwulan + MAP,baseline-v1,2026-07-03,Data untuk PHK Dashboard.xlsx; MAP_composite_all.xlsx
Banten,Banten,36,2024,6,2024-06-01,2,6135.0,276.0,105.97,2.49,-0.08,861.69,1077.12,-215.43,4112.003,50.7,6.25,16329,82.2,103.3,34,13042.0,53.79,6.68,66.17,,2727.812,2.499995763,0.6209779346,33.55007154,132081230.0,21789102.4,5625335,13.0,Kuning (Perlu perhatian),70.46,1.61,45.94,0.19,4.79,46.21,21.53,True,True,2024,matched,reported,Database Bulan + Tahun + Triwulan + MAP,baseline-v1,2026-07-03,Data untuk PHK Dashboard.xlsx; MAP_composite_all.xlsx
Banten,Banten,36,2024,7,2024-07-01,3,6359.0,224.0,105.72,2.3,-0.24,991.54,1303.41,-311.87,4270.004,49.3,6.25,16262,85.2,103.2,34,13042.0,53.79,6.68,66.17,,2727.812,2.499995763,0.6209779346,33.55007154,133354820.0,13408608.3,5797923,13.0,Kuning (Perlu perhatian),70.46,1.61,45.94,0.19,4.79,46.21,21.53,True,True,2024,matched,reported,Database Bulan + Tahun + Triwulan + MAP,baseline-v1,2026-07-03,Data untuk PHK Dashboard.xlsx; MAP_composite_all.xlsx
Banten,Banten,36,2024,8,2024-08-01,3,6359.0,0.0,105.73,2.45,0.01,1040.56,1225.64,-185.08,4307.55,48.9,6.25,15793,80.4,103.1,34,13042.0,53.79,6.68,66.17,,2727.812,2.499995763,0.6209779346,33.55007154,133354820.0,13408608.3,5797923,13.0,Kuning (Perlu perhatian),70.46,1.61,45.94,0.19,4.79,46.21,21.53,True,True,2024,matched,reported,Database Bulan + Tahun + Triwulan + MAP,baseline-v1,2026-07-03,Data untuk PHK Dashboard.xlsx; MAP_composite_all.xlsx
Banten,Banten,36,2024,9,2024-09-01,3,10266.0,3907.0,105.46,2.03,-0.26,956.99,1024.7,-67.71,4250.203,49.2,6.0,15341,74,102.9,34,13042.0,53.79,6.68,66.17,,2727.812,2.499995763,0.6209779346,33.55007154,133354820.0,13408608.3,5797923,13.0,Kuning (Perlu perhatian),70.46,1.61,45.94,0.19,4.79,46.21,21.53,True,True,2024,matched,reported,Database Bulan + Tahun + Triwulan + MAP,baseline-v1,2026-07-03,Data untuk PHK Dashboard.xlsx; MAP_composite_all.xlsx
Banten,Banten,36,2024,10,2024-10-01,4,10702.0,436.0,105.61,1.94,0.14,1143.42,1368.4,-224.98,4292.24,49.2,6.0,15541,75.6,102.8,34,13042.0,53.79,6.68,66.17,,2727.812,2.499995763,0.6209779346,33.55007154,135852060.0,10531101.4,5797923,13.0,Kuning (Perlu perhatian),70.46,1.61,45.94,0.19,4.79,46.21,21.53,True,True,2024,matched,reported,Database Bulan + Tahun + Triwulan + MAP,baseline-v1,2026-07-03,Data untuk PHK Dashboard.xlsx; MAP_composite_all.xlsx
Banten,Banten,36,2024,11,2024-11-01,4,10727.0,25.0,106.08,1.9,0.45,1117.07,1131.81,-14.74,4310.184,49.6,6.0,15812,74.3,103.0,34,13042.0,53.79,6.68,66.17,,2727.812,2.499995763,0.6209779346,33.55007154,135852060.0,10531101.4,5797923,13.0,Kuning (Perlu perhatian),70.46,1.61,45.94,0.19,4.79,46.21,21.53,True,True,2024,matched,reported,Database Bulan + Tahun + Triwulan + MAP,baseline-v1,2026-07-03,Data untuk PHK Dashboard.xlsx; MAP_composite_all.xlsx
Banten,Banten,36,2024,12,2024-12-01,4,13042.0,2315.0,106.61,1.88,0.5,1047.92,1317.57,-269.65,4941.091,51.2,6.0,16024,73.9,103.4,34,13042.0,53.79,6.68,66.17,,2727.812,2.499995763,0.6209779346,33.55007154,135852060.0,10531101.4,5797923,13.0,Kuning (Perlu perhatian),70.46,1.61,45.94,0.19,4.79,46.21,21.53,True,True,2024,matched,reported,Database Bulan + Tahun + Triwulan + MAP,baseline-v1,2026-07-03,Data untuk PHK Dashboard.xlsx; MAP_composite_all.xlsx
Banten,Banten,36,2025,1,2025-01-01,1,2604.0,2604.0,105.49,0.85,-1.05,1070.52,1076.14,-5.62,5584.485,51.9,5.75,16262,79.3,104.2,34,10376.0,54.88,6.69,64.66,,2905.1199,6.500004399,0.7151085492,33.55159442,137221030.0,16272570.7,5801246,13.0,Kuning (Perlu perhatian),70.46,1.61,45.94,0.19,4.79,46.21,21.53,True,True,2024,matched,reported,Database Bulan + Tahun + Triwulan + MAP,baseline-v1,2026-07-03,Data untuk PHK Dashboard.xlsx; MAP_composite_all.xlsx
Banten,Banten,36,2025,2,2025-02-01,1,3125.0,521.0,104.79,-0.33,-0.66,1084.35,1149.24,-64.89,5711.059,53.6,5.75,16338,75.4,104.3,34,10376.0,54.88,6.69,64.66,,2905.1199,6.500004399,0.7151085492,33.55159442,137221030.0,16272570.7,5801246,13.0,Kuning (Perlu perhatian),70.46,1.61,45.94,0.19,4.79,46.21,21.53,True,True,2024,matched,reported,Database Bulan + Tahun + Triwulan + MAP,baseline-v1,2026-07-03,Data untuk PHK Dashboard.xlsx; MAP_composite_all.xlsx
Banten,Banten,36,2025,3,2025-03-01,1,3554.0,429.0,106.91,0.7,2.02,1083.25,1100.08,-16.83,5510.984,52.4,5.75,16456,72.7,105.1,34,10376.0,54.88,6.69,64.66,,2905.1199,6.500004399,0.7151085492,33.55159442,137221030.0,16272570.7,5801246,13.0,Kuning (Perlu perhatian),70.46,1.61,45.94,0.19,4.79,46.21,21.53,True,True,2024,matched,reported,Database Bulan + Tahun + Triwulan + MAP,baseline-v1,2026-07-03,Data untuk PHK Dashboard.xlsx; MAP_composite_all.xlsx
Banten,Banten,36,2025,4,2025-04-01,2,3924.0,370.0,108.29,1.59,1.29,908.12,1131.89,-223.77,5703.182,46.7,5.75,16820,68.1,105.1,34,10376.0,54.88,6.69,64.66,,2905.1199,6.500004399,0.7151085492,33.55159442,139124360.0,9863114.4,5801246,13.0,Kuning (Perlu perhatian),70.46,1.61,45.94,0.19,4.79,46.21,21.53,True,True,2024,matched,reported,Database Bulan + Tahun + Triwulan + MAP,baseline-v1,2026-07-03,Data untuk PHK Dashboard.xlsx; MAP_composite_all.xlsx
Banten,Banten,36,2025,5,2025-05-01,2,4550.0,626.0,107.71,1.57,-0.54,1120.54,1012.34,108.2,5940.023,47.4,5.5,16441,64.5,104.6,34,10376.0,54.88,6.69,64.66,,2905.1199,6.500004399,0.7151085492,33.55159442,139124360.0,9863114.4,5801246,13.0,Kuning (Perlu perhatian),70.46,1.61,45.94,0.19,4.79,46.21,21.53,True,True,2024,matched,reported,Database Bulan + Tahun + Triwulan + MAP,baseline-v1,2026-07-03,Data untuk PHK Dashboard.xlsx; MAP_composite_all.xlsx
Banten,Banten,36,2025,6,2025-06-01,2,5454.0,904.0,107.91,1.83,0.19,1067.0,956.55,110.45,6034.622,46.9,5.5,16311,71.4,104.7,34,10376.0,54.88,6.69,64.66,,2905.1199,6.500004399,0.7151085492,33.55159442,139124360.0,9863114.4,5801246,13.0,Kuning (Perlu perhatian),70.46,1.61,45.94,0.19,4.79,46.21,21.53,True,True,2024,matched,reported,Database Bulan + Tahun + Triwulan + MAP,baseline-v1,2026-07-03,Data untuk PHK Dashboard.xlsx; MAP_composite_all.xlsx
Banten,Banten,36,2025,7,2025-07-01,3,6219.0,765.0,108.14,2.29,0.21,1155.22,1095.96,59.26,6506.548,49.2,5.25,16276,71,105.2,34,10376.0,54.88,6.69,64.66,,2905.1199,6.500004399,0.7151085492,33.55159442,140404840.0,12468843.3,5755926,13.0,Kuning (Perlu perhatian),70.46,1.61,45.94,0.19,4.79,46.21,21.53,True,True,2024,matched,reported,Database Bulan + Tahun + Triwulan + MAP,baseline-v1,2026-07-03,Data untuk PHK Dashboard.xlsx; MAP_composite_all.xlsx
Banten,Banten,36,2025,8,2025-08-01,3,6800.0,581.0,107.79,1.95,-0.32,1089.82,1161.31,-71.49,6856.847,51.5,5.0,16309,67.9,105.2,34,10376.0,54.88,6.69,64.66,,2905.1199,6.500004399,0.7151085492,33.55159442,140404840.0,12468843.3,5755926,13.0,Kuning (Perlu perhatian),70.46,1.61,45.94,0.19,4.79,46.21,21.53,True,True,2024,matched,reported,Database Bulan + Tahun + Triwulan + MAP,baseline-v1,2026-07-03,Data untuk PHK Dashboard.xlsx; MAP_composite_all.xlsx
Banten,Banten,36,2025,9,2025-09-01,3,7380.0,580.0,107.9,2.31,0.1,1121.75,1127.98,-6.23,6848.406,50.4,4.75,16512,68,105.3,34,10376.0,54.88,6.69,64.66,,2905.1199,6.500004399,0.7151085492,33.55159442,140404840.0,12468843.3,5755926,13.0,Kuning (Perlu perhatian),70.46,1.61,45.94,0.19,4.79,46.21,21.53,True,True,2024,matched,reported,Database Bulan + Tahun + Triwulan + MAP,baseline-v1,2026-07-03,Data untuk PHK Dashboard.xlsx; MAP_composite_all.xlsx
Banten,Banten,36,2025,10,2025-10-01,4,10101.0,2721.0,108.51,2.75,0.57,1192.18,1235.8,-43.62,6804.129,51.2,4.75,16607,64.5,105.5,34,10376.0,54.88,6.69,64.66,,2905.1199,6.500004399,0.7151085492,33.55159442,143520640.0,20106910.7,5755926,13.0,Kuning (Perlu perhatian),70.46,1.61,45.94,0.19,4.79,46.21,21.53,True,True,2024,matched,reported,Database Bulan + Tahun + Triwulan + MAP,baseline-v1,2026-07-03,Data untuk PHK Dashboard.xlsx; MAP_composite_all.xlsx
Banten,Banten,36,2025,11,2025-11-01,4,10351.0,250.0,108.8,2.56,0.27,1006.31,1094.0,-87.69,7087.577,53.3,4.75,16703,63.8,105.4,34,10376.0,54.88,6.69,64.66,,2905.1199,6.500004399,0.7151085492,33.55159442,143520640.0,20106910.7,5755926,13.0,Kuning (Perlu perhatian),70.46,1.61,45.94,0.19,4.79,46.21,21.53,True,True,2024,matched,reported,Database Bulan + Tahun + Triwulan + MAP,baseline-v1,2026-07-03,Data untuk PHK Dashboard.xlsx; MAP_composite_all.xlsx
Banten,Banten,36,2025,12,2025-12-01,4,10376.0,25.0,109.53,2.74,0.67,1113.31,1112.41,0.9,6712.724,51.2,4.75,16699,62.5,106.3,27,10376.0,54.88,6.69,64.66,,2905.1199,6.500004399,0.7151085492,33.55159442,143520640.0,20106910.7,5755926,13.0,Kuning (Perlu perhatian),70.46,1.61,45.94,0.19,4.79,46.21,21.53,True,True,2024,matched,reported,Database Bulan + Tahun + Triwulan + MAP,baseline-v1,2026-07-03,Data untuk PHK Dashboard.xlsx; MAP_composite_all.xlsx
Bengkulu,Bengkulu,17,2022,1,2022-01-01,1,,,96.87,,,4.42,,4.42,362.19,53.7,3.5,14335,86.5,94.0,0,26.0,32.46,3.59,69.81,67.54,2238.09431,1.0426325056433399,0.817468959,5.735926084,11955933.29,96728.2,1055772,12.0,Kuning (Perlu perhatian),71.79,1.22,16.78,1.96,4.31,67.54,5.13,True,True,2022,matched,no_data,Database Bulan + Tahun + Triwulan + MAP,baseline-v1,2026-07-03,Data untuk PHK Dashboard.xlsx; MAP_composite_all.xlsx
Bengkulu,Bengkulu,17,2022,2,2022-02-01,1,,,96.84,,,20.39,,20.39,367.783,51.2,3.5,14351,97.1,94.0,0,26.0,32.46,3.59,69.81,67.54,2238.09431,1.0426325056433399,0.817468959,5.735926084,11955933.29,96728.2,1055772,12.0,Kuning (Perlu perhatian),71.79,1.22,16.78,1.96,4.31,67.54,5.13,True,True,2022,matched,no_data,Database Bulan + Tahun + Triwulan + MAP,baseline-v1,2026-07-03,Data untuk PHK Dashboard.xlsx; MAP_composite_all.xlsx
Bengkulu,Bengkulu,17,2022,3,2022-03-01,1,,,97.84,,,24.35,,24.35,367.191,51.3,3.5,14349,117.2,94.7,0,26.0,32.46,3.59,69.81,67.54,2238.09431,1.0426325056433399,0.817468959,5.735926084,11955933.29,96728.2,1055772,12.0,Kuning (Perlu perhatian),71.79,1.22,16.78,1.96,4.31,67.54,5.13,True,True,2022,matched,no_data,Database Bulan + Tahun + Triwulan + MAP,baseline-v1,2026-07-03,Data untuk PHK Dashboard.xlsx; MAP_composite_all.xlsx
Bengkulu,Bengkulu,17,2022,4,2022-04-01,2,,,98.84,,,42.18,,42.18,387.376,51.9,3.5,14369,104.6,95.6,0,26.0,32.46,3.59,69.81,67.54,2238.09431,1.0426325056433399,0.817468959,5.735926084,12750112.9,222163.3,1055772,12.0,Kuning (Perlu perhatian),71.79,1.22,16.78,1.96,4.31,67.54,5.13,True,True,2022,matched,no_data,Database Bulan + Tahun + Triwulan + MAP,baseline-v1,2026-07-03,Data untuk PHK Dashboard.xlsx; MAP_composite_all.xlsx
Bengkulu,Bengkulu,17,2022,5,2022-05-01,2,,,99.54,,,31.04,,31.04,390.642,50.8,3.5,14608,113.3,95.9,0,26.0,32.46,3.59,69.81,67.54,2238.09431,1.0426325056433399,0.817468959,5.735926084,12750112.9,222163.3,1055772,12.0,Kuning (Perlu perhatian),71.79,1.22,16.78,1.96,4.31,67.54,5.13,True,True,2022,matched,no_data,Database Bulan + Tahun + Triwulan + MAP,baseline-v1,2026-07-03,Data untuk PHK Dashboard.xlsx; MAP_composite_all.xlsx
Bengkulu,Bengkulu,17,2022,6,2022-06-01,2,,,100.53,,,33.46,,33.46,386.283,50.2,3.5,14689,122.7,96.6,0,26.0,32.46,3.59,69.81,67.54,2238.09431,1.0426325056433399,0.817468959,5.735926084,12750112.9,222163.3,1055772,12.0,Kuning (Perlu perhatian),71.79,1.22,16.78,1.96,4.31,67.54,5.13,True,True,2022,matched,no_data,Database Bulan + Tahun + Triwulan + MAP,baseline-v1,2026-07-03,Data untuk PHK Dashboard.xlsx; MAP_composite_all.xlsx
Bengkulu,Bengkulu,17,2022,7,2022-07-01,3,26.0,,101.72,,,,22.38,-22.38,394.149,51.3,3.5,14984,111.9,97.0,0,26.0,32.46,3.59,69.81,67.54,2238.09431,1.0426325056433399,0.817468959,5.735926084,12464134.02,191395.2,1037496,12.0,Kuning (Perlu perhatian),71.79,1.22,16.78,1.96,4.31,67.54,5.13,True,True,2022,matched,reported,Database Bulan + Tahun + Triwulan + MAP,baseline-v1,2026-07-03,Data untuk PHK Dashboard.xlsx; MAP_composite_all.xlsx
Bengkulu,Bengkulu,17,2022,8,2022-08-01,3,,,101.06,,,20.39,,20.39,408.227,51.7,3.75,14851,100.4,96.9,0,26.0,32.46,3.59,69.81,67.54,2238.09431,1.0426325056433399,0.817468959,5.735926084,12464134.02,191395.2,1037496,12.0,Kuning (Perlu perhatian),71.79,1.22,16.78,1.96,4.31,67.54,5.13,True,True,2022,matched,no_data,Database Bulan + Tahun + Triwulan + MAP,baseline-v1,2026-07-03,Data untuk PHK Dashboard.xlsx; MAP_composite_all.xlsx
Bengkulu,Bengkulu,17,2022,9,2022-09-01,3,26.0,,102.2,,,33.91,,33.91,411.035,53.7,4.25,14972,89.8,97.7,0,26.0,32.46,3.59,69.81,67.54,2238.09431,1.0426325056433399,0.817468959,5.735926084,12464134.02,191395.2,1037496,12.0,Kuning (Perlu perhatian),71.79,1.22,16.78,1.96,4.31,67.54,5.13,True,True,2022,matched,reported,Database Bulan + Tahun + Triwulan + MAP,baseline-v1,2026-07-03,Data untuk PHK Dashboard.xlsx; MAP_composite_all.xlsx
Bengkulu,Bengkulu,17,2022,10,2022-10-01,4,26.0,0.0,101.36,,,35.06,,35.06,421.289,51.8,4.75,15417,93.3,97.7,34,26.0,32.46,3.59,69.81,67.54,2238.09431,1.0426325056433399,0.817468959,5.735926084,12745880.58,269733.5,1037496,12.0,Kuning (Perlu perhatian),71.79,1.22,16.78,1.96,4.31,67.54,5.13,True,True,2022,matched,reported,Database Bulan + Tahun + Triwulan + MAP,baseline-v1,2026-07-03,Data untuk PHK Dashboard.xlsx; MAP_composite_all.xlsx
Bengkulu,Bengkulu,17,2022,11,2022-11-01,4,26.0,0.0,101.41,,,25.96,,25.96,421.651,50.3,5.25,15659,91.4,98.0,34,26.0,32.46,3.59,69.81,67.54,2238.09431,1.0426325056433399,0.817468959,5.735926084,12745880.58,269733.5,1037496,12.0,Kuning (Perlu perhatian),71.79,1.22,16.78,1.96,4.31,67.54,5.13,True,True,2022,matched,reported,Database Bulan + Tahun + Triwulan + MAP,baseline-v1,2026-07-03,Data untuk PHK Dashboard.xlsx; MAP_composite_all.xlsx
Bengkulu,Bengkulu,17,2022,12,2022-12-01,4,26.0,0.0,101.77,,,17.7,,17.7,384.728,50.9,5.5,15615,80.9,98.7,34,26.0,32.46,3.59,69.81,67.54,2238.09431,1.0426325056433399,0.817468959,5.735926084,12745880.58,269733.5,1037496,12.0,Kuning (Perlu perhatian),71.79,1.22,16.78,1.96,4.31,67.54,5.13,True,True,2022,matched,reported,Database Bulan + Tahun + Triwulan + MAP,baseline-v1,2026-07-03,Data untuk PHK Dashboard.xlsx; MAP_composite_all.xlsx
Bengkulu,Bengkulu,17,2023,1,2023-01-01,1,,,103.17,,,6.75,,6.75,466.163,51.3,5.75,15295,82.5,99.3,8,25.0,32.23,3.42,70.91,67.77,2418.28,8.050853317,0.8823475755,5.601556917,12446240.0,145432.4,1093853,14.0,Oranye (Risiko PHK),72.41,1.13,18.87,-0.71,4.26,67.77,5.6,True,True,2023,matched,no_data,Database Bulan + Tahun + Triwulan + MAP,baseline-v1,2026-07-03,Data untuk PHK Dashboard.xlsx; MAP_composite_all.xlsx
Bengkulu,Bengkulu,17,2023,2,2023-02-01,1,,0.0,103.57,,,21.93,,21.93,501.773,51.2,5.75,15126,82.6,99.6,34,25.0,32.23,3.42,70.91,67.77,2418.28,8.050853317,0.8823475755,5.601556917,12446240.0,145432.4,1093853,14.0,Oranye (Risiko PHK),72.41,1.13,18.87,-0.71,4.26,67.77,5.6,True,True,2023,matched,reported,Database Bulan + Tahun + Triwulan + MAP,baseline-v1,2026-07-03,Data untuk PHK Dashboard.xlsx; MAP_composite_all.xlsx
Bengkulu,Bengkulu,17,2023,3,2023-03-01,1,,0.0,103.77,,,25.26,,25.26,478.505,51.9,5.75,15301,78.4,99.9,34,25.0,32.23,3.42,70.91,67.77,2418.28,8.050853317,0.8823475755,5.601556917,12446240.0,145432.4,1093853,14.0,Oranye (Risiko PHK),72.41,1.13,18.87,-0.71,4.26,67.77,5.6,True,True,2023,matched,reported,Database Bulan + Tahun + Triwulan + MAP,baseline-v1,2026-07-03,Data untuk PHK Dashboard.xlsx; MAP_composite_all.xlsx
Bengkulu,Bengkulu,17,2023,4,2023-04-01,2,,0.0,103.92,,,32.6,,32.6,548.062,52.7,5.75,14867,84.6,100.0,34,25.0,32.23,3.42,70.91,67.77,2418.28,8.050853317,0.8823475755,5.601556917,13283540.0,239888.0,1093853,14.0,Oranye (Risiko PHK),72.41,1.13,18.87,-0.71,4.26,67.77,5.6,True,True,2023,matched,reported,Database Bulan + Tahun + Triwulan + MAP,baseline-v1,2026-07-03,Data untuk PHK Dashboard.xlsx; MAP_composite_all.xlsx
Bengkulu,Bengkulu,17,2023,5,2023-05-01,2,,0.0,103.92,,,34.88,,34.88,543.195,50.3,5.75,14811,75.5,100.2,34,25.0,32.23,3.42,70.91,67.77,2418.28,8.050853317,0.8823475755,5.601556917,13283540.0,239888.0,1093853,14.0,Oranye (Risiko PHK),72.41,1.13,18.87,-0.71,4.26,67.77,5.6,True,True,2023,matched,reported,Database Bulan + Tahun + Triwulan + MAP,baseline-v1,2026-07-03,Data untuk PHK Dashboard.xlsx; MAP_composite_all.xlsx
Bengkulu,Bengkulu,17,2023,6,2023-06-01,2,,0.0,104.35,,,22.82,,22.82,531.27,52.5,5.75,14932,74.8,100.3,34,25.0,32.23,3.42,70.91,67.77,2418.28,8.050853317,0.8823475755,5.601556917,13283540.0,239888.0,1093853,14.0,Oranye (Risiko PHK),72.41,1.13,18.87,-0.71,4.26,67.77,5.6,True,True,2023,matched,reported,Database Bulan + Tahun + Triwulan + MAP,baseline-v1,2026-07-03,Data untuk PHK Dashboard.xlsx; MAP_composite_all.xlsx
Bengkulu,Bengkulu,17,2023,7,2023-07-01,3,,0.0,104.48,,,12.55,,12.55,577.552,53.3,5.75,15040,80.1,100.5,34,25.0,32.23,3.42,70.91,67.77,2418.28,8.050853317,0.8823475755,5.601556917,12958580.0,198776.5,1069615,14.0,Oranye (Risiko PHK),72.41,1.13,18.87,-0.71,4.26,67.77,5.6,True,True,2023,matched,reported,Database Bulan + Tahun + Triwulan + MAP,baseline-v1,2026-07-03,Data untuk PHK Dashboard.xlsx; MAP_composite_all.xlsx
Bengkulu,Bengkulu,17,2023,8,2023-08-01,3,23.0,23.0,104.77,,,15.13,,15.13,595.324,53.9,5.75,15245,86.1,100.5,34,25.0,32.23,3.42,70.91,67.77,2418.28,8.050853317,0.8823475755,5.601556917,12958580.0,198776.5,1069615,14.0,Oranye (Risiko PHK),72.41,1.13,18.87,-0.71,4.26,67.77,5.6,True,True,2023,matched,reported,Database Bulan + Tahun + Triwulan + MAP,baseline-v1,2026-07-03,Data untuk PHK Dashboard.xlsx; MAP_composite_all.xlsx
Bengkulu,Bengkulu,17,2023,9,2023-09-01,3,23.0,0.0,104.99,,,10.58,,10.58,544.216,52.3,5.75,15354,"93,7",100.9,34,25.0,32.23,3.42,70.91,67.77,2418.28,8.050853317,0.8823475755,5.601556917,12958580.0,198776.5,1069615,14.0,Oranye (Risiko PHK),72.41,1.13,18.87,-0.71,4.26,67.77,5.6,True,True,2023,matched,reported,Database Bulan + Tahun + Triwulan + MAP,baseline-v1,2026-07-03,Data untuk PHK Dashboard.xlsx; MAP_composite_all.xlsx
Bengkulu,Bengkulu,17,2023,10,2023-10-01,4,23.0,0.0,105.42,,,25.38,,25.38,560.839,51.5,6.0,15741,90.6,101.2,34,25.0,32.23,3.42,70.91,67.77,2418.28,8.050853317,0.8823475755,5.601556917,13363240.0,583540.8,1069615,14.0,Oranye (Risiko PHK),72.41,1.13,18.87,-0.71,4.26,67.77,5.6,True,True,2023,matched,reported,Database Bulan + Tahun + Triwulan + MAP,baseline-v1,2026-07-03,Data untuk PHK Dashboard.xlsx; MAP_composite_all.xlsx
Bengkulu,Bengkulu,17,2023,11,2023-11-01,4,23.0,0.0,106.32,,,11.51,,11.51,579.326,51.7,6.0,15617,82.9,101.4,34,25.0,32.23,3.42,70.91,67.77,2418.28,8.050853317,0.8823475755,5.601556917,13363240.0,583540.8,1069615,14.0,Oranye (Risiko PHK),72.41,1.13,18.87,-0.71,4.26,67.77,5.6,True,True,2023,matched,reported,Database Bulan + Tahun + Triwulan + MAP,baseline-v1,2026-07-03,Data untuk PHK Dashboard.xlsx; MAP_composite_all.xlsx
Bengkulu,Bengkulu,17,2023,12,2023-12-01,4,25.0,2.0,106.75,,,26.95,,26.95,537.372,52.2,6.0,15513,77.6,101.8,34,25.0,32.23,3.42,70.91,67.77,2418.28,8.050853317,0.8823475755,5.601556917,13363240.0,583540.8,1069615,14.0,Oranye (Risiko PHK),72.41,1.13,18.87,-0.71,4.26,67.77,5.6,True,True,2023,matched,reported,Database Bulan + Tahun + Triwulan + MAP,baseline-v1,2026-07-03,Data untuk PHK Dashboard.xlsx; MAP_composite_all.xlsx
Bengkulu,Bengkulu,17,2024,1,2024-01-01,1,,,105.24,2.83,0.15,12.64,,12.64,594.143,52.9,6.0,15611,80.1,102.1,9,109.0,33.99,3.11,71.71,,2507.079,3.671990009,0.8830563141,5.433874395,13024240.0,87981.8,1080744,11.0,Kuning (Perlu perhatian),73.95,1.13,18.57,5.45,4.62,66.01,5.08,True,True,2024,matched,no_data,Database Bulan + Tahun + Triwulan + MAP,baseline-v1,2026-07-03,Data untuk PHK Dashboard.xlsx; MAP_composite_all.xlsx
Bengkulu,Bengkulu,17,2024,2,2024-02-01,1,,0.0,106.07,3.68,0.79,23.23,,23.23,590.964,52.7,6.0,15665,83.5,103.0,34,109.0,33.99,3.11,71.71,,2507.079,3.671990009,0.8830563141,5.433874395,13024240.0,87981.8,1080744,11.0,Kuning (Perlu perhatian),73.95,1.13,18.57,5.45,4.62,66.01,5.08,True,True,2024,matched,reported,Database Bulan + Tahun + Triwulan + MAP,baseline-v1,2026-07-03,Data untuk PHK Dashboard.xlsx; MAP_composite_all.xlsx
Bengkulu,Bengkulu,17,2024,3,2024-03-01,1,,0.0,106.3,3.56,0.22,22.89,,22.89,544.563,54.2,6.0,15703,85.4,103.5,34,109.0,33.99,3.11,71.71,,2507.079,3.671990009,0.8830563141,5.433874395,13024240.0,87981.8,1080744,11.0,Kuning (Perlu perhatian),73.95,1.13,18.57,5.45,4.62,66.01,5.08,True,True,2024,matched,reported,Database Bulan + Tahun + Triwulan + MAP,baseline-v1,2026-07-03,Data untuk PHK Dashboard.xlsx; MAP_composite_all.xlsx
Bengkulu,Bengkulu,17,2024,4,2024-04-01,2,,0.0,106.44,3.62,0.13,15.58,,15.58,589.167,52.9,6.25,16100,89.9,103.4,34,109.0,33.99,3.11,71.71,,2507.079,3.671990009,0.8830563141,5.433874395,13908320.0,155449.7,1080744,11.0,Kuning (Perlu perhatian),73.95,1.13,18.57,5.45,4.62,66.01,5.08,True,True,2024,matched,reported,Database Bulan + Tahun + Triwulan + MAP,baseline-v1,2026-07-03,Data untuk PHK Dashboard.xlsx; MAP_composite_all.xlsx
Bengkulu,Bengkulu,17,2024,5,2024-05-01,2,,0.0,106.76,3.71,0.3,9.31,,9.31,569.306,52.1,6.25,16084,81.7,103.3,34,109.0,33.99,3.11,71.71,,2507.079,3.671990009,0.8830563141,5.433874395,13908320.0,155449.7,1080744,11.0,Kuning (Perlu perhatian),73.95,1.13,18.57,5.45,4.62,66.01,5.08,True,True,2024,matched,reported,Database Bulan + Tahun + Triwulan + MAP,baseline-v1,2026-07-03,Data untuk PHK Dashboard.xlsx; MAP_composite_all.xlsx
Bengkulu,Bengkulu,17,2024,6,2024-06-01,2,,0.0,106.72,3.64,-0.04,9.96,,9.96,547.297,50.7,6.25,16329,82.2,103.3,34,109.0,33.99,3.11,71.71,,2507.079,3.671990009,0.8830563141,5.433874395,13908320.0,155449.7,1080744,11.0,Kuning (Perlu perhatian),73.95,1.13,18.57,5.45,4.62,66.01,5.08,True,True,2024,matched,reported,Database Bulan + Tahun + Triwulan + MAP,baseline-v1,2026-07-03,Data untuk PHK Dashboard.xlsx; MAP_composite_all.xlsx
Bengkulu,Bengkulu,17,2024,7,2024-07-01,3,,0.0,105.97,2.31,-0.7,13.94,,13.94,516.381,49.3,6.25,16262,85.2,103.2,34,109.0,33.99,3.11,71.71,,2507.079,3.671990009,0.8830563141,5.433874395,13550240.0,91937.3,1101234,11.0,Kuning (Perlu perhatian),73.95,1.13,18.57,5.45,4.62,66.01,5.08,True,True,2024,matched,reported,Database Bulan + Tahun + Triwulan + MAP,baseline-v1,2026-07-03,Data untuk PHK Dashboard.xlsx; MAP_composite_all.xlsx
Bengkulu,Bengkulu,17,2024,8,2024-08-01,3,,0.0,105.78,2.34,-0.18,14.05,,14.05,500.538,48.9,6.25,15793,80.4,103.1,34,109.0,33.99,3.11,71.71,,2507.079,3.671990009,0.8830563141,5.433874395,13550240.0,91937.3,1101234,11.0,Kuning (Perlu perhatian),73.95,1.13,18.57,5.45,4.62,66.01,5.08,True,True,2024,matched,reported,Database Bulan + Tahun + Triwulan + MAP,baseline-v1,2026-07-03,Data untuk PHK Dashboard.xlsx; MAP_composite_all.xlsx
Bengkulu,Bengkulu,17,2024,9,2024-09-01,3,46.0,46.0,105.48,1.48,-0.28,12.64,,12.64,480.656,49.2,6.0,15341,74,102.9,34,109.0,33.99,3.11,71.71,,2507.079,3.671990009,0.8830563141,5.433874395,13550240.0,91937.3,1101234,11.0,Kuning (Perlu perhatian),73.95,1.13,18.57,5.45,4.62,66.01,5.08,True,True,2024,matched,reported,Database Bulan + Tahun + Triwulan + MAP,baseline-v1,2026-07-03,Data untuk PHK Dashboard.xlsx; MAP_composite_all.xlsx
Bengkulu,Bengkulu,17,2024,10,2024-10-01,4,46.0,0.0,105.39,1.34,-0.09,20.42,,20.42,487.648,49.2,6.0,15541,75.6,102.8,34,109.0,33.99,3.11,71.71,,2507.079,3.671990009,0.8830563141,5.433874395,13971850.0,1037319.0,1101234,11.0,Kuning (Perlu perhatian),73.95,1.13,18.57,5.45,4.62,66.01,5.08,True,True,2024,matched,reported,Database Bulan + Tahun + Triwulan + MAP,baseline-v1,2026-07-03,Data untuk PHK Dashboard.xlsx; MAP_composite_all.xlsx
Bengkulu,Bengkulu,17,2024,11,2024-11-01,4,46.0,0.0,105.6,0.82,0.2,22.63,,22.63,483.528,49.6,6.0,15812,74.3,103.0,34,109.0,33.99,3.11,71.71,,2507.079,3.671990009,0.8830563141,5.433874395,13971850.0,1037319.0,1101234,11.0,Kuning (Perlu perhatian),73.95,1.13,18.57,5.45,4.62,66.01,5.08,True,True,2024,matched,reported,Database Bulan + Tahun + Triwulan + MAP,baseline-v1,2026-07-03,Data untuk PHK Dashboard.xlsx; MAP_composite_all.xlsx
Bengkulu,Bengkulu,17,2024,12,2024-12-01,4,109.0,63.0,105.96,0.84,0.34,17.14,2.09,15.05,431.733,51.2,6.0,16024,73.9,103.4,34,109.0,33.99,3.11,71.71,,2507.079,3.671990009,0.8830563141,5.433874395,13971850.0,1037319.0,1101234,11.0,Kuning (Perlu perhatian),73.95,1.13,18.57,5.45,4.62,66.01,5.08,True,True,2024,matched,reported,Database Bulan + Tahun + Triwulan + MAP,baseline-v1,2026-07-03,Data untuk PHK Dashboard.xlsx; MAP_composite_all.xlsx
Bengkulu,Bengkulu,17,2025,1,2025-01-01,1,38.0,38.0,105.33,0.09,-0.59,19.19,,19.19,461.374,51.9,5.75,16262,79.3,104.2,34,535.0,34.83,3.41,71.78,,2670.03939,6.500010171,0.9095127809,5.673263614,13654250.0,119304.3,1105046,11.0,Kuning (Perlu perhatian),73.95,1.13,18.57,5.45,4.62,66.01,5.08,True,True,2024,matched,reported,Database Bulan + Tahun + Triwulan + MAP,baseline-v1,2026-07-03,Data untuk PHK Dashboard.xlsx; MAP_composite_all.xlsx
Bengkulu,Bengkulu,17,2025,2,2025-02-01,1,51.0,13.0,104.73,-1.26,-0.57,14.15,,14.15,468.539,53.6,5.75,16338,75.4,104.3,34,535.0,34.83,3.41,71.78,,2670.03939,6.500010171,0.9095127809,5.673263614,13654250.0,119304.3,1105046,11.0,Kuning (Perlu perhatian),73.95,1.13,18.57,5.45,4.62,66.01,5.08,True,True,2024,matched,reported,Database Bulan + Tahun + Triwulan + MAP,baseline-v1,2026-07-03,Data untuk PHK Dashboard.xlsx; MAP_composite_all.xlsx
Bengkulu,Bengkulu,17,2025,3,2025-03-01,1,60.0,9.0,106.07,-0.22,1.28,9.16,,9.16,458.682,52.4,5.75,16456,72.7,105.1,34,535.0,34.83,3.41,71.78,,2670.03939,6.500010171,0.9095127809,5.673263614,13654250.0,119304.3,1105046,11.0,Kuning (Perlu perhatian),73.95,1.13,18.57,5.45,4.62,66.01,5.08,True,True,2024,matched,reported,Database Bulan + Tahun + Triwulan + MAP,baseline-v1,2026-07-03,Data untuk PHK Dashboard.xlsx; MAP_composite_all.xlsx
Bengkulu,Bengkulu,17,2025,4,2025-04-01,2,66.0,6.0,107.46,0.96,1.31,3.96,,3.96,495.13,46.7,5.75,16820,68.1,105.1,34,535.0,34.83,3.41,71.78,,2670.03939,6.500010171,0.9095127809,5.673263614,14602950.0,21454.2,1105046,11.0,Kuning (Perlu perhatian),73.95,1.13,18.57,5.45,4.62,66.01,5.08,True,True,2024,matched,reported,Database Bulan + Tahun + Triwulan + MAP,baseline-v1,2026-07-03,Data untuk PHK Dashboard.xlsx; MAP_composite_all.xlsx
Bengkulu,Bengkulu,17,2025,5,2025-05-01,2,82.0,16.0,107.18,0.39,-0.26,4.57,,4.57,515.416,47.4,5.5,16441,64.5,104.6,34,535.0,34.83,3.41,71.78,,2670.03939,6.500010171,0.9095127809,5.673263614,14602950.0,21454.2,1105046,11.0,Kuning (Perlu perhatian),73.95,1.13,18.57,5.45,4.62,66.01,5.08,True,True,2024,matched,reported,Database Bulan + Tahun + Triwulan + MAP,baseline-v1,2026-07-03,Data untuk PHK Dashboard.xlsx; MAP_composite_all.xlsx
Bengkulu,Bengkulu,17,2025,6,2025-06-01,2,117.0,35.0,106.61,-0.1,-0.53,2.81,,2.81,485.38,46.9,5.5,16311,71.4,104.7,34,535.0,34.83,3.41,71.78,,2670.03939,6.500010171,0.9095127809,5.673263614,14602950.0,21454.2,1105046,11.0,Kuning (Perlu perhatian),73.95,1.13,18.57,5.45,4.62,66.01,5.08,True,True,2024,matched,reported,Database Bulan + Tahun + Triwulan + MAP,baseline-v1,2026-07-03,Data untuk PHK Dashboard.xlsx; MAP_composite_all.xlsx
Bengkulu,Bengkulu,17,2025,7,2025-07-01,3,320.0,203.0,107.04,1.01,0.4,3.93,,3.93,507.631,49.2,5.25,16276,71,105.2,34,535.0,34.83,3.41,71.78,,2670.03939,6.500010171,0.9095127809,5.673263614,14167960.0,72571.8,1115334,11.0,Kuning (Perlu perhatian),73.95,1.13,18.57,5.45,4.62,66.01,5.08,True,True,2024,matched,reported,Database Bulan + Tahun + Triwulan + MAP,baseline-v1,2026-07-03,Data untuk PHK Dashboard.xlsx; MAP_composite_all.xlsx
Bengkulu,Bengkulu,17,2025,8,2025-08-01,3,508.0,188.0,107.15,1.3,0.1,6.82,,6.82,517.724,51.5,5.0,16309,67.9,105.2,34,535.0,34.83,3.41,71.78,,2670.03939,6.500010171,0.9095127809,5.673263614,14167960.0,72571.8,1115334,11.0,Kuning (Perlu perhatian),73.95,1.13,18.57,5.45,4.62,66.01,5.08,True,True,2024,matched,reported,Database Bulan + Tahun + Triwulan + MAP,baseline-v1,2026-07-03,Data untuk PHK Dashboard.xlsx; MAP_composite_all.xlsx
Bengkulu,Bengkulu,17,2025,9,2025-09-01,3,523.0,15.0,108.19,2.57,0.97,12.9,,12.9,506.825,50.4,4.75,16512,68,105.3,34,535.0,34.83,3.41,71.78,,2670.03939,6.500010171,0.9095127809,5.673263614,14167960.0,72571.8,1115334,11.0,Kuning (Perlu perhatian),73.95,1.13,18.57,5.45,4.62,66.01,5.08,True,True,2024,matched,reported,Database Bulan + Tahun + Triwulan + MAP,baseline-v1,2026-07-03,Data untuk PHK Dashboard.xlsx; MAP_composite_all.xlsx
Bengkulu,Bengkulu,17,2025,10,2025-10-01,4,533.0,10.0,108.39,2.85,0.18,6.46,,6.46,509.671,51.2,4.75,16607,64.5,105.5,34,535.0,34.83,3.41,71.78,,2670.03939,6.500010171,0.9095127809,5.673263614,14641650.0,59851.6,1115334,11.0,Kuning (Perlu perhatian),73.95,1.13,18.57,5.45,4.62,66.01,5.08,True,True,2024,matched,reported,Database Bulan + Tahun + Triwulan + MAP,baseline-v1,2026-07-03,Data untuk PHK Dashboard.xlsx; MAP_composite_all.xlsx
Bengkulu,Bengkulu,17,2025,11,2025-11-01,4,535.0,2.0,108.43,2.68,0.04,6.21,,6.21,508.264,53.3,4.75,16703,63.8,105.4,34,535.0,34.83,3.41,71.78,,2670.03939,6.500010171,0.9095127809,5.673263614,14641650.0,59851.6,1115334,11.0,Kuning (Perlu perhatian),73.95,1.13,18.57,5.45,4.62,66.01,5.08,True,True,2024,matched,reported,Database Bulan + Tahun + Triwulan + MAP,baseline-v1,2026-07-03,Data untuk PHK Dashboard.xlsx; MAP_composite_all.xlsx
Bengkulu,Bengkulu,17,2025,12,2025-12-01,4,535.0,,108.9,2.77,0.43,14.52,,14.52,482.75,51.2,4.75,16699,62.5,106.3,27,535.0,34.83,3.41,71.78,,2670.03939,6.500010171,0.9095127809,5.673263614,14641650.0,59851.6,1115334,11.0,Kuning (Perlu perhatian),73.95,1.13,18.57,5.45,4.62,66.01,5.08,True,True,2024,matched,reported,Database Bulan + Tahun + Triwulan + MAP,baseline-v1,2026-07-03,Data untuk PHK Dashboard.xlsx; MAP_composite_all.xlsx
DI Yogyakarta,DI Yogyakarta,34,2022,1,2022-01-01,1,,,,,,51.82,1.97,49.85,1161.89,53.7,3.5,14335,86.5,94.0,0,113.0,46.62,4.06,72.6,53.38,1840.91553,4.301163172804536,0.7475547139,11.41739714,27736026.37,143739.6,2154297,11.0,Kuning (Perlu perhatian),78.94,1.34,41.27,4.43,5.15,53.38,17.28,True,True,2022,matched,no_data,Database Bulan + Tahun + Triwulan + MAP,baseline-v1,2026-07-03,Data untuk PHK Dashboard.xlsx; MAP_composite_all.xlsx
DI Yogyakarta,DI Yogyakarta,34,2022,2,2022-02-01,1,,,,,,47.28,0.02,47.26,1173.85,51.2,3.5,14351,97.1,94.0,0,113.0,46.62,4.06,72.6,53.38,1840.91553,4.301163172804536,0.7475547139,11.41739714,27736026.37,143739.6,2154297,11.0,Kuning (Perlu perhatian),78.94,1.34,41.27,4.43,5.15,53.38,17.28,True,True,2022,matched,no_data,Database Bulan + Tahun + Triwulan + MAP,baseline-v1,2026-07-03,Data untuk PHK Dashboard.xlsx; MAP_composite_all.xlsx
DI Yogyakarta,DI Yogyakarta,34,2022,3,2022-03-01,1,,,,,,61.33,1.79,59.54,1255.416,51.3,3.5,14349,117.2,94.7,0,113.0,46.62,4.06,72.6,53.38,1840.91553,4.301163172804536,0.7475547139,11.41739714,27736026.37,143739.6,2154297,11.0,Kuning (Perlu perhatian),78.94,1.34,41.27,4.43,5.15,53.38,17.28,True,True,2022,matched,no_data,Database Bulan + Tahun + Triwulan + MAP,baseline-v1,2026-07-03,Data untuk PHK Dashboard.xlsx; MAP_composite_all.xlsx
DI Yogyakarta,DI Yogyakarta,34,2022,4,2022-04-01,2,,,,,,56.4,11.84,44.56,1343.26,51.9,3.5,14369,104.6,95.6,0,113.0,46.62,4.06,72.6,53.38,1840.91553,4.301163172804536,0.7475547139,11.41739714,28029138.46,264361.5,2154297,11.0,Kuning (Perlu perhatian),78.94,1.34,41.27,4.43,5.15,53.38,17.28,True,True,2022,matched,no_data,Database Bulan + Tahun + Triwulan + MAP,baseline-v1,2026-07-03,Data untuk PHK Dashboard.xlsx; MAP_composite_all.xlsx
DI Yogyakarta,DI Yogyakarta,34,2022,5,2022-05-01,2,,,,,,35.77,0.02,35.75,1370.024,50.8,3.5,14608,113.3,95.9,0,113.0,46.62,4.06,72.6,53.38,1840.91553,4.301163172804536,0.7475547139,11.41739714,28029138.46,264361.5,2154297,11.0,Kuning (Perlu perhatian),78.94,1.34,41.27,4.43,5.15,53.38,17.28,True,True,2022,matched,no_data,Database Bulan + Tahun + Triwulan + MAP,baseline-v1,2026-07-03,Data untuk PHK Dashboard.xlsx; MAP_composite_all.xlsx
DI Yogyakarta,DI Yogyakarta,34,2022,6,2022-06-01,2,,,,,,54.78,0.0,54.78,1340.51,50.2,3.5,14689,122.7,96.6,0,113.0,46.62,4.06,72.6,53.38,1840.91553,4.301163172804536,0.7475547139,11.41739714,28029138.46,264361.5,2154297,11.0,Kuning (Perlu perhatian),78.94,1.34,41.27,4.43,5.15,53.38,17.28,True,True,2022,matched,no_data,Database Bulan + Tahun + Triwulan + MAP,baseline-v1,2026-07-03,Data untuk PHK Dashboard.xlsx; MAP_composite_all.xlsx
DI Yogyakarta,DI Yogyakarta,34,2022,7,2022-07-01,3,113.0,,,,,,47.28,-47.28,1434.322,51.3,3.5,14984,111.9,97.0,0,113.0,46.62,4.06,72.6,53.38,1840.91553,4.301163172804536,0.7475547139,11.41739714,28145907.21,98253.8,2241131,11.0,Kuning (Perlu perhatian),78.94,1.34,41.27,4.43,5.15,53.38,17.28,True,True,2022,matched,reported,Database Bulan + Tahun + Triwulan + MAP,baseline-v1,2026-07-03,Data untuk PHK Dashboard.xlsx; MAP_composite_all.xlsx
DI Yogyakarta,DI Yogyakarta,34,2022,8,2022-08-01,3,,,,,,46.87,,46.87,1464.624,51.7,3.75,14851,100.4,96.9,0,113.0,46.62,4.06,72.6,53.38,1840.91553,4.301163172804536,0.7475547139,11.41739714,28145907.21,98253.8,2241131,11.0,Kuning (Perlu perhatian),78.94,1.34,41.27,4.43,5.15,53.38,17.28,True,True,2022,matched,no_data,Database Bulan + Tahun + Triwulan + MAP,baseline-v1,2026-07-03,Data untuk PHK Dashboard.xlsx; MAP_composite_all.xlsx
DI Yogyakarta,DI Yogyakarta,34,2022,9,2022-09-01,3,113.0,,,,,44.67,0.01,44.66,1338.115,53.7,4.25,14972,89.8,97.7,0,113.0,46.62,4.06,72.6,53.38,1840.91553,4.301163172804536,0.7475547139,11.41739714,28145907.21,98253.8,2241131,11.0,Kuning (Perlu perhatian),78.94,1.34,41.27,4.43,5.15,53.38,17.28,True,True,2022,matched,reported,Database Bulan + Tahun + Triwulan + MAP,baseline-v1,2026-07-03,Data untuk PHK Dashboard.xlsx; MAP_composite_all.xlsx
DI Yogyakarta,DI Yogyakarta,34,2022,10,2022-10-01,4,113.0,0.0,,,,39.46,0.09,39.37,1350.732,51.8,4.75,15417,93.3,97.7,34,113.0,46.62,4.06,72.6,53.38,1840.91553,4.301163172804536,0.7475547139,11.41739714,28990251.14,1231586.3,2241131,11.0,Kuning (Perlu perhatian),78.94,1.34,41.27,4.43,5.15,53.38,17.28,True,True,2022,matched,reported,Database Bulan + Tahun + Triwulan + MAP,baseline-v1,2026-07-03,Data untuk PHK Dashboard.xlsx; MAP_composite_all.xlsx
DI Yogyakarta,DI Yogyakarta,34,2022,11,2022-11-01,4,113.0,0.0,,,,42.8,0.01,42.79,1352.642,50.3,5.25,15659,91.4,98.0,34,113.0,46.62,4.06,72.6,53.38,1840.91553,4.301163172804536,0.7475547139,11.41739714,28990251.14,1231586.3,2241131,11.0,Kuning (Perlu perhatian),78.94,1.34,41.27,4.43,5.15,53.38,17.28,True,True,2022,matched,reported,Database Bulan + Tahun + Triwulan + MAP,baseline-v1,2026-07-03,Data untuk PHK Dashboard.xlsx; MAP_composite_all.xlsx
DI Yogyakarta,DI Yogyakarta,34,2022,12,2022-12-01,4,113.0,0.0,,,,54.84,0.02,54.82,1259.658,50.9,5.5,15615,80.9,98.7,34,113.0,46.62,4.06,72.6,53.38,1840.91553,4.301163172804536,0.7475547139,11.41739714,28990251.14,1231586.3,2241131,11.0,Kuning (Perlu perhatian),78.94,1.34,41.27,4.43,5.15,53.38,17.28,True,True,2022,matched,reported,Database Bulan + Tahun + Triwulan + MAP,baseline-v1,2026-07-03,Data untuk PHK Dashboard.xlsx; MAP_composite_all.xlsx
DI Yogyakarta,DI Yogyakarta,34,2023,1,2023-01-01,1,57.0,57.0,102.57,,,36.82,0.02,36.8,1376.775,51.3,5.75,15295,82.5,99.3,8,928.0,46.22,3.69,74.08,53.78,1981.78239,7.652000198,0.7324740012,11.33081729,29207700.0,153221.9,2153901,13.0,Kuning (Perlu perhatian),78.67,1.37,38.62,-0.86,5.07,53.78,13.74,True,True,2023,matched,reported,Database Bulan + Tahun + Triwulan + MAP,baseline-v1,2026-07-03,Data untuk PHK Dashboard.xlsx; MAP_composite_all.xlsx
DI Yogyakarta,DI Yogyakarta,34,2023,2,2023-02-01,1,57.0,0.0,102.82,,,40.05,0.3,39.75,1424.074,51.2,5.75,15126,82.6,99.6,34,928.0,46.22,3.69,74.08,53.78,1981.78239,7.652000198,0.7324740012,11.33081729,29207700.0,153221.9,2153901,13.0,Kuning (Perlu perhatian),78.67,1.37,38.62,-0.86,5.07,53.78,13.74,True,True,2023,matched,reported,Database Bulan + Tahun + Triwulan + MAP,baseline-v1,2026-07-03,Data untuk PHK Dashboard.xlsx; MAP_composite_all.xlsx
DI Yogyakarta,DI Yogyakarta,34,2023,3,2023-03-01,1,62.0,5.0,103.06,,,41.63,0.01,41.62,1378.287,51.9,5.75,15301,78.4,99.9,34,928.0,46.22,3.69,74.08,53.78,1981.78239,7.652000198,0.7324740012,11.33081729,29207700.0,153221.9,2153901,13.0,Kuning (Perlu perhatian),78.67,1.37,38.62,-0.86,5.07,53.78,13.74,True,True,2023,matched,reported,Database Bulan + Tahun + Triwulan + MAP,baseline-v1,2026-07-03,Data untuk PHK Dashboard.xlsx; MAP_composite_all.xlsx
DI Yogyakarta,DI Yogyakarta,34,2023,4,2023-04-01,2,62.0,0.0,103.24,,,31.44,0.02,31.42,1444.937,52.7,5.75,14867,84.6,100.0,34,928.0,46.22,3.69,74.08,53.78,1981.78239,7.652000198,0.7324740012,11.33081729,29478250.0,175842.0,2153901,13.0,Kuning (Perlu perhatian),78.67,1.37,38.62,-0.86,5.07,53.78,13.74,True,True,2023,matched,reported,Database Bulan + Tahun + Triwulan + MAP,baseline-v1,2026-07-03,Data untuk PHK Dashboard.xlsx; MAP_composite_all.xlsx
DI Yogyakarta,DI Yogyakarta,34,2023,5,2023-05-01,2,286.0,224.0,103.74,,,41.42,0.06,41.36,1472.445,50.3,5.75,14811,75.5,100.2,34,928.0,46.22,3.69,74.08,53.78,1981.78239,7.652000198,0.7324740012,11.33081729,29478250.0,175842.0,2153901,13.0,Kuning (Perlu perhatian),78.67,1.37,38.62,-0.86,5.07,53.78,13.74,True,True,2023,matched,reported,Database Bulan + Tahun + Triwulan + MAP,baseline-v1,2026-07-03,Data untuk PHK Dashboard.xlsx; MAP_composite_all.xlsx
DI Yogyakarta,DI Yogyakarta,34,2023,6,2023-06-01,2,338.0,52.0,103.42,,,41.23,0.25,40.98,1492.076,52.5,5.75,14932,74.8,100.3,34,928.0,46.22,3.69,74.08,53.78,1981.78239,7.652000198,0.7324740012,11.33081729,29478250.0,175842.0,2153901,13.0,Kuning (Perlu perhatian),78.67,1.37,38.62,-0.86,5.07,53.78,13.74,True,True,2023,matched,reported,Database Bulan + Tahun + Triwulan + MAP,baseline-v1,2026-07-03,Data untuk PHK Dashboard.xlsx; MAP_composite_all.xlsx
DI Yogyakarta,DI Yogyakarta,34,2023,7,2023-07-01,3,375.0,37.0,103.58,,,37.36,0.63,36.73,1524.886,53.3,5.75,15040,80.1,100.5,34,928.0,46.22,3.69,74.08,53.78,1981.78239,7.652000198,0.7324740012,11.33081729,29542670.0,83260.9,2139710,13.0,Kuning (Perlu perhatian),78.67,1.37,38.62,-0.86,5.07,53.78,13.74,True,True,2023,matched,reported,Database Bulan + Tahun + Triwulan + MAP,baseline-v1,2026-07-03,Data untuk PHK Dashboard.xlsx; MAP_composite_all.xlsx
DI Yogyakarta,DI Yogyakarta,34,2023,8,2023-08-01,3,698.0,323.0,103.46,,,40.05,0.92,39.13,1570.193,53.9,5.75,15245,86.1,100.5,34,928.0,46.22,3.69,74.08,53.78,1981.78239,7.652000198,0.7324740012,11.33081729,29542670.0,83260.9,2139710,13.0,Kuning (Perlu perhatian),78.67,1.37,38.62,-0.86,5.07,53.78,13.74,True,True,2023,matched,reported,Database Bulan + Tahun + Triwulan + MAP,baseline-v1,2026-07-03,Data untuk PHK Dashboard.xlsx; MAP_composite_all.xlsx
DI Yogyakarta,DI Yogyakarta,34,2023,9,2023-09-01,3,789.0,91.0,103.84,,,37.13,1.25,35.88,1477.311,52.3,5.75,15354,"93,7",100.9,34,928.0,46.22,3.69,74.08,53.78,1981.78239,7.652000198,0.7324740012,11.33081729,29542670.0,83260.9,2139710,13.0,Kuning (Perlu perhatian),78.67,1.37,38.62,-0.86,5.07,53.78,13.74,True,True,2023,matched,reported,Database Bulan + Tahun + Triwulan + MAP,baseline-v1,2026-07-03,Data untuk PHK Dashboard.xlsx; MAP_composite_all.xlsx
DI Yogyakarta,DI Yogyakarta,34,2023,10,2023-10-01,4,808.0,19.0,104.22,,,39.06,1.59,37.47,1522.421,51.5,6.0,15741,90.6,101.2,34,928.0,46.22,3.69,74.08,53.78,1981.78239,7.652000198,0.7324740012,11.33081729,30396930.0,291489.2,2139710,13.0,Kuning (Perlu perhatian),78.67,1.37,38.62,-0.86,5.07,53.78,13.74,True,True,2023,matched,reported,Database Bulan + Tahun + Triwulan + MAP,baseline-v1,2026-07-03,Data untuk PHK Dashboard.xlsx; MAP_composite_all.xlsx
DI Yogyakarta,DI Yogyakarta,34,2023,11,2023-11-01,4,838.0,30.0,104.92,,,39.11,1.33,37.78,1425.595,51.7,6.0,15617,82.9,101.4,34,928.0,46.22,3.69,74.08,53.78,1981.78239,7.652000198,0.7324740012,11.33081729,30396930.0,291489.2,2139710,13.0,Kuning (Perlu perhatian),78.67,1.37,38.62,-0.86,5.07,53.78,13.74,True,True,2023,matched,reported,Database Bulan + Tahun + Triwulan + MAP,baseline-v1,2026-07-03,Data untuk PHK Dashboard.xlsx; MAP_composite_all.xlsx
DI Yogyakarta,DI Yogyakarta,34,2023,12,2023-12-01,4,928.0,90.0,105.26,,,46.99,1.67,45.32,1330.34,52.2,6.0,15513,77.6,101.8,34,928.0,46.22,3.69,74.08,53.78,1981.78239,7.652000198,0.7324740012,11.33081729,30396930.0,291489.2,2139710,13.0,Kuning (Perlu perhatian),78.67,1.37,38.62,-0.86,5.07,53.78,13.74,True,True,2023,matched,reported,Database Bulan + Tahun + Triwulan + MAP,baseline-v1,2026-07-03,Data untuk PHK Dashboard.xlsx; MAP_composite_all.xlsx
DI Yogyakarta,DI Yogyakarta,34,2024,1,2024-01-01,1,,,105.24,2.6,-0.02,40.15,13.86,26.29,1463.053,52.9,6.0,15611,80.1,102.1,9,2699.0,46.88,3.48,74.78,,2125.898,7.272019911,0.7512299065,11.19691405,30680710.0,107193.0,2133609,12.0,Kuning (Perlu perhatian),77.05,1.33,40.71,1.43,5.03,53.12,17.11,True,True,2024,matched,no_data,Database Bulan + Tahun + Triwulan + MAP,baseline-v1,2026-07-03,Data untuk PHK Dashboard.xlsx; MAP_composite_all.xlsx
DI Yogyakarta,DI Yogyakarta,34,2024,2,2024-02-01,1,,0.0,105.65,2.75,0.39,40.31,9.96,30.35,1483.537,52.7,6.0,15665,83.5,103.0,34,2699.0,46.88,3.48,74.78,,2125.898,7.272019911,0.7512299065,11.19691405,30680710.0,107193.0,2133609,12.0,Kuning (Perlu perhatian),77.05,1.33,40.71,1.43,5.03,53.12,17.11,True,True,2024,matched,reported,Database Bulan + Tahun + Triwulan + MAP,baseline-v1,2026-07-03,Data untuk PHK Dashboard.xlsx; MAP_composite_all.xlsx
DI Yogyakarta,DI Yogyakarta,34,2024,3,2024-03-01,1,,0.0,106.1,2.95,0.43,43.23,0.0,43.23,1470.019,54.2,6.0,15703,85.4,103.5,34,2699.0,46.88,3.48,74.78,,2125.898,7.272019911,0.7512299065,11.19691405,30680710.0,107193.0,2133609,12.0,Kuning (Perlu perhatian),77.05,1.33,40.71,1.43,5.03,53.12,17.11,True,True,2024,matched,reported,Database Bulan + Tahun + Triwulan + MAP,baseline-v1,2026-07-03,Data untuk PHK Dashboard.xlsx; MAP_composite_all.xlsx
DI Yogyakarta,DI Yogyakarta,34,2024,4,2024-04-01,2,68.0,68.0,106.2,2.87,0.09,34.31,0.01,34.3,1736.137,52.9,6.25,16100,89.9,103.4,34,2699.0,46.88,3.48,74.78,,2125.898,7.272019911,0.7512299065,11.19691405,30937080.0,146447.2,2133609,12.0,Kuning (Perlu perhatian),77.05,1.33,40.71,1.43,5.03,53.12,17.11,True,True,2024,matched,reported,Database Bulan + Tahun + Triwulan + MAP,baseline-v1,2026-07-03,Data untuk PHK Dashboard.xlsx; MAP_composite_all.xlsx
DI Yogyakarta,DI Yogyakarta,34,2024,5,2024-05-01,2,137.0,69.0,106.11,2.28,-0.08,43.47,0.0,43.47,1749.993,52.1,6.25,16084,81.7,103.3,34,2699.0,46.88,3.48,74.78,,2125.898,7.272019911,0.7512299065,11.19691405,30937080.0,146447.2,2133609,12.0,Kuning (Perlu perhatian),77.05,1.33,40.71,1.43,5.03,53.12,17.11,True,True,2024,matched,reported,Database Bulan + Tahun + Triwulan + MAP,baseline-v1,2026-07-03,Data untuk PHK Dashboard.xlsx; MAP_composite_all.xlsx
DI Yogyakarta,DI Yogyakarta,34,2024,6,2024-06-01,2,292.0,155.0,105.85,2.35,-0.25,44.45,0.0,44.45,1648.185,50.7,6.25,16329,82.2,103.3,34,2699.0,46.88,3.48,74.78,,2125.898,7.272019911,0.7512299065,11.19691405,30937080.0,146447.2,2133609,12.0,Kuning (Perlu perhatian),77.05,1.33,40.71,1.43,5.03,53.12,17.11,True,True,2024,matched,reported,Database Bulan + Tahun + Triwulan + MAP,baseline-v1,2026-07-03,Data untuk PHK Dashboard.xlsx; MAP_composite_all.xlsx
DI Yogyakarta,DI Yogyakarta,34,2024,7,2024-07-01,3,292.0,0.0,105.82,2.16,-0.03,47.94,0.0,47.94,1697.094,49.3,6.25,16262,85.2,103.2,34,2699.0,46.88,3.48,74.78,,2125.898,7.272019911,0.7512299065,11.19691405,31033270.0,215391.5,2182769,12.0,Kuning (Perlu perhatian),77.05,1.33,40.71,1.43,5.03,53.12,17.11,True,True,2024,matched,reported,Database Bulan + Tahun + Triwulan + MAP,baseline-v1,2026-07-03,Data untuk PHK Dashboard.xlsx; MAP_composite_all.xlsx
DI Yogyakarta,DI Yogyakarta,34,2024,8,2024-08-01,3,467.0,175.0,105.87,2.33,0.05,46.74,,46.74,1680.626,48.9,6.25,15793,80.4,103.1,34,2699.0,46.88,3.48,74.78,,2125.898,7.272019911,0.7512299065,11.19691405,31033270.0,215391.5,2182769,12.0,Kuning (Perlu perhatian),77.05,1.33,40.71,1.43,5.03,53.12,17.11,True,True,2024,matched,reported,Database Bulan + Tahun + Triwulan + MAP,baseline-v1,2026-07-03,Data untuk PHK Dashboard.xlsx; MAP_composite_all.xlsx
DI Yogyakarta,DI Yogyakarta,34,2024,9,2024-09-01,3,1052.0,585.0,105.76,1.85,-0.1,46.18,0.01,46.17,1700.151,49.2,6.0,15341,74,102.9,34,2699.0,46.88,3.48,74.78,,2125.898,7.272019911,0.7512299065,11.19691405,31033270.0,215391.5,2182769,12.0,Kuning (Perlu perhatian),77.05,1.33,40.71,1.43,5.03,53.12,17.11,True,True,2024,matched,reported,Database Bulan + Tahun + Triwulan + MAP,baseline-v1,2026-07-03,Data untuk PHK Dashboard.xlsx; MAP_composite_all.xlsx
DI Yogyakarta,DI Yogyakarta,34,2024,10,2024-10-01,4,1245.0,193.0,105.86,1.57,0.09,48.81,0.02,48.79,1714.078,49.2,6.0,15541,75.6,102.8,34,2699.0,46.88,3.48,74.78,,2125.898,7.272019911,0.7512299065,11.19691405,31939390.0,93306.2,2182769,12.0,Kuning (Perlu perhatian),77.05,1.33,40.71,1.43,5.03,53.12,17.11,True,True,2024,matched,reported,Database Bulan + Tahun + Triwulan + MAP,baseline-v1,2026-07-03,Data untuk PHK Dashboard.xlsx; MAP_composite_all.xlsx
DI Yogyakarta,DI Yogyakarta,34,2024,11,2024-11-01,4,2295.0,1050.0,106.12,1.14,0.25,51.95,0.04,51.91,1712.933,49.6,6.0,15812,74.3,103.0,34,2699.0,46.88,3.48,74.78,,2125.898,7.272019911,0.7512299065,11.19691405,31939390.0,93306.2,2182769,12.0,Kuning (Perlu perhatian),77.05,1.33,40.71,1.43,5.03,53.12,17.11,True,True,2024,matched,reported,Database Bulan + Tahun + Triwulan + MAP,baseline-v1,2026-07-03,Data untuk PHK Dashboard.xlsx; MAP_composite_all.xlsx
DI Yogyakarta,DI Yogyakarta,34,2024,12,2024-12-01,4,2699.0,404.0,106.61,1.28,0.46,59.35,0.03,59.32,1573.256,51.2,6.0,16024,73.9,103.4,34,2699.0,46.88,3.48,74.78,,2125.898,7.272019911,0.7512299065,11.19691405,31939390.0,93306.2,2182769,12.0,Kuning (Perlu perhatian),77.05,1.33,40.71,1.43,5.03,53.12,17.11,True,True,2024,matched,reported,Database Bulan + Tahun + Triwulan + MAP,baseline-v1,2026-07-03,Data untuk PHK Dashboard.xlsx; MAP_composite_all.xlsx
DI Yogyakarta,DI Yogyakarta,34,2025,1,2025-01-01,1,64.0,64.0,106.24,0.95,-0.35,43.41,0.01,43.4,1654.291,51.9,5.75,16262,79.3,104.2,34,1576.0,46.03,3.46,74.74,,2264.08095,6.499980244,0.7741471949,11.07749861,32249330.0,839505.2,2168563,12.0,Kuning (Perlu perhatian),77.05,1.33,40.71,1.43,5.03,53.12,17.11,True,True,2024,matched,reported,Database Bulan + Tahun + Triwulan + MAP,baseline-v1,2026-07-03,Data untuk PHK Dashboard.xlsx; MAP_composite_all.xlsx
DI Yogyakarta,DI Yogyakarta,34,2025,2,2025-02-01,1,354.0,290.0,105.33,-0.3,-0.86,47.41,0.01,47.4,1722.959,53.6,5.75,16338,75.4,104.3,34,1576.0,46.03,3.46,74.74,,2264.08095,6.499980244,0.7741471949,11.07749861,32249330.0,839505.2,2168563,12.0,Kuning (Perlu perhatian),77.05,1.33,40.71,1.43,5.03,53.12,17.11,True,True,2024,matched,reported,Database Bulan + Tahun + Triwulan + MAP,baseline-v1,2026-07-03,Data untuk PHK Dashboard.xlsx; MAP_composite_all.xlsx
DI Yogyakarta,DI Yogyakarta,34,2025,3,2025-03-01,1,463.0,109.0,106.65,0.52,1.25,46.33,0.05,46.28,1715.578,52.4,5.75,16456,72.7,105.1,34,1576.0,46.03,3.46,74.74,,2264.08095,6.499980244,0.7741471949,11.07749861,32249330.0,839505.2,2168563,12.0,Kuning (Perlu perhatian),77.05,1.33,40.71,1.43,5.03,53.12,17.11,True,True,2024,matched,reported,Database Bulan + Tahun + Triwulan + MAP,baseline-v1,2026-07-03,Data untuk PHK Dashboard.xlsx; MAP_composite_all.xlsx
DI Yogyakarta,DI Yogyakarta,34,2025,4,2025-04-01,2,532.0,69.0,108.43,2.1,1.67,38.83,0.01,38.82,1785.029,46.7,5.75,16820,68.1,105.1,34,1576.0,46.03,3.46,74.74,,2264.08095,6.499980244,0.7741471949,11.07749861,32640040.0,215112.6,2168563,12.0,Kuning (Perlu perhatian),77.05,1.33,40.71,1.43,5.03,53.12,17.11,True,True,2024,matched,reported,Database Bulan + Tahun + Triwulan + MAP,baseline-v1,2026-07-03,Data untuk PHK Dashboard.xlsx; MAP_composite_all.xlsx
DI Yogyakarta,DI Yogyakarta,34,2025,5,2025-05-01,2,851.0,319.0,108.27,2.04,-0.15,46.92,0.0,46.92,1874.091,47.4,5.5,16441,64.5,104.6,34,1576.0,46.03,3.46,74.74,,2264.08095,6.499980244,0.7741471949,11.07749861,32640040.0,215112.6,2168563,12.0,Kuning (Perlu perhatian),77.05,1.33,40.71,1.43,5.03,53.12,17.11,True,True,2024,matched,reported,Database Bulan + Tahun + Triwulan + MAP,baseline-v1,2026-07-03,Data untuk PHK Dashboard.xlsx; MAP_composite_all.xlsx
DI Yogyakarta,DI Yogyakarta,34,2025,6,2025-06-01,2,1186.0,335.0,108.52,2.52,0.23,47.35,0.0,47.35,1920.546,46.9,5.5,16311,71.4,104.7,34,1576.0,46.03,3.46,74.74,,2264.08095,6.499980244,0.7741471949,11.07749861,32640040.0,215112.6,2168563,12.0,Kuning (Perlu perhatian),77.05,1.33,40.71,1.43,5.03,53.12,17.11,True,True,2024,matched,reported,Database Bulan + Tahun + Triwulan + MAP,baseline-v1,2026-07-03,Data untuk PHK Dashboard.xlsx; MAP_composite_all.xlsx
DI Yogyakarta,DI Yogyakarta,34,2025,7,2025-07-01,3,1278.0,92.0,108.57,2.6,0.05,54.01,0.0,54.01,1892.677,49.2,5.25,16276,71,105.2,34,1576.0,46.03,3.46,74.74,,2264.08095,6.499980244,0.7741471949,11.07749861,32708400.0,313262.6,2200071,12.0,Kuning (Perlu perhatian),77.05,1.33,40.71,1.43,5.03,53.12,17.11,True,True,2024,matched,reported,Database Bulan + Tahun + Triwulan + MAP,baseline-v1,2026-07-03,Data untuk PHK Dashboard.xlsx; MAP_composite_all.xlsx
DI Yogyakarta,DI Yogyakarta,34,2025,8,2025-08-01,3,1355.0,77.0,108.31,2.3,-0.24,47.93,0.01,47.92,1894.712,51.5,5.0,16309,67.9,105.2,34,1576.0,46.03,3.46,74.74,,2264.08095,6.499980244,0.7741471949,11.07749861,32708400.0,313262.6,2200071,12.0,Kuning (Perlu perhatian),77.05,1.33,40.71,1.43,5.03,53.12,17.11,True,True,2024,matched,reported,Database Bulan + Tahun + Triwulan + MAP,baseline-v1,2026-07-03,Data untuk PHK Dashboard.xlsx; MAP_composite_all.xlsx
DI Yogyakarta,DI Yogyakarta,34,2025,9,2025-09-01,3,1416.0,61.0,108.47,2.56,0.15,42.89,0.0,42.89,1850.507,50.4,4.75,16512,68,105.3,34,1576.0,46.03,3.46,74.74,,2264.08095,6.499980244,0.7741471949,11.07749861,32708400.0,313262.6,2200071,12.0,Kuning (Perlu perhatian),77.05,1.33,40.71,1.43,5.03,53.12,17.11,True,True,2024,matched,reported,Database Bulan + Tahun + Triwulan + MAP,baseline-v1,2026-07-03,Data untuk PHK Dashboard.xlsx; MAP_composite_all.xlsx
DI Yogyakarta,DI Yogyakarta,34,2025,10,2025-10-01,4,1479.0,63.0,108.93,2.9,0.42,45.37,,45.37,2014.201,51.2,4.75,16607,64.5,105.5,34,1576.0,46.03,3.46,74.74,,2264.08095,6.499980244,0.7741471949,11.07749861,33838170.0,344926.5,2200071,12.0,Kuning (Perlu perhatian),77.05,1.33,40.71,1.43,5.03,53.12,17.11,True,True,2024,matched,reported,Database Bulan + Tahun + Triwulan + MAP,baseline-v1,2026-07-03,Data untuk PHK Dashboard.xlsx; MAP_composite_all.xlsx
DI Yogyakarta,DI Yogyakarta,34,2025,11,2025-11-01,4,1574.0,95.0,109.22,2.92,0.27,46.02,0.01,46.01,2003.08,53.3,4.75,16703,63.8,105.4,34,1576.0,46.03,3.46,74.74,,2264.08095,6.499980244,0.7741471949,11.07749861,33838170.0,344926.5,2200071,12.0,Kuning (Perlu perhatian),77.05,1.33,40.71,1.43,5.03,53.12,17.11,True,True,2024,matched,reported,Database Bulan + Tahun + Triwulan + MAP,baseline-v1,2026-07-03,Data untuk PHK Dashboard.xlsx; MAP_composite_all.xlsx
DI Yogyakarta,DI Yogyakarta,34,2025,12,2025-12-01,4,1576.0,2.0,109.93,3.11,0.65,52.26,0.01,52.25,1916.602,51.2,4.75,16699,62.5,106.3,27,1576.0,46.03,3.46,74.74,,2264.08095,6.499980244,0.7741471949,11.07749861,33838170.0,344926.5,2200071,12.0,Kuning (Perlu perhatian),77.05,1.33,40.71,1.43,5.03,53.12,17.11,True,True,2024,matched,reported,Database Bulan + Tahun + Triwulan + MAP,baseline-v1,2026-07-03,Data untuk PHK Dashboard.xlsx; MAP_composite_all.xlsx
DKI Jakarta,DKI Jakarta,31,2022,1,2022-01-01,1,,,98.18,,,1020.02,9629.02,-8609,81655.659,53.7,3.5,14335,86.5,94.0,0,1655.0,63.12,7.18,63.08,36.88,4641.854,5.110007184818755,0.8831829224,11.70938718,480309602.88,17415509.1,4723541,12.0,Kuning (Perlu perhatian),79.47,1.13,45.13,2.25,5.25,36.88,10.26,True,True,2022,matched,no_data,Database Bulan + Tahun + Triwulan + MAP,baseline-v1,2026-07-03,Data untuk PHK Dashboard.xlsx; MAP_composite_all.xlsx
DKI Jakarta,DKI Jakarta,31,2022,2,2022-02-01,1,,,98.13,,,950.74,7574.86,-6624.12,81507.497,51.2,3.5,14351,97.1,94.0,0,1655.0,63.12,7.18,63.08,36.88,4641.854,5.110007184818755,0.8831829224,11.70938718,480309602.88,17415509.1,4723541,12.0,Kuning (Perlu perhatian),79.47,1.13,45.13,2.25,5.25,36.88,10.26,True,True,2022,matched,no_data,Database Bulan + Tahun + Triwulan + MAP,baseline-v1,2026-07-03,Data untuk PHK Dashboard.xlsx; MAP_composite_all.xlsx
DKI Jakarta,DKI Jakarta,31,2022,3,2022-03-01,1,,,98.52,,,980.26,10029.14,-9048.88,80388.512,51.3,3.5,14349,117.2,94.7,0,1655.0,63.12,7.18,63.08,36.88,4641.854,5.110007184818755,0.8831829224,11.70938718,480309602.88,17415509.1,4723541,12.0,Kuning (Perlu perhatian),79.47,1.13,45.13,2.25,5.25,36.88,10.26,True,True,2022,matched,no_data,Database Bulan + Tahun + Triwulan + MAP,baseline-v1,2026-07-03,Data untuk PHK Dashboard.xlsx; MAP_composite_all.xlsx
DKI Jakarta,DKI Jakarta,31,2022,4,2022-04-01,2,,,99.21,,,957.2,7782.35,-6825.15,81023.363,51.9,3.5,14369,104.6,95.6,0,1655.0,63.12,7.18,63.08,36.88,4641.854,5.110007184818755,0.8831829224,11.70938718,485422694.2,12844596.3,4723541,12.0,Kuning (Perlu perhatian),79.47,1.13,45.13,2.25,5.25,36.88,10.26,True,True,2022,matched,no_data,Database Bulan + Tahun + Triwulan + MAP,baseline-v1,2026-07-03,Data untuk PHK Dashboard.xlsx; MAP_composite_all.xlsx
DKI Jakarta,DKI Jakarta,31,2022,5,2022-05-01,2,,,99.28,,,715.36,8290.32,-7574.96,80507.636,50.8,3.5,14608,113.3,95.9,0,1655.0,63.12,7.18,63.08,36.88,4641.854,5.110007184818755,0.8831829224,11.70938718,485422694.2,12844596.3,4723541,12.0,Kuning (Perlu perhatian),79.47,1.13,45.13,2.25,5.25,36.88,10.26,True,True,2022,matched,no_data,Database Bulan + Tahun + Triwulan + MAP,baseline-v1,2026-07-03,Data untuk PHK Dashboard.xlsx; MAP_composite_all.xlsx
DKI Jakarta,DKI Jakarta,31,2022,6,2022-06-01,2,,,99.61,,,996.16,9564.69,-8568.53,78455.218,50.2,3.5,14689,122.7,96.6,0,1655.0,63.12,7.18,63.08,36.88,4641.854,5.110007184818755,0.8831829224,11.70938718,485422694.2,12844596.3,4723541,12.0,Kuning (Perlu perhatian),79.47,1.13,45.13,2.25,5.25,36.88,10.26,True,True,2022,matched,no_data,Database Bulan + Tahun + Triwulan + MAP,baseline-v1,2026-07-03,Data untuk PHK Dashboard.xlsx; MAP_composite_all.xlsx
DKI Jakarta,DKI Jakarta,31,2022,7,2022-07-01,3,356.0,,100.18,,,9358.73,917.12,8441.61,79056.274,51.3,3.5,14984,111.9,97.0,0,1655.0,63.12,7.18,63.08,36.88,4641.854,5.110007184818755,0.8831829224,11.70938718,487327042.15,14551747.7,4875102,12.0,Kuning (Perlu perhatian),79.47,1.13,45.13,2.25,5.25,36.88,10.26,True,True,2022,matched,reported,Database Bulan + Tahun + Triwulan + MAP,baseline-v1,2026-07-03,Data untuk PHK Dashboard.xlsx; MAP_composite_all.xlsx
DKI Jakarta,DKI Jakarta,31,2022,8,2022-08-01,3,,,100.12,,,1010.01,10212.91,-9202.9,77811.074,51.7,3.75,14851,100.4,96.9,0,1655.0,63.12,7.18,63.08,36.88,4641.854,5.110007184818755,0.8831829224,11.70938718,487327042.15,14551747.7,4875102,12.0,Kuning (Perlu perhatian),79.47,1.13,45.13,2.25,5.25,36.88,10.26,True,True,2022,matched,no_data,Database Bulan + Tahun + Triwulan + MAP,baseline-v1,2026-07-03,Data untuk PHK Dashboard.xlsx; MAP_composite_all.xlsx
DKI Jakarta,DKI Jakarta,31,2022,9,2022-09-01,3,1655.0,,101.56,,,1019.45,9199.78,-8180.33,77064.71,53.7,4.25,14972,89.8,97.7,0,1655.0,63.12,7.18,63.08,36.88,4641.854,5.110007184818755,0.8831829224,11.70938718,487327042.15,14551747.7,4875102,12.0,Kuning (Perlu perhatian),79.47,1.13,45.13,2.25,5.25,36.88,10.26,True,True,2022,matched,reported,Database Bulan + Tahun + Triwulan + MAP,baseline-v1,2026-07-03,Data untuk PHK Dashboard.xlsx; MAP_composite_all.xlsx
DKI Jakarta,DKI Jakarta,31,2022,10,2022-10-01,4,1655.0,0.0,101.53,,,988.97,8846.58,-7857.61,73764.74,51.8,4.75,15417,93.3,97.7,34,1655.0,63.12,7.18,63.08,36.88,4641.854,5.110007184818755,0.8831829224,11.70938718,500429651.72,10478141.1,4875102,12.0,Kuning (Perlu perhatian),79.47,1.13,45.13,2.25,5.25,36.88,10.26,True,True,2022,matched,reported,Database Bulan + Tahun + Triwulan + MAP,baseline-v1,2026-07-03,Data untuk PHK Dashboard.xlsx; MAP_composite_all.xlsx
DKI Jakarta,DKI Jakarta,31,2022,11,2022-11-01,4,1655.0,0.0,101.58,,,991.21,9306.65,-8315.44,71758.757,50.3,5.25,15659,91.4,98.0,34,1655.0,63.12,7.18,63.08,36.88,4641.854,5.110007184818755,0.8831829224,11.70938718,500429651.72,10478141.1,4875102,12.0,Kuning (Perlu perhatian),79.47,1.13,45.13,2.25,5.25,36.88,10.26,True,True,2022,matched,reported,Database Bulan + Tahun + Triwulan + MAP,baseline-v1,2026-07-03,Data untuk PHK Dashboard.xlsx; MAP_composite_all.xlsx
DKI Jakarta,DKI Jakarta,31,2022,12,2022-12-01,4,1655.0,0.0,102.1,,,974.75,8754.74,-7779.99,67798.163,50.9,5.5,15615,80.9,98.7,34,1655.0,63.12,7.18,63.08,36.88,4641.854,5.110007184818755,0.8831829224,11.70938718,500429651.72,10478141.1,4875102,12.0,Kuning (Perlu perhatian),79.47,1.13,45.13,2.25,5.25,36.88,10.26,True,True,2022,matched,reported,Database Bulan + Tahun + Triwulan + MAP,baseline-v1,2026-07-03,Data untuk PHK Dashboard.xlsx; MAP_composite_all.xlsx
DKI Jakarta,DKI Jakarta,31,2023,1,2023-01-01,1,127.0,127.0,102.08,,,914.35,8641.24,-7726.89,69706.216,51.3,5.75,15295,82.5,99.3,8,2413.0,63.77,6.53,65.21,36.23,4901.797824,5.6,0.8859806529,11.36278359,504006350.0,18003180.3,4857619,14.0,Oranye (Risiko PHK),71.94,1.13,44.35,1.02,4.96,36.23,11.08,True,True,2023,matched,reported,Database Bulan + Tahun + Triwulan + MAP,baseline-v1,2026-07-03,Data untuk PHK Dashboard.xlsx; MAP_composite_all.xlsx
DKI Jakarta,DKI Jakarta,31,2023,2,2023-02-01,1,127.0,0.0,102.25,,,921.19,7596.02,-6674.83,68903.141,51.2,5.75,15126,82.6,99.6,34,2413.0,63.77,6.53,65.21,36.23,4901.797824,5.6,0.8859806529,11.36278359,504006350.0,18003180.3,4857619,14.0,Oranye (Risiko PHK),71.94,1.13,44.35,1.02,4.96,36.23,11.08,True,True,2023,matched,reported,Database Bulan + Tahun + Triwulan + MAP,baseline-v1,2026-07-03,Data untuk PHK Dashboard.xlsx; MAP_composite_all.xlsx
DKI Jakarta,DKI Jakarta,31,2023,3,2023-03-01,1,127.0,0.0,102.57,,,986.06,9810.11,-8824.05,68106.663,51.9,5.75,15301,78.4,99.9,34,2413.0,63.77,6.53,65.21,36.23,4901.797824,5.6,0.8859806529,11.36278359,504006350.0,18003180.3,4857619,14.0,Oranye (Risiko PHK),71.94,1.13,44.35,1.02,4.96,36.23,11.08,True,True,2023,matched,reported,Database Bulan + Tahun + Triwulan + MAP,baseline-v1,2026-07-03,Data untuk PHK Dashboard.xlsx; MAP_composite_all.xlsx
DKI Jakarta,DKI Jakarta,31,2023,4,2023-04-01,2,127.0,0.0,102.91,,,665.05,6448.02,-5782.97,67253.842,52.7,5.75,14867,84.6,100.0,34,2413.0,63.77,6.53,65.21,36.23,4901.797824,5.6,0.8859806529,11.36278359,510378030.0,21515822.6,4857619,14.0,Oranye (Risiko PHK),71.94,1.13,44.35,1.02,4.96,36.23,11.08,True,True,2023,matched,reported,Database Bulan + Tahun + Triwulan + MAP,baseline-v1,2026-07-03,Data untuk PHK Dashboard.xlsx; MAP_composite_all.xlsx
DKI Jakarta,DKI Jakarta,31,2023,5,2023-05-01,2,127.0,0.0,102.83,,,960.6,9936.27,-8975.67,69800.659,50.3,5.75,14811,75.5,100.2,34,2413.0,63.77,6.53,65.21,36.23,4901.797824,5.6,0.8859806529,11.36278359,510378030.0,21515822.6,4857619,14.0,Oranye (Risiko PHK),71.94,1.13,44.35,1.02,4.96,36.23,11.08,True,True,2023,matched,reported,Database Bulan + Tahun + Triwulan + MAP,baseline-v1,2026-07-03,Data untuk PHK Dashboard.xlsx; MAP_composite_all.xlsx
DKI Jakarta,DKI Jakarta,31,2023,6,2023-06-01,2,683.0,556.0,102.81,,,858.22,8161.73,-7303.51,71019.028,52.5,5.75,14932,74.8,100.3,34,2413.0,63.77,6.53,65.21,36.23,4901.797824,5.6,0.8859806529,11.36278359,510378030.0,21515822.6,4857619,14.0,Oranye (Risiko PHK),71.94,1.13,44.35,1.02,4.96,36.23,11.08,True,True,2023,matched,reported,Database Bulan + Tahun + Triwulan + MAP,baseline-v1,2026-07-03,Data untuk PHK Dashboard.xlsx; MAP_composite_all.xlsx
DKI Jakarta,DKI Jakarta,31,2023,7,2023-07-01,3,1105.0,422.0,103.01,,,896.67,8961.32,-8064.65,72002.725,53.3,5.75,15040,80.1,100.5,34,2413.0,63.77,6.53,65.21,36.23,4901.797824,5.6,0.8859806529,11.36278359,511398750.0,17167974.6,5072737,14.0,Oranye (Risiko PHK),71.94,1.13,44.35,1.02,4.96,36.23,11.08,True,True,2023,matched,reported,Database Bulan + Tahun + Triwulan + MAP,baseline-v1,2026-07-03,Data untuk PHK Dashboard.xlsx; MAP_composite_all.xlsx
DKI Jakarta,DKI Jakarta,31,2023,8,2023-08-01,3,1105.0,0.0,103.04,,,979.45,8941.91,-7962.46,71498.338,53.9,5.75,15245,86.1,100.5,34,2413.0,63.77,6.53,65.21,36.23,4901.797824,5.6,0.8859806529,11.36278359,511398750.0,17167974.6,5072737,14.0,Oranye (Risiko PHK),71.94,1.13,44.35,1.02,4.96,36.23,11.08,True,True,2023,matched,reported,Database Bulan + Tahun + Triwulan + MAP,baseline-v1,2026-07-03,Data untuk PHK Dashboard.xlsx; MAP_composite_all.xlsx
DKI Jakarta,DKI Jakarta,31,2023,9,2023-09-01,3,1259.0,154.0,103.22,,,963.38,7475.55,-6512.17,71305.068,52.3,5.75,15354,"93,7",100.9,34,2413.0,63.77,6.53,65.21,36.23,4901.797824,5.6,0.8859806529,11.36278359,511398750.0,17167974.6,5072737,14.0,Oranye (Risiko PHK),71.94,1.13,44.35,1.02,4.96,36.23,11.08,True,True,2023,matched,reported,Database Bulan + Tahun + Triwulan + MAP,baseline-v1,2026-07-03,Data untuk PHK Dashboard.xlsx; MAP_composite_all.xlsx
DKI Jakarta,DKI Jakarta,31,2023,10,2023-10-01,4,1259.0,0.0,103.37,,,1003.39,8478.21,-7474.82,69522.553,51.5,6.0,15741,90.6,101.2,34,2413.0,63.77,6.53,65.21,36.23,4901.797824,5.6,0.8859806529,11.36278359,524691340.0,16769461.3,5072737,14.0,Oranye (Risiko PHK),71.94,1.13,44.35,1.02,4.96,36.23,11.08,True,True,2023,matched,reported,Database Bulan + Tahun + Triwulan + MAP,baseline-v1,2026-07-03,Data untuk PHK Dashboard.xlsx; MAP_composite_all.xlsx
DKI Jakarta,DKI Jakarta,31,2023,11,2023-11-01,4,2156.0,897.0,103.66,,,996.46,8623.13,-7626.67,68878.124,51.7,6.0,15617,82.9,101.4,34,2413.0,63.77,6.53,65.21,36.23,4901.797824,5.6,0.8859806529,11.36278359,524691340.0,16769461.3,5072737,14.0,Oranye (Risiko PHK),71.94,1.13,44.35,1.02,4.96,36.23,11.08,True,True,2023,matched,reported,Database Bulan + Tahun + Triwulan + MAP,baseline-v1,2026-07-03,Data untuk PHK Dashboard.xlsx; MAP_composite_all.xlsx
DKI Jakarta,DKI Jakarta,31,2023,12,2023-12-01,4,2413.0,257.0,104.15,,,931.62,7882.68,-6951.06,65491.028,52.2,6.0,15513,77.6,101.8,34,2413.0,63.77,6.53,65.21,36.23,4901.797824,5.6,0.8859806529,11.36278359,524691340.0,16769461.3,5072737,14.0,Oranye (Risiko PHK),71.94,1.13,44.35,1.02,4.96,36.23,11.08,True,True,2023,matched,reported,Database Bulan + Tahun + Triwulan + MAP,baseline-v1,2026-07-03,Data untuk PHK Dashboard.xlsx; MAP_composite_all.xlsx
DKI Jakarta,DKI Jakarta,31,2024,1,2024-01-01,1,,,103.95,1.83,-0.19,833.17,8076.79,-7243.62,69608.521,52.9,6.0,15611,80.1,102.1,9,17085.0,63.69,6.21,65.1,,5067.381,3.378009089,0.8726422178,10.95417076,528123900.0,24118095.3,5106782,16.0,Oranye (Risiko PHK),78.53,1.15,45.04,-0.11,4.9,36.31,11.19,True,True,2024,matched,no_data,Database Bulan + Tahun + Triwulan + MAP,baseline-v1,2026-07-03,Data untuk PHK Dashboard.xlsx; MAP_composite_all.xlsx
DKI Jakarta,DKI Jakarta,31,2024,2,2024-02-01,1,3651.0,3651.0,104.42,2.12,0.45,772.85,7716.83,-6943.98,69804.45,52.7,6.0,15665,83.5,103.0,34,17085.0,63.69,6.21,65.1,,5067.381,3.378009089,0.8726422178,10.95417076,528123900.0,24118095.3,5106782,16.0,Oranye (Risiko PHK),78.53,1.15,45.04,-0.11,4.9,36.31,11.19,True,True,2024,matched,reported,Database Bulan + Tahun + Triwulan + MAP,baseline-v1,2026-07-03,Data untuk PHK Dashboard.xlsx; MAP_composite_all.xlsx
DKI Jakarta,DKI Jakarta,31,2024,3,2024-03-01,1,5225.0,1574.0,104.81,2.18,0.37,1140.3,8200.81,-7060.51,67623.024,54.2,6.0,15703,85.4,103.5,34,17085.0,63.69,6.21,65.1,,5067.381,3.378009089,0.8726422178,10.95417076,528123900.0,24118095.3,5106782,16.0,Oranye (Risiko PHK),78.53,1.15,45.04,-0.11,4.9,36.31,11.19,True,True,2024,matched,reported,Database Bulan + Tahun + Triwulan + MAP,baseline-v1,2026-07-03,Data untuk PHK Dashboard.xlsx; MAP_composite_all.xlsx
DKI Jakarta,DKI Jakarta,31,2024,4,2024-04-01,2,4807.0,-418.0,105.08,2.11,0.26,805.11,7165.46,-6360.35,69111.856,52.9,6.25,16100,89.9,103.4,34,17085.0,63.69,6.21,65.1,,5067.381,3.378009089,0.8726422178,10.95417076,535407980.0,30173213.9,5106782,16.0,Oranye (Risiko PHK),78.53,1.15,45.04,-0.11,4.9,36.31,11.19,True,True,2024,matched,reported,Database Bulan + Tahun + Triwulan + MAP,baseline-v1,2026-07-03,Data untuk PHK Dashboard.xlsx; MAP_composite_all.xlsx
DKI Jakarta,DKI Jakarta,31,2024,5,2024-05-01,2,5574.0,767.0,104.97,2.08,-0.1,1029.4,9065.81,-8036.41,71972.503,52.1,6.25,16084,81.7,103.3,34,17085.0,63.69,6.21,65.1,,5067.381,3.378009089,0.8726422178,10.95417076,535407980.0,30173213.9,5106782,16.0,Oranye (Risiko PHK),78.53,1.15,45.04,-0.11,4.9,36.31,11.19,True,True,2024,matched,reported,Database Bulan + Tahun + Triwulan + MAP,baseline-v1,2026-07-03,Data untuk PHK Dashboard.xlsx; MAP_composite_all.xlsx
DKI Jakarta,DKI Jakarta,31,2024,6,2024-06-01,2,7469.0,1895.0,105.1,2.23,0.12,1171.49,8685.35,-7513.86,71633.586,50.7,6.25,16329,82.2,103.3,34,17085.0,63.69,6.21,65.1,,5067.381,3.378009089,0.8726422178,10.95417076,535407980.0,30173213.9,5106782,16.0,Oranye (Risiko PHK),78.53,1.15,45.04,-0.11,4.9,36.31,11.19,True,True,2024,matched,reported,Database Bulan + Tahun + Triwulan + MAP,baseline-v1,2026-07-03,Data untuk PHK Dashboard.xlsx; MAP_composite_all.xlsx
DKI Jakarta,DKI Jakarta,31,2024,7,2024-07-01,3,7469.0,0.0,105.04,1.97,-0.06,1299.7,10465.36,-9165.66,71542.013,49.3,6.25,16262,85.2,103.2,34,17085.0,63.69,6.21,65.1,,5067.381,3.378009089,0.8726422178,10.95417076,536638700.0,42941500.4,5107775,16.0,Oranye (Risiko PHK),78.53,1.15,45.04,-0.11,4.9,36.31,11.19,True,True,2024,matched,reported,Database Bulan + Tahun + Triwulan + MAP,baseline-v1,2026-07-03,Data untuk PHK Dashboard.xlsx; MAP_composite_all.xlsx
DKI Jakarta,DKI Jakarta,31,2024,8,2024-08-01,3,7469.0,0.0,105.08,1.98,0.04,1289.11,10496.99,-9207.88,71051.554,48.9,6.25,15793,80.4,103.1,34,17085.0,63.69,6.21,65.1,,5067.381,3.378009089,0.8726422178,10.95417076,536638700.0,42941500.4,5107775,16.0,Oranye (Risiko PHK),78.53,1.15,45.04,-0.11,4.9,36.31,11.19,True,True,2024,matched,reported,Database Bulan + Tahun + Triwulan + MAP,baseline-v1,2026-07-03,Data untuk PHK Dashboard.xlsx; MAP_composite_all.xlsx
DKI Jakarta,DKI Jakarta,31,2024,9,2024-09-01,3,11210.0,3741.0,104.97,1.7,-0.1,1243.89,9541.95,-8298.06,69125.25,49.2,6.0,15341,74,102.9,34,17085.0,63.69,6.21,65.1,,5067.381,3.378009089,0.8726422178,10.95417076,536638700.0,42941500.4,5107775,16.0,Oranye (Risiko PHK),78.53,1.15,45.04,-0.11,4.9,36.31,11.19,True,True,2024,matched,reported,Database Bulan + Tahun + Triwulan + MAP,baseline-v1,2026-07-03,Data untuk PHK Dashboard.xlsx; MAP_composite_all.xlsx
DKI Jakarta,DKI Jakarta,31,2024,10,2024-10-01,4,14501.0,3291.0,105.0,1.58,0.03,1443.3,10540.49,-9097.19,69112.078,49.2,6.0,15541,75.6,102.8,34,17085.0,63.69,6.21,65.1,,5067.381,3.378009089,0.8726422178,10.95417076,551028170.0,22730794.6,5107775,16.0,Oranye (Risiko PHK),78.53,1.15,45.04,-0.11,4.9,36.31,11.19,True,True,2024,matched,reported,Database Bulan + Tahun + Triwulan + MAP,baseline-v1,2026-07-03,Data untuk PHK Dashboard.xlsx; MAP_composite_all.xlsx
DKI Jakarta,DKI Jakarta,31,2024,11,2024-11-01,4,14501.0,0.0,105.3,1.58,0.29,1342.17,9935.59,-8593.42,69162.325,49.6,6.0,15812,74.3,103.0,34,17085.0,63.69,6.21,65.1,,5067.381,3.378009089,0.8726422178,10.95417076,551028170.0,22730794.6,5107775,16.0,Oranye (Risiko PHK),78.53,1.15,45.04,-0.11,4.9,36.31,11.19,True,True,2024,matched,reported,Database Bulan + Tahun + Triwulan + MAP,baseline-v1,2026-07-03,Data untuk PHK Dashboard.xlsx; MAP_composite_all.xlsx
DKI Jakarta,DKI Jakarta,31,2024,12,2024-12-01,4,17085.0,2584.0,105.69,1.48,0.37,1399.14,10107.36,-8708.22,68140.743,51.2,6.0,16024,73.9,103.4,34,17085.0,63.69,6.21,65.1,,5067.381,3.378009089,0.8726422178,10.95417076,551028170.0,22730794.6,5107775,16.0,Oranye (Risiko PHK),78.53,1.15,45.04,-0.11,4.9,36.31,11.19,True,True,2024,matched,reported,Database Bulan + Tahun + Triwulan + MAP,baseline-v1,2026-07-03,Data untuk PHK Dashboard.xlsx; MAP_composite_all.xlsx
DKI Jakarta,DKI Jakarta,31,2025,1,2025-01-01,1,671.0,671.0,104.1,0.14,-1.5,1423.89,8940.55,-7516.66,68878.715,51.9,5.75,16262,79.3,104.2,34,6311.0,63.37,6.05,64.75,,5396.761,6.500004638,0.9141470048,10.58357609,554299820.0,28129151.0,5137602,16.0,Oranye (Risiko PHK),78.53,1.15,45.04,-0.11,4.9,36.31,11.19,True,True,2024,matched,reported,Database Bulan + Tahun + Triwulan + MAP,baseline-v1,2026-07-03,Data untuk PHK Dashboard.xlsx; MAP_composite_all.xlsx
DKI Jakarta,DKI Jakarta,31,2025,2,2025-02-01,1,1425.0,754.0,103.8,-0.59,-0.29,1508.15,8714.81,-7206.66,69924.382,53.6,5.75,16338,75.4,104.3,34,6311.0,63.37,6.05,64.75,,5396.761,6.500004638,0.9141470048,10.58357609,554299820.0,28129151.0,5137602,16.0,Oranye (Risiko PHK),78.53,1.15,45.04,-0.11,4.9,36.31,11.19,True,True,2024,matched,reported,Database Bulan + Tahun + Triwulan + MAP,baseline-v1,2026-07-03,Data untuk PHK Dashboard.xlsx; MAP_composite_all.xlsx
DKI Jakarta,DKI Jakarta,31,2025,3,2025-03-01,1,2042.0,617.0,105.88,1.02,2.0,1385.53,8961.85,-7576.32,67718.41,52.4,5.75,16456,72.7,105.1,34,6311.0,63.37,6.05,64.75,,5396.761,6.500004638,0.9141470048,10.58357609,554299820.0,28129151.0,5137602,16.0,Oranye (Risiko PHK),78.53,1.15,45.04,-0.11,4.9,36.31,11.19,True,True,2024,matched,reported,Database Bulan + Tahun + Triwulan + MAP,baseline-v1,2026-07-03,Data untuk PHK Dashboard.xlsx; MAP_composite_all.xlsx
DKI Jakarta,DKI Jakarta,31,2025,4,2025-04-01,2,2528.0,486.0,107.4,2.21,1.44,1140.12,10115.9,-8975.78,68852.062,46.7,5.75,16820,68.1,105.1,34,6311.0,63.37,6.05,64.75,,5396.761,6.500004638,0.9141470048,10.58357609,563156560.0,23659717.8,5137602,16.0,Oranye (Risiko PHK),78.53,1.15,45.04,-0.11,4.9,36.31,11.19,True,True,2024,matched,reported,Database Bulan + Tahun + Triwulan + MAP,baseline-v1,2026-07-03,Data untuk PHK Dashboard.xlsx; MAP_composite_all.xlsx
DKI Jakarta,DKI Jakarta,31,2025,5,2025-05-01,2,3297.0,769.0,107.14,2.07,-0.24,1406.43,9811.26,-8404.83,69346.441,47.4,5.5,16441,64.5,104.6,34,6311.0,63.37,6.05,64.75,,5396.761,6.500004638,0.9141470048,10.58357609,563156560.0,23659717.8,5137602,16.0,Oranye (Risiko PHK),78.53,1.15,45.04,-0.11,4.9,36.31,11.19,True,True,2024,matched,reported,Database Bulan + Tahun + Triwulan + MAP,baseline-v1,2026-07-03,Data untuk PHK Dashboard.xlsx; MAP_composite_all.xlsx
DKI Jakarta,DKI Jakarta,31,2025,6,2025-06-01,2,3923.0,626.0,107.28,2.07,0.13,1389.93,9345.21,-7955.28,65222.528,46.9,5.5,16311,71.4,104.7,34,6311.0,63.37,6.05,64.75,,5396.761,6.500004638,0.9141470048,10.58357609,563156560.0,23659717.8,5137602,16.0,Oranye (Risiko PHK),78.53,1.15,45.04,-0.11,4.9,36.31,11.19,True,True,2024,matched,reported,Database Bulan + Tahun + Triwulan + MAP,baseline-v1,2026-07-03,Data untuk PHK Dashboard.xlsx; MAP_composite_all.xlsx
DKI Jakarta,DKI Jakarta,31,2025,7,2025-07-01,3,4560.0,637.0,107.4,2.25,0.11,1539.76,10236.61,-8696.85,66435.984,49.2,5.25,16276,71,105.2,34,6311.0,63.37,6.05,64.75,,5396.761,6.500004638,0.9141470048,10.58357609,563275500.0,23032020.1,5128464,16.0,Oranye (Risiko PHK),78.53,1.15,45.04,-0.11,4.9,36.31,11.19,True,True,2024,matched,reported,Database Bulan + Tahun + Triwulan + MAP,baseline-v1,2026-07-03,Data untuk PHK Dashboard.xlsx; MAP_composite_all.xlsx
DKI Jakarta,DKI Jakarta,31,2025,8,2025-08-01,3,5059.0,499.0,107.35,2.16,-0.05,1466.27,9122.63,-7656.36,66584.659,51.5,5.0,16309,67.9,105.2,34,6311.0,63.37,6.05,64.75,,5396.761,6.500004638,0.9141470048,10.58357609,563275500.0,23032020.1,5128464,16.0,Oranye (Risiko PHK),78.53,1.15,45.04,-0.11,4.9,36.31,11.19,True,True,2024,matched,reported,Database Bulan + Tahun + Triwulan + MAP,baseline-v1,2026-07-03,Data untuk PHK Dashboard.xlsx; MAP_composite_all.xlsx
DKI Jakarta,DKI Jakarta,31,2025,9,2025-09-01,3,5621.0,562.0,107.49,2.4,0.13,1549.32,9793.12,-8243.8,67032.775,50.4,4.75,16512,68,105.3,34,6311.0,63.37,6.05,64.75,,5396.761,6.500004638,0.9141470048,10.58357609,563275500.0,23032020.1,5128464,16.0,Oranye (Risiko PHK),78.53,1.15,45.04,-0.11,4.9,36.31,11.19,True,True,2024,matched,reported,Database Bulan + Tahun + Triwulan + MAP,baseline-v1,2026-07-03,Data untuk PHK Dashboard.xlsx; MAP_composite_all.xlsx
DKI Jakarta,DKI Jakarta,31,2025,10,2025-10-01,4,6111.0,490.0,107.82,2.69,0.31,1623.44,10637.49,-9014.05,69325.359,51.2,4.75,16607,64.5,105.5,34,6311.0,63.37,6.05,64.75,,5396.761,6.500004638,0.9141470048,10.58357609,582505150.0,23650596.4,5128464,16.0,Oranye (Risiko PHK),78.53,1.15,45.04,-0.11,4.9,36.31,11.19,True,True,2024,matched,reported,Database Bulan + Tahun + Triwulan + MAP,baseline-v1,2026-07-03,Data untuk PHK Dashboard.xlsx; MAP_composite_all.xlsx
DKI Jakarta,DKI Jakarta,31,2025,11,2025-11-01,4,6288.0,177.0,108.11,2.67,0.27,1646.53,9837.92,-8191.39,67271.638,53.3,4.75,16703,63.8,105.4,34,6311.0,63.37,6.05,64.75,,5396.761,6.500004638,0.9141470048,10.58357609,582505150.0,23650596.4,5128464,16.0,Oranye (Risiko PHK),78.53,1.15,45.04,-0.11,4.9,36.31,11.19,True,True,2024,matched,reported,Database Bulan + Tahun + Triwulan + MAP,baseline-v1,2026-07-03,Data untuk PHK Dashboard.xlsx; MAP_composite_all.xlsx
DKI Jakarta,DKI Jakarta,31,2025,12,2025-12-01,4,6311.0,23.0,108.47,2.63,0.33,1430.95,11879.08,-10448.13,64500.728,51.2,4.75,16699,62.5,106.3,27,6311.0,63.37,6.05,64.75,,5396.761,6.500004638,0.9141470048,10.58357609,582505150.0,23650596.4,5128464,16.0,Oranye (Risiko PHK),78.53,1.15,45.04,-0.11,4.9,36.31,11.19,True,True,2024,matched,reported,Database Bulan + Tahun + Triwulan + MAP,baseline-v1,2026-07-03,Data untuk PHK Dashboard.xlsx; MAP_composite_all.xlsx
Gorontalo,Gorontalo,75,2022,1,2022-01-01,1,,,97.79,,,3.91,,3.91,605.382,53.7,3.5,14335,86.5,94.0,0,171.0,35.03,2.58,68.91,64.97,2207.212,1.0682348825463635,0.8651319464,4.399509943,7325102.65,450680.5,588147,15.0,Oranye (Risiko PHK),75.78,0.91,24.22,-6.86,4.04,64.97,9.21,True,True,2022,matched,no_data,Database Bulan + Tahun + Triwulan + MAP,baseline-v1,2026-07-03,Data untuk PHK Dashboard.xlsx; MAP_composite_all.xlsx
Gorontalo,Gorontalo,75,2022,2,2022-02-01,1,,,96.97,,,2.13,5.94,-3.81,613.912,51.2,3.5,14351,97.1,94.0,0,171.0,35.03,2.58,68.91,64.97,2207.212,1.0682348825463635,0.8651319464,4.399509943,7325102.65,450680.5,588147,15.0,Oranye (Risiko PHK),75.78,0.91,24.22,-6.86,4.04,64.97,9.21,True,True,2022,matched,no_data,Database Bulan + Tahun + Triwulan + MAP,baseline-v1,2026-07-03,Data untuk PHK Dashboard.xlsx; MAP_composite_all.xlsx
Gorontalo,Gorontalo,75,2022,3,2022-03-01,1,,,97.67,,,0.75,14.64,-13.89,601.347,51.3,3.5,14349,117.2,94.7,0,171.0,35.03,2.58,68.91,64.97,2207.212,1.0682348825463635,0.8651319464,4.399509943,7325102.65,450680.5,588147,15.0,Oranye (Risiko PHK),75.78,0.91,24.22,-6.86,4.04,64.97,9.21,True,True,2022,matched,no_data,Database Bulan + Tahun + Triwulan + MAP,baseline-v1,2026-07-03,Data untuk PHK Dashboard.xlsx; MAP_composite_all.xlsx
Gorontalo,Gorontalo,75,2022,4,2022-04-01,2,,,99.11,,,1.16,0.79,0.37,633.709,51.9,3.5,14369,104.6,95.6,0,171.0,35.03,2.58,68.91,64.97,2207.212,1.0682348825463635,0.8651319464,4.399509943,7564127.21,544163.0,588147,15.0,Oranye (Risiko PHK),75.78,0.91,24.22,-6.86,4.04,64.97,9.21,True,True,2022,matched,no_data,Database Bulan + Tahun + Triwulan + MAP,baseline-v1,2026-07-03,Data untuk PHK Dashboard.xlsx; MAP_composite_all.xlsx
Gorontalo,Gorontalo,75,2022,5,2022-05-01,2,,,99.09,,,1.1,,1.1,641.063,50.8,3.5,14608,113.3,95.9,0,171.0,35.03,2.58,68.91,64.97,2207.212,1.0682348825463635,0.8651319464,4.399509943,7564127.21,544163.0,588147,15.0,Oranye (Risiko PHK),75.78,0.91,24.22,-6.86,4.04,64.97,9.21,True,True,2022,matched,no_data,Database Bulan + Tahun + Triwulan + MAP,baseline-v1,2026-07-03,Data untuk PHK Dashboard.xlsx; MAP_composite_all.xlsx
Gorontalo,Gorontalo,75,2022,6,2022-06-01,2,,,100.34,,,1.38,1.49,-0.11,649.03,50.2,3.5,14689,122.7,96.6,0,171.0,35.03,2.58,68.91,64.97,2207.212,1.0682348825463635,0.8651319464,4.399509943,7564127.21,544163.0,588147,15.0,Oranye (Risiko PHK),75.78,0.91,24.22,-6.86,4.04,64.97,9.21,True,True,2022,matched,no_data,Database Bulan + Tahun + Triwulan + MAP,baseline-v1,2026-07-03,Data untuk PHK Dashboard.xlsx; MAP_composite_all.xlsx
Gorontalo,Gorontalo,75,2022,7,2022-07-01,3,,,101.54,,,2.0,1.99,0.01,659.43,51.3,3.5,14984,111.9,97.0,0,171.0,35.03,2.58,68.91,64.97,2207.212,1.0682348825463635,0.8651319464,4.399509943,7694348.07,256769.8,614250,15.0,Oranye (Risiko PHK),75.78,0.91,24.22,-6.86,4.04,64.97,9.21,True,True,2022,matched,no_data,Database Bulan + Tahun + Triwulan + MAP,baseline-v1,2026-07-03,Data untuk PHK Dashboard.xlsx; MAP_composite_all.xlsx
Gorontalo,Gorontalo,75,2022,8,2022-08-01,3,,,100.5,,,3.54,,3.54,693.935,51.7,3.75,14851,100.4,96.9,0,171.0,35.03,2.58,68.91,64.97,2207.212,1.0682348825463635,0.8651319464,4.399509943,7694348.07,256769.8,614250,15.0,Oranye (Risiko PHK),75.78,0.91,24.22,-6.86,4.04,64.97,9.21,True,True,2022,matched,no_data,Database Bulan + Tahun + Triwulan + MAP,baseline-v1,2026-07-03,Data untuk PHK Dashboard.xlsx; MAP_composite_all.xlsx
Gorontalo,Gorontalo,75,2022,9,2022-09-01,3,,,101.4,,,3.54,1.54,2,678.388,53.7,4.25,14972,89.8,97.7,0,171.0,35.03,2.58,68.91,64.97,2207.212,1.0682348825463635,0.8651319464,4.399509943,7694348.07,256769.8,614250,15.0,Oranye (Risiko PHK),75.78,0.91,24.22,-6.86,4.04,64.97,9.21,True,True,2022,matched,no_data,Database Bulan + Tahun + Triwulan + MAP,baseline-v1,2026-07-03,Data untuk PHK Dashboard.xlsx; MAP_composite_all.xlsx
Gorontalo,Gorontalo,75,2022,10,2022-10-01,4,,0.0,101.65,,,6.93,,6.93,680.552,51.8,4.75,15417,93.3,97.7,34,171.0,35.03,2.58,68.91,64.97,2207.212,1.0682348825463635,0.8651319464,4.399509943,7698636.9,263061.4,614250,15.0,Oranye (Risiko PHK),75.78,0.91,24.22,-6.86,4.04,64.97,9.21,True,True,2022,matched,reported,Database Bulan + Tahun + Triwulan + MAP,baseline-v1,2026-07-03,Data untuk PHK Dashboard.xlsx; MAP_composite_all.xlsx
Gorontalo,Gorontalo,75,2022,11,2022-11-01,4,,0.0,101.63,,,13.47,4.92,8.55,637.04,50.3,5.25,15659,91.4,98.0,34,171.0,35.03,2.58,68.91,64.97,2207.212,1.0682348825463635,0.8651319464,4.399509943,7698636.9,263061.4,614250,15.0,Oranye (Risiko PHK),75.78,0.91,24.22,-6.86,4.04,64.97,9.21,True,True,2022,matched,reported,Database Bulan + Tahun + Triwulan + MAP,baseline-v1,2026-07-03,Data untuk PHK Dashboard.xlsx; MAP_composite_all.xlsx
Gorontalo,Gorontalo,75,2022,12,2022-12-01,4,171.0,171.0,102.31,,,12.08,1.31,10.77,606.932,50.9,5.5,15615,80.9,98.7,34,171.0,35.03,2.58,68.91,64.97,2207.212,1.0682348825463635,0.8651319464,4.399509943,7698636.9,263061.4,614250,15.0,Oranye (Risiko PHK),75.78,0.91,24.22,-6.86,4.04,64.97,9.21,True,True,2022,matched,reported,Database Bulan + Tahun + Triwulan + MAP,baseline-v1,2026-07-03,Data untuk PHK Dashboard.xlsx; MAP_composite_all.xlsx
Gorontalo,Gorontalo,75,2023,1,2023-01-01,1,,,101.98,,,6.88,16.75,-9.87,633.829,51.3,5.75,15295,82.5,99.3,8,483.0,36.27,3.06,70.79,63.73,2371.407,7.439022622,0.9226614779,4.229580518,7633310.0,127247.2,622929,13.0,Kuning (Perlu perhatian),76.3,0.86,29.75,3.53,4.5,63.73,10.33,True,True,2023,matched,no_data,Database Bulan + Tahun + Triwulan + MAP,baseline-v1,2026-07-03,Data untuk PHK Dashboard.xlsx; MAP_composite_all.xlsx
Gorontalo,Gorontalo,75,2023,2,2023-02-01,1,,0.0,101.47,,,12.68,0.91,11.77,638.82,51.2,5.75,15126,82.6,99.6,34,483.0,36.27,3.06,70.79,63.73,2371.407,7.439022622,0.9226614779,4.229580518,7633310.0,127247.2,622929,13.0,Kuning (Perlu perhatian),76.3,0.86,29.75,3.53,4.5,63.73,10.33,True,True,2023,matched,reported,Database Bulan + Tahun + Triwulan + MAP,baseline-v1,2026-07-03,Data untuk PHK Dashboard.xlsx; MAP_composite_all.xlsx
Gorontalo,Gorontalo,75,2023,3,2023-03-01,1,,0.0,101.89,,,4.11,0.9,3.21,619.804,51.9,5.75,15301,78.4,99.9,34,483.0,36.27,3.06,70.79,63.73,2371.407,7.439022622,0.9226614779,4.229580518,7633310.0,127247.2,622929,13.0,Kuning (Perlu perhatian),76.3,0.86,29.75,3.53,4.5,63.73,10.33,True,True,2023,matched,reported,Database Bulan + Tahun + Triwulan + MAP,baseline-v1,2026-07-03,Data untuk PHK Dashboard.xlsx; MAP_composite_all.xlsx
Gorontalo,Gorontalo,75,2023,4,2023-04-01,2,,0.0,101.96,,,6.09,1.34,4.75,651.57,52.7,5.75,14867,84.6,100.0,34,483.0,36.27,3.06,70.79,63.73,2371.407,7.439022622,0.9226614779,4.229580518,7883310.0,150975.1,622929,13.0,Kuning (Perlu perhatian),76.3,0.86,29.75,3.53,4.5,63.73,10.33,True,True,2023,matched,reported,Database Bulan + Tahun + Triwulan + MAP,baseline-v1,2026-07-03,Data untuk PHK Dashboard.xlsx; MAP_composite_all.xlsx
Gorontalo,Gorontalo,75,2023,5,2023-05-01,2,,0.0,102.01,,,1.29,5.48,-4.19,688.733,50.3,5.75,14811,75.5,100.2,34,483.0,36.27,3.06,70.79,63.73,2371.407,7.439022622,0.9226614779,4.229580518,7883310.0,150975.1,622929,13.0,Kuning (Perlu perhatian),76.3,0.86,29.75,3.53,4.5,63.73,10.33,True,True,2023,matched,reported,Database Bulan + Tahun + Triwulan + MAP,baseline-v1,2026-07-03,Data untuk PHK Dashboard.xlsx; MAP_composite_all.xlsx
Gorontalo,Gorontalo,75,2023,6,2023-06-01,2,37.0,37.0,102.83,,,3.46,0.83,2.63,717.401,52.5,5.75,14932,74.8,100.3,34,483.0,36.27,3.06,70.79,63.73,2371.407,7.439022622,0.9226614779,4.229580518,7883310.0,150975.1,622929,13.0,Kuning (Perlu perhatian),76.3,0.86,29.75,3.53,4.5,63.73,10.33,True,True,2023,matched,reported,Database Bulan + Tahun + Triwulan + MAP,baseline-v1,2026-07-03,Data untuk PHK Dashboard.xlsx; MAP_composite_all.xlsx
Gorontalo,Gorontalo,75,2023,7,2023-07-01,3,46.0,9.0,102.71,,,3.31,1.34,1.97,804.859,53.3,5.75,15040,80.1,100.5,34,483.0,36.27,3.06,70.79,63.73,2371.407,7.439022622,0.9226614779,4.229580518,8047850.0,114654.5,631521,13.0,Kuning (Perlu perhatian),76.3,0.86,29.75,3.53,4.5,63.73,10.33,True,True,2023,matched,reported,Database Bulan + Tahun + Triwulan + MAP,baseline-v1,2026-07-03,Data untuk PHK Dashboard.xlsx; MAP_composite_all.xlsx
Gorontalo,Gorontalo,75,2023,8,2023-08-01,3,348.0,302.0,102.98,,,5.9,3.96,1.94,871.331,53.9,5.75,15245,86.1,100.5,34,483.0,36.27,3.06,70.79,63.73,2371.407,7.439022622,0.9226614779,4.229580518,8047850.0,114654.5,631521,13.0,Kuning (Perlu perhatian),76.3,0.86,29.75,3.53,4.5,63.73,10.33,True,True,2023,matched,reported,Database Bulan + Tahun + Triwulan + MAP,baseline-v1,2026-07-03,Data untuk PHK Dashboard.xlsx; MAP_composite_all.xlsx
Gorontalo,Gorontalo,75,2023,9,2023-09-01,3,348.0,0.0,103.25,,,3.22,1.98,1.24,909.222,52.3,5.75,15354,"93,7",100.9,34,483.0,36.27,3.06,70.79,63.73,2371.407,7.439022622,0.9226614779,4.229580518,8047850.0,114654.5,631521,13.0,Kuning (Perlu perhatian),76.3,0.86,29.75,3.53,4.5,63.73,10.33,True,True,2023,matched,reported,Database Bulan + Tahun + Triwulan + MAP,baseline-v1,2026-07-03,Data untuk PHK Dashboard.xlsx; MAP_composite_all.xlsx
Gorontalo,Gorontalo,75,2023,10,2023-10-01,4,348.0,0.0,104.66,,,2.84,,2.84,958.008,51.5,6.0,15741,90.6,101.2,34,483.0,36.27,3.06,70.79,63.73,2371.407,7.439022622,0.9226614779,4.229580518,8079310.0,121901.6,631521,13.0,Kuning (Perlu perhatian),76.3,0.86,29.75,3.53,4.5,63.73,10.33,True,True,2023,matched,reported,Database Bulan + Tahun + Triwulan + MAP,baseline-v1,2026-07-03,Data untuk PHK Dashboard.xlsx; MAP_composite_all.xlsx
Gorontalo,Gorontalo,75,2023,11,2023-11-01,4,348.0,0.0,105.71,,,1.38,1.11,0.27,969.547,51.7,6.0,15617,82.9,101.4,34,483.0,36.27,3.06,70.79,63.73,2371.407,7.439022622,0.9226614779,4.229580518,8079310.0,121901.6,631521,13.0,Kuning (Perlu perhatian),76.3,0.86,29.75,3.53,4.5,63.73,10.33,True,True,2023,matched,reported,Database Bulan + Tahun + Triwulan + MAP,baseline-v1,2026-07-03,Data untuk PHK Dashboard.xlsx; MAP_composite_all.xlsx
Gorontalo,Gorontalo,75,2023,12,2023-12-01,4,483.0,135.0,107.45,,,4.01,1.38,2.63,943.272,52.2,6.0,15513,77.6,101.8,34,483.0,36.27,3.06,70.79,63.73,2371.407,7.439022622,0.9226614779,4.229580518,8079310.0,121901.6,631521,13.0,Kuning (Perlu perhatian),76.3,0.86,29.75,3.53,4.5,63.73,10.33,True,True,2023,matched,reported,Database Bulan + Tahun + Triwulan + MAP,baseline-v1,2026-07-03,Data untuk PHK Dashboard.xlsx; MAP_composite_all.xlsx
Gorontalo,Gorontalo,75,2024,1,2024-01-01,1,18.0,18.0,106.47,4.4,-0.91,4.06,17.42,-13.36,962.305,52.9,6.0,15611,80.1,102.1,9,87.0,38.55,3.13,69.95,,2444.067,3.064003775,0.9379061014,4.192808305,7967090.0,112105.4,633463,13.0,Kuning (Perlu perhatian),81.68,0.86,28.26,6.29,4.13,61.45,9.18,True,True,2024,matched,reported,Database Bulan + Tahun + Triwulan + MAP,baseline-v1,2026-07-03,Data untuk PHK Dashboard.xlsx; MAP_composite_all.xlsx
Gorontalo,Gorontalo,75,2024,2,2024-02-01,1,18.0,0.0,105.25,3.73,-1.15,5.79,,5.79,933.504,52.7,6.0,15665,83.5,103.0,34,87.0,38.55,3.13,69.95,,2444.067,3.064003775,0.9379061014,4.192808305,7967090.0,112105.4,633463,13.0,Kuning (Perlu perhatian),81.68,0.86,28.26,6.29,4.13,61.45,9.18,True,True,2024,matched,reported,Database Bulan + Tahun + Triwulan + MAP,baseline-v1,2026-07-03,Data untuk PHK Dashboard.xlsx; MAP_composite_all.xlsx
Gorontalo,Gorontalo,75,2024,3,2024-03-01,1,18.0,0.0,106.1,4.13,0.81,2.64,0.47,2.17,883.76,54.2,6.0,15703,85.4,103.5,34,87.0,38.55,3.13,69.95,,2444.067,3.064003775,0.9379061014,4.192808305,7967090.0,112105.4,633463,13.0,Kuning (Perlu perhatian),81.68,0.86,28.26,6.29,4.13,61.45,9.18,True,True,2024,matched,reported,Database Bulan + Tahun + Triwulan + MAP,baseline-v1,2026-07-03,Data untuk PHK Dashboard.xlsx; MAP_composite_all.xlsx
Gorontalo,Gorontalo,75,2024,4,2024-04-01,2,18.0,0.0,106.7,4.65,0.57,2.62,0.09,2.53,886.674,52.9,6.25,16100,89.9,103.4,34,87.0,38.55,3.13,69.95,,2444.067,3.064003775,0.9379061014,4.192808305,8180820.0,49153.7,633463,13.0,Kuning (Perlu perhatian),81.68,0.86,28.26,6.29,4.13,61.45,9.18,True,True,2024,matched,reported,Database Bulan + Tahun + Triwulan + MAP,baseline-v1,2026-07-03,Data untuk PHK Dashboard.xlsx; MAP_composite_all.xlsx
Gorontalo,Gorontalo,75,2024,5,2024-05-01,2,18.0,0.0,107.02,4.91,0.3,2.54,1.91,0.63,865.947,52.1,6.25,16084,81.7,103.3,34,87.0,38.55,3.13,69.95,,2444.067,3.064003775,0.9379061014,4.192808305,8180820.0,49153.7,633463,13.0,Kuning (Perlu perhatian),81.68,0.86,28.26,6.29,4.13,61.45,9.18,True,True,2024,matched,reported,Database Bulan + Tahun + Triwulan + MAP,baseline-v1,2026-07-03,Data untuk PHK Dashboard.xlsx; MAP_composite_all.xlsx
Gorontalo,Gorontalo,75,2024,6,2024-06-01,2,18.0,0.0,106.87,3.93,-0.14,3.89,2.96,0.93,660.649,50.7,6.25,16329,82.2,103.3,34,87.0,38.55,3.13,69.95,,2444.067,3.064003775,0.9379061014,4.192808305,8180820.0,49153.7,633463,13.0,Kuning (Perlu perhatian),81.68,0.86,28.26,6.29,4.13,61.45,9.18,True,True,2024,matched,reported,Database Bulan + Tahun + Triwulan + MAP,baseline-v1,2026-07-03,Data untuk PHK Dashboard.xlsx; MAP_composite_all.xlsx
Gorontalo,Gorontalo,75,2024,7,2024-07-01,3,18.0,0.0,105.86,3.07,-0.95,11.81,1.24,10.57,671.648,49.3,6.25,16262,85.2,103.2,34,87.0,38.55,3.13,69.95,,2444.067,3.064003775,0.9379061014,4.192808305,8362890.0,115840.8,632184,13.0,Kuning (Perlu perhatian),81.68,0.86,28.26,6.29,4.13,61.45,9.18,True,True,2024,matched,reported,Database Bulan + Tahun + Triwulan + MAP,baseline-v1,2026-07-03,Data untuk PHK Dashboard.xlsx; MAP_composite_all.xlsx
Gorontalo,Gorontalo,75,2024,8,2024-08-01,3,74.0,56.0,105.71,2.65,-0.14,8.0,1.46,6.54,657.853,48.9,6.25,15793,80.4,103.1,34,87.0,38.55,3.13,69.95,,2444.067,3.064003775,0.9379061014,4.192808305,8362890.0,115840.8,632184,13.0,Kuning (Perlu perhatian),81.68,0.86,28.26,6.29,4.13,61.45,9.18,True,True,2024,matched,reported,Database Bulan + Tahun + Triwulan + MAP,baseline-v1,2026-07-03,Data untuk PHK Dashboard.xlsx; MAP_composite_all.xlsx
Gorontalo,Gorontalo,75,2024,9,2024-09-01,3,74.0,0.0,106.12,2.78,0.39,4.77,1.13,3.64,612.451,49.2,6.0,15341,74,102.9,34,87.0,38.55,3.13,69.95,,2444.067,3.064003775,0.9379061014,4.192808305,8362890.0,115840.8,632184,13.0,Kuning (Perlu perhatian),81.68,0.86,28.26,6.29,4.13,61.45,9.18,True,True,2024,matched,reported,Database Bulan + Tahun + Triwulan + MAP,baseline-v1,2026-07-03,Data untuk PHK Dashboard.xlsx; MAP_composite_all.xlsx
Gorontalo,Gorontalo,75,2024,10,2024-10-01,4,74.0,0.0,105.51,0.81,-0.57,4.22,,4.22,609.83,49.2,6.0,15541,75.6,102.8,34,87.0,38.55,3.13,69.95,,2444.067,3.064003775,0.9379061014,4.192808305,8441140.0,274651.9,632184,13.0,Kuning (Perlu perhatian),81.68,0.86,28.26,6.29,4.13,61.45,9.18,True,True,2024,matched,reported,Database Bulan + Tahun + Triwulan + MAP,baseline-v1,2026-07-03,Data untuk PHK Dashboard.xlsx; MAP_composite_all.xlsx
Gorontalo,Gorontalo,75,2024,11,2024-11-01,4,74.0,0.0,106.0,0.27,0.46,4.44,,4.44,593.162,49.6,6.0,15812,74.3,103.0,34,87.0,38.55,3.13,69.95,,2444.067,3.064003775,0.9379061014,4.192808305,8441140.0,274651.9,632184,13.0,Kuning (Perlu perhatian),81.68,0.86,28.26,6.29,4.13,61.45,9.18,True,True,2024,matched,reported,Database Bulan + Tahun + Triwulan + MAP,baseline-v1,2026-07-03,Data untuk PHK Dashboard.xlsx; MAP_composite_all.xlsx
Gorontalo,Gorontalo,75,2024,12,2024-12-01,4,87.0,13.0,106.6,-0.79,0.57,5.29,1.05,4.24,598.777,51.2,6.0,16024,73.9,103.4,34,87.0,38.55,3.13,69.95,,2444.067,3.064003775,0.9379061014,4.192808305,8441140.0,274651.9,632184,13.0,Kuning (Perlu perhatian),81.68,0.86,28.26,6.29,4.13,61.45,9.18,True,True,2024,matched,reported,Database Bulan + Tahun + Triwulan + MAP,baseline-v1,2026-07-03,Data untuk PHK Dashboard.xlsx; MAP_composite_all.xlsx
Gorontalo,Gorontalo,75,2025,1,2025-01-01,1,5.0,5.0,104.85,-1.52,-1.64,5.0,0.71,4.29,601.967,51.9,5.75,16262,79.3,104.2,34,87.0,38.86,3.42,69.29,,2602.931,6.499985475,0.8939210725,4.615051171,8451330.0,72095.7,615170,13.0,Kuning (Perlu perhatian),81.68,0.86,28.26,6.29,4.13,61.45,9.18,True,True,2024,matched,reported,Database Bulan + Tahun + Triwulan + MAP,baseline-v1,2026-07-03,Data untuk PHK Dashboard.xlsx; MAP_composite_all.xlsx
Gorontalo,Gorontalo,75,2025,2,2025-02-01,1,10.0,5.0,104.95,-0.29,0.1,7.07,,7.07,627.999,53.6,5.75,16338,75.4,104.3,34,87.0,38.86,3.42,69.29,,2602.931,6.499985475,0.8939210725,4.615051171,8451330.0,72095.7,615170,13.0,Kuning (Perlu perhatian),81.68,0.86,28.26,6.29,4.13,61.45,9.18,True,True,2024,matched,reported,Database Bulan + Tahun + Triwulan + MAP,baseline-v1,2026-07-03,Data untuk PHK Dashboard.xlsx; MAP_composite_all.xlsx
Gorontalo,Gorontalo,75,2025,3,2025-03-01,1,18.0,8.0,107.97,1.76,2.88,7.98,,7.98,623.585,52.4,5.75,16456,72.7,105.1,34,87.0,38.86,3.42,69.29,,2602.931,6.499985475,0.8939210725,4.615051171,8451330.0,72095.7,615170,13.0,Kuning (Perlu perhatian),81.68,0.86,28.26,6.29,4.13,61.45,9.18,True,True,2024,matched,reported,Database Bulan + Tahun + Triwulan + MAP,baseline-v1,2026-07-03,Data untuk PHK Dashboard.xlsx; MAP_composite_all.xlsx
Gorontalo,Gorontalo,75,2025,4,2025-04-01,2,24.0,6.0,109.15,2.3,1.09,5.12,,5.12,645.197,46.7,5.75,16820,68.1,105.1,34,87.0,38.86,3.42,69.29,,2602.931,6.499985475,0.8939210725,4.615051171,8602430.0,63438.8,615170,13.0,Kuning (Perlu perhatian),81.68,0.86,28.26,6.29,4.13,61.45,9.18,True,True,2024,matched,reported,Database Bulan + Tahun + Triwulan + MAP,baseline-v1,2026-07-03,Data untuk PHK Dashboard.xlsx; MAP_composite_all.xlsx
Gorontalo,Gorontalo,75,2025,5,2025-05-01,2,34.0,10.0,107.32,0.28,-1.68,11.43,,11.43,655.754,47.4,5.5,16441,64.5,104.6,34,87.0,38.86,3.42,69.29,,2602.931,6.499985475,0.8939210725,4.615051171,8602430.0,63438.8,615170,13.0,Kuning (Perlu perhatian),81.68,0.86,28.26,6.29,4.13,61.45,9.18,True,True,2024,matched,reported,Database Bulan + Tahun + Triwulan + MAP,baseline-v1,2026-07-03,Data untuk PHK Dashboard.xlsx; MAP_composite_all.xlsx
Gorontalo,Gorontalo,75,2025,6,2025-06-01,2,41.0,7.0,107.72,0.8,0.37,4.0,,4,658.515,46.9,5.5,16311,71.4,104.7,34,87.0,38.86,3.42,69.29,,2602.931,6.499985475,0.8939210725,4.615051171,8602430.0,63438.8,615170,13.0,Kuning (Perlu perhatian),81.68,0.86,28.26,6.29,4.13,61.45,9.18,True,True,2024,matched,reported,Database Bulan + Tahun + Triwulan + MAP,baseline-v1,2026-07-03,Data untuk PHK Dashboard.xlsx; MAP_composite_all.xlsx
Gorontalo,Gorontalo,75,2025,7,2025-07-01,3,56.0,15.0,109.16,3.12,1.34,8.27,,8.27,673.617,49.2,5.25,16276,71,105.2,34,87.0,38.86,3.42,69.29,,2602.931,6.499985475,0.8939210725,4.615051171,8822810.0,90472.5,633263,13.0,Kuning (Perlu perhatian),81.68,0.86,28.26,6.29,4.13,61.45,9.18,True,True,2024,matched,reported,Database Bulan + Tahun + Triwulan + MAP,baseline-v1,2026-07-03,Data untuk PHK Dashboard.xlsx; MAP_composite_all.xlsx
Gorontalo,Gorontalo,75,2025,8,2025-08-01,3,63.0,7.0,108.36,2.51,-0.73,10.01,0.98,9.03,672.598,51.5,5.0,16309,67.9,105.2,34,87.0,38.86,3.42,69.29,,2602.931,6.499985475,0.8939210725,4.615051171,8822810.0,90472.5,633263,13.0,Kuning (Perlu perhatian),81.68,0.86,28.26,6.29,4.13,61.45,9.18,True,True,2024,matched,reported,Database Bulan + Tahun + Triwulan + MAP,baseline-v1,2026-07-03,Data untuk PHK Dashboard.xlsx; MAP_composite_all.xlsx
Gorontalo,Gorontalo,75,2025,9,2025-09-01,3,70.0,7.0,108.23,1.99,-0.12,7.65,,7.65,656.281,50.4,4.75,16512,68,105.3,34,87.0,38.86,3.42,69.29,,2602.931,6.499985475,0.8939210725,4.615051171,8822810.0,90472.5,633263,13.0,Kuning (Perlu perhatian),81.68,0.86,28.26,6.29,4.13,61.45,9.18,True,True,2024,matched,reported,Database Bulan + Tahun + Triwulan + MAP,baseline-v1,2026-07-03,Data untuk PHK Dashboard.xlsx; MAP_composite_all.xlsx
Gorontalo,Gorontalo,75,2025,10,2025-10-01,4,76.0,6.0,108.08,2.44,-0.14,6.46,0.32,6.14,654.206,51.2,4.75,16607,64.5,105.5,34,87.0,38.86,3.42,69.29,,2602.931,6.499985475,0.8939210725,4.615051171,8957910.0,48807.4,633263,13.0,Kuning (Perlu perhatian),81.68,0.86,28.26,6.29,4.13,61.45,9.18,True,True,2024,matched,reported,Database Bulan + Tahun + Triwulan + MAP,baseline-v1,2026-07-03,Data untuk PHK Dashboard.xlsx; MAP_composite_all.xlsx
Gorontalo,Gorontalo,75,2025,11,2025-11-01,4,86.0,10.0,108.34,2.21,0.24,8.35,,8.35,646.88,53.3,4.75,16703,63.8,105.4,34,87.0,38.86,3.42,69.29,,2602.931,6.499985475,0.8939210725,4.615051171,8957910.0,48807.4,633263,13.0,Kuning (Perlu perhatian),81.68,0.86,28.26,6.29,4.13,61.45,9.18,True,True,2024,matched,reported,Database Bulan + Tahun + Triwulan + MAP,baseline-v1,2026-07-03,Data untuk PHK Dashboard.xlsx; MAP_composite_all.xlsx
Gorontalo,Gorontalo,75,2025,12,2025-12-01,4,87.0,1.0,109.29,2.52,0.88,8.43,0.33,8.1,645.389,51.2,4.75,16699,62.5,106.3,27,87.0,38.86,3.42,69.29,,2602.931,6.499985475,0.8939210725,4.615051171,8957910.0,48807.4,633263,13.0,Kuning (Perlu perhatian),81.68,0.86,28.26,6.29,4.13,61.45,9.18,True,True,2024,matched,reported,Database Bulan + Tahun + Triwulan + MAP,baseline-v1,2026-07-03,Data untuk PHK Dashboard.xlsx; MAP_composite_all.xlsx
Jambi,Jambi,15,2022,1,2022-01-01,1,,,96.92,,,186.85,1.77,185.08,837.208,53.7,3.5,14335,86.5,94.0,0,92.0,40.02,4.59,67.84,59.98,2649.03424,0.7175264895171978,1.050884211,10.02479616,38519055.68,87043.9,1761661,11.0,Kuning (Perlu perhatian),80.39,0.93,19.65,5.35,5.12,59.98,5.25,True,True,2022,matched,no_data,Database Bulan + Tahun + Triwulan + MAP,baseline-v1,2026-07-03,Data untuk PHK Dashboard.xlsx; MAP_composite_all.xlsx
Jambi,Jambi,15,2022,2,2022-02-01,1,,,96.34,,,174.03,2.96,171.07,863.917,51.2,3.5,14351,97.1,94.0,0,92.0,40.02,4.59,67.84,59.98,2649.03424,0.7175264895171978,1.050884211,10.02479616,38519055.68,87043.9,1761661,11.0,Kuning (Perlu perhatian),80.39,0.93,19.65,5.35,5.12,59.98,5.25,True,True,2022,matched,no_data,Database Bulan + Tahun + Triwulan + MAP,baseline-v1,2026-07-03,Data untuk PHK Dashboard.xlsx; MAP_composite_all.xlsx
Jambi,Jambi,15,2022,3,2022-03-01,1,,,97.51,,,275.58,5.79,269.79,819.113,51.3,3.5,14349,117.2,94.7,0,92.0,40.02,4.59,67.84,59.98,2649.03424,0.7175264895171978,1.050884211,10.02479616,38519055.68,87043.9,1761661,11.0,Kuning (Perlu perhatian),80.39,0.93,19.65,5.35,5.12,59.98,5.25,True,True,2022,matched,no_data,Database Bulan + Tahun + Triwulan + MAP,baseline-v1,2026-07-03,Data untuk PHK Dashboard.xlsx; MAP_composite_all.xlsx
Jambi,Jambi,15,2022,4,2022-04-01,2,,,98.76,,,233.52,2.31,231.21,861.348,51.9,3.5,14369,104.6,95.6,0,92.0,40.02,4.59,67.84,59.98,2649.03424,0.7175264895171978,1.050884211,10.02479616,40421758.19,165398.4,1761661,11.0,Kuning (Perlu perhatian),80.39,0.93,19.65,5.35,5.12,59.98,5.25,True,True,2022,matched,no_data,Database Bulan + Tahun + Triwulan + MAP,baseline-v1,2026-07-03,Data untuk PHK Dashboard.xlsx; MAP_composite_all.xlsx
Jambi,Jambi,15,2022,5,2022-05-01,2,,,99.63,,,255.46,1.26,254.2,930.437,50.8,3.5,14608,113.3,95.9,0,92.0,40.02,4.59,67.84,59.98,2649.03424,0.7175264895171978,1.050884211,10.02479616,40421758.19,165398.4,1761661,11.0,Kuning (Perlu perhatian),80.39,0.93,19.65,5.35,5.12,59.98,5.25,True,True,2022,matched,no_data,Database Bulan + Tahun + Triwulan + MAP,baseline-v1,2026-07-03,Data untuk PHK Dashboard.xlsx; MAP_composite_all.xlsx
Jambi,Jambi,15,2022,6,2022-06-01,2,,,100.85,,,308.45,3.57,304.88,925.281,50.2,3.5,14689,122.7,96.6,0,92.0,40.02,4.59,67.84,59.98,2649.03424,0.7175264895171978,1.050884211,10.02479616,40421758.19,165398.4,1761661,11.0,Kuning (Perlu perhatian),80.39,0.93,19.65,5.35,5.12,59.98,5.25,True,True,2022,matched,no_data,Database Bulan + Tahun + Triwulan + MAP,baseline-v1,2026-07-03,Data untuk PHK Dashboard.xlsx; MAP_composite_all.xlsx
Jambi,Jambi,15,2022,7,2022-07-01,3,92.0,,101.92,,,2.07,274.16,-272.09,944.882,51.3,3.5,14984,111.9,97.0,0,92.0,40.02,4.59,67.84,59.98,2649.03424,0.7175264895171978,1.050884211,10.02479616,41442658.94,143117.4,1797819,11.0,Kuning (Perlu perhatian),80.39,0.93,19.65,5.35,5.12,59.98,5.25,True,True,2022,matched,reported,Database Bulan + Tahun + Triwulan + MAP,baseline-v1,2026-07-03,Data untuk PHK Dashboard.xlsx; MAP_composite_all.xlsx
Jambi,Jambi,15,2022,8,2022-08-01,3,,,100.8,,,312.46,3.32,309.14,946.877,51.7,3.75,14851,100.4,96.9,0,92.0,40.02,4.59,67.84,59.98,2649.03424,0.7175264895171978,1.050884211,10.02479616,41442658.94,143117.4,1797819,11.0,Kuning (Perlu perhatian),80.39,0.93,19.65,5.35,5.12,59.98,5.25,True,True,2022,matched,no_data,Database Bulan + Tahun + Triwulan + MAP,baseline-v1,2026-07-03,Data untuk PHK Dashboard.xlsx; MAP_composite_all.xlsx
Jambi,Jambi,15,2022,9,2022-09-01,3,92.0,,101.93,,,264.75,4.44,260.31,925.271,53.7,4.25,14972,89.8,97.7,0,92.0,40.02,4.59,67.84,59.98,2649.03424,0.7175264895171978,1.050884211,10.02479616,41442658.94,143117.4,1797819,11.0,Kuning (Perlu perhatian),80.39,0.93,19.65,5.35,5.12,59.98,5.25,True,True,2022,matched,reported,Database Bulan + Tahun + Triwulan + MAP,baseline-v1,2026-07-03,Data untuk PHK Dashboard.xlsx; MAP_composite_all.xlsx
Jambi,Jambi,15,2022,10,2022-10-01,4,92.0,0.0,101.79,,,229.1,2.19,226.91,964.629,51.8,4.75,15417,93.3,97.7,34,92.0,40.02,4.59,67.84,59.98,2649.03424,0.7175264895171978,1.050884211,10.02479616,41348475.15,189703.2,1797819,11.0,Kuning (Perlu perhatian),80.39,0.93,19.65,5.35,5.12,59.98,5.25,True,True,2022,matched,reported,Database Bulan + Tahun + Triwulan + MAP,baseline-v1,2026-07-03,Data untuk PHK Dashboard.xlsx; MAP_composite_all.xlsx
Jambi,Jambi,15,2022,11,2022-11-01,4,92.0,0.0,101.46,,,218.54,3.87,214.67,972.719,50.3,5.25,15659,91.4,98.0,34,92.0,40.02,4.59,67.84,59.98,2649.03424,0.7175264895171978,1.050884211,10.02479616,41348475.15,189703.2,1797819,11.0,Kuning (Perlu perhatian),80.39,0.93,19.65,5.35,5.12,59.98,5.25,True,True,2022,matched,reported,Database Bulan + Tahun + Triwulan + MAP,baseline-v1,2026-07-03,Data untuk PHK Dashboard.xlsx; MAP_composite_all.xlsx
Jambi,Jambi,15,2022,12,2022-12-01,4,92.0,0.0,102.07,,,258.6,4.47,254.13,893.224,50.9,5.5,15615,80.9,98.7,34,92.0,40.02,4.59,67.84,59.98,2649.03424,0.7175264895171978,1.050884211,10.02479616,41348475.15,189703.2,1797819,11.0,Kuning (Perlu perhatian),80.39,0.93,19.65,5.35,5.12,59.98,5.25,True,True,2022,matched,reported,Database Bulan + Tahun + Triwulan + MAP,baseline-v1,2026-07-03,Data untuk PHK Dashboard.xlsx; MAP_composite_all.xlsx
Jambi,Jambi,15,2023,1,2023-01-01,1,,,102.24,,,198.46,4.83,193.63,919.912,51.3,5.75,15295,82.5,99.3,8,331.0,40.27,4.53,68.75,59.73,2943.03308,11.0983405,1.102888268,9.980491436,40422790.0,68096.8,1768653,14.0,Oranye (Risiko PHK),79.07,0.91,19.49,0.63,4.66,59.73,4.73,True,True,2023,matched,no_data,Database Bulan + Tahun + Triwulan + MAP,baseline-v1,2026-07-03,Data untuk PHK Dashboard.xlsx; MAP_composite_all.xlsx
Jambi,Jambi,15,2023,2,2023-02-01,1,,0.0,102.44,,,222.68,4.77,217.91,962.122,51.2,5.75,15126,82.6,99.6,34,331.0,40.27,4.53,68.75,59.73,2943.03308,11.0983405,1.102888268,9.980491436,40422790.0,68096.8,1768653,14.0,Oranye (Risiko PHK),79.07,0.91,19.49,0.63,4.66,59.73,4.73,True,True,2023,matched,reported,Database Bulan + Tahun + Triwulan + MAP,baseline-v1,2026-07-03,Data untuk PHK Dashboard.xlsx; MAP_composite_all.xlsx
Jambi,Jambi,15,2023,3,2023-03-01,1,,0.0,102.61,,,200.51,6.66,193.85,962.279,51.9,5.75,15301,78.4,99.9,34,331.0,40.27,4.53,68.75,59.73,2943.03308,11.0983405,1.102888268,9.980491436,40422790.0,68096.8,1768653,14.0,Oranye (Risiko PHK),79.07,0.91,19.49,0.63,4.66,59.73,4.73,True,True,2023,matched,reported,Database Bulan + Tahun + Triwulan + MAP,baseline-v1,2026-07-03,Data untuk PHK Dashboard.xlsx; MAP_composite_all.xlsx
Jambi,Jambi,15,2023,4,2023-04-01,2,,0.0,103.17,,,138.37,1.59,136.78,1037.631,52.7,5.75,14867,84.6,100.0,34,331.0,40.27,4.53,68.75,59.73,2943.03308,11.0983405,1.102888268,9.980491436,42382750.0,335147.3,1768653,14.0,Oranye (Risiko PHK),79.07,0.91,19.49,0.63,4.66,59.73,4.73,True,True,2023,matched,reported,Database Bulan + Tahun + Triwulan + MAP,baseline-v1,2026-07-03,Data untuk PHK Dashboard.xlsx; MAP_composite_all.xlsx
Jambi,Jambi,15,2023,5,2023-05-01,2,,0.0,103.37,,,182.49,9.11,173.38,949.542,50.3,5.75,14811,75.5,100.2,34,331.0,40.27,4.53,68.75,59.73,2943.03308,11.0983405,1.102888268,9.980491436,42382750.0,335147.3,1768653,14.0,Oranye (Risiko PHK),79.07,0.91,19.49,0.63,4.66,59.73,4.73,True,True,2023,matched,reported,Database Bulan + Tahun + Triwulan + MAP,baseline-v1,2026-07-03,Data untuk PHK Dashboard.xlsx; MAP_composite_all.xlsx
Jambi,Jambi,15,2023,6,2023-06-01,2,258.0,258.0,103.84,,,172.96,9.16,163.8,943.644,52.5,5.75,14932,74.8,100.3,34,331.0,40.27,4.53,68.75,59.73,2943.03308,11.0983405,1.102888268,9.980491436,42382750.0,335147.3,1768653,14.0,Oranye (Risiko PHK),79.07,0.91,19.49,0.63,4.66,59.73,4.73,True,True,2023,matched,reported,Database Bulan + Tahun + Triwulan + MAP,baseline-v1,2026-07-03,Data untuk PHK Dashboard.xlsx; MAP_composite_all.xlsx
Jambi,Jambi,15,2023,7,2023-07-01,3,279.0,21.0,104.16,,,186.05,10.8,175.25,968.951,53.3,5.75,15040,80.1,100.5,34,331.0,40.27,4.53,68.75,59.73,2943.03308,11.0983405,1.102888268,9.980491436,43444170.0,172579.6,1802264,14.0,Oranye (Risiko PHK),79.07,0.91,19.49,0.63,4.66,59.73,4.73,True,True,2023,matched,reported,Database Bulan + Tahun + Triwulan + MAP,baseline-v1,2026-07-03,Data untuk PHK Dashboard.xlsx; MAP_composite_all.xlsx
Jambi,Jambi,15,2023,8,2023-08-01,3,285.0,6.0,104.04,,,163.71,6.12,157.59,976.402,53.9,5.75,15245,86.1,100.5,34,331.0,40.27,4.53,68.75,59.73,2943.03308,11.0983405,1.102888268,9.980491436,43444170.0,172579.6,1802264,14.0,Oranye (Risiko PHK),79.07,0.91,19.49,0.63,4.66,59.73,4.73,True,True,2023,matched,reported,Database Bulan + Tahun + Triwulan + MAP,baseline-v1,2026-07-03,Data untuk PHK Dashboard.xlsx; MAP_composite_all.xlsx
Jambi,Jambi,15,2023,9,2023-09-01,3,287.0,2.0,104.32,,,183.97,7.05,176.92,959.932,52.3,5.75,15354,"93,7",100.9,34,331.0,40.27,4.53,68.75,59.73,2943.03308,11.0983405,1.102888268,9.980491436,43444170.0,172579.6,1802264,14.0,Oranye (Risiko PHK),79.07,0.91,19.49,0.63,4.66,59.73,4.73,True,True,2023,matched,reported,Database Bulan + Tahun + Triwulan + MAP,baseline-v1,2026-07-03,Data untuk PHK Dashboard.xlsx; MAP_composite_all.xlsx
Jambi,Jambi,15,2023,10,2023-10-01,4,295.0,8.0,104.73,,,159.25,6.17,153.08,952.827,51.5,6.0,15741,90.6,101.2,34,331.0,40.27,4.53,68.75,59.73,2943.03308,11.0983405,1.102888268,9.980491436,43009340.0,105148.0,1802264,14.0,Oranye (Risiko PHK),79.07,0.91,19.49,0.63,4.66,59.73,4.73,True,True,2023,matched,reported,Database Bulan + Tahun + Triwulan + MAP,baseline-v1,2026-07-03,Data untuk PHK Dashboard.xlsx; MAP_composite_all.xlsx
Jambi,Jambi,15,2023,11,2023-11-01,4,319.0,24.0,105.71,,,211.57,8.87,202.7,943.373,51.7,6.0,15617,82.9,101.4,34,331.0,40.27,4.53,68.75,59.73,2943.03308,11.0983405,1.102888268,9.980491436,43009340.0,105148.0,1802264,14.0,Oranye (Risiko PHK),79.07,0.91,19.49,0.63,4.66,59.73,4.73,True,True,2023,matched,reported,Database Bulan + Tahun + Triwulan + MAP,baseline-v1,2026-07-03,Data untuk PHK Dashboard.xlsx; MAP_composite_all.xlsx
Jambi,Jambi,15,2023,12,2023-12-01,4,331.0,12.0,105.74,,,172.77,3.48,169.29,910.398,52.2,6.0,15513,77.6,101.8,34,331.0,40.27,4.53,68.75,59.73,2943.03308,11.0983405,1.102888268,9.980491436,43009340.0,105148.0,1802264,14.0,Oranye (Risiko PHK),79.07,0.91,19.49,0.63,4.66,59.73,4.73,True,True,2023,matched,reported,Database Bulan + Tahun + Triwulan + MAP,baseline-v1,2026-07-03,Data untuk PHK Dashboard.xlsx; MAP_composite_all.xlsx
Jambi,Jambi,15,2024,1,2024-01-01,1,,,105.92,2.99,0.83,181.78,1.58,180.2,981.925,52.9,6.0,15611,80.1,102.1,9,323.0,41.65,4.48,68.87,,3037.121,3.196971201,1.072777854,10.00281,41966570.0,716935.1,1773536,12.0,Kuning (Perlu perhatian),78.17,0.93,19.15,3.42,4.51,58.35,4.87,True,True,2024,matched,no_data,Database Bulan + Tahun + Triwulan + MAP,baseline-v1,2026-07-03,Data untuk PHK Dashboard.xlsx; MAP_composite_all.xlsx
Jambi,Jambi,15,2024,2,2024-02-01,1,,0.0,106.06,3.19,0.13,189.02,3.95,185.07,1022.648,52.7,6.0,15665,83.5,103.0,34,323.0,41.65,4.48,68.87,,3037.121,3.196971201,1.072777854,10.00281,41966570.0,716935.1,1773536,12.0,Kuning (Perlu perhatian),78.17,0.93,19.15,3.42,4.51,58.35,4.87,True,True,2024,matched,reported,Database Bulan + Tahun + Triwulan + MAP,baseline-v1,2026-07-03,Data untuk PHK Dashboard.xlsx; MAP_composite_all.xlsx
Jambi,Jambi,15,2024,3,2024-03-01,1,,0.0,106.63,3.84,0.54,193.4,1.9,191.5,990.38,54.2,6.0,15703,85.4,103.5,34,323.0,41.65,4.48,68.87,,3037.121,3.196971201,1.072777854,10.00281,41966570.0,716935.1,1773536,12.0,Kuning (Perlu perhatian),78.17,0.93,19.15,3.42,4.51,58.35,4.87,True,True,2024,matched,reported,Database Bulan + Tahun + Triwulan + MAP,baseline-v1,2026-07-03,Data untuk PHK Dashboard.xlsx; MAP_composite_all.xlsx
Jambi,Jambi,15,2024,4,2024-04-01,2,82.0,82.0,106.82,3.93,0.18,187.97,3.48,184.49,1036.523,52.9,6.25,16100,89.9,103.4,34,323.0,41.65,4.48,68.87,,3037.121,3.196971201,1.072777854,10.00281,44127750.0,163878.0,1773536,12.0,Kuning (Perlu perhatian),78.17,0.93,19.15,3.42,4.51,58.35,4.87,True,True,2024,matched,reported,Database Bulan + Tahun + Triwulan + MAP,baseline-v1,2026-07-03,Data untuk PHK Dashboard.xlsx; MAP_composite_all.xlsx
Jambi,Jambi,15,2024,5,2024-05-01,2,82.0,0.0,107.02,3.55,0.19,211.85,3.96,207.89,1045.919,52.1,6.25,16084,81.7,103.3,34,323.0,41.65,4.48,68.87,,3037.121,3.196971201,1.072777854,10.00281,44127750.0,163878.0,1773536,12.0,Kuning (Perlu perhatian),78.17,0.93,19.15,3.42,4.51,58.35,4.87,True,True,2024,matched,reported,Database Bulan + Tahun + Triwulan + MAP,baseline-v1,2026-07-03,Data untuk PHK Dashboard.xlsx; MAP_composite_all.xlsx
Jambi,Jambi,15,2024,6,2024-06-01,2,100.0,18.0,106.88,3.34,-0.13,179.89,2.87,177.02,1016.284,50.7,6.25,16329,82.2,103.3,34,323.0,41.65,4.48,68.87,,3037.121,3.196971201,1.072777854,10.00281,44127750.0,163878.0,1773536,12.0,Kuning (Perlu perhatian),78.17,0.93,19.15,3.42,4.51,58.35,4.87,True,True,2024,matched,reported,Database Bulan + Tahun + Triwulan + MAP,baseline-v1,2026-07-03,Data untuk PHK Dashboard.xlsx; MAP_composite_all.xlsx
Jambi,Jambi,15,2024,7,2024-07-01,3,159.0,59.0,106.0,2.14,-0.82,186.32,5.93,180.39,1018.664,49.3,6.25,16262,85.2,103.2,34,323.0,41.65,4.48,68.87,,3037.121,3.196971201,1.072777854,10.00281,45184400.0,146602.4,1833267,12.0,Kuning (Perlu perhatian),78.17,0.93,19.15,3.42,4.51,58.35,4.87,True,True,2024,matched,reported,Database Bulan + Tahun + Triwulan + MAP,baseline-v1,2026-07-03,Data untuk PHK Dashboard.xlsx; MAP_composite_all.xlsx
Jambi,Jambi,15,2024,8,2024-08-01,3,211.0,52.0,105.99,2.5,-0.01,189.51,4.51,185,1011.727,48.9,6.25,15793,80.4,103.1,34,323.0,41.65,4.48,68.87,,3037.121,3.196971201,1.072777854,10.00281,45184400.0,146602.4,1833267,12.0,Kuning (Perlu perhatian),78.17,0.93,19.15,3.42,4.51,58.35,4.87,True,True,2024,matched,reported,Database Bulan + Tahun + Triwulan + MAP,baseline-v1,2026-07-03,Data untuk PHK Dashboard.xlsx; MAP_composite_all.xlsx
Jambi,Jambi,15,2024,9,2024-09-01,3,211.0,0.0,105.81,1.95,-0.17,188.01,4.44,183.57,991.296,49.2,6.0,15341,74,102.9,34,323.0,41.65,4.48,68.87,,3037.121,3.196971201,1.072777854,10.00281,45184400.0,146602.4,1833267,12.0,Kuning (Perlu perhatian),78.17,0.93,19.15,3.42,4.51,58.35,4.87,True,True,2024,matched,reported,Database Bulan + Tahun + Triwulan + MAP,baseline-v1,2026-07-03,Data untuk PHK Dashboard.xlsx; MAP_composite_all.xlsx
Jambi,Jambi,15,2024,10,2024-10-01,4,211.0,0.0,105.84,1.84,0.03,212.8,8.45,204.35,991.682,49.2,6.0,15541,75.6,102.8,34,323.0,41.65,4.48,68.87,,3037.121,3.196971201,1.072777854,10.00281,45589720.0,638609.9,1833267,12.0,Kuning (Perlu perhatian),78.17,0.93,19.15,3.42,4.51,58.35,4.87,True,True,2024,matched,reported,Database Bulan + Tahun + Triwulan + MAP,baseline-v1,2026-07-03,Data untuk PHK Dashboard.xlsx; MAP_composite_all.xlsx
Jambi,Jambi,15,2024,11,2024-11-01,4,211.0,0.0,106.06,1.42,0.21,203.13,4.68,198.45,981.418,49.6,6.0,15812,74.3,103.0,34,323.0,41.65,4.48,68.87,,3037.121,3.196971201,1.072777854,10.00281,45589720.0,638609.9,1833267,12.0,Kuning (Perlu perhatian),78.17,0.93,19.15,3.42,4.51,58.35,4.87,True,True,2024,matched,reported,Database Bulan + Tahun + Triwulan + MAP,baseline-v1,2026-07-03,Data untuk PHK Dashboard.xlsx; MAP_composite_all.xlsx
Jambi,Jambi,15,2024,12,2024-12-01,4,323.0,112.0,106.55,1.43,0.46,216.99,5.64,211.35,927.079,51.2,6.0,16024,73.9,103.4,34,323.0,41.65,4.48,68.87,,3037.121,3.196971201,1.072777854,10.00281,45589720.0,638609.9,1833267,12.0,Kuning (Perlu perhatian),78.17,0.93,19.15,3.42,4.51,58.35,4.87,True,True,2024,matched,reported,Database Bulan + Tahun + Triwulan + MAP,baseline-v1,2026-07-03,Data untuk PHK Dashboard.xlsx; MAP_composite_all.xlsx
Jambi,Jambi,15,2025,1,2025-01-01,1,41.0,41.0,106.41,0.46,-0.13,170.42,1.2,169.22,978.938,51.9,5.75,16262,79.3,104.2,34,303.0,42.73,4.26,68.37,,3234.535,6.500037371,1.087002621,10.01959778,43897180.0,409170.4,1799860,12.0,Kuning (Perlu perhatian),78.17,0.93,19.15,3.42,4.51,58.35,4.87,True,True,2024,matched,reported,Database Bulan + Tahun + Triwulan + MAP,baseline-v1,2026-07-03,Data untuk PHK Dashboard.xlsx; MAP_composite_all.xlsx
Jambi,Jambi,15,2025,2,2025-02-01,1,74.0,33.0,105.77,-0.27,-0.6,190.48,3.92,186.56,987.905,53.6,5.75,16338,75.4,104.3,34,303.0,42.73,4.26,68.37,,3234.535,6.500037371,1.087002621,10.01959778,43897180.0,409170.4,1799860,12.0,Kuning (Perlu perhatian),78.17,0.93,19.15,3.42,4.51,58.35,4.87,True,True,2024,matched,reported,Database Bulan + Tahun + Triwulan + MAP,baseline-v1,2026-07-03,Data untuk PHK Dashboard.xlsx; MAP_composite_all.xlsx
Jambi,Jambi,15,2025,3,2025-03-01,1,89.0,15.0,106.97,0.32,1.13,206.41,2.78,203.63,979.607,52.4,5.75,16456,72.7,105.1,34,303.0,42.73,4.26,68.37,,3234.535,6.500037371,1.087002621,10.01959778,43897180.0,409170.4,1799860,12.0,Kuning (Perlu perhatian),78.17,0.93,19.15,3.42,4.51,58.35,4.87,True,True,2024,matched,reported,Database Bulan + Tahun + Triwulan + MAP,baseline-v1,2026-07-03,Data untuk PHK Dashboard.xlsx; MAP_composite_all.xlsx
Jambi,Jambi,15,2025,4,2025-04-01,2,111.0,22.0,108.79,1.84,1.7,157.69,3.62,154.07,1027.112,46.7,5.75,16820,68.1,105.1,34,303.0,42.73,4.26,68.37,,3234.535,6.500037371,1.087002621,10.01959778,46340720.0,150701.5,1799860,12.0,Kuning (Perlu perhatian),78.17,0.93,19.15,3.42,4.51,58.35,4.87,True,True,2024,matched,reported,Database Bulan + Tahun + Triwulan + MAP,baseline-v1,2026-07-03,Data untuk PHK Dashboard.xlsx; MAP_composite_all.xlsx
Jambi,Jambi,15,2025,5,2025-05-01,2,145.0,34.0,108.05,0.96,-0.68,153.52,9.59,143.93,1038.806,47.4,5.5,16441,64.5,104.6,34,303.0,42.73,4.26,68.37,,3234.535,6.500037371,1.087002621,10.01959778,46340720.0,150701.5,1799860,12.0,Kuning (Perlu perhatian),78.17,0.93,19.15,3.42,4.51,58.35,4.87,True,True,2024,matched,reported,Database Bulan + Tahun + Triwulan + MAP,baseline-v1,2026-07-03,Data untuk PHK Dashboard.xlsx; MAP_composite_all.xlsx
Jambi,Jambi,15,2025,6,2025-06-01,2,171.0,26.0,108.31,1.34,0.24,181.3,7.3,174,991.281,46.9,5.5,16311,71.4,104.7,34,303.0,42.73,4.26,68.37,,3234.535,6.500037371,1.087002621,10.01959778,46340720.0,150701.5,1799860,12.0,Kuning (Perlu perhatian),78.17,0.93,19.15,3.42,4.51,58.35,4.87,True,True,2024,matched,reported,Database Bulan + Tahun + Triwulan + MAP,baseline-v1,2026-07-03,Data untuk PHK Dashboard.xlsx; MAP_composite_all.xlsx
Jambi,Jambi,15,2025,7,2025-07-01,3,206.0,35.0,108.87,2.71,0.52,171.32,8.45,162.87,1020.922,49.2,5.25,16276,71,105.2,34,303.0,42.73,4.26,68.37,,3234.535,6.500037371,1.087002621,10.01959778,47364080.0,599682.8,1851864,12.0,Kuning (Perlu perhatian),78.17,0.93,19.15,3.42,4.51,58.35,4.87,True,True,2024,matched,reported,Database Bulan + Tahun + Triwulan + MAP,baseline-v1,2026-07-03,Data untuk PHK Dashboard.xlsx; MAP_composite_all.xlsx
Jambi,Jambi,15,2025,8,2025-08-01,3,241.0,35.0,108.92,2.76,0.05,193.18,4.87,188.31,1024.297,51.5,5.0,16309,67.9,105.2,34,303.0,42.73,4.26,68.37,,3234.535,6.500037371,1.087002621,10.01959778,47364080.0,599682.8,1851864,12.0,Kuning (Perlu perhatian),78.17,0.93,19.15,3.42,4.51,58.35,4.87,True,True,2024,matched,reported,Database Bulan + Tahun + Triwulan + MAP,baseline-v1,2026-07-03,Data untuk PHK Dashboard.xlsx; MAP_composite_all.xlsx
Jambi,Jambi,15,2025,9,2025-09-01,3,262.0,21.0,109.8,3.77,0.81,151.94,3.88,148.06,1012.769,50.4,4.75,16512,68,105.3,34,303.0,42.73,4.26,68.37,,3234.535,6.500037371,1.087002621,10.01959778,47364080.0,599682.8,1851864,12.0,Kuning (Perlu perhatian),78.17,0.93,19.15,3.42,4.51,58.35,4.87,True,True,2024,matched,reported,Database Bulan + Tahun + Triwulan + MAP,baseline-v1,2026-07-03,Data untuk PHK Dashboard.xlsx; MAP_composite_all.xlsx
Jambi,Jambi,15,2025,10,2025-10-01,4,295.0,33.0,109.77,3.71,-0.03,161.33,18.19,143.14,1012.017,51.2,4.75,16607,64.5,105.5,34,303.0,42.73,4.26,68.37,,3234.535,6.500037371,1.087002621,10.01959778,47980230.0,118219.8,1851864,12.0,Kuning (Perlu perhatian),78.17,0.93,19.15,3.42,4.51,58.35,4.87,True,True,2024,matched,reported,Database Bulan + Tahun + Triwulan + MAP,baseline-v1,2026-07-03,Data untuk PHK Dashboard.xlsx; MAP_composite_all.xlsx
Jambi,Jambi,15,2025,11,2025-11-01,4,301.0,6.0,109.82,3.55,0.05,152.49,6.86,145.63,1026.882,53.3,4.75,16703,63.8,105.4,34,303.0,42.73,4.26,68.37,,3234.535,6.500037371,1.087002621,10.01959778,47980230.0,118219.8,1851864,12.0,Kuning (Perlu perhatian),78.17,0.93,19.15,3.42,4.51,58.35,4.87,True,True,2024,matched,reported,Database Bulan + Tahun + Triwulan + MAP,baseline-v1,2026-07-03,Data untuk PHK Dashboard.xlsx; MAP_composite_all.xlsx
Jambi,Jambi,15,2025,12,2025-12-01,4,303.0,2.0,110.5,3.71,0.62,153.71,5.8,147.91,1147.238,51.2,4.75,16699,62.5,106.3,27,303.0,42.73,4.26,68.37,,3234.535,6.500037371,1.087002621,10.01959778,47980230.0,118219.8,1851864,12.0,Kuning (Perlu perhatian),78.17,0.93,19.15,3.42,4.51,58.35,4.87,True,True,2024,matched,reported,Database Bulan + Tahun + Triwulan + MAP,baseline-v1,2026-07-03,Data untuk PHK Dashboard.xlsx; MAP_composite_all.xlsx
Jawa Barat,Jawa Barat,32,2022,1,2022-01-01,1,,,97.17,,,3109.74,299.26,2810.48,17526.088,53.7,3.5,14335,86.5,94.0,0,4629.0,45.39,8.31,66.15,54.61,1841.48731,1.7198843654305733,0.5211344055,42.9828137,388428549.31,18259932.0,22746226,12.0,Kuning (Perlu perhatian),76.52,1.92,43.08,0.01,5.45,54.61,19.29,True,True,2022,matched,no_data,Database Bulan + Tahun + Triwulan + MAP,baseline-v1,2026-07-03,Data untuk PHK Dashboard.xlsx; MAP_composite_all.xlsx
Jawa Barat,Jawa Barat,32,2022,2,2022-02-01,1,,,97.21,,,2959.0,416.79,2542.21,17589.748,51.2,3.5,14351,97.1,94.0,0,4629.0,45.39,8.31,66.15,54.61,1841.48731,1.7198843654305733,0.5211344055,42.9828137,388428549.31,18259932.0,22746226,12.0,Kuning (Perlu perhatian),76.52,1.92,43.08,0.01,5.45,54.61,19.29,True,True,2022,matched,no_data,Database Bulan + Tahun + Triwulan + MAP,baseline-v1,2026-07-03,Data untuk PHK Dashboard.xlsx; MAP_composite_all.xlsx
Jawa Barat,Jawa Barat,32,2022,3,2022-03-01,1,,,97.74,,,3508.25,585.75,2922.5,17576.247,51.3,3.5,14349,117.2,94.7,0,4629.0,45.39,8.31,66.15,54.61,1841.48731,1.7198843654305733,0.5211344055,42.9828137,388428549.31,18259932.0,22746226,12.0,Kuning (Perlu perhatian),76.52,1.92,43.08,0.01,5.45,54.61,19.29,True,True,2022,matched,no_data,Database Bulan + Tahun + Triwulan + MAP,baseline-v1,2026-07-03,Data untuk PHK Dashboard.xlsx; MAP_composite_all.xlsx
Jawa Barat,Jawa Barat,32,2022,4,2022-04-01,2,,,99.01,,,3451.36,1138.05,2313.31,18878.602,51.9,3.5,14369,104.6,95.6,0,4629.0,45.39,8.31,66.15,54.61,1841.48731,1.7198843654305733,0.5211344055,42.9828137,395579757.4,25091047.7,22746226,12.0,Kuning (Perlu perhatian),76.52,1.92,43.08,0.01,5.45,54.61,19.29,True,True,2022,matched,no_data,Database Bulan + Tahun + Triwulan + MAP,baseline-v1,2026-07-03,Data untuk PHK Dashboard.xlsx; MAP_composite_all.xlsx
Jawa Barat,Jawa Barat,32,2022,5,2022-05-01,2,,,99.46,,,2684.11,442.07,2242.04,19348.097,50.8,3.5,14608,113.3,95.9,0,4629.0,45.39,8.31,66.15,54.61,1841.48731,1.7198843654305733,0.5211344055,42.9828137,395579757.4,25091047.7,22746226,12.0,Kuning (Perlu perhatian),76.52,1.92,43.08,0.01,5.45,54.61,19.29,True,True,2022,matched,no_data,Database Bulan + Tahun + Triwulan + MAP,baseline-v1,2026-07-03,Data untuk PHK Dashboard.xlsx; MAP_composite_all.xlsx
Jawa Barat,Jawa Barat,32,2022,6,2022-06-01,2,,,100.23,,,3521.63,419.04,3102.59,17595.023,50.2,3.5,14689,122.7,96.6,0,4629.0,45.39,8.31,66.15,54.61,1841.48731,1.7198843654305733,0.5211344055,42.9828137,395579757.4,25091047.7,22746226,12.0,Kuning (Perlu perhatian),76.52,1.92,43.08,0.01,5.45,54.61,19.29,True,True,2022,matched,no_data,Database Bulan + Tahun + Triwulan + MAP,baseline-v1,2026-07-03,Data untuk PHK Dashboard.xlsx; MAP_composite_all.xlsx
Jawa Barat,Jawa Barat,32,2022,7,2022-07-01,3,223.0,,100.85,,,516.46,3298.98,-2782.52,17701.94,51.3,3.5,14984,111.9,97.0,0,4629.0,45.39,8.31,66.15,54.61,1841.48731,1.7198843654305733,0.5211344055,42.9828137,400216734.62,24671222.6,23452568,12.0,Kuning (Perlu perhatian),76.52,1.92,43.08,0.01,5.45,54.61,19.29,True,True,2022,matched,reported,Database Bulan + Tahun + Triwulan + MAP,baseline-v1,2026-07-03,Data untuk PHK Dashboard.xlsx; MAP_composite_all.xlsx
Jawa Barat,Jawa Barat,32,2022,8,2022-08-01,3,,,100.56,,,3489.67,518.47,2971.2,17590.757,51.7,3.75,14851,100.4,96.9,0,4629.0,45.39,8.31,66.15,54.61,1841.48731,1.7198843654305733,0.5211344055,42.9828137,400216734.62,24671222.6,23452568,12.0,Kuning (Perlu perhatian),76.52,1.92,43.08,0.01,5.45,54.61,19.29,True,True,2022,matched,no_data,Database Bulan + Tahun + Triwulan + MAP,baseline-v1,2026-07-03,Data untuk PHK Dashboard.xlsx; MAP_composite_all.xlsx
Jawa Barat,Jawa Barat,32,2022,9,2022-09-01,3,223.0,,101.8,,,3350.32,341.11,3009.21,17355.938,53.7,4.25,14972,89.8,97.7,0,4629.0,45.39,8.31,66.15,54.61,1841.48731,1.7198843654305733,0.5211344055,42.9828137,400216734.62,24671222.6,23452568,12.0,Kuning (Perlu perhatian),76.52,1.92,43.08,0.01,5.45,54.61,19.29,True,True,2022,matched,reported,Database Bulan + Tahun + Triwulan + MAP,baseline-v1,2026-07-03,Data untuk PHK Dashboard.xlsx; MAP_composite_all.xlsx
Jawa Barat,Jawa Barat,32,2022,10,2022-10-01,4,223.0,0.0,101.77,,,3151.5,464.66,2686.84,17408.764,51.8,4.75,15417,93.3,97.7,34,4629.0,45.39,8.31,66.15,54.61,1841.48731,1.7198843654305733,0.5211344055,42.9828137,405759884.98,29350548.1,23452568,12.0,Kuning (Perlu perhatian),76.52,1.92,43.08,0.01,5.45,54.61,19.29,True,True,2022,matched,reported,Database Bulan + Tahun + Triwulan + MAP,baseline-v1,2026-07-03,Data untuk PHK Dashboard.xlsx; MAP_composite_all.xlsx
Jawa Barat,Jawa Barat,32,2022,11,2022-11-01,4,223.0,0.0,101.88,,,3081.35,329.29,2752.06,17113.252,50.3,5.25,15659,91.4,98.0,34,4629.0,45.39,8.31,66.15,54.61,1841.48731,1.7198843654305733,0.5211344055,42.9828137,405759884.98,29350548.1,23452568,12.0,Kuning (Perlu perhatian),76.52,1.92,43.08,0.01,5.45,54.61,19.29,True,True,2022,matched,reported,Database Bulan + Tahun + Triwulan + MAP,baseline-v1,2026-07-03,Data untuk PHK Dashboard.xlsx; MAP_composite_all.xlsx
Jawa Barat,Jawa Barat,32,2022,12,2022-12-01,4,4629.0,4406.0,102.32,,,2984.92,407.6,2577.32,16496.316,50.9,5.5,15615,80.9,98.7,34,4629.0,45.39,8.31,66.15,54.61,1841.48731,1.7198843654305733,0.5211344055,42.9828137,405759884.98,29350548.1,23452568,12.0,Kuning (Perlu perhatian),76.52,1.92,43.08,0.01,5.45,54.61,19.29,True,True,2022,matched,reported,Database Bulan + Tahun + Triwulan + MAP,baseline-v1,2026-07-03,Data untuk PHK Dashboard.xlsx; MAP_composite_all.xlsx
Jawa Barat,Jawa Barat,32,2023,1,2023-01-01,1,921.0,921.0,102.66,,,3069.0,477.42,2591.58,17497.356,51.3,5.75,15295,82.5,99.3,8,19217.0,44.85,7.44,66.49,55.15,1986.67017,7.884000026,0.5407029298,42.87819131,407873270.0,28953501.0,23394824,14.0,Oranye (Risiko PHK),73.92,1.85,43.4,-1.21,5.0,55.15,18.89,True,True,2023,matched,reported,Database Bulan + Tahun + Triwulan + MAP,baseline-v1,2026-07-03,Data untuk PHK Dashboard.xlsx; MAP_composite_all.xlsx
Jawa Barat,Jawa Barat,32,2023,2,2023-02-01,1,1794.0,873.0,103.06,,,2928.68,230.27,2698.41,17830.571,51.2,5.75,15126,82.6,99.6,34,19217.0,44.85,7.44,66.49,55.15,1986.67017,7.884000026,0.5407029298,42.87819131,407873270.0,28953501.0,23394824,14.0,Oranye (Risiko PHK),73.92,1.85,43.4,-1.21,5.0,55.15,18.89,True,True,2023,matched,reported,Database Bulan + Tahun + Triwulan + MAP,baseline-v1,2026-07-03,Data untuk PHK Dashboard.xlsx; MAP_composite_all.xlsx
Jawa Barat,Jawa Barat,32,2023,3,2023-03-01,1,5603.0,3809.0,103.19,,,3195.64,384.96,2810.68,17657.937,51.9,5.75,15301,78.4,99.9,34,19217.0,44.85,7.44,66.49,55.15,1986.67017,7.884000026,0.5407029298,42.87819131,407873270.0,28953501.0,23394824,14.0,Oranye (Risiko PHK),73.92,1.85,43.4,-1.21,5.0,55.15,18.89,True,True,2023,matched,reported,Database Bulan + Tahun + Triwulan + MAP,baseline-v1,2026-07-03,Data untuk PHK Dashboard.xlsx; MAP_composite_all.xlsx
Jawa Barat,Jawa Barat,32,2023,4,2023-04-01,2,5603.0,0.0,103.75,,,2255.78,331.6,1924.18,19414.79,52.7,5.75,14867,84.6,100.0,34,19217.0,44.85,7.44,66.49,55.15,1986.67017,7.884000026,0.5407029298,42.87819131,416359160.0,38489607.1,23394824,14.0,Oranye (Risiko PHK),73.92,1.85,43.4,-1.21,5.0,55.15,18.89,True,True,2023,matched,reported,Database Bulan + Tahun + Triwulan + MAP,baseline-v1,2026-07-03,Data untuk PHK Dashboard.xlsx; MAP_composite_all.xlsx
Jawa Barat,Jawa Barat,32,2023,5,2023-05-01,2,6350.0,747.0,103.92,,,3349.51,577.82,2771.69,18356.199,50.3,5.75,14811,75.5,100.2,34,19217.0,44.85,7.44,66.49,55.15,1986.67017,7.884000026,0.5407029298,42.87819131,416359160.0,38489607.1,23394824,14.0,Oranye (Risiko PHK),73.92,1.85,43.4,-1.21,5.0,55.15,18.89,True,True,2023,matched,reported,Database Bulan + Tahun + Triwulan + MAP,baseline-v1,2026-07-03,Data untuk PHK Dashboard.xlsx; MAP_composite_all.xlsx
Jawa Barat,Jawa Barat,32,2023,6,2023-06-01,2,11595.0,5245.0,104.29,,,3094.3,421.82,2672.48,17653.739,52.5,5.75,14932,74.8,100.3,34,19217.0,44.85,7.44,66.49,55.15,1986.67017,7.884000026,0.5407029298,42.87819131,416359160.0,38489607.1,23394824,14.0,Oranye (Risiko PHK),73.92,1.85,43.4,-1.21,5.0,55.15,18.89,True,True,2023,matched,reported,Database Bulan + Tahun + Triwulan + MAP,baseline-v1,2026-07-03,Data untuk PHK Dashboard.xlsx; MAP_composite_all.xlsx
Jawa Barat,Jawa Barat,32,2023,7,2023-07-01,3,12498.0,903.0,104.48,,,3232.51,613.96,2618.55,18655.106,53.3,5.75,15040,80.1,100.5,34,19217.0,44.85,7.44,66.49,55.15,1986.67017,7.884000026,0.5407029298,42.87819131,418545170.0,27707763.3,23503598,14.0,Oranye (Risiko PHK),73.92,1.85,43.4,-1.21,5.0,55.15,18.89,True,True,2023,matched,reported,Database Bulan + Tahun + Triwulan + MAP,baseline-v1,2026-07-03,Data untuk PHK Dashboard.xlsx; MAP_composite_all.xlsx
Jawa Barat,Jawa Barat,32,2023,8,2023-08-01,3,14267.0,1769.0,104.4,,,3455.14,479.02,2976.12,18843.284,53.9,5.75,15245,86.1,100.5,34,19217.0,44.85,7.44,66.49,55.15,1986.67017,7.884000026,0.5407029298,42.87819131,418545170.0,27707763.3,23503598,14.0,Oranye (Risiko PHK),73.92,1.85,43.4,-1.21,5.0,55.15,18.89,True,True,2023,matched,reported,Database Bulan + Tahun + Triwulan + MAP,baseline-v1,2026-07-03,Data untuk PHK Dashboard.xlsx; MAP_composite_all.xlsx
Jawa Barat,Jawa Barat,32,2023,9,2023-09-01,3,14601.0,334.0,104.5,,,3050.89,478.49,2572.4,18484.329,52.3,5.75,15354,"93,7",100.9,34,19217.0,44.85,7.44,66.49,55.15,1986.67017,7.884000026,0.5407029298,42.87819131,418545170.0,27707763.3,23503598,14.0,Oranye (Risiko PHK),73.92,1.85,43.4,-1.21,5.0,55.15,18.89,True,True,2023,matched,reported,Database Bulan + Tahun + Triwulan + MAP,baseline-v1,2026-07-03,Data untuk PHK Dashboard.xlsx; MAP_composite_all.xlsx
Jawa Barat,Jawa Barat,32,2023,10,2023-10-01,4,15749.0,1148.0,104.69,,,3124.91,591.95,2532.96,19261.647,51.5,6.0,15741,90.6,101.2,34,19217.0,44.85,7.44,66.49,55.15,1986.67017,7.884000026,0.5407029298,42.87819131,426628760.0,30845555.6,23503598,14.0,Oranye (Risiko PHK),73.92,1.85,43.4,-1.21,5.0,55.15,18.89,True,True,2023,matched,reported,Database Bulan + Tahun + Triwulan + MAP,baseline-v1,2026-07-03,Data untuk PHK Dashboard.xlsx; MAP_composite_all.xlsx
Jawa Barat,Jawa Barat,32,2023,11,2023-11-01,4,17545.0,1796.0,105.2,,,3003.91,664.65,2339.26,18431.246,51.7,6.0,15617,82.9,101.4,34,19217.0,44.85,7.44,66.49,55.15,1986.67017,7.884000026,0.5407029298,42.87819131,426628760.0,30845555.6,23503598,14.0,Oranye (Risiko PHK),73.92,1.85,43.4,-1.21,5.0,55.15,18.89,True,True,2023,matched,reported,Database Bulan + Tahun + Triwulan + MAP,baseline-v1,2026-07-03,Data untuk PHK Dashboard.xlsx; MAP_composite_all.xlsx
Jawa Barat,Jawa Barat,32,2023,12,2023-12-01,4,19217.0,1672.0,105.6,,,2872.13,704.73,2167.4,17232.37,52.2,6.0,15513,77.6,101.8,34,19217.0,44.85,7.44,66.49,55.15,1986.67017,7.884000026,0.5407029298,42.87819131,426628760.0,30845555.6,23503598,14.0,Oranye (Risiko PHK),73.92,1.85,43.4,-1.21,5.0,55.15,18.89,True,True,2023,matched,reported,Database Bulan + Tahun + Triwulan + MAP,baseline-v1,2026-07-03,Data untuk PHK Dashboard.xlsx; MAP_composite_all.xlsx
Jawa Barat,Jawa Barat,32,2024,1,2024-01-01,1,306.0,306.0,105.76,3.02,0.15,2942.89,580.02,2362.87,17906.401,52.9,6.0,15611,80.1,102.1,9,10661.0,45.61,6.75,67.71,,2057.495,3.565001935,0.5451042761,42.29388876,427968810.0,42889894.7,24086585,12.0,Kuning (Perlu perhatian),76.31,1.83,43.46,1.7,4.95,54.39,18.74,True,True,2024,matched,reported,Database Bulan + Tahun + Triwulan + MAP,baseline-v1,2026-07-03,Data untuk PHK Dashboard.xlsx; MAP_composite_all.xlsx
Jawa Barat,Jawa Barat,32,2024,2,2024-02-01,1,654.0,348.0,106.24,3.09,0.45,3004.31,652.69,2351.62,17800.696,52.7,6.0,15665,83.5,103.0,34,10661.0,45.61,6.75,67.71,,2057.495,3.565001935,0.5451042761,42.29388876,427968810.0,42889894.7,24086585,12.0,Kuning (Perlu perhatian),76.31,1.83,43.46,1.7,4.95,54.39,18.74,True,True,2024,matched,reported,Database Bulan + Tahun + Triwulan + MAP,baseline-v1,2026-07-03,Data untuk PHK Dashboard.xlsx; MAP_composite_all.xlsx
Jawa Barat,Jawa Barat,32,2024,3,2024-03-01,1,1690.0,1036.0,106.78,3.48,0.51,3196.56,456.03,2740.53,17391.479,54.2,6.0,15703,85.4,103.5,34,10661.0,45.61,6.75,67.71,,2057.495,3.565001935,0.5451042761,42.29388876,427968810.0,42889894.7,24086585,12.0,Kuning (Perlu perhatian),76.31,1.83,43.46,1.7,4.95,54.39,18.74,True,True,2024,matched,reported,Database Bulan + Tahun + Triwulan + MAP,baseline-v1,2026-07-03,Data untuk PHK Dashboard.xlsx; MAP_composite_all.xlsx
Jawa Barat,Jawa Barat,32,2024,4,2024-04-01,2,2756.0,1066.0,106.94,3.07,0.15,2500.0,315.42,2184.58,18254.001,52.9,6.25,16100,89.9,103.4,34,10661.0,45.61,6.75,67.71,,2057.495,3.565001935,0.5451042761,42.29388876,436974120.0,41027954.2,24086585,12.0,Kuning (Perlu perhatian),76.31,1.83,43.46,1.7,4.95,54.39,18.74,True,True,2024,matched,reported,Database Bulan + Tahun + Triwulan + MAP,baseline-v1,2026-07-03,Data untuk PHK Dashboard.xlsx; MAP_composite_all.xlsx
Jawa Barat,Jawa Barat,32,2024,5,2024-05-01,2,4327.0,1571.0,106.81,2.78,-0.12,3339.31,418.52,2920.79,18153.945,52.1,6.25,16084,81.7,103.3,34,10661.0,45.61,6.75,67.71,,2057.495,3.565001935,0.5451042761,42.29388876,436974120.0,41027954.2,24086585,12.0,Kuning (Perlu perhatian),76.31,1.83,43.46,1.7,4.95,54.39,18.74,True,True,2024,matched,reported,Database Bulan + Tahun + Triwulan + MAP,baseline-v1,2026-07-03,Data untuk PHK Dashboard.xlsx; MAP_composite_all.xlsx
Jawa Barat,Jawa Barat,32,2024,6,2024-06-01,2,5155.0,828.0,106.77,2.38,-0.04,3000.69,421.83,2578.86,17288.269,50.7,6.25,16329,82.2,103.3,34,10661.0,45.61,6.75,67.71,,2057.495,3.565001935,0.5451042761,42.29388876,436974120.0,41027954.2,24086585,12.0,Kuning (Perlu perhatian),76.31,1.83,43.46,1.7,4.95,54.39,18.74,True,True,2024,matched,reported,Database Bulan + Tahun + Triwulan + MAP,baseline-v1,2026-07-03,Data untuk PHK Dashboard.xlsx; MAP_composite_all.xlsx
Jawa Barat,Jawa Barat,32,2024,7,2024-07-01,3,5567.0,412.0,106.83,2.25,0.06,3336.81,425.98,2910.83,18177.169,49.3,6.25,16262,85.2,103.2,34,10661.0,45.61,6.75,67.71,,2057.495,3.565001935,0.5451042761,42.29388876,439117660.0,34345173.0,24417110,12.0,Kuning (Perlu perhatian),76.31,1.83,43.46,1.7,4.95,54.39,18.74,True,True,2024,matched,reported,Database Bulan + Tahun + Triwulan + MAP,baseline-v1,2026-07-03,Data untuk PHK Dashboard.xlsx; MAP_composite_all.xlsx
Jawa Barat,Jawa Barat,32,2024,8,2024-08-01,3,6210.0,643.0,106.9,2.39,0.07,3535.89,402.96,3132.93,18410.627,48.9,6.25,15793,80.4,103.1,34,10661.0,45.61,6.75,67.71,,2057.495,3.565001935,0.5451042761,42.29388876,439117660.0,34345173.0,24417110,12.0,Kuning (Perlu perhatian),76.31,1.83,43.46,1.7,4.95,54.39,18.74,True,True,2024,matched,reported,Database Bulan + Tahun + Triwulan + MAP,baseline-v1,2026-07-03,Data untuk PHK Dashboard.xlsx; MAP_composite_all.xlsx
Jawa Barat,Jawa Barat,32,2024,9,2024-09-01,3,7401.0,1191.0,106.68,2.09,-0.21,3242.85,281.04,2961.81,18613.126,49.2,6.0,15341,74,102.9,34,10661.0,45.61,6.75,67.71,,2057.495,3.565001935,0.5451042761,42.29388876,439117660.0,34345173.0,24417110,12.0,Kuning (Perlu perhatian),76.31,1.83,43.46,1.7,4.95,54.39,18.74,True,True,2024,matched,reported,Database Bulan + Tahun + Triwulan + MAP,baseline-v1,2026-07-03,Data untuk PHK Dashboard.xlsx; MAP_composite_all.xlsx
Jawa Barat,Jawa Barat,32,2024,10,2024-10-01,4,8508.0,1107.0,106.7,1.92,0.02,3428.98,466.82,2962.16,19068.288,49.2,6.0,15541,75.6,102.8,34,10661.0,45.61,6.75,67.71,,2057.495,3.565001935,0.5451042761,42.29388876,448063610.0,39834733.7,24417110,12.0,Kuning (Perlu perhatian),76.31,1.83,43.46,1.7,4.95,54.39,18.74,True,True,2024,matched,reported,Database Bulan + Tahun + Triwulan + MAP,baseline-v1,2026-07-03,Data untuk PHK Dashboard.xlsx; MAP_composite_all.xlsx
Jawa Barat,Jawa Barat,32,2024,11,2024-11-01,4,9510.0,1002.0,106.96,1.67,0.24,3209.7,388.91,2820.79,19605.547,49.6,6.0,15812,74.3,103.0,34,10661.0,45.61,6.75,67.71,,2057.495,3.565001935,0.5451042761,42.29388876,448063610.0,39834733.7,24417110,12.0,Kuning (Perlu perhatian),76.31,1.83,43.46,1.7,4.95,54.39,18.74,True,True,2024,matched,reported,Database Bulan + Tahun + Triwulan + MAP,baseline-v1,2026-07-03,Data untuk PHK Dashboard.xlsx; MAP_composite_all.xlsx
Jawa Barat,Jawa Barat,32,2024,12,2024-12-01,4,10661.0,1151.0,107.33,1.64,0.35,3146.82,426.66,2720.16,19291.357,51.2,6.0,16024,73.9,103.4,34,10661.0,45.61,6.75,67.71,,2057.495,3.565001935,0.5451042761,42.29388876,448063610.0,39834733.7,24417110,12.0,Kuning (Perlu perhatian),76.31,1.83,43.46,1.7,4.95,54.39,18.74,True,True,2024,matched,reported,Database Bulan + Tahun + Triwulan + MAP,baseline-v1,2026-07-03,Data untuk PHK Dashboard.xlsx; MAP_composite_all.xlsx
Jawa Barat,Jawa Barat,32,2025,1,2025-01-01,1,1738.0,1738.0,106.6,0.79,-0.68,3023.06,320.35,2702.71,20576.84,51.9,5.75,16262,79.3,104.2,34,18815.0,45.05,6.77,66.99,,2191.23218,6.500000243,0.5815248562,41.29931464,449366970.0,35513855.7,24994586,12.0,Kuning (Perlu perhatian),76.31,1.83,43.46,1.7,4.95,54.39,18.74,True,True,2024,matched,reported,Database Bulan + Tahun + Triwulan + MAP,baseline-v1,2026-07-03,Data untuk PHK Dashboard.xlsx; MAP_composite_all.xlsx
Jawa Barat,Jawa Barat,32,2025,2,2025-02-01,1,5711.0,3973.0,105.95,-0.27,-0.61,3203.98,315.76,2888.22,21346.177,53.6,5.75,16338,75.4,104.3,34,18815.0,45.05,6.77,66.99,,2191.23218,6.500000243,0.5815248562,41.29931464,449366970.0,35513855.7,24994586,12.0,Kuning (Perlu perhatian),76.31,1.83,43.46,1.7,4.95,54.39,18.74,True,True,2024,matched,reported,Database Bulan + Tahun + Triwulan + MAP,baseline-v1,2026-07-03,Data untuk PHK Dashboard.xlsx; MAP_composite_all.xlsx
Jawa Barat,Jawa Barat,32,2025,3,2025-03-01,1,7176.0,1465.0,107.64,0.81,1.6,3091.55,379.24,2712.31,21798.975,52.4,5.75,16456,72.7,105.1,34,18815.0,45.05,6.77,66.99,,2191.23218,6.500000243,0.5815248562,41.29931464,449366970.0,35513855.7,24994586,12.0,Kuning (Perlu perhatian),76.31,1.83,43.46,1.7,4.95,54.39,18.74,True,True,2024,matched,reported,Database Bulan + Tahun + Triwulan + MAP,baseline-v1,2026-07-03,Data untuk PHK Dashboard.xlsx; MAP_composite_all.xlsx
Jawa Barat,Jawa Barat,32,2025,4,2025-04-01,2,8666.0,1490.0,108.73,1.67,1.01,2758.76,252.82,2505.94,22605.116,46.7,5.75,16820,68.1,105.1,34,18815.0,45.05,6.77,66.99,,2191.23218,6.500000243,0.5815248562,41.29931464,459774240.0,29766719.8,24994586,12.0,Kuning (Perlu perhatian),76.31,1.83,43.46,1.7,4.95,54.39,18.74,True,True,2024,matched,reported,Database Bulan + Tahun + Triwulan + MAP,baseline-v1,2026-07-03,Data untuk PHK Dashboard.xlsx; MAP_composite_all.xlsx
Jawa Barat,Jawa Barat,32,2025,5,2025-05-01,2,10041.0,1375.0,108.38,1.47,-0.32,3325.33,346.05,2979.28,23729.196,47.4,5.5,16441,64.5,104.6,34,18815.0,45.05,6.77,66.99,,2191.23218,6.500000243,0.5815248562,41.29931464,459774240.0,29766719.8,24994586,12.0,Kuning (Perlu perhatian),76.31,1.83,43.46,1.7,4.95,54.39,18.74,True,True,2024,matched,reported,Database Bulan + Tahun + Triwulan + MAP,baseline-v1,2026-07-03,Data untuk PHK Dashboard.xlsx; MAP_composite_all.xlsx
Jawa Barat,Jawa Barat,32,2025,6,2025-06-01,2,11585.0,1544.0,108.67,1.78,0.27,3245.88,269.0,2976.88,24934.879,46.9,5.5,16311,71.4,104.7,34,18815.0,45.05,6.77,66.99,,2191.23218,6.500000243,0.5815248562,41.29931464,459774240.0,29766719.8,24994586,12.0,Kuning (Perlu perhatian),76.31,1.83,43.46,1.7,4.95,54.39,18.74,True,True,2024,matched,reported,Database Bulan + Tahun + Triwulan + MAP,baseline-v1,2026-07-03,Data untuk PHK Dashboard.xlsx; MAP_composite_all.xlsx
Jawa Barat,Jawa Barat,32,2025,7,2025-07-01,3,13400.0,1815.0,109.0,2.03,0.3,3505.34,298.19,3207.15,25523.022,49.2,5.25,16276,71,105.2,34,18815.0,45.05,6.77,66.99,,2191.23218,6.500000243,0.5815248562,41.29931464,461892790.0,36161633.9,24506852,12.0,Kuning (Perlu perhatian),76.31,1.83,43.46,1.7,4.95,54.39,18.74,True,True,2024,matched,reported,Database Bulan + Tahun + Triwulan + MAP,baseline-v1,2026-07-03,Data untuk PHK Dashboard.xlsx; MAP_composite_all.xlsx
Jawa Barat,Jawa Barat,32,2025,8,2025-08-01,3,14977.0,1577.0,108.79,1.77,-0.19,3466.67,295.66,3171.01,25825.044,51.5,5.0,16309,67.9,105.2,34,18815.0,45.05,6.77,66.99,,2191.23218,6.500000243,0.5815248562,41.29931464,461892790.0,36161633.9,24506852,12.0,Kuning (Perlu perhatian),76.31,1.83,43.46,1.7,4.95,54.39,18.74,True,True,2024,matched,reported,Database Bulan + Tahun + Triwulan + MAP,baseline-v1,2026-07-03,Data untuk PHK Dashboard.xlsx; MAP_composite_all.xlsx
Jawa Barat,Jawa Barat,32,2025,9,2025-09-01,3,17027.0,2050.0,109.02,2.19,0.21,3268.6,218.56,3050.04,24999.684,50.4,4.75,16512,68,105.3,34,18815.0,45.05,6.77,66.99,,2191.23218,6.500000243,0.5815248562,41.29931464,461892790.0,36161633.9,24506852,12.0,Kuning (Perlu perhatian),76.31,1.83,43.46,1.7,4.95,54.39,18.74,True,True,2024,matched,reported,Database Bulan + Tahun + Triwulan + MAP,baseline-v1,2026-07-03,Data untuk PHK Dashboard.xlsx; MAP_composite_all.xlsx
Jawa Barat,Jawa Barat,32,2025,10,2025-10-01,4,18059.0,1032.0,109.51,2.63,0.45,3356.64,261.58,3095.06,23748.182,51.2,4.75,16607,64.5,105.5,34,18815.0,45.05,6.77,66.99,,2191.23218,6.500000243,0.5815248562,41.29931464,474282740.0,50070469.1,24506852,12.0,Kuning (Perlu perhatian),76.31,1.83,43.46,1.7,4.95,54.39,18.74,True,True,2024,matched,reported,Database Bulan + Tahun + Triwulan + MAP,baseline-v1,2026-07-03,Data untuk PHK Dashboard.xlsx; MAP_composite_all.xlsx
Jawa Barat,Jawa Barat,32,2025,11,2025-11-01,4,18711.0,652.0,109.68,2.54,0.16,3201.6,237.78,2963.82,23607.659,53.3,4.75,16703,63.8,105.4,34,18815.0,45.05,6.77,66.99,,2191.23218,6.500000243,0.5815248562,41.29931464,474282740.0,50070469.1,24506852,12.0,Kuning (Perlu perhatian),76.31,1.83,43.46,1.7,4.95,54.39,18.74,True,True,2024,matched,reported,Database Bulan + Tahun + Triwulan + MAP,baseline-v1,2026-07-03,Data untuk PHK Dashboard.xlsx; MAP_composite_all.xlsx
Jawa Barat,Jawa Barat,32,2025,12,2025-12-01,4,18815.0,104.0,110.15,2.63,0.43,3275.34,362.74,2912.6,23132.379,51.2,4.75,16699,62.5,106.3,27,18815.0,45.05,6.77,66.99,,2191.23218,6.500000243,0.5815248562,41.29931464,474282740.0,50070469.1,24506852,12.0,Kuning (Perlu perhatian),76.31,1.83,43.46,1.7,4.95,54.39,18.74,True,True,2024,matched,reported,Database Bulan + Tahun + Triwulan + MAP,baseline-v1,2026-07-03,Data untuk PHK Dashboard.xlsx; MAP_composite_all.xlsx
Jawa Tengah,Jawa Tengah,33,2022,1,2022-01-01,1,,,97.12,,,1051.54,1025.01,26.53,16835.886,53.7,3.5,14335,86.5,94.0,0,467.0,39.84,5.57,70.84,60.16,1812.93543,0.7757905494756301,0.8237934518,32.95980869,257641879.3,6480744.6,19565248,14.0,Oranye (Risiko PHK),83.09,1.21,41.34,0.55,5.31,60.16,21.89,True,True,2022,matched,no_data,Database Bulan + Tahun + Triwulan + MAP,baseline-v1,2026-07-03,Data untuk PHK Dashboard.xlsx; MAP_composite_all.xlsx
Jawa Tengah,Jawa Tengah,33,2022,2,2022-02-01,1,,,97.1,,,938.18,1141.9,-203.72,16343.349,51.2,3.5,14351,97.1,94.0,0,467.0,39.84,5.57,70.84,60.16,1812.93543,0.7757905494756301,0.8237934518,32.95980869,257641879.3,6480744.6,19565248,14.0,Oranye (Risiko PHK),83.09,1.21,41.34,0.55,5.31,60.16,21.89,True,True,2022,matched,no_data,Database Bulan + Tahun + Triwulan + MAP,baseline-v1,2026-07-03,Data untuk PHK Dashboard.xlsx; MAP_composite_all.xlsx
Jawa Tengah,Jawa Tengah,33,2022,3,2022-03-01,1,,,98.0,,,1181.81,1008.72,173.09,16125.058,51.3,3.5,14349,117.2,94.7,0,467.0,39.84,5.57,70.84,60.16,1812.93543,0.7757905494756301,0.8237934518,32.95980869,257641879.3,6480744.6,19565248,14.0,Oranye (Risiko PHK),83.09,1.21,41.34,0.55,5.31,60.16,21.89,True,True,2022,matched,no_data,Database Bulan + Tahun + Triwulan + MAP,baseline-v1,2026-07-03,Data untuk PHK Dashboard.xlsx; MAP_composite_all.xlsx
Jawa Tengah,Jawa Tengah,33,2022,4,2022-04-01,2,,,99.11,,,1117.0,1664.31,-547.31,16541.195,51.9,3.5,14369,104.6,95.6,0,467.0,39.84,5.57,70.84,60.16,1812.93543,0.7757905494756301,0.8237934518,32.95980869,261341225.84,9960899.6,19565248,14.0,Oranye (Risiko PHK),83.09,1.21,41.34,0.55,5.31,60.16,21.89,True,True,2022,matched,no_data,Database Bulan + Tahun + Triwulan + MAP,baseline-v1,2026-07-03,Data untuk PHK Dashboard.xlsx; MAP_composite_all.xlsx
Jawa Tengah,Jawa Tengah,33,2022,5,2022-05-01,2,,,99.57,,,780.74,1338.93,-558.19,16570.912,50.8,3.5,14608,113.3,95.9,0,467.0,39.84,5.57,70.84,60.16,1812.93543,0.7757905494756301,0.8237934518,32.95980869,261341225.84,9960899.6,19565248,14.0,Oranye (Risiko PHK),83.09,1.21,41.34,0.55,5.31,60.16,21.89,True,True,2022,matched,no_data,Database Bulan + Tahun + Triwulan + MAP,baseline-v1,2026-07-03,Data untuk PHK Dashboard.xlsx; MAP_composite_all.xlsx
Jawa Tengah,Jawa Tengah,33,2022,6,2022-06-01,2,,,100.6,,,1100.99,1096.29,4.7,16157.311,50.2,3.5,14689,122.7,96.6,0,467.0,39.84,5.57,70.84,60.16,1812.93543,0.7757905494756301,0.8237934518,32.95980869,261341225.84,9960899.6,19565248,14.0,Oranye (Risiko PHK),83.09,1.21,41.34,0.55,5.31,60.16,21.89,True,True,2022,matched,no_data,Database Bulan + Tahun + Triwulan + MAP,baseline-v1,2026-07-03,Data untuk PHK Dashboard.xlsx; MAP_composite_all.xlsx
Jawa Tengah,Jawa Tengah,33,2022,7,2022-07-01,3,35.0,,100.89,,,1607.52,1022.48,585.04,16126.707,51.3,3.5,14984,111.9,97.0,0,467.0,39.84,5.57,70.84,60.16,1812.93543,0.7757905494756301,0.8237934518,32.95980869,264821236.54,10948518.5,18390459,14.0,Oranye (Risiko PHK),83.09,1.21,41.34,0.55,5.31,60.16,21.89,True,True,2022,matched,reported,Database Bulan + Tahun + Triwulan + MAP,baseline-v1,2026-07-03,Data untuk PHK Dashboard.xlsx; MAP_composite_all.xlsx
Jawa Tengah,Jawa Tengah,33,2022,8,2022-08-01,3,,,100.48,,,1021.04,1579.22,-558.18,15899.64,51.7,3.75,14851,100.4,96.9,0,467.0,39.84,5.57,70.84,60.16,1812.93543,0.7757905494756301,0.8237934518,32.95980869,264821236.54,10948518.5,18390459,14.0,Oranye (Risiko PHK),83.09,1.21,41.34,0.55,5.31,60.16,21.89,True,True,2022,matched,no_data,Database Bulan + Tahun + Triwulan + MAP,baseline-v1,2026-07-03,Data untuk PHK Dashboard.xlsx; MAP_composite_all.xlsx
Jawa Tengah,Jawa Tengah,33,2022,9,2022-09-01,3,35.0,,101.66,,,909.41,1103.01,-193.6,15886.55,53.7,4.25,14972,89.8,97.7,0,467.0,39.84,5.57,70.84,60.16,1812.93543,0.7757905494756301,0.8237934518,32.95980869,264821236.54,10948518.5,18390459,14.0,Oranye (Risiko PHK),83.09,1.21,41.34,0.55,5.31,60.16,21.89,True,True,2022,matched,reported,Database Bulan + Tahun + Triwulan + MAP,baseline-v1,2026-07-03,Data untuk PHK Dashboard.xlsx; MAP_composite_all.xlsx
Jawa Tengah,Jawa Tengah,33,2022,10,2022-10-01,4,35.0,0.0,101.51,,,871.62,1194.96,-323.34,16226.444,51.8,4.75,15417,93.3,97.7,34,467.0,39.84,5.57,70.84,60.16,1812.93543,0.7757905494756301,0.8237934518,32.95980869,266473750.24,7670659.7,18390459,14.0,Oranye (Risiko PHK),83.09,1.21,41.34,0.55,5.31,60.16,21.89,True,True,2022,matched,reported,Database Bulan + Tahun + Triwulan + MAP,baseline-v1,2026-07-03,Data untuk PHK Dashboard.xlsx; MAP_composite_all.xlsx
Jawa Tengah,Jawa Tengah,33,2022,11,2022-11-01,4,79.0,44.0,101.68,,,905.88,1102.88,-197,16322.448,50.3,5.25,15659,91.4,98.0,34,467.0,39.84,5.57,70.84,60.16,1812.93543,0.7757905494756301,0.8237934518,32.95980869,266473750.24,7670659.7,18390459,14.0,Oranye (Risiko PHK),83.09,1.21,41.34,0.55,5.31,60.16,21.89,True,True,2022,matched,reported,Database Bulan + Tahun + Triwulan + MAP,baseline-v1,2026-07-03,Data untuk PHK Dashboard.xlsx; MAP_composite_all.xlsx
Jawa Tengah,Jawa Tengah,33,2022,12,2022-12-01,4,467.0,388.0,102.26,,,877.23,1150.86,-273.63,14530.966,50.9,5.5,15615,80.9,98.7,34,467.0,39.84,5.57,70.84,60.16,1812.93543,0.7757905494756301,0.8237934518,32.95980869,266473750.24,7670659.7,18390459,14.0,Oranye (Risiko PHK),83.09,1.21,41.34,0.55,5.31,60.16,21.89,True,True,2022,matched,reported,Database Bulan + Tahun + Triwulan + MAP,baseline-v1,2026-07-03,Data untuk PHK Dashboard.xlsx; MAP_composite_all.xlsx
Jawa Tengah,Jawa Tengah,33,2023,1,2023-01-01,1,1038.0,1038.0,102.47,,,850.8,1362.16,-511.36,16023.911,51.3,5.75,15295,82.5,99.3,8,9435.0,39.61,5.13,71.72,60.39,1958.16969,8.011000149,0.8435499823,32.75569182,270629820.0,5678796.0,19959942,16.0,Oranye (Risiko PHK),83.62,1.19,42.48,-0.57,4.98,60.39,20.94,True,True,2023,matched,reported,Database Bulan + Tahun + Triwulan + MAP,baseline-v1,2026-07-03,Data untuk PHK Dashboard.xlsx; MAP_composite_all.xlsx
Jawa Tengah,Jawa Tengah,33,2023,2,2023-02-01,1,1121.0,83.0,102.77,,,822.53,839.09,-16.56,16256.313,51.2,5.75,15126,82.6,99.6,34,9435.0,39.61,5.13,71.72,60.39,1958.16969,8.011000149,0.8435499823,32.75569182,270629820.0,5678796.0,19959942,16.0,Oranye (Risiko PHK),83.62,1.19,42.48,-0.57,4.98,60.39,20.94,True,True,2023,matched,reported,Database Bulan + Tahun + Triwulan + MAP,baseline-v1,2026-07-03,Data untuk PHK Dashboard.xlsx; MAP_composite_all.xlsx
Jawa Tengah,Jawa Tengah,33,2023,3,2023-03-01,1,4887.0,3766.0,102.96,,,905.01,1266.29,-361.28,16142.899,51.9,5.75,15301,78.4,99.9,34,9435.0,39.61,5.13,71.72,60.39,1958.16969,8.011000149,0.8435499823,32.75569182,270629820.0,5678796.0,19959942,16.0,Oranye (Risiko PHK),83.62,1.19,42.48,-0.57,4.98,60.39,20.94,True,True,2023,matched,reported,Database Bulan + Tahun + Triwulan + MAP,baseline-v1,2026-07-03,Data untuk PHK Dashboard.xlsx; MAP_composite_all.xlsx
Jawa Tengah,Jawa Tengah,33,2023,4,2023-04-01,2,4887.0,0.0,103.29,,,677.65,982.15,-304.5,16382.706,52.7,5.75,14867,84.6,100.0,34,9435.0,39.61,5.13,71.72,60.39,1958.16969,8.011000149,0.8435499823,32.75569182,274975840.0,5297084.8,19959942,16.0,Oranye (Risiko PHK),83.62,1.19,42.48,-0.57,4.98,60.39,20.94,True,True,2023,matched,reported,Database Bulan + Tahun + Triwulan + MAP,baseline-v1,2026-07-03,Data untuk PHK Dashboard.xlsx; MAP_composite_all.xlsx
Jawa Tengah,Jawa Tengah,33,2023,5,2023-05-01,2,4887.0,0.0,103.68,,,955.46,1593.03,-637.57,16598.962,50.3,5.75,14811,75.5,100.2,34,9435.0,39.61,5.13,71.72,60.39,1958.16969,8.011000149,0.8435499823,32.75569182,274975840.0,5297084.8,19959942,16.0,Oranye (Risiko PHK),83.62,1.19,42.48,-0.57,4.98,60.39,20.94,True,True,2023,matched,reported,Database Bulan + Tahun + Triwulan + MAP,baseline-v1,2026-07-03,Data untuk PHK Dashboard.xlsx; MAP_composite_all.xlsx
Jawa Tengah,Jawa Tengah,33,2023,6,2023-06-01,2,4887.0,0.0,103.83,,,860.63,951.93,-91.3,15727.932,52.5,5.75,14932,74.8,100.3,34,9435.0,39.61,5.13,71.72,60.39,1958.16969,8.011000149,0.8435499823,32.75569182,274975840.0,5297084.8,19959942,16.0,Oranye (Risiko PHK),83.62,1.19,42.48,-0.57,4.98,60.39,20.94,True,True,2023,matched,reported,Database Bulan + Tahun + Triwulan + MAP,baseline-v1,2026-07-03,Data untuk PHK Dashboard.xlsx; MAP_composite_all.xlsx
Jawa Tengah,Jawa Tengah,33,2023,7,2023-07-01,3,6223.0,1336.0,104.06,,,865.16,1184.64,-319.48,15638.084,53.3,5.75,15040,80.1,100.5,34,9435.0,39.61,5.13,71.72,60.39,1958.16969,8.011000149,0.8435499823,32.75569182,277817290.0,6540359.5,19988875,16.0,Oranye (Risiko PHK),83.62,1.19,42.48,-0.57,4.98,60.39,20.94,True,True,2023,matched,reported,Database Bulan + Tahun + Triwulan + MAP,baseline-v1,2026-07-03,Data untuk PHK Dashboard.xlsx; MAP_composite_all.xlsx
Jawa Tengah,Jawa Tengah,33,2023,8,2023-08-01,3,6430.0,207.0,104.09,,,885.75,1241.26,-355.51,15886.776,53.9,5.75,15245,86.1,100.5,34,9435.0,39.61,5.13,71.72,60.39,1958.16969,8.011000149,0.8435499823,32.75569182,277817290.0,6540359.5,19988875,16.0,Oranye (Risiko PHK),83.62,1.19,42.48,-0.57,4.98,60.39,20.94,True,True,2023,matched,reported,Database Bulan + Tahun + Triwulan + MAP,baseline-v1,2026-07-03,Data untuk PHK Dashboard.xlsx; MAP_composite_all.xlsx
Jawa Tengah,Jawa Tengah,33,2023,9,2023-09-01,3,7821.0,1391.0,104.34,,,787.03,1414.29,-627.26,15911.943,52.3,5.75,15354,"93,7",100.9,34,9435.0,39.61,5.13,71.72,60.39,1958.16969,8.011000149,0.8435499823,32.75569182,277817290.0,6540359.5,19988875,16.0,Oranye (Risiko PHK),83.62,1.19,42.48,-0.57,4.98,60.39,20.94,True,True,2023,matched,reported,Database Bulan + Tahun + Triwulan + MAP,baseline-v1,2026-07-03,Data untuk PHK Dashboard.xlsx; MAP_composite_all.xlsx
Jawa Tengah,Jawa Tengah,33,2023,10,2023-10-01,4,8296.0,475.0,104.51,,,858.27,1003.07,-144.8,16484.105,51.5,6.0,15741,90.6,101.2,34,9435.0,39.61,5.13,71.72,60.39,1958.16969,8.011000149,0.8435499823,32.75569182,279014540.0,6326269.2,19988875,16.0,Oranye (Risiko PHK),83.62,1.19,42.48,-0.57,4.98,60.39,20.94,True,True,2023,matched,reported,Database Bulan + Tahun + Triwulan + MAP,baseline-v1,2026-07-03,Data untuk PHK Dashboard.xlsx; MAP_composite_all.xlsx
Jawa Tengah,Jawa Tengah,33,2023,11,2023-11-01,4,9374.0,1078.0,105.06,,,879.02,1404.65,-525.63,16440.723,51.7,6.0,15617,82.9,101.4,34,9435.0,39.61,5.13,71.72,60.39,1958.16969,8.011000149,0.8435499823,32.75569182,279014540.0,6326269.2,19988875,16.0,Oranye (Risiko PHK),83.62,1.19,42.48,-0.57,4.98,60.39,20.94,True,True,2023,matched,reported,Database Bulan + Tahun + Triwulan + MAP,baseline-v1,2026-07-03,Data untuk PHK Dashboard.xlsx; MAP_composite_all.xlsx
Jawa Tengah,Jawa Tengah,33,2023,12,2023-12-01,4,9435.0,61.0,105.31,,,881.86,1254.86,-373,15269.515,52.2,6.0,15513,77.6,101.8,34,9435.0,39.61,5.13,71.72,60.39,1958.16969,8.011000149,0.8435499823,32.75569182,279014540.0,6326269.2,19988875,16.0,Oranye (Risiko PHK),83.62,1.19,42.48,-0.57,4.98,60.39,20.94,True,True,2023,matched,reported,Database Bulan + Tahun + Triwulan + MAP,baseline-v1,2026-07-03,Data untuk PHK Dashboard.xlsx; MAP_composite_all.xlsx
Jawa Tengah,Jawa Tengah,33,2024,1,2024-01-01,1,2807.0,2807.0,105.23,2.69,-0.08,947.89,1309.76,-361.87,16801.348,52.9,6.0,15611,80.1,102.1,9,13130.0,40.36,4.78,73.74,,2036.947,4.023007322,0.8468060198,32.31098405,284067440.0,6111545.6,20409224,14.0,Oranye (Risiko PHK),82.7,1.18,41.88,1.88,4.95,59.64,20.9,True,True,2024,matched,reported,Database Bulan + Tahun + Triwulan + MAP,baseline-v1,2026-07-03,Data untuk PHK Dashboard.xlsx; MAP_composite_all.xlsx
Jawa Tengah,Jawa Tengah,33,2024,2,2024-02-01,1,2886.0,79.0,105.83,2.98,0.57,933.1,1399.83,-466.73,16963.365,52.7,6.0,15665,83.5,103.0,34,13130.0,40.36,4.78,73.74,,2036.947,4.023007322,0.8468060198,32.31098405,284067440.0,6111545.6,20409224,14.0,Oranye (Risiko PHK),82.7,1.18,41.88,1.88,4.95,59.64,20.9,True,True,2024,matched,reported,Database Bulan + Tahun + Triwulan + MAP,baseline-v1,2026-07-03,Data untuk PHK Dashboard.xlsx; MAP_composite_all.xlsx
Jawa Tengah,Jawa Tengah,33,2024,3,2024-03-01,1,2955.0,69.0,106.46,3.4,0.6,966.34,1058.73,-92.39,16945.911,54.2,6.0,15703,85.4,103.5,34,13130.0,40.36,4.78,73.74,,2036.947,4.023007322,0.8468060198,32.31098405,284067440.0,6111545.6,20409224,14.0,Oranye (Risiko PHK),82.7,1.18,41.88,1.88,4.95,59.64,20.9,True,True,2024,matched,reported,Database Bulan + Tahun + Triwulan + MAP,baseline-v1,2026-07-03,Data untuk PHK Dashboard.xlsx; MAP_composite_all.xlsx
Jawa Tengah,Jawa Tengah,33,2024,4,2024-04-01,2,3648.0,693.0,106.67,3.27,0.2,759.75,1084.97,-325.22,17756.725,52.9,6.25,16100,89.9,103.4,34,13130.0,40.36,4.78,73.74,,2036.947,4.023007322,0.8468060198,32.31098405,288512730.0,9907591.9,20409224,14.0,Oranye (Risiko PHK),82.7,1.18,41.88,1.88,4.95,59.64,20.9,True,True,2024,matched,reported,Database Bulan + Tahun + Triwulan + MAP,baseline-v1,2026-07-03,Data untuk PHK Dashboard.xlsx; MAP_composite_all.xlsx
Jawa Tengah,Jawa Tengah,33,2024,5,2024-05-01,2,3795.0,147.0,106.44,2.66,-0.22,1013.42,1342.14,-328.72,16351.07,52.1,6.25,16084,81.7,103.3,34,13130.0,40.36,4.78,73.74,,2036.947,4.023007322,0.8468060198,32.31098405,288512730.0,9907591.9,20409224,14.0,Oranye (Risiko PHK),82.7,1.18,41.88,1.88,4.95,59.64,20.9,True,True,2024,matched,reported,Database Bulan + Tahun + Triwulan + MAP,baseline-v1,2026-07-03,Data untuk PHK Dashboard.xlsx; MAP_composite_all.xlsx
Jawa Tengah,Jawa Tengah,33,2024,6,2024-06-01,2,4275.0,480.0,106.14,2.22,-0.28,885.82,1377.62,-491.8,18555.727,50.7,6.25,16329,82.2,103.3,34,13130.0,40.36,4.78,73.74,,2036.947,4.023007322,0.8468060198,32.31098405,288512730.0,9907591.9,20409224,14.0,Oranye (Risiko PHK),82.7,1.18,41.88,1.88,4.95,59.64,20.9,True,True,2024,matched,reported,Database Bulan + Tahun + Triwulan + MAP,baseline-v1,2026-07-03,Data untuk PHK Dashboard.xlsx; MAP_composite_all.xlsx
Jawa Tengah,Jawa Tengah,33,2024,7,2024-07-01,3,13722.0,9447.0,106.0,1.86,-0.13,960.01,1464.0,-503.99,19183.444,49.3,6.25,16262,85.2,103.2,34,13130.0,40.36,4.78,73.74,,2036.947,4.023007322,0.8468060198,32.31098405,291546530.0,10451269.5,20861393,14.0,Oranye (Risiko PHK),82.7,1.18,41.88,1.88,4.95,59.64,20.9,True,True,2024,matched,reported,Database Bulan + Tahun + Triwulan + MAP,baseline-v1,2026-07-03,Data untuk PHK Dashboard.xlsx; MAP_composite_all.xlsx
Jawa Tengah,Jawa Tengah,33,2024,8,2024-08-01,3,14712.0,990.0,105.93,1.77,-0.07,1060.71,1039.7,21.01,18375.337,48.9,6.25,15793,80.4,103.1,34,13130.0,40.36,4.78,73.74,,2036.947,4.023007322,0.8468060198,32.31098405,291546530.0,10451269.5,20861393,14.0,Oranye (Risiko PHK),82.7,1.18,41.88,1.88,4.95,59.64,20.9,True,True,2024,matched,reported,Database Bulan + Tahun + Triwulan + MAP,baseline-v1,2026-07-03,Data untuk PHK Dashboard.xlsx; MAP_composite_all.xlsx
Jawa Tengah,Jawa Tengah,33,2024,9,2024-09-01,3,11229.0,-3483.0,105.98,1.57,0.05,910.64,1273.25,-362.61,18088.237,49.2,6.0,15341,74,102.9,34,13130.0,40.36,4.78,73.74,,2036.947,4.023007322,0.8468060198,32.31098405,291546530.0,10451269.5,20861393,14.0,Oranye (Risiko PHK),82.7,1.18,41.88,1.88,4.95,59.64,20.9,True,True,2024,matched,reported,Database Bulan + Tahun + Triwulan + MAP,baseline-v1,2026-07-03,Data untuk PHK Dashboard.xlsx; MAP_composite_all.xlsx
Jawa Tengah,Jawa Tengah,33,2024,10,2024-10-01,4,12489.0,1260.0,106.18,1.6,0.19,985.07,1279.28,-294.21,17887.955,49.2,6.0,15541,75.6,102.8,34,13130.0,40.36,4.78,73.74,,2036.947,4.023007322,0.8468060198,32.31098405,292872180.0,10952978.0,20861393,14.0,Oranye (Risiko PHK),82.7,1.18,41.88,1.88,4.95,59.64,20.9,True,True,2024,matched,reported,Database Bulan + Tahun + Triwulan + MAP,baseline-v1,2026-07-03,Data untuk PHK Dashboard.xlsx; MAP_composite_all.xlsx
Jawa Tengah,Jawa Tengah,33,2024,11,2024-11-01,4,13012.0,523.0,106.46,1.33,0.26,961.97,1025.18,-63.21,17877.685,49.6,6.0,15812,74.3,103.0,34,13130.0,40.36,4.78,73.74,,2036.947,4.023007322,0.8468060198,32.31098405,292872180.0,10952978.0,20861393,14.0,Oranye (Risiko PHK),82.7,1.18,41.88,1.88,4.95,59.64,20.9,True,True,2024,matched,reported,Database Bulan + Tahun + Triwulan + MAP,baseline-v1,2026-07-03,Data untuk PHK Dashboard.xlsx; MAP_composite_all.xlsx
Jawa Tengah,Jawa Tengah,33,2024,12,2024-12-01,4,13130.0,118.0,107.07,1.67,0.57,980.45,1553.61,-573.16,15837.562,51.2,6.0,16024,73.9,103.4,34,13130.0,40.36,4.78,73.74,,2036.947,4.023007322,0.8468060198,32.31098405,292872180.0,10952978.0,20861393,14.0,Oranye (Risiko PHK),82.7,1.18,41.88,1.88,4.95,59.64,20.9,True,True,2024,matched,reported,Database Bulan + Tahun + Triwulan + MAP,baseline-v1,2026-07-03,Data untuk PHK Dashboard.xlsx; MAP_composite_all.xlsx
Jawa Tengah,Jawa Tengah,33,2025,1,2025-01-01,1,1756.0,1756.0,106.58,1.28,-0.46,965.33,881.48,83.85,16121.912,51.9,5.75,16262,79.3,104.2,34,14700.0,41.21,4.66,74.36,,2169.349,6.500021846,0.8579690485,31.90968763,298153250.0,14391745.7,20923962,14.0,Oranye (Risiko PHK),82.7,1.18,41.88,1.88,4.95,59.64,20.9,True,True,2024,matched,reported,Database Bulan + Tahun + Triwulan + MAP,baseline-v1,2026-07-03,Data untuk PHK Dashboard.xlsx; MAP_composite_all.xlsx
Jawa Tengah,Jawa Tengah,33,2025,2,2025-02-01,1,10088.0,8332.0,105.75,-0.08,-0.78,1016.17,1189.32,-173.15,16561.87,53.6,5.75,16338,75.4,104.3,34,14700.0,41.21,4.66,74.36,,2169.349,6.500021846,0.8579690485,31.90968763,298153250.0,14391745.7,20923962,14.0,Oranye (Risiko PHK),82.7,1.18,41.88,1.88,4.95,59.64,20.9,True,True,2024,matched,reported,Database Bulan + Tahun + Triwulan + MAP,baseline-v1,2026-07-03,Data untuk PHK Dashboard.xlsx; MAP_composite_all.xlsx
Jawa Tengah,Jawa Tengah,33,2025,3,2025-03-01,1,10459.0,371.0,107.26,0.75,1.43,1009.6,1059.39,-49.79,16289.107,52.4,5.75,16456,72.7,105.1,34,14700.0,41.21,4.66,74.36,,2169.349,6.500021846,0.8579690485,31.90968763,298153250.0,14391745.7,20923962,14.0,Oranye (Risiko PHK),82.7,1.18,41.88,1.88,4.95,59.64,20.9,True,True,2024,matched,reported,Database Bulan + Tahun + Triwulan + MAP,baseline-v1,2026-07-03,Data untuk PHK Dashboard.xlsx; MAP_composite_all.xlsx
Jawa Tengah,Jawa Tengah,33,2025,4,2025-04-01,2,10864.0,405.0,108.74,1.94,1.38,830.09,1292.23,-462.14,18014.298,46.7,5.75,16820,68.1,105.1,34,14700.0,41.21,4.66,74.36,,2169.349,6.500021846,0.8579690485,31.90968763,303793610.0,11926032.0,20923962,14.0,Oranye (Risiko PHK),82.7,1.18,41.88,1.88,4.95,59.64,20.9,True,True,2024,matched,reported,Database Bulan + Tahun + Triwulan + MAP,baseline-v1,2026-07-03,Data untuk PHK Dashboard.xlsx; MAP_composite_all.xlsx
Jawa Tengah,Jawa Tengah,33,2025,5,2025-05-01,2,11434.0,570.0,108.21,1.66,-0.49,971.04,1248.82,-277.78,18574.728,47.4,5.5,16441,64.5,104.6,34,14700.0,41.21,4.66,74.36,,2169.349,6.500021846,0.8579690485,31.90968763,303793610.0,11926032.0,20923962,14.0,Oranye (Risiko PHK),82.7,1.18,41.88,1.88,4.95,59.64,20.9,True,True,2024,matched,reported,Database Bulan + Tahun + Triwulan + MAP,baseline-v1,2026-07-03,Data untuk PHK Dashboard.xlsx; MAP_composite_all.xlsx
Jawa Tengah,Jawa Tengah,33,2025,6,2025-06-01,2,12206.0,772.0,108.47,2.2,0.24,1042.37,1058.46,-16.09,18030.457,46.9,5.5,16311,71.4,104.7,34,14700.0,41.21,4.66,74.36,,2169.349,6.500021846,0.8579690485,31.90968763,303793610.0,11926032.0,20923962,14.0,Oranye (Risiko PHK),82.7,1.18,41.88,1.88,4.95,59.64,20.9,True,True,2024,matched,reported,Database Bulan + Tahun + Triwulan + MAP,baseline-v1,2026-07-03,Data untuk PHK Dashboard.xlsx; MAP_composite_all.xlsx
Jawa Tengah,Jawa Tengah,33,2025,7,2025-07-01,3,12515.0,309.0,108.67,2.52,0.18,1192.94,1351.65,-158.71,18353.959,49.2,5.25,16276,71,105.2,34,14700.0,41.21,4.66,74.36,,2169.349,6.500021846,0.8579690485,31.90968763,307222020.0,11485475.5,21295797,14.0,Oranye (Risiko PHK),82.7,1.18,41.88,1.88,4.95,59.64,20.9,True,True,2024,matched,reported,Database Bulan + Tahun + Triwulan + MAP,baseline-v1,2026-07-03,Data untuk PHK Dashboard.xlsx; MAP_composite_all.xlsx
Jawa Tengah,Jawa Tengah,33,2025,8,2025-08-01,3,13414.0,899.0,108.56,2.48,-0.1,1093.49,1312.32,-218.83,17468.4,51.5,5.0,16309,67.9,105.2,34,14700.0,41.21,4.66,74.36,,2169.349,6.500021846,0.8579690485,31.90968763,307222020.0,11485475.5,21295797,14.0,Oranye (Risiko PHK),82.7,1.18,41.88,1.88,4.95,59.64,20.9,True,True,2024,matched,reported,Database Bulan + Tahun + Triwulan + MAP,baseline-v1,2026-07-03,Data untuk PHK Dashboard.xlsx; MAP_composite_all.xlsx
Jawa Tengah,Jawa Tengah,33,2025,9,2025-09-01,3,13800.0,386.0,108.79,2.65,0.21,1068.29,1276.92,-208.63,16367.621,50.4,4.75,16512,68,105.3,34,14700.0,41.21,4.66,74.36,,2169.349,6.500021846,0.8579690485,31.90968763,307222020.0,11485475.5,21295797,14.0,Oranye (Risiko PHK),82.7,1.18,41.88,1.88,4.95,59.64,20.9,True,True,2024,matched,reported,Database Bulan + Tahun + Triwulan + MAP,baseline-v1,2026-07-03,Data untuk PHK Dashboard.xlsx; MAP_composite_all.xlsx
Jawa Tengah,Jawa Tengah,33,2025,10,2025-10-01,4,14365.0,565.0,109.22,2.86,0.4,1123.6,1344.87,-221.27,17582.035,51.2,4.75,16607,64.5,105.5,34,14700.0,41.21,4.66,74.36,,2169.349,6.500021846,0.8579690485,31.90968763,309979710.0,14588722.5,21295797,14.0,Oranye (Risiko PHK),82.7,1.18,41.88,1.88,4.95,59.64,20.9,True,True,2024,matched,reported,Database Bulan + Tahun + Triwulan + MAP,baseline-v1,2026-07-03,Data untuk PHK Dashboard.xlsx; MAP_composite_all.xlsx
Jawa Tengah,Jawa Tengah,33,2025,11,2025-11-01,4,14634.0,269.0,109.43,2.79,0.19,1120.69,1243.6,-122.91,17291.359,53.3,4.75,16703,63.8,105.4,34,14700.0,41.21,4.66,74.36,,2169.349,6.500021846,0.8579690485,31.90968763,309979710.0,14588722.5,21295797,14.0,Oranye (Risiko PHK),82.7,1.18,41.88,1.88,4.95,59.64,20.9,True,True,2024,matched,reported,Database Bulan + Tahun + Triwulan + MAP,baseline-v1,2026-07-03,Data untuk PHK Dashboard.xlsx; MAP_composite_all.xlsx
Jawa Tengah,Jawa Tengah,33,2025,12,2025-12-01,4,14700.0,66.0,109.98,2.72,0.5,1189.6,1340.04,-150.44,16346.81,51.2,4.75,16699,62.5,106.3,27,14700.0,41.21,4.66,74.36,,2169.349,6.500021846,0.8579690485,31.90968763,309979710.0,14588722.5,21295797,14.0,Oranye (Risiko PHK),82.7,1.18,41.88,1.88,4.95,59.64,20.9,True,True,2024,matched,reported,Database Bulan + Tahun + Triwulan + MAP,baseline-v1,2026-07-03,Data untuk PHK Dashboard.xlsx; MAP_composite_all.xlsx
Jawa Timur,Jawa Timur,35,2022,1,2022-01-01,1,,,97.2,,,1880.16,2260.6,-380.44,18198.523,53.7,3.5,14335,86.5,94.0,0,3574.0,36.14,5.49,71.23,63.86,1891.56712,1.2195162410703233,0.7168415675,30.51377736,427798667.89,8245184.2,21931337,13.0,Kuning (Perlu perhatian),81.94,1.4,33.16,-3.29,5.34,63.86,14.9,True,True,2022,matched,no_data,Database Bulan + Tahun + Triwulan + MAP,baseline-v1,2026-07-03,Data untuk PHK Dashboard.xlsx; MAP_composite_all.xlsx
Jawa Timur,Jawa Timur,35,2022,2,2022-02-01,1,,,97.17,,,2268.38,2331.31,-62.93,18443.044,51.2,3.5,14351,97.1,94.0,0,3574.0,36.14,5.49,71.23,63.86,1891.56712,1.2195162410703233,0.7168415675,30.51377736,427798667.89,8245184.2,21931337,13.0,Kuning (Perlu perhatian),81.94,1.4,33.16,-3.29,5.34,63.86,14.9,True,True,2022,matched,no_data,Database Bulan + Tahun + Triwulan + MAP,baseline-v1,2026-07-03,Data untuk PHK Dashboard.xlsx; MAP_composite_all.xlsx
Jawa Timur,Jawa Timur,35,2022,3,2022-03-01,1,,,97.88,,,2721.33,3053.77,-332.44,18140.285,51.3,3.5,14349,117.2,94.7,0,3574.0,36.14,5.49,71.23,63.86,1891.56712,1.2195162410703233,0.7168415675,30.51377736,427798667.89,8245184.2,21931337,13.0,Kuning (Perlu perhatian),81.94,1.4,33.16,-3.29,5.34,63.86,14.9,True,True,2022,matched,no_data,Database Bulan + Tahun + Triwulan + MAP,baseline-v1,2026-07-03,Data untuk PHK Dashboard.xlsx; MAP_composite_all.xlsx
Jawa Timur,Jawa Timur,35,2022,4,2022-04-01,2,,,98.83,,,2261.13,2770.9,-509.77,18688.588,51.9,3.5,14369,104.6,95.6,0,3574.0,36.14,5.49,71.23,63.86,1891.56712,1.2195162410703233,0.7168415675,30.51377736,438103929.49,11435456.9,21931337,13.0,Kuning (Perlu perhatian),81.94,1.4,33.16,-3.29,5.34,63.86,14.9,True,True,2022,matched,no_data,Database Bulan + Tahun + Triwulan + MAP,baseline-v1,2026-07-03,Data untuk PHK Dashboard.xlsx; MAP_composite_all.xlsx
Jawa Timur,Jawa Timur,35,2022,5,2022-05-01,2,,,99.28,,,1750.72,2591.19,-840.47,19769.519,50.8,3.5,14608,113.3,95.9,0,3574.0,36.14,5.49,71.23,63.86,1891.56712,1.2195162410703233,0.7168415675,30.51377736,438103929.49,11435456.9,21931337,13.0,Kuning (Perlu perhatian),81.94,1.4,33.16,-3.29,5.34,63.86,14.9,True,True,2022,matched,no_data,Database Bulan + Tahun + Triwulan + MAP,baseline-v1,2026-07-03,Data untuk PHK Dashboard.xlsx; MAP_composite_all.xlsx
Jawa Timur,Jawa Timur,35,2022,6,2022-06-01,2,,,100.15,,,1995.82,3188.14,-1192.32,19619.748,50.2,3.5,14689,122.7,96.6,0,3574.0,36.14,5.49,71.23,63.86,1891.56712,1.2195162410703233,0.7168415675,30.51377736,438103929.49,11435456.9,21931337,13.0,Kuning (Perlu perhatian),81.94,1.4,33.16,-3.29,5.34,63.86,14.9,True,True,2022,matched,no_data,Database Bulan + Tahun + Triwulan + MAP,baseline-v1,2026-07-03,Data untuk PHK Dashboard.xlsx; MAP_composite_all.xlsx
Jawa Timur,Jawa Timur,35,2022,7,2022-07-01,3,5.0,,100.94,,,3127.38,1982.79,1144.59,19785.781,51.3,3.5,14984,111.9,97.0,0,3574.0,36.14,5.49,71.23,63.86,1891.56712,1.2195162410703233,0.7168415675,30.51377736,447585980.74,12106217.0,21613293,13.0,Kuning (Perlu perhatian),81.94,1.4,33.16,-3.29,5.34,63.86,14.9,True,True,2022,matched,reported,Database Bulan + Tahun + Triwulan + MAP,baseline-v1,2026-07-03,Data untuk PHK Dashboard.xlsx; MAP_composite_all.xlsx
Jawa Timur,Jawa Timur,35,2022,8,2022-08-01,3,,,100.52,,,2095.62,3145.72,-1050.1,20570.037,51.7,3.75,14851,100.4,96.9,0,3574.0,36.14,5.49,71.23,63.86,1891.56712,1.2195162410703233,0.7168415675,30.51377736,447585980.74,12106217.0,21613293,13.0,Kuning (Perlu perhatian),81.94,1.4,33.16,-3.29,5.34,63.86,14.9,True,True,2022,matched,no_data,Database Bulan + Tahun + Triwulan + MAP,baseline-v1,2026-07-03,Data untuk PHK Dashboard.xlsx; MAP_composite_all.xlsx
Jawa Timur,Jawa Timur,35,2022,9,2022-09-01,3,1250.0,,101.71,,,1981.81,2817.65,-835.84,19890.165,53.7,4.25,14972,89.8,97.7,0,3574.0,36.14,5.49,71.23,63.86,1891.56712,1.2195162410703233,0.7168415675,30.51377736,447585980.74,12106217.0,21613293,13.0,Kuning (Perlu perhatian),81.94,1.4,33.16,-3.29,5.34,63.86,14.9,True,True,2022,matched,reported,Database Bulan + Tahun + Triwulan + MAP,baseline-v1,2026-07-03,Data untuk PHK Dashboard.xlsx; MAP_composite_all.xlsx
Jawa Timur,Jawa Timur,35,2022,10,2022-10-01,4,1250.0,0.0,101.57,,,1880.39,2562.67,-682.28,20325.784,51.8,4.75,15417,93.3,97.7,34,3574.0,36.14,5.49,71.23,63.86,1891.56712,1.2195162410703233,0.7168415675,30.51377736,444386317.27,14988453.7,21613293,13.0,Kuning (Perlu perhatian),81.94,1.4,33.16,-3.29,5.34,63.86,14.9,True,True,2022,matched,reported,Database Bulan + Tahun + Triwulan + MAP,baseline-v1,2026-07-03,Data untuk PHK Dashboard.xlsx; MAP_composite_all.xlsx
Jawa Timur,Jawa Timur,35,2022,11,2022-11-01,4,1250.0,0.0,102.07,,,2047.13,2652.09,-604.96,19887.301,50.3,5.25,15659,91.4,98.0,34,3574.0,36.14,5.49,71.23,63.86,1891.56712,1.2195162410703233,0.7168415675,30.51377736,444386317.27,14988453.7,21613293,13.0,Kuning (Perlu perhatian),81.94,1.4,33.16,-3.29,5.34,63.86,14.9,True,True,2022,matched,reported,Database Bulan + Tahun + Triwulan + MAP,baseline-v1,2026-07-03,Data untuk PHK Dashboard.xlsx; MAP_composite_all.xlsx
Jawa Timur,Jawa Timur,35,2022,12,2022-12-01,4,3574.0,2324.0,102.68,,,1888.71,2589.71,-701,17487.339,50.9,5.5,15615,80.9,98.7,34,3574.0,36.14,5.49,71.23,63.86,1891.56712,1.2195162410703233,0.7168415675,30.51377736,444386317.27,14988453.7,21613293,13.0,Kuning (Perlu perhatian),81.94,1.4,33.16,-3.29,5.34,63.86,14.9,True,True,2022,matched,reported,Database Bulan + Tahun + Triwulan + MAP,baseline-v1,2026-07-03,Data untuk PHK Dashboard.xlsx; MAP_composite_all.xlsx
Jawa Timur,Jawa Timur,35,2023,1,2023-01-01,1,370.0,370.0,102.87,,,1998.63,2198.38,-199.75,18137.818,51.3,5.75,15295,82.5,99.3,8,2498.0,36.89,4.88,72.56,63.11,2040.2443,7.860000231,0.7687234464,30.27135822,449026500.0,14988198.6,22404793,11.0,Kuning (Perlu perhatian),80.68,1.3,34.21,2.07,4.95,63.11,15.2,True,True,2023,matched,reported,Database Bulan + Tahun + Triwulan + MAP,baseline-v1,2026-07-03,Data untuk PHK Dashboard.xlsx; MAP_composite_all.xlsx
Jawa Timur,Jawa Timur,35,2023,2,2023-02-01,1,370.0,0.0,103.03,,,1818.43,1877.34,-58.91,18484.142,51.2,5.75,15126,82.6,99.6,34,2498.0,36.89,4.88,72.56,63.11,2040.2443,7.860000231,0.7687234464,30.27135822,449026500.0,14988198.6,22404793,11.0,Kuning (Perlu perhatian),80.68,1.3,34.21,2.07,4.95,63.11,15.2,True,True,2023,matched,reported,Database Bulan + Tahun + Triwulan + MAP,baseline-v1,2026-07-03,Data untuk PHK Dashboard.xlsx; MAP_composite_all.xlsx
Jawa Timur,Jawa Timur,35,2023,3,2023-03-01,1,370.0,0.0,103.46,,,2491.29,2612.16,-120.87,17993.516,51.9,5.75,15301,78.4,99.9,34,2498.0,36.89,4.88,72.56,63.11,2040.2443,7.860000231,0.7687234464,30.27135822,449026500.0,14988198.6,22404793,11.0,Kuning (Perlu perhatian),80.68,1.3,34.21,2.07,4.95,63.11,15.2,True,True,2023,matched,reported,Database Bulan + Tahun + Triwulan + MAP,baseline-v1,2026-07-03,Data untuk PHK Dashboard.xlsx; MAP_composite_all.xlsx
Jawa Timur,Jawa Timur,35,2023,4,2023-04-01,2,370.0,0.0,103.62,,,1446.66,2057.03,-610.37,18301.584,52.7,5.75,14867,84.6,100.0,34,2498.0,36.89,4.88,72.56,63.11,2040.2443,7.860000231,0.7687234464,30.27135822,461145250.0,15155543.0,22404793,11.0,Kuning (Perlu perhatian),80.68,1.3,34.21,2.07,4.95,63.11,15.2,True,True,2023,matched,reported,Database Bulan + Tahun + Triwulan + MAP,baseline-v1,2026-07-03,Data untuk PHK Dashboard.xlsx; MAP_composite_all.xlsx
Jawa Timur,Jawa Timur,35,2023,5,2023-05-01,2,370.0,0.0,103.82,,,1870.11,2553.82,-683.71,18644.668,50.3,5.75,14811,75.5,100.2,34,2498.0,36.89,4.88,72.56,63.11,2040.2443,7.860000231,0.7687234464,30.27135822,461145250.0,15155543.0,22404793,11.0,Kuning (Perlu perhatian),80.68,1.3,34.21,2.07,4.95,63.11,15.2,True,True,2023,matched,reported,Database Bulan + Tahun + Triwulan + MAP,baseline-v1,2026-07-03,Data untuk PHK Dashboard.xlsx; MAP_composite_all.xlsx
Jawa Timur,Jawa Timur,35,2023,6,2023-06-01,2,370.0,0.0,104.07,,,1506.78,2186.28,-679.5,17758.037,52.5,5.75,14932,74.8,100.3,34,2498.0,36.89,4.88,72.56,63.11,2040.2443,7.860000231,0.7687234464,30.27135822,461145250.0,15155543.0,22404793,11.0,Kuning (Perlu perhatian),80.68,1.3,34.21,2.07,4.95,63.11,15.2,True,True,2023,matched,reported,Database Bulan + Tahun + Triwulan + MAP,baseline-v1,2026-07-03,Data untuk PHK Dashboard.xlsx; MAP_composite_all.xlsx
Jawa Timur,Jawa Timur,35,2023,7,2023-07-01,3,504.0,134.0,104.19,,,1543.41,2553.1,-1009.69,18619.419,53.3,5.75,15040,80.1,100.5,34,2498.0,36.89,4.88,72.56,63.11,2040.2443,7.860000231,0.7687234464,30.27135822,469398680.0,16650599.2,22703177,11.0,Kuning (Perlu perhatian),80.68,1.3,34.21,2.07,4.95,63.11,15.2,True,True,2023,matched,reported,Database Bulan + Tahun + Triwulan + MAP,baseline-v1,2026-07-03,Data untuk PHK Dashboard.xlsx; MAP_composite_all.xlsx
Jawa Timur,Jawa Timur,35,2023,8,2023-08-01,3,661.0,157.0,104.2,,,1681.68,2355.04,-673.36,18848.916,53.9,5.75,15245,86.1,100.5,34,2498.0,36.89,4.88,72.56,63.11,2040.2443,7.860000231,0.7687234464,30.27135822,469398680.0,16650599.2,22703177,11.0,Kuning (Perlu perhatian),80.68,1.3,34.21,2.07,4.95,63.11,15.2,True,True,2023,matched,reported,Database Bulan + Tahun + Triwulan + MAP,baseline-v1,2026-07-03,Data untuk PHK Dashboard.xlsx; MAP_composite_all.xlsx
Jawa Timur,Jawa Timur,35,2023,9,2023-09-01,3,1442.0,781.0,104.4,,,1852.82,2477.74,-624.92,18063.823,52.3,5.75,15354,"93,7",100.9,34,2498.0,36.89,4.88,72.56,63.11,2040.2443,7.860000231,0.7687234464,30.27135822,469398680.0,16650599.2,22703177,11.0,Kuning (Perlu perhatian),80.68,1.3,34.21,2.07,4.95,63.11,15.2,True,True,2023,matched,reported,Database Bulan + Tahun + Triwulan + MAP,baseline-v1,2026-07-03,Data untuk PHK Dashboard.xlsx; MAP_composite_all.xlsx
Jawa Timur,Jawa Timur,35,2023,10,2023-10-01,4,1543.0,101.0,104.63,,,2045.33,2264.23,-218.9,18207.666,51.5,6.0,15741,90.6,101.2,34,2498.0,36.89,4.88,72.56,63.11,2040.2443,7.860000231,0.7687234464,30.27135822,465238250.0,25683268.3,22703177,11.0,Kuning (Perlu perhatian),80.68,1.3,34.21,2.07,4.95,63.11,15.2,True,True,2023,matched,reported,Database Bulan + Tahun + Triwulan + MAP,baseline-v1,2026-07-03,Data untuk PHK Dashboard.xlsx; MAP_composite_all.xlsx
Jawa Timur,Jawa Timur,35,2023,11,2023-11-01,4,2174.0,631.0,105.14,,,2073.36,2698.35,-624.99,17866.809,51.7,6.0,15617,82.9,101.4,34,2498.0,36.89,4.88,72.56,63.11,2040.2443,7.860000231,0.7687234464,30.27135822,465238250.0,25683268.3,22703177,11.0,Kuning (Perlu perhatian),80.68,1.3,34.21,2.07,4.95,63.11,15.2,True,True,2023,matched,reported,Database Bulan + Tahun + Triwulan + MAP,baseline-v1,2026-07-03,Data untuk PHK Dashboard.xlsx; MAP_composite_all.xlsx
Jawa Timur,Jawa Timur,35,2023,12,2023-12-01,4,2498.0,324.0,105.52,,,2096.9,2652.11,-555.21,16565.584,52.2,6.0,15513,77.6,101.8,34,2498.0,36.89,4.88,72.56,63.11,2040.2443,7.860000231,0.7687234464,30.27135822,465238250.0,25683268.3,22703177,11.0,Kuning (Perlu perhatian),80.68,1.3,34.21,2.07,4.95,63.11,15.2,True,True,2023,matched,reported,Database Bulan + Tahun + Triwulan + MAP,baseline-v1,2026-07-03,Data untuk PHK Dashboard.xlsx; MAP_composite_all.xlsx
Jawa Timur,Jawa Timur,35,2024,1,2024-01-01,1,,,105.41,2.47,-0.1,1983.2,2462.73,-479.53,17333.352,52.9,6.0,15611,80.1,102.1,9,5327.0,38.51,4.19,73.45,,2165.2443,6.126717276,0.7979869779,30.40581251,470633160.0,16836304.0,23236078,12.0,Kuning (Perlu perhatian),81.07,1.25,34.47,4.4,4.93,61.49,15.17,True,True,2024,matched,no_data,Database Bulan + Tahun + Triwulan + MAP,baseline-v1,2026-07-03,Data untuk PHK Dashboard.xlsx; MAP_composite_all.xlsx
Jawa Timur,Jawa Timur,35,2024,2,2024-02-01,1,119.0,119.0,105.93,2.81,0.49,1811.9,2422.63,-610.73,16979.735,52.7,6.0,15665,83.5,103.0,34,5327.0,38.51,4.19,73.45,,2165.2443,6.126717276,0.7979869779,30.40581251,470633160.0,16836304.0,23236078,12.0,Kuning (Perlu perhatian),81.07,1.25,34.47,4.4,4.93,61.49,15.17,True,True,2024,matched,reported,Database Bulan + Tahun + Triwulan + MAP,baseline-v1,2026-07-03,Data untuk PHK Dashboard.xlsx; MAP_composite_all.xlsx
Jawa Timur,Jawa Timur,35,2024,3,2024-03-01,1,186.0,67.0,106.61,3.04,0.64,2644.37,2523.01,121.36,16946.013,54.2,6.0,15703,85.4,103.5,34,5327.0,38.51,4.19,73.45,,2165.2443,6.126717276,0.7979869779,30.40581251,470633160.0,16836304.0,23236078,12.0,Kuning (Perlu perhatian),81.07,1.25,34.47,4.4,4.93,61.49,15.17,True,True,2024,matched,reported,Database Bulan + Tahun + Triwulan + MAP,baseline-v1,2026-07-03,Data untuk PHK Dashboard.xlsx; MAP_composite_all.xlsx
Jawa Timur,Jawa Timur,35,2024,4,2024-04-01,2,191.0,5.0,106.99,3.25,0.36,1785.01,2256.43,-471.42,17760.855,52.9,6.25,16100,89.9,103.4,34,5327.0,38.51,4.19,73.45,,2165.2443,6.126717276,0.7979869779,30.40581251,484114960.0,12385593.1,23236078,12.0,Kuning (Perlu perhatian),81.07,1.25,34.47,4.4,4.93,61.49,15.17,True,True,2024,matched,reported,Database Bulan + Tahun + Triwulan + MAP,baseline-v1,2026-07-03,Data untuk PHK Dashboard.xlsx; MAP_composite_all.xlsx
Jawa Timur,Jawa Timur,35,2024,5,2024-05-01,2,754.0,563.0,106.76,2.83,-0.21,2122.73,2659.25,-536.52,17735.872,52.1,6.25,16084,81.7,103.3,34,5327.0,38.51,4.19,73.45,,2165.2443,6.126717276,0.7979869779,30.40581251,484114960.0,12385593.1,23236078,12.0,Kuning (Perlu perhatian),81.07,1.25,34.47,4.4,4.93,61.49,15.17,True,True,2024,matched,reported,Database Bulan + Tahun + Triwulan + MAP,baseline-v1,2026-07-03,Data untuk PHK Dashboard.xlsx; MAP_composite_all.xlsx
Jawa Timur,Jawa Timur,35,2024,6,2024-06-01,2,819.0,65.0,106.37,2.21,-0.37,1858.23,2257.37,-399.14,16812.683,50.7,6.25,16329,82.2,103.3,34,5327.0,38.51,4.19,73.45,,2165.2443,6.126717276,0.7979869779,30.40581251,484114960.0,12385593.1,23236078,12.0,Kuning (Perlu perhatian),81.07,1.25,34.47,4.4,4.93,61.49,15.17,True,True,2024,matched,reported,Database Bulan + Tahun + Triwulan + MAP,baseline-v1,2026-07-03,Data untuk PHK Dashboard.xlsx; MAP_composite_all.xlsx
Jawa Timur,Jawa Timur,35,2024,7,2024-07-01,3,971.0,152.0,106.41,2.13,0.04,2385.63,2727.18,-341.55,16510.191,49.3,6.25,16262,85.2,103.2,34,5327.0,38.51,4.19,73.45,,2165.2443,6.126717276,0.7979869779,30.40581251,492427890.0,14622625.8,23361110,12.0,Kuning (Perlu perhatian),81.07,1.25,34.47,4.4,4.93,61.49,15.17,True,True,2024,matched,reported,Database Bulan + Tahun + Triwulan + MAP,baseline-v1,2026-07-03,Data untuk PHK Dashboard.xlsx; MAP_composite_all.xlsx
Jawa Timur,Jawa Timur,35,2024,8,2024-08-01,3,1052.0,81.0,106.34,2.05,-0.07,2307.44,2713.5,-406.06,16453.159,48.9,6.25,15793,80.4,103.1,34,5327.0,38.51,4.19,73.45,,2165.2443,6.126717276,0.7979869779,30.40581251,492427890.0,14622625.8,23361110,12.0,Kuning (Perlu perhatian),81.07,1.25,34.47,4.4,4.93,61.49,15.17,True,True,2024,matched,reported,Database Bulan + Tahun + Triwulan + MAP,baseline-v1,2026-07-03,Data untuk PHK Dashboard.xlsx; MAP_composite_all.xlsx
Jawa Timur,Jawa Timur,35,2024,9,2024-09-01,3,1553.0,501.0,106.21,1.73,-0.12,2165.48,2349.32,-183.84,16194.09,49.2,6.0,15341,74,102.9,34,5327.0,38.51,4.19,73.45,,2165.2443,6.126717276,0.7979869779,30.40581251,492427890.0,14622625.8,23361110,12.0,Kuning (Perlu perhatian),81.07,1.25,34.47,4.4,4.93,61.49,15.17,True,True,2024,matched,reported,Database Bulan + Tahun + Triwulan + MAP,baseline-v1,2026-07-03,Data untuk PHK Dashboard.xlsx; MAP_composite_all.xlsx
Jawa Timur,Jawa Timur,35,2024,10,2024-10-01,4,3694.0,2141.0,106.37,1.66,0.15,2375.47,2770.65,-395.18,16433.968,49.2,6.0,15541,75.6,102.8,34,5327.0,38.51,4.19,73.45,,2165.2443,6.126717276,0.7979869779,30.40581251,488634150.0,14125757.9,23361110,12.0,Kuning (Perlu perhatian),81.07,1.25,34.47,4.4,4.93,61.49,15.17,True,True,2024,matched,reported,Database Bulan + Tahun + Triwulan + MAP,baseline-v1,2026-07-03,Data untuk PHK Dashboard.xlsx; MAP_composite_all.xlsx
Jawa Timur,Jawa Timur,35,2024,11,2024-11-01,4,3757.0,63.0,106.62,1.41,0.24,2185.93,2481.19,-295.26,16432.238,49.6,6.0,15812,74.3,103.0,34,5327.0,38.51,4.19,73.45,,2165.2443,6.126717276,0.7979869779,30.40581251,488634150.0,14125757.9,23361110,12.0,Kuning (Perlu perhatian),81.07,1.25,34.47,4.4,4.93,61.49,15.17,True,True,2024,matched,reported,Database Bulan + Tahun + Triwulan + MAP,baseline-v1,2026-07-03,Data untuk PHK Dashboard.xlsx; MAP_composite_all.xlsx
Jawa Timur,Jawa Timur,35,2024,12,2024-12-01,4,5327.0,1570.0,107.11,1.51,0.46,2093.58,2803.53,-709.95,15521.056,51.2,6.0,16024,73.9,103.4,34,5327.0,38.51,4.19,73.45,,2165.2443,6.126717276,0.7979869779,30.40581251,488634150.0,14125757.9,23361110,12.0,Kuning (Perlu perhatian),81.07,1.25,34.47,4.4,4.93,61.49,15.17,True,True,2024,matched,reported,Database Bulan + Tahun + Triwulan + MAP,baseline-v1,2026-07-03,Data untuk PHK Dashboard.xlsx; MAP_composite_all.xlsx
Jawa Timur,Jawa Timur,35,2025,1,2025-01-01,1,482.0,482.0,106.53,1.06,-0.54,2016.4,2273.75,-257.35,17176.626,51.9,5.75,16262,79.3,104.2,34,5949.0,38.27,3.88,73.98,,2305.985,6.49999171,0.7954212276,30.59416911,494187730.0,14236414.5,23864700,12.0,Kuning (Perlu perhatian),81.07,1.25,34.47,4.4,4.93,61.49,15.17,True,True,2024,matched,reported,Database Bulan + Tahun + Triwulan + MAP,baseline-v1,2026-07-03,Data untuk PHK Dashboard.xlsx; MAP_composite_all.xlsx
Jawa Timur,Jawa Timur,35,2025,2,2025-02-01,1,1273.0,791.0,105.9,-0.03,-0.59,2050.37,2322.23,-271.86,17651.994,53.6,5.75,16338,75.4,104.3,34,5949.0,38.27,3.88,73.98,,2305.985,6.49999171,0.7954212276,30.59416911,494187730.0,14236414.5,23864700,12.0,Kuning (Perlu perhatian),81.07,1.25,34.47,4.4,4.93,61.49,15.17,True,True,2024,matched,reported,Database Bulan + Tahun + Triwulan + MAP,baseline-v1,2026-07-03,Data untuk PHK Dashboard.xlsx; MAP_composite_all.xlsx
Jawa Timur,Jawa Timur,35,2025,3,2025-03-01,1,1595.0,322.0,107.43,0.77,1.44,2077.21,2398.32,-321.11,17755.994,52.4,5.75,16456,72.7,105.1,34,5949.0,38.27,3.88,73.98,,2305.985,6.49999171,0.7954212276,30.59416911,494187730.0,14236414.5,23864700,12.0,Kuning (Perlu perhatian),81.07,1.25,34.47,4.4,4.93,61.49,15.17,True,True,2024,matched,reported,Database Bulan + Tahun + Triwulan + MAP,baseline-v1,2026-07-03,Data untuk PHK Dashboard.xlsx; MAP_composite_all.xlsx
Jawa Timur,Jawa Timur,35,2025,4,2025-04-01,2,2009.0,414.0,108.43,1.35,0.93,2097.09,2689.77,-592.68,18550.602,46.7,5.75,16820,68.1,105.1,34,5949.0,38.27,3.88,73.98,,2305.985,6.49999171,0.7954212276,30.59416911,509453930.0,10051626.8,23864700,12.0,Kuning (Perlu perhatian),81.07,1.25,34.47,4.4,4.93,61.49,15.17,True,True,2024,matched,reported,Database Bulan + Tahun + Triwulan + MAP,baseline-v1,2026-07-03,Data untuk PHK Dashboard.xlsx; MAP_composite_all.xlsx
Jawa Timur,Jawa Timur,35,2025,5,2025-05-01,2,2603.0,594.0,108.06,1.22,-0.34,2829.91,2298.26,531.65,19791.436,47.4,5.5,16441,64.5,104.6,34,5949.0,38.27,3.88,73.98,,2305.985,6.49999171,0.7954212276,30.59416911,509453930.0,10051626.8,23864700,12.0,Kuning (Perlu perhatian),81.07,1.25,34.47,4.4,4.93,61.49,15.17,True,True,2024,matched,reported,Database Bulan + Tahun + Triwulan + MAP,baseline-v1,2026-07-03,Data untuk PHK Dashboard.xlsx; MAP_composite_all.xlsx
Jawa Timur,Jawa Timur,35,2025,6,2025-06-01,2,2928.0,325.0,108.52,2.02,0.43,2665.72,2245.62,420.1,19519.62,46.9,5.5,16311,71.4,104.7,34,5949.0,38.27,3.88,73.98,,2305.985,6.49999171,0.7954212276,30.59416911,509453930.0,10051626.8,23864700,12.0,Kuning (Perlu perhatian),81.07,1.25,34.47,4.4,4.93,61.49,15.17,True,True,2024,matched,reported,Database Bulan + Tahun + Triwulan + MAP,baseline-v1,2026-07-03,Data untuk PHK Dashboard.xlsx; MAP_composite_all.xlsx
Jawa Timur,Jawa Timur,35,2025,7,2025-07-01,3,3292.0,364.0,108.76,2.21,0.22,2780.91,2516.23,264.68,19681.863,49.2,5.25,16276,71,105.2,34,5949.0,38.27,3.88,73.98,,2305.985,6.49999171,0.7954212276,30.59416911,518115940.0,9092009.0,23801034,12.0,Kuning (Perlu perhatian),81.07,1.25,34.47,4.4,4.93,61.49,15.17,True,True,2024,matched,reported,Database Bulan + Tahun + Triwulan + MAP,baseline-v1,2026-07-03,Data untuk PHK Dashboard.xlsx; MAP_composite_all.xlsx
Jawa Timur,Jawa Timur,35,2025,8,2025-08-01,3,3802.0,510.0,108.65,2.17,-0.1,2467.56,2415.53,52.03,20138.284,51.5,5.0,16309,67.9,105.2,34,5949.0,38.27,3.88,73.98,,2305.985,6.49999171,0.7954212276,30.59416911,518115940.0,9092009.0,23801034,12.0,Kuning (Perlu perhatian),81.07,1.25,34.47,4.4,4.93,61.49,15.17,True,True,2024,matched,reported,Database Bulan + Tahun + Triwulan + MAP,baseline-v1,2026-07-03,Data untuk PHK Dashboard.xlsx; MAP_composite_all.xlsx
Jawa Timur,Jawa Timur,35,2025,9,2025-09-01,3,4357.0,555.0,108.9,2.53,0.23,3205.54,2422.73,782.81,19573.941,50.4,4.75,16512,68,105.3,34,5949.0,38.27,3.88,73.98,,2305.985,6.49999171,0.7954212276,30.59416911,518115940.0,9092009.0,23801034,12.0,Kuning (Perlu perhatian),81.07,1.25,34.47,4.4,4.93,61.49,15.17,True,True,2024,matched,reported,Database Bulan + Tahun + Triwulan + MAP,baseline-v1,2026-07-03,Data untuk PHK Dashboard.xlsx; MAP_composite_all.xlsx
Jawa Timur,Jawa Timur,35,2025,10,2025-10-01,4,5343.0,986.0,109.23,2.69,0.3,2272.17,2663.54,-391.37,19405.032,51.2,4.75,16607,64.5,105.5,34,5949.0,38.27,3.88,73.98,,2305.985,6.49999171,0.7954212276,30.59416911,517204030.0,11255787.3,23801034,12.0,Kuning (Perlu perhatian),81.07,1.25,34.47,4.4,4.93,61.49,15.17,True,True,2024,matched,reported,Database Bulan + Tahun + Triwulan + MAP,baseline-v1,2026-07-03,Data untuk PHK Dashboard.xlsx; MAP_composite_all.xlsx
Jawa Timur,Jawa Timur,35,2025,11,2025-11-01,4,5922.0,579.0,109.42,2.63,0.17,2143.48,2431.88,-288.4,19260.915,53.3,4.75,16703,63.8,105.4,34,5949.0,38.27,3.88,73.98,,2305.985,6.49999171,0.7954212276,30.59416911,517204030.0,11255787.3,23801034,12.0,Kuning (Perlu perhatian),81.07,1.25,34.47,4.4,4.93,61.49,15.17,True,True,2024,matched,reported,Database Bulan + Tahun + Triwulan + MAP,baseline-v1,2026-07-03,Data untuk PHK Dashboard.xlsx; MAP_composite_all.xlsx
Jawa Timur,Jawa Timur,35,2025,12,2025-12-01,4,5949.0,27.0,110.25,2.93,0.76,2517.62,2913.1,-395.48,18688.502,51.2,4.75,16699,62.5,106.3,27,5949.0,38.27,3.88,73.98,,2305.985,6.49999171,0.7954212276,30.59416911,517204030.0,11255787.3,23801034,12.0,Kuning (Perlu perhatian),81.07,1.25,34.47,4.4,4.93,61.49,15.17,True,True,2024,matched,reported,Database Bulan + Tahun + Triwulan + MAP,baseline-v1,2026-07-03,Data untuk PHK Dashboard.xlsx; MAP_composite_all.xlsx
Kalimantan Barat,Kalimantan Barat,61,2022,1,2022-01-01,1,,,97.54,,,196.69,20.34,176.35,1312.015,53.7,3.5,14335,86.5,94.0,0,1131.0,41.23,5.11,68.97,58.77,2922.516,0.6672523074719834,1.104536796,15.93943913,36110047.5,3007843.8,2725708,11.0,Kuning (Perlu perhatian),80.36,1.09,19.59,5.38,5.07,58.77,4.85,True,True,2022,matched,no_data,Database Bulan + Tahun + Triwulan + MAP,baseline-v1,2026-07-03,Data untuk PHK Dashboard.xlsx; MAP_composite_all.xlsx
Kalimantan Barat,Kalimantan Barat,61,2022,2,2022-02-01,1,,,97.45,,,294.56,20.2,274.36,1375.93,51.2,3.5,14351,97.1,94.0,0,1131.0,41.23,5.11,68.97,58.77,2922.516,0.6672523074719834,1.104536796,15.93943913,36110047.5,3007843.8,2725708,11.0,Kuning (Perlu perhatian),80.36,1.09,19.59,5.38,5.07,58.77,4.85,True,True,2022,matched,no_data,Database Bulan + Tahun + Triwulan + MAP,baseline-v1,2026-07-03,Data untuk PHK Dashboard.xlsx; MAP_composite_all.xlsx
Kalimantan Barat,Kalimantan Barat,61,2022,3,2022-03-01,1,,,98.24,,,318.27,36.76,281.51,1372.188,51.3,3.5,14349,117.2,94.7,0,1131.0,41.23,5.11,68.97,58.77,2922.516,0.6672523074719834,1.104536796,15.93943913,36110047.5,3007843.8,2725708,11.0,Kuning (Perlu perhatian),80.36,1.09,19.59,5.38,5.07,58.77,4.85,True,True,2022,matched,no_data,Database Bulan + Tahun + Triwulan + MAP,baseline-v1,2026-07-03,Data untuk PHK Dashboard.xlsx; MAP_composite_all.xlsx
Kalimantan Barat,Kalimantan Barat,61,2022,4,2022-04-01,2,,,99.17,,,345.2,31.29,313.91,1404.774,51.9,3.5,14369,104.6,95.6,0,1131.0,41.23,5.11,68.97,58.77,2922.516,0.6672523074719834,1.104536796,15.93943913,36912531.93,2945500.6,2725708,11.0,Kuning (Perlu perhatian),80.36,1.09,19.59,5.38,5.07,58.77,4.85,True,True,2022,matched,no_data,Database Bulan + Tahun + Triwulan + MAP,baseline-v1,2026-07-03,Data untuk PHK Dashboard.xlsx; MAP_composite_all.xlsx
Kalimantan Barat,Kalimantan Barat,61,2022,5,2022-05-01,2,,,99.62,,,180.45,22.97,157.48,1505.877,50.8,3.5,14608,113.3,95.9,0,1131.0,41.23,5.11,68.97,58.77,2922.516,0.6672523074719834,1.104536796,15.93943913,36912531.93,2945500.6,2725708,11.0,Kuning (Perlu perhatian),80.36,1.09,19.59,5.38,5.07,58.77,4.85,True,True,2022,matched,no_data,Database Bulan + Tahun + Triwulan + MAP,baseline-v1,2026-07-03,Data untuk PHK Dashboard.xlsx; MAP_composite_all.xlsx
Kalimantan Barat,Kalimantan Barat,61,2022,6,2022-06-01,2,,,99.69,,,279.54,30.12,249.42,1368.398,50.2,3.5,14689,122.7,96.6,0,1131.0,41.23,5.11,68.97,58.77,2922.516,0.6672523074719834,1.104536796,15.93943913,36912531.93,2945500.6,2725708,11.0,Kuning (Perlu perhatian),80.36,1.09,19.59,5.38,5.07,58.77,4.85,True,True,2022,matched,no_data,Database Bulan + Tahun + Triwulan + MAP,baseline-v1,2026-07-03,Data untuk PHK Dashboard.xlsx; MAP_composite_all.xlsx
Kalimantan Barat,Kalimantan Barat,61,2022,7,2022-07-01,3,44.0,,100.11,,,20.67,288.58,-267.91,1439.261,51.3,3.5,14984,111.9,97.0,0,1131.0,41.23,5.11,68.97,58.77,2922.516,0.6672523074719834,1.104536796,15.93943913,37335063.72,2561641.6,2557523,11.0,Kuning (Perlu perhatian),80.36,1.09,19.59,5.38,5.07,58.77,4.85,True,True,2022,matched,reported,Database Bulan + Tahun + Triwulan + MAP,baseline-v1,2026-07-03,Data untuk PHK Dashboard.xlsx; MAP_composite_all.xlsx
Kalimantan Barat,Kalimantan Barat,61,2022,8,2022-08-01,3,,,100.05,,,258.82,35.52,223.3,1466.887,51.7,3.75,14851,100.4,96.9,0,1131.0,41.23,5.11,68.97,58.77,2922.516,0.6672523074719834,1.104536796,15.93943913,37335063.72,2561641.6,2557523,11.0,Kuning (Perlu perhatian),80.36,1.09,19.59,5.38,5.07,58.77,4.85,True,True,2022,matched,no_data,Database Bulan + Tahun + Triwulan + MAP,baseline-v1,2026-07-03,Data untuk PHK Dashboard.xlsx; MAP_composite_all.xlsx
Kalimantan Barat,Kalimantan Barat,61,2022,9,2022-09-01,3,44.0,,101.68,,,197.04,33.69,163.35,1455.483,53.7,4.25,14972,89.8,97.7,0,1131.0,41.23,5.11,68.97,58.77,2922.516,0.6672523074719834,1.104536796,15.93943913,37335063.72,2561641.6,2557523,11.0,Kuning (Perlu perhatian),80.36,1.09,19.59,5.38,5.07,58.77,4.85,True,True,2022,matched,reported,Database Bulan + Tahun + Triwulan + MAP,baseline-v1,2026-07-03,Data untuk PHK Dashboard.xlsx; MAP_composite_all.xlsx
Kalimantan Barat,Kalimantan Barat,61,2022,10,2022-10-01,4,44.0,0.0,101.87,,,194.16,19.02,175.14,1508.427,51.8,4.75,15417,93.3,97.7,34,1131.0,41.23,5.11,68.97,58.77,2922.516,0.6672523074719834,1.104536796,15.93943913,38011295.95,2519866.7,2557523,11.0,Kuning (Perlu perhatian),80.36,1.09,19.59,5.38,5.07,58.77,4.85,True,True,2022,matched,reported,Database Bulan + Tahun + Triwulan + MAP,baseline-v1,2026-07-03,Data untuk PHK Dashboard.xlsx; MAP_composite_all.xlsx
Kalimantan Barat,Kalimantan Barat,61,2022,11,2022-11-01,4,44.0,0.0,102.13,,,213.59,31.29,182.3,1367.698,50.3,5.25,15659,91.4,98.0,34,1131.0,41.23,5.11,68.97,58.77,2922.516,0.6672523074719834,1.104536796,15.93943913,38011295.95,2519866.7,2557523,11.0,Kuning (Perlu perhatian),80.36,1.09,19.59,5.38,5.07,58.77,4.85,True,True,2022,matched,reported,Database Bulan + Tahun + Triwulan + MAP,baseline-v1,2026-07-03,Data untuk PHK Dashboard.xlsx; MAP_composite_all.xlsx
Kalimantan Barat,Kalimantan Barat,61,2022,12,2022-12-01,4,1131.0,1087.0,102.46,,,197.44,35.26,162.18,1260.208,50.9,5.5,15615,80.9,98.7,34,1131.0,41.23,5.11,68.97,58.77,2922.516,0.6672523074719834,1.104536796,15.93943913,38011295.95,2519866.7,2557523,11.0,Kuning (Perlu perhatian),80.36,1.09,19.59,5.38,5.07,58.77,4.85,True,True,2022,matched,reported,Database Bulan + Tahun + Triwulan + MAP,baseline-v1,2026-07-03,Data untuk PHK Dashboard.xlsx; MAP_composite_all.xlsx
Kalimantan Barat,Kalimantan Barat,61,2023,1,2023-01-01,1,,,102.59,,,239.66,30.96,208.7,1247.865,51.3,5.75,15295,82.5,99.3,8,459.0,40.31,5.05,69.42,59.69,3181.013,8.845015733,1.137451169,15.65071931,37788380.0,2317604.6,2730308,15.0,Oranye (Risiko PHK),80.71,1.07,20.62,-2.23,4.46,59.69,4.98,True,True,2023,matched,no_data,Database Bulan + Tahun + Triwulan + MAP,baseline-v1,2026-07-03,Data untuk PHK Dashboard.xlsx; MAP_composite_all.xlsx
Kalimantan Barat,Kalimantan Barat,61,2023,2,2023-02-01,1,,0.0,102.86,,,237.61,14.96,222.65,1314.399,51.2,5.75,15126,82.6,99.6,34,459.0,40.31,5.05,69.42,59.69,3181.013,8.845015733,1.137451169,15.65071931,37788380.0,2317604.6,2730308,15.0,Oranye (Risiko PHK),80.71,1.07,20.62,-2.23,4.46,59.69,4.98,True,True,2023,matched,reported,Database Bulan + Tahun + Triwulan + MAP,baseline-v1,2026-07-03,Data untuk PHK Dashboard.xlsx; MAP_composite_all.xlsx
Kalimantan Barat,Kalimantan Barat,61,2023,3,2023-03-01,1,2.0,2.0,103.25,,,134.97,44.32,90.65,1285.73,51.9,5.75,15301,78.4,99.9,34,459.0,40.31,5.05,69.42,59.69,3181.013,8.845015733,1.137451169,15.65071931,37788380.0,2317604.6,2730308,15.0,Oranye (Risiko PHK),80.71,1.07,20.62,-2.23,4.46,59.69,4.98,True,True,2023,matched,reported,Database Bulan + Tahun + Triwulan + MAP,baseline-v1,2026-07-03,Data untuk PHK Dashboard.xlsx; MAP_composite_all.xlsx
Kalimantan Barat,Kalimantan Barat,61,2023,4,2023-04-01,2,2.0,0.0,103.75,,,168.3,43.11,125.19,1264.336,52.7,5.75,14867,84.6,100.0,34,459.0,40.31,5.05,69.42,59.69,3181.013,8.845015733,1.137451169,15.65071931,38387990.0,1795353.9,2730308,15.0,Oranye (Risiko PHK),80.71,1.07,20.62,-2.23,4.46,59.69,4.98,True,True,2023,matched,reported,Database Bulan + Tahun + Triwulan + MAP,baseline-v1,2026-07-03,Data untuk PHK Dashboard.xlsx; MAP_composite_all.xlsx
Kalimantan Barat,Kalimantan Barat,61,2023,5,2023-05-01,2,414.0,412.0,103.79,,,121.02,34.07,86.95,1269.717,50.3,5.75,14811,75.5,100.2,34,459.0,40.31,5.05,69.42,59.69,3181.013,8.845015733,1.137451169,15.65071931,38387990.0,1795353.9,2730308,15.0,Oranye (Risiko PHK),80.71,1.07,20.62,-2.23,4.46,59.69,4.98,True,True,2023,matched,reported,Database Bulan + Tahun + Triwulan + MAP,baseline-v1,2026-07-03,Data untuk PHK Dashboard.xlsx; MAP_composite_all.xlsx
Kalimantan Barat,Kalimantan Barat,61,2023,6,2023-06-01,2,414.0,0.0,104.06,,,199.92,34.44,165.48,1209.411,52.5,5.75,14932,74.8,100.3,34,459.0,40.31,5.05,69.42,59.69,3181.013,8.845015733,1.137451169,15.65071931,38387990.0,1795353.9,2730308,15.0,Oranye (Risiko PHK),80.71,1.07,20.62,-2.23,4.46,59.69,4.98,True,True,2023,matched,reported,Database Bulan + Tahun + Triwulan + MAP,baseline-v1,2026-07-03,Data untuk PHK Dashboard.xlsx; MAP_composite_all.xlsx
Kalimantan Barat,Kalimantan Barat,61,2023,7,2023-07-01,3,414.0,0.0,104.3,,,160.47,34.08,126.39,1329.816,53.3,5.75,15040,80.1,100.5,34,459.0,40.31,5.05,69.42,59.69,3181.013,8.845015733,1.137451169,15.65071931,38929570.0,2075562.2,2775245,15.0,Oranye (Risiko PHK),80.71,1.07,20.62,-2.23,4.46,59.69,4.98,True,True,2023,matched,reported,Database Bulan + Tahun + Triwulan + MAP,baseline-v1,2026-07-03,Data untuk PHK Dashboard.xlsx; MAP_composite_all.xlsx
Kalimantan Barat,Kalimantan Barat,61,2023,8,2023-08-01,3,414.0,0.0,104.16,,,176.0,51.41,124.59,1373.045,53.9,5.75,15245,86.1,100.5,34,459.0,40.31,5.05,69.42,59.69,3181.013,8.845015733,1.137451169,15.65071931,38929570.0,2075562.2,2775245,15.0,Oranye (Risiko PHK),80.71,1.07,20.62,-2.23,4.46,59.69,4.98,True,True,2023,matched,reported,Database Bulan + Tahun + Triwulan + MAP,baseline-v1,2026-07-03,Data untuk PHK Dashboard.xlsx; MAP_composite_all.xlsx
Kalimantan Barat,Kalimantan Barat,61,2023,9,2023-09-01,3,414.0,0.0,104.14,,,160.93,42.91,118.02,1359.209,52.3,5.75,15354,"93,7",100.9,34,459.0,40.31,5.05,69.42,59.69,3181.013,8.845015733,1.137451169,15.65071931,38929570.0,2075562.2,2775245,15.0,Oranye (Risiko PHK),80.71,1.07,20.62,-2.23,4.46,59.69,4.98,True,True,2023,matched,reported,Database Bulan + Tahun + Triwulan + MAP,baseline-v1,2026-07-03,Data untuk PHK Dashboard.xlsx; MAP_composite_all.xlsx
Kalimantan Barat,Kalimantan Barat,61,2023,10,2023-10-01,4,414.0,0.0,104.39,,,208.73,62.8,145.93,1371.364,51.5,6.0,15741,90.6,101.2,34,459.0,40.31,5.05,69.42,59.69,3181.013,8.845015733,1.137451169,15.65071931,39874870.0,1269150.2,2775245,15.0,Oranye (Risiko PHK),80.71,1.07,20.62,-2.23,4.46,59.69,4.98,True,True,2023,matched,reported,Database Bulan + Tahun + Triwulan + MAP,baseline-v1,2026-07-03,Data untuk PHK Dashboard.xlsx; MAP_composite_all.xlsx
Kalimantan Barat,Kalimantan Barat,61,2023,11,2023-11-01,4,459.0,45.0,104.65,,,161.46,41.78,119.68,1325.649,51.7,6.0,15617,82.9,101.4,34,459.0,40.31,5.05,69.42,59.69,3181.013,8.845015733,1.137451169,15.65071931,39874870.0,1269150.2,2775245,15.0,Oranye (Risiko PHK),80.71,1.07,20.62,-2.23,4.46,59.69,4.98,True,True,2023,matched,reported,Database Bulan + Tahun + Triwulan + MAP,baseline-v1,2026-07-03,Data untuk PHK Dashboard.xlsx; MAP_composite_all.xlsx
Kalimantan Barat,Kalimantan Barat,61,2023,12,2023-12-01,4,459.0,0.0,105.02,,,155.16,22.34,132.82,1257.449,52.2,6.0,15513,77.6,101.8,34,459.0,40.31,5.05,69.42,59.69,3181.013,8.845015733,1.137451169,15.65071931,39874870.0,1269150.2,2775245,15.0,Oranye (Risiko PHK),80.71,1.07,20.62,-2.23,4.46,59.69,4.98,True,True,2023,matched,reported,Database Bulan + Tahun + Triwulan + MAP,baseline-v1,2026-07-03,Data untuk PHK Dashboard.xlsx; MAP_composite_all.xlsx
Kalimantan Barat,Kalimantan Barat,61,2024,1,2024-01-01,1,,,105.41,2.75,0.37,164.44,31.71,132.73,1454.764,52.9,6.0,15611,80.1,102.1,9,786.0,43.98,4.86,70.44,,3261.616,2.533878359,1.123122414,15.39884791,39670920.0,1993858.6,2756918,12.0,Kuning (Perlu perhatian),80.24,1.07,21.15,9.09,4.9,56.02,5.06,True,True,2024,matched,no_data,Database Bulan + Tahun + Triwulan + MAP,baseline-v1,2026-07-03,Data untuk PHK Dashboard.xlsx; MAP_composite_all.xlsx
Kalimantan Barat,Kalimantan Barat,61,2024,2,2024-02-01,1,,0.0,105.49,2.56,0.08,137.79,51.42,86.37,1409.962,52.7,6.0,15665,83.5,103.0,34,786.0,43.98,4.86,70.44,,3261.616,2.533878359,1.123122414,15.39884791,39670920.0,1993858.6,2756918,12.0,Kuning (Perlu perhatian),80.24,1.07,21.15,9.09,4.9,56.02,5.06,True,True,2024,matched,reported,Database Bulan + Tahun + Triwulan + MAP,baseline-v1,2026-07-03,Data untuk PHK Dashboard.xlsx; MAP_composite_all.xlsx
Kalimantan Barat,Kalimantan Barat,61,2024,3,2024-03-01,1,,0.0,105.84,2.51,0.33,155.29,101.59,53.7,1361.592,54.2,6.0,15703,85.4,103.5,34,786.0,43.98,4.86,70.44,,3261.616,2.533878359,1.123122414,15.39884791,39670920.0,1993858.6,2756918,12.0,Kuning (Perlu perhatian),80.24,1.07,21.15,9.09,4.9,56.02,5.06,True,True,2024,matched,reported,Database Bulan + Tahun + Triwulan + MAP,baseline-v1,2026-07-03,Data untuk PHK Dashboard.xlsx; MAP_composite_all.xlsx
Kalimantan Barat,Kalimantan Barat,61,2024,4,2024-04-01,2,,0.0,106.57,2.72,0.69,134.74,33.74,101,1511.657,52.9,6.25,16100,89.9,103.4,34,786.0,43.98,4.86,70.44,,3261.616,2.533878359,1.123122414,15.39884791,40214060.0,2259878.8,2756918,12.0,Kuning (Perlu perhatian),80.24,1.07,21.15,9.09,4.9,56.02,5.06,True,True,2024,matched,reported,Database Bulan + Tahun + Triwulan + MAP,baseline-v1,2026-07-03,Data untuk PHK Dashboard.xlsx; MAP_composite_all.xlsx
Kalimantan Barat,Kalimantan Barat,61,2024,5,2024-05-01,2,785.0,785.0,106.74,2.84,0.16,154.54,73.65,80.89,1667.843,52.1,6.25,16084,81.7,103.3,34,786.0,43.98,4.86,70.44,,3261.616,2.533878359,1.123122414,15.39884791,40214060.0,2259878.8,2756918,12.0,Kuning (Perlu perhatian),80.24,1.07,21.15,9.09,4.9,56.02,5.06,True,True,2024,matched,reported,Database Bulan + Tahun + Triwulan + MAP,baseline-v1,2026-07-03,Data untuk PHK Dashboard.xlsx; MAP_composite_all.xlsx
Kalimantan Barat,Kalimantan Barat,61,2024,6,2024-06-01,2,785.0,0.0,106.43,2.28,-0.29,185.32,25.19,160.13,1674.727,50.7,6.25,16329,82.2,103.3,34,786.0,43.98,4.86,70.44,,3261.616,2.533878359,1.123122414,15.39884791,40214060.0,2259878.8,2756918,12.0,Kuning (Perlu perhatian),80.24,1.07,21.15,9.09,4.9,56.02,5.06,True,True,2024,matched,reported,Database Bulan + Tahun + Triwulan + MAP,baseline-v1,2026-07-03,Data untuk PHK Dashboard.xlsx; MAP_composite_all.xlsx
Kalimantan Barat,Kalimantan Barat,61,2024,7,2024-07-01,3,786.0,1.0,105.95,1.58,-0.45,178.23,76.41,101.82,1716.201,49.3,6.25,16262,85.2,103.2,34,786.0,43.98,4.86,70.44,,3261.616,2.533878359,1.123122414,15.39884791,40827230.0,2494809.8,2863521,12.0,Kuning (Perlu perhatian),80.24,1.07,21.15,9.09,4.9,56.02,5.06,True,True,2024,matched,reported,Database Bulan + Tahun + Triwulan + MAP,baseline-v1,2026-07-03,Data untuk PHK Dashboard.xlsx; MAP_composite_all.xlsx
Kalimantan Barat,Kalimantan Barat,61,2024,8,2024-08-01,3,786.0,0.0,105.69,1.47,-0.25,166.39,61.34,105.05,1675.713,48.9,6.25,15793,80.4,103.1,34,786.0,43.98,4.86,70.44,,3261.616,2.533878359,1.123122414,15.39884791,40827230.0,2494809.8,2863521,12.0,Kuning (Perlu perhatian),80.24,1.07,21.15,9.09,4.9,56.02,5.06,True,True,2024,matched,reported,Database Bulan + Tahun + Triwulan + MAP,baseline-v1,2026-07-03,Data untuk PHK Dashboard.xlsx; MAP_composite_all.xlsx
Kalimantan Barat,Kalimantan Barat,61,2024,9,2024-09-01,3,786.0,0.0,106.0,1.79,0.29,223.81,63.22,160.59,1680.456,49.2,6.0,15341,74,102.9,34,786.0,43.98,4.86,70.44,,3261.616,2.533878359,1.123122414,15.39884791,40827230.0,2494809.8,2863521,12.0,Kuning (Perlu perhatian),80.24,1.07,21.15,9.09,4.9,56.02,5.06,True,True,2024,matched,reported,Database Bulan + Tahun + Triwulan + MAP,baseline-v1,2026-07-03,Data untuk PHK Dashboard.xlsx; MAP_composite_all.xlsx
Kalimantan Barat,Kalimantan Barat,61,2024,10,2024-10-01,4,786.0,0.0,106.04,1.58,0.04,193.81,68.72,125.09,1709.838,49.2,6.0,15541,75.6,102.8,34,786.0,43.98,4.86,70.44,,3261.616,2.533878359,1.123122414,15.39884791,41862260.0,3016330.9,2863521,12.0,Kuning (Perlu perhatian),80.24,1.07,21.15,9.09,4.9,56.02,5.06,True,True,2024,matched,reported,Database Bulan + Tahun + Triwulan + MAP,baseline-v1,2026-07-03,Data untuk PHK Dashboard.xlsx; MAP_composite_all.xlsx
Kalimantan Barat,Kalimantan Barat,61,2024,11,2024-11-01,4,786.0,0.0,106.33,1.61,0.27,188.77,50.6,138.17,1691.559,49.6,6.0,15812,74.3,103.0,34,786.0,43.98,4.86,70.44,,3261.616,2.533878359,1.123122414,15.39884791,41862260.0,3016330.9,2863521,12.0,Kuning (Perlu perhatian),80.24,1.07,21.15,9.09,4.9,56.02,5.06,True,True,2024,matched,reported,Database Bulan + Tahun + Triwulan + MAP,baseline-v1,2026-07-03,Data untuk PHK Dashboard.xlsx; MAP_composite_all.xlsx
Kalimantan Barat,Kalimantan Barat,61,2024,12,2024-12-01,4,786.0,0.0,106.82,1.71,0.46,229.14,69.0,160.14,1621.15,51.2,6.0,16024,73.9,103.4,34,786.0,43.98,4.86,70.44,,3261.616,2.533878359,1.123122414,15.39884791,41862260.0,3016330.9,2863521,12.0,Kuning (Perlu perhatian),80.24,1.07,21.15,9.09,4.9,56.02,5.06,True,True,2024,matched,reported,Database Bulan + Tahun + Triwulan + MAP,baseline-v1,2026-07-03,Data untuk PHK Dashboard.xlsx; MAP_composite_all.xlsx
Kalimantan Barat,Kalimantan Barat,61,2025,1,2025-01-01,1,69.0,69.0,105.57,0.15,-1.17,211.6,30.29,181.31,1731.612,51.9,5.75,16262,79.3,104.2,34,2577.0,43.61,4.82,70.9,,3473.62104,6.5,1.168738664,15.1047769,41654680.0,3422564.6,2791377,12.0,Kuning (Perlu perhatian),80.24,1.07,21.15,9.09,4.9,56.02,5.06,True,True,2024,matched,reported,Database Bulan + Tahun + Triwulan + MAP,baseline-v1,2026-07-03,Data untuk PHK Dashboard.xlsx; MAP_composite_all.xlsx
Kalimantan Barat,Kalimantan Barat,61,2025,2,2025-02-01,1,1259.0,1190.0,105.53,0.04,-0.04,197.91,33.85,164.06,1775.337,53.6,5.75,16338,75.4,104.3,34,2577.0,43.61,4.82,70.9,,3473.62104,6.5,1.168738664,15.1047769,41654680.0,3422564.6,2791377,12.0,Kuning (Perlu perhatian),80.24,1.07,21.15,9.09,4.9,56.02,5.06,True,True,2024,matched,reported,Database Bulan + Tahun + Triwulan + MAP,baseline-v1,2026-07-03,Data untuk PHK Dashboard.xlsx; MAP_composite_all.xlsx
Kalimantan Barat,Kalimantan Barat,61,2025,3,2025-03-01,1,1475.0,216.0,106.83,0.94,1.23,188.28,30.37,157.91,1759.689,52.4,5.75,16456,72.7,105.1,34,2577.0,43.61,4.82,70.9,,3473.62104,6.5,1.168738664,15.1047769,41654680.0,3422564.6,2791377,12.0,Kuning (Perlu perhatian),80.24,1.07,21.15,9.09,4.9,56.02,5.06,True,True,2024,matched,reported,Database Bulan + Tahun + Triwulan + MAP,baseline-v1,2026-07-03,Data untuk PHK Dashboard.xlsx; MAP_composite_all.xlsx
Kalimantan Barat,Kalimantan Barat,61,2025,4,2025-04-01,2,1556.0,81.0,107.85,1.2,0.95,175.9,28.7,147.2,1810.735,46.7,5.75,16820,68.1,105.1,34,2577.0,43.61,4.82,70.9,,3473.62104,6.5,1.168738664,15.1047769,42463760.0,6808121.9,2791377,12.0,Kuning (Perlu perhatian),80.24,1.07,21.15,9.09,4.9,56.02,5.06,True,True,2024,matched,reported,Database Bulan + Tahun + Triwulan + MAP,baseline-v1,2026-07-03,Data untuk PHK Dashboard.xlsx; MAP_composite_all.xlsx
Kalimantan Barat,Kalimantan Barat,61,2025,5,2025-05-01,2,1914.0,358.0,107.37,0.59,-0.45,185.37,40.53,144.84,1856.708,47.4,5.5,16441,64.5,104.6,34,2577.0,43.61,4.82,70.9,,3473.62104,6.5,1.168738664,15.1047769,42463760.0,6808121.9,2791377,12.0,Kuning (Perlu perhatian),80.24,1.07,21.15,9.09,4.9,56.02,5.06,True,True,2024,matched,reported,Database Bulan + Tahun + Triwulan + MAP,baseline-v1,2026-07-03,Data untuk PHK Dashboard.xlsx; MAP_composite_all.xlsx
Kalimantan Barat,Kalimantan Barat,61,2025,6,2025-06-01,2,1977.0,63.0,107.71,1.2,0.32,179.81,34.16,145.65,1856.001,46.9,5.5,16311,71.4,104.7,34,2577.0,43.61,4.82,70.9,,3473.62104,6.5,1.168738664,15.1047769,42463760.0,6808121.9,2791377,12.0,Kuning (Perlu perhatian),80.24,1.07,21.15,9.09,4.9,56.02,5.06,True,True,2024,matched,reported,Database Bulan + Tahun + Triwulan + MAP,baseline-v1,2026-07-03,Data untuk PHK Dashboard.xlsx; MAP_composite_all.xlsx
Kalimantan Barat,Kalimantan Barat,61,2025,7,2025-07-01,3,2117.0,140.0,108.22,2.14,0.47,163.09,43.61,119.48,1846.223,49.2,5.25,16276,71,105.2,34,2577.0,43.61,4.82,70.9,,3473.62104,6.5,1.168738664,15.1047769,42996980.0,8376619.8,2930432,12.0,Kuning (Perlu perhatian),80.24,1.07,21.15,9.09,4.9,56.02,5.06,True,True,2024,matched,reported,Database Bulan + Tahun + Triwulan + MAP,baseline-v1,2026-07-03,Data untuk PHK Dashboard.xlsx; MAP_composite_all.xlsx
Kalimantan Barat,Kalimantan Barat,61,2025,8,2025-08-01,3,2170.0,53.0,107.94,2.13,-0.26,202.02,112.28,89.74,1792.209,51.5,5.0,16309,67.9,105.2,34,2577.0,43.61,4.82,70.9,,3473.62104,6.5,1.168738664,15.1047769,42996980.0,8376619.8,2930432,12.0,Kuning (Perlu perhatian),80.24,1.07,21.15,9.09,4.9,56.02,5.06,True,True,2024,matched,reported,Database Bulan + Tahun + Triwulan + MAP,baseline-v1,2026-07-03,Data untuk PHK Dashboard.xlsx; MAP_composite_all.xlsx
Kalimantan Barat,Kalimantan Barat,61,2025,9,2025-09-01,3,2232.0,62.0,108.06,1.94,0.11,113.14,91.25,21.89,1563.763,50.4,4.75,16512,68,105.3,34,2577.0,43.61,4.82,70.9,,3473.62104,6.5,1.168738664,15.1047769,42996980.0,8376619.8,2930432,12.0,Kuning (Perlu perhatian),80.24,1.07,21.15,9.09,4.9,56.02,5.06,True,True,2024,matched,reported,Database Bulan + Tahun + Triwulan + MAP,baseline-v1,2026-07-03,Data untuk PHK Dashboard.xlsx; MAP_composite_all.xlsx
Kalimantan Barat,Kalimantan Barat,61,2025,10,2025-10-01,4,2318.0,86.0,108.24,2.07,0.17,139.58,85.38,54.2,1583.005,51.2,4.75,16607,64.5,105.5,34,2577.0,43.61,4.82,70.9,,3473.62104,6.5,1.168738664,15.1047769,44215260.0,16507321.5,2930432,12.0,Kuning (Perlu perhatian),80.24,1.07,21.15,9.09,4.9,56.02,5.06,True,True,2024,matched,reported,Database Bulan + Tahun + Triwulan + MAP,baseline-v1,2026-07-03,Data untuk PHK Dashboard.xlsx; MAP_composite_all.xlsx
Kalimantan Barat,Kalimantan Barat,61,2025,11,2025-11-01,4,2559.0,241.0,108.5,2.04,0.24,195.44,51.02,144.42,1548.404,53.3,4.75,16703,63.8,105.4,34,2577.0,43.61,4.82,70.9,,3473.62104,6.5,1.168738664,15.1047769,44215260.0,16507321.5,2930432,12.0,Kuning (Perlu perhatian),80.24,1.07,21.15,9.09,4.9,56.02,5.06,True,True,2024,matched,reported,Database Bulan + Tahun + Triwulan + MAP,baseline-v1,2026-07-03,Data untuk PHK Dashboard.xlsx; MAP_composite_all.xlsx
Kalimantan Barat,Kalimantan Barat,61,2025,12,2025-12-01,4,2577.0,18.0,108.8,1.85,0.28,197.53,69.1,128.43,1465.867,51.2,4.75,16699,62.5,106.3,27,2577.0,43.61,4.82,70.9,,3473.62104,6.5,1.168738664,15.1047769,44215260.0,16507321.5,2930432,12.0,Kuning (Perlu perhatian),80.24,1.07,21.15,9.09,4.9,56.02,5.06,True,True,2024,matched,reported,Database Bulan + Tahun + Triwulan + MAP,baseline-v1,2026-07-03,Data untuk PHK Dashboard.xlsx; MAP_composite_all.xlsx
Kalimantan Selatan,Kalimantan Selatan,63,2022,1,2022-01-01,1,,,97.96,,,446.29,32.27,414.02,1401.803,53.7,3.5,14335,86.5,94.0,0,1199.0,42.7,4.74,67.55,57.3,3014.49722,1.1108451193345843,1.040024765,12.54421621,33054590.77,448396.8,2039831,12.0,Kuning (Perlu perhatian),78.87,1.0,26.23,5.77,5.11,57.3,8.14,True,True,2022,matched,no_data,Database Bulan + Tahun + Triwulan + MAP,baseline-v1,2026-07-03,Data untuk PHK Dashboard.xlsx; MAP_composite_all.xlsx
Kalimantan Selatan,Kalimantan Selatan,63,2022,2,2022-02-01,1,,,97.68,,,827.6,86.97,740.63,1402.086,51.2,3.5,14351,97.1,94.0,0,1199.0,42.7,4.74,67.55,57.3,3014.49722,1.1108451193345843,1.040024765,12.54421621,33054590.77,448396.8,2039831,12.0,Kuning (Perlu perhatian),78.87,1.0,26.23,5.77,5.11,57.3,8.14,True,True,2022,matched,no_data,Database Bulan + Tahun + Triwulan + MAP,baseline-v1,2026-07-03,Data untuk PHK Dashboard.xlsx; MAP_composite_all.xlsx
Kalimantan Selatan,Kalimantan Selatan,63,2022,3,2022-03-01,1,,,98.22,,,1258.54,100.41,1158.13,1424.469,51.3,3.5,14349,117.2,94.7,0,1199.0,42.7,4.74,67.55,57.3,3014.49722,1.1108451193345843,1.040024765,12.54421621,33054590.77,448396.8,2039831,12.0,Kuning (Perlu perhatian),78.87,1.0,26.23,5.77,5.11,57.3,8.14,True,True,2022,matched,no_data,Database Bulan + Tahun + Triwulan + MAP,baseline-v1,2026-07-03,Data untuk PHK Dashboard.xlsx; MAP_composite_all.xlsx
Kalimantan Selatan,Kalimantan Selatan,63,2022,4,2022-04-01,2,,,99.0,,,1507.01,111.14,1395.87,1548.063,51.9,3.5,14369,104.6,95.6,0,1199.0,42.7,4.74,67.55,57.3,3014.49722,1.1108451193345843,1.040024765,12.54421621,35652972.15,789327.7,2039831,12.0,Kuning (Perlu perhatian),78.87,1.0,26.23,5.77,5.11,57.3,8.14,True,True,2022,matched,no_data,Database Bulan + Tahun + Triwulan + MAP,baseline-v1,2026-07-03,Data untuk PHK Dashboard.xlsx; MAP_composite_all.xlsx
Kalimantan Selatan,Kalimantan Selatan,63,2022,5,2022-05-01,2,,,99.5,,,1313.52,74.34,1239.18,1592.991,50.8,3.5,14608,113.3,95.9,0,1199.0,42.7,4.74,67.55,57.3,3014.49722,1.1108451193345843,1.040024765,12.54421621,35652972.15,789327.7,2039831,12.0,Kuning (Perlu perhatian),78.87,1.0,26.23,5.77,5.11,57.3,8.14,True,True,2022,matched,no_data,Database Bulan + Tahun + Triwulan + MAP,baseline-v1,2026-07-03,Data untuk PHK Dashboard.xlsx; MAP_composite_all.xlsx
Kalimantan Selatan,Kalimantan Selatan,63,2022,6,2022-06-01,2,,,100.1,,,1729.52,134.29,1595.23,1546.397,50.2,3.5,14689,122.7,96.6,0,1199.0,42.7,4.74,67.55,57.3,3014.49722,1.1108451193345843,1.040024765,12.54421621,35652972.15,789327.7,2039831,12.0,Kuning (Perlu perhatian),78.87,1.0,26.23,5.77,5.11,57.3,8.14,True,True,2022,matched,no_data,Database Bulan + Tahun + Triwulan + MAP,baseline-v1,2026-07-03,Data untuk PHK Dashboard.xlsx; MAP_composite_all.xlsx
Kalimantan Selatan,Kalimantan Selatan,63,2022,7,2022-07-01,3,58.0,,100.24,,,153.56,1540.94,-1387.38,1547.737,51.3,3.5,14984,111.9,97.0,0,1199.0,42.7,4.74,67.55,57.3,3014.49722,1.1108451193345843,1.040024765,12.54421621,36868591.38,959842.1,2092225,12.0,Kuning (Perlu perhatian),78.87,1.0,26.23,5.77,5.11,57.3,8.14,True,True,2022,matched,reported,Database Bulan + Tahun + Triwulan + MAP,baseline-v1,2026-07-03,Data untuk PHK Dashboard.xlsx; MAP_composite_all.xlsx
Kalimantan Selatan,Kalimantan Selatan,63,2022,8,2022-08-01,3,,,99.82,,,1640.39,200.07,1440.32,1519.7,51.7,3.75,14851,100.4,96.9,0,1199.0,42.7,4.74,67.55,57.3,3014.49722,1.1108451193345843,1.040024765,12.54421621,36868591.38,959842.1,2092225,12.0,Kuning (Perlu perhatian),78.87,1.0,26.23,5.77,5.11,57.3,8.14,True,True,2022,matched,no_data,Database Bulan + Tahun + Triwulan + MAP,baseline-v1,2026-07-03,Data untuk PHK Dashboard.xlsx; MAP_composite_all.xlsx
Kalimantan Selatan,Kalimantan Selatan,63,2022,9,2022-09-01,3,943.0,,101.46,,,1478.56,192.42,1286.14,1474.518,53.7,4.25,14972,89.8,97.7,0,1199.0,42.7,4.74,67.55,57.3,3014.49722,1.1108451193345843,1.040024765,12.54421621,36868591.38,959842.1,2092225,12.0,Kuning (Perlu perhatian),78.87,1.0,26.23,5.77,5.11,57.3,8.14,True,True,2022,matched,reported,Database Bulan + Tahun + Triwulan + MAP,baseline-v1,2026-07-03,Data untuk PHK Dashboard.xlsx; MAP_composite_all.xlsx
Kalimantan Selatan,Kalimantan Selatan,63,2022,10,2022-10-01,4,943.0,0.0,101.64,,,1571.92,196.72,1375.2,1564.874,51.8,4.75,15417,93.3,97.7,34,1199.0,42.7,4.74,67.55,57.3,3014.49722,1.1108451193345843,1.040024765,12.54421621,36763067.43,907526.0,2092225,12.0,Kuning (Perlu perhatian),78.87,1.0,26.23,5.77,5.11,57.3,8.14,True,True,2022,matched,reported,Database Bulan + Tahun + Triwulan + MAP,baseline-v1,2026-07-03,Data untuk PHK Dashboard.xlsx; MAP_composite_all.xlsx
Kalimantan Selatan,Kalimantan Selatan,63,2022,11,2022-11-01,4,1199.0,256.0,101.86,,,1552.35,82.13,1470.22,1498.551,50.3,5.25,15659,91.4,98.0,34,1199.0,42.7,4.74,67.55,57.3,3014.49722,1.1108451193345843,1.040024765,12.54421621,36763067.43,907526.0,2092225,12.0,Kuning (Perlu perhatian),78.87,1.0,26.23,5.77,5.11,57.3,8.14,True,True,2022,matched,reported,Database Bulan + Tahun + Triwulan + MAP,baseline-v1,2026-07-03,Data untuk PHK Dashboard.xlsx; MAP_composite_all.xlsx
Kalimantan Selatan,Kalimantan Selatan,63,2022,12,2022-12-01,4,1199.0,0.0,102.54,,,1351.18,177.26,1173.92,1460.922,50.9,5.5,15615,80.9,98.7,34,1199.0,42.7,4.74,67.55,57.3,3014.49722,1.1108451193345843,1.040024765,12.54421621,36763067.43,907526.0,2092225,12.0,Kuning (Perlu perhatian),78.87,1.0,26.23,5.77,5.11,57.3,8.14,True,True,2022,matched,reported,Database Bulan + Tahun + Triwulan + MAP,baseline-v1,2026-07-03,Data untuk PHK Dashboard.xlsx; MAP_composite_all.xlsx
Kalimantan Selatan,Kalimantan Selatan,63,2023,1,2023-01-01,1,,,102.8,,,1365.9,91.2,1274.7,1547.294,51.3,5.75,15295,82.5,99.3,8,2284.0,44.75,4.31,69.76,55.25,3201.396047,6.199999979,1.043859516,12.32695219,34756700.0,794943.2,2075988,13.0,Kuning (Perlu perhatian),79.43,0.97,27.19,4.8,4.84,55.25,8.32,True,True,2023,matched,no_data,Database Bulan + Tahun + Triwulan + MAP,baseline-v1,2026-07-03,Data untuk PHK Dashboard.xlsx; MAP_composite_all.xlsx
Kalimantan Selatan,Kalimantan Selatan,63,2023,2,2023-02-01,1,,0.0,103.31,,,1110.06,103.32,1006.74,1571.74,51.2,5.75,15126,82.6,99.6,34,2284.0,44.75,4.31,69.76,55.25,3201.396047,6.199999979,1.043859516,12.32695219,34756700.0,794943.2,2075988,13.0,Kuning (Perlu perhatian),79.43,0.97,27.19,4.8,4.84,55.25,8.32,True,True,2023,matched,reported,Database Bulan + Tahun + Triwulan + MAP,baseline-v1,2026-07-03,Data untuk PHK Dashboard.xlsx; MAP_composite_all.xlsx
Kalimantan Selatan,Kalimantan Selatan,63,2023,3,2023-03-01,1,,0.0,103.65,,,1331.23,82.31,1248.92,1448.865,51.9,5.75,15301,78.4,99.9,34,2284.0,44.75,4.31,69.76,55.25,3201.396047,6.199999979,1.043859516,12.32695219,34756700.0,794943.2,2075988,13.0,Kuning (Perlu perhatian),79.43,0.97,27.19,4.8,4.84,55.25,8.32,True,True,2023,matched,reported,Database Bulan + Tahun + Triwulan + MAP,baseline-v1,2026-07-03,Data untuk PHK Dashboard.xlsx; MAP_composite_all.xlsx
Kalimantan Selatan,Kalimantan Selatan,63,2023,4,2023-04-01,2,,0.0,103.96,,,1122.92,89.56,1033.36,1500.502,52.7,5.75,14867,84.6,100.0,34,2284.0,44.75,4.31,69.76,55.25,3201.396047,6.199999979,1.043859516,12.32695219,37429190.0,1753290.0,2075988,13.0,Kuning (Perlu perhatian),79.43,0.97,27.19,4.8,4.84,55.25,8.32,True,True,2023,matched,reported,Database Bulan + Tahun + Triwulan + MAP,baseline-v1,2026-07-03,Data untuk PHK Dashboard.xlsx; MAP_composite_all.xlsx
Kalimantan Selatan,Kalimantan Selatan,63,2023,5,2023-05-01,2,,0.0,104.33,,,1123.27,126.13,997.14,1567.077,50.3,5.75,14811,75.5,100.2,34,2284.0,44.75,4.31,69.76,55.25,3201.396047,6.199999979,1.043859516,12.32695219,37429190.0,1753290.0,2075988,13.0,Kuning (Perlu perhatian),79.43,0.97,27.19,4.8,4.84,55.25,8.32,True,True,2023,matched,reported,Database Bulan + Tahun + Triwulan + MAP,baseline-v1,2026-07-03,Data untuk PHK Dashboard.xlsx; MAP_composite_all.xlsx
Kalimantan Selatan,Kalimantan Selatan,63,2023,6,2023-06-01,2,727.0,727.0,104.29,,,1051.66,81.93,969.73,1518.516,52.5,5.75,14932,74.8,100.3,34,2284.0,44.75,4.31,69.76,55.25,3201.396047,6.199999979,1.043859516,12.32695219,37429190.0,1753290.0,2075988,13.0,Kuning (Perlu perhatian),79.43,0.97,27.19,4.8,4.84,55.25,8.32,True,True,2023,matched,reported,Database Bulan + Tahun + Triwulan + MAP,baseline-v1,2026-07-03,Data untuk PHK Dashboard.xlsx; MAP_composite_all.xlsx
Kalimantan Selatan,Kalimantan Selatan,63,2023,7,2023-07-01,3,1883.0,1156.0,104.33,,,970.42,83.74,886.68,1619.924,53.3,5.75,15040,80.1,100.5,34,2284.0,44.75,4.31,69.76,55.25,3201.396047,6.199999979,1.043859516,12.32695219,38557670.0,1779642.9,2079681,13.0,Kuning (Perlu perhatian),79.43,0.97,27.19,4.8,4.84,55.25,8.32,True,True,2023,matched,reported,Database Bulan + Tahun + Triwulan + MAP,baseline-v1,2026-07-03,Data untuk PHK Dashboard.xlsx; MAP_composite_all.xlsx
Kalimantan Selatan,Kalimantan Selatan,63,2023,8,2023-08-01,3,1911.0,28.0,104.1,,,878.68,93.41,785.27,1595.259,53.9,5.75,15245,86.1,100.5,34,2284.0,44.75,4.31,69.76,55.25,3201.396047,6.199999979,1.043859516,12.32695219,38557670.0,1779642.9,2079681,13.0,Kuning (Perlu perhatian),79.43,0.97,27.19,4.8,4.84,55.25,8.32,True,True,2023,matched,reported,Database Bulan + Tahun + Triwulan + MAP,baseline-v1,2026-07-03,Data untuk PHK Dashboard.xlsx; MAP_composite_all.xlsx
Kalimantan Selatan,Kalimantan Selatan,63,2023,9,2023-09-01,3,1987.0,76.0,103.89,,,852.69,151.56,701.13,1562.987,52.3,5.75,15354,"93,7",100.9,34,2284.0,44.75,4.31,69.76,55.25,3201.396047,6.199999979,1.043859516,12.32695219,38557670.0,1779642.9,2079681,13.0,Kuning (Perlu perhatian),79.43,0.97,27.19,4.8,4.84,55.25,8.32,True,True,2023,matched,reported,Database Bulan + Tahun + Triwulan + MAP,baseline-v1,2026-07-03,Data untuk PHK Dashboard.xlsx; MAP_composite_all.xlsx
Kalimantan Selatan,Kalimantan Selatan,63,2023,10,2023-10-01,4,2176.0,189.0,104.23,,,1119.61,188.18,931.43,1562.954,51.5,6.0,15741,90.6,101.2,34,2284.0,44.75,4.31,69.76,55.25,3201.396047,6.199999979,1.043859516,12.32695219,38482540.0,638209.2,2079681,13.0,Kuning (Perlu perhatian),79.43,0.97,27.19,4.8,4.84,55.25,8.32,True,True,2023,matched,reported,Database Bulan + Tahun + Triwulan + MAP,baseline-v1,2026-07-03,Data untuk PHK Dashboard.xlsx; MAP_composite_all.xlsx
Kalimantan Selatan,Kalimantan Selatan,63,2023,11,2023-11-01,4,2201.0,25.0,104.55,,,1243.08,148.49,1094.59,1532.171,51.7,6.0,15617,82.9,101.4,34,2284.0,44.75,4.31,69.76,55.25,3201.396047,6.199999979,1.043859516,12.32695219,38482540.0,638209.2,2079681,13.0,Kuning (Perlu perhatian),79.43,0.97,27.19,4.8,4.84,55.25,8.32,True,True,2023,matched,reported,Database Bulan + Tahun + Triwulan + MAP,baseline-v1,2026-07-03,Data untuk PHK Dashboard.xlsx; MAP_composite_all.xlsx
Kalimantan Selatan,Kalimantan Selatan,63,2023,12,2023-12-01,4,2284.0,83.0,105.09,,,1080.34,179.75,900.59,1421.494,52.2,6.0,15513,77.6,101.8,34,2284.0,44.75,4.31,69.76,55.25,3201.396047,6.199999979,1.043859516,12.32695219,38482540.0,638209.2,2079681,13.0,Kuning (Perlu perhatian),79.43,0.97,27.19,4.8,4.84,55.25,8.32,True,True,2023,matched,reported,Database Bulan + Tahun + Triwulan + MAP,baseline-v1,2026-07-03,Data untuk PHK Dashboard.xlsx; MAP_composite_all.xlsx
Kalimantan Selatan,Kalimantan Selatan,63,2024,1,2024-01-01,1,,,105.67,2.79,0.55,1003.43,172.13,831.3,1458.65,52.9,6.0,15611,80.1,102.1,9,864.0,46.44,4.2,70.22,,3360.858,4.981012991,1.037415199,12.301263,36488710.0,1709787.4,2098388,12.0,Kuning (Perlu perhatian),79.52,0.99,27.15,3.79,5.05,53.56,7.66,True,True,2024,matched,no_data,Database Bulan + Tahun + Triwulan + MAP,baseline-v1,2026-07-03,Data untuk PHK Dashboard.xlsx; MAP_composite_all.xlsx
Kalimantan Selatan,Kalimantan Selatan,63,2024,2,2024-02-01,1,,0.0,105.66,2.27,-0.01,908.8,192.14,716.66,1530.493,52.7,6.0,15665,83.5,103.0,34,864.0,46.44,4.2,70.22,,3360.858,4.981012991,1.037415199,12.301263,36488710.0,1709787.4,2098388,12.0,Kuning (Perlu perhatian),79.52,0.99,27.15,3.79,5.05,53.56,7.66,True,True,2024,matched,reported,Database Bulan + Tahun + Triwulan + MAP,baseline-v1,2026-07-03,Data untuk PHK Dashboard.xlsx; MAP_composite_all.xlsx
Kalimantan Selatan,Kalimantan Selatan,63,2024,3,2024-03-01,1,,0.0,106.32,2.58,0.62,1083.65,266.84,816.81,1571.163,54.2,6.0,15703,85.4,103.5,34,864.0,46.44,4.2,70.22,,3360.858,4.981012991,1.037415199,12.301263,36488710.0,1709787.4,2098388,12.0,Kuning (Perlu perhatian),79.52,0.99,27.15,3.79,5.05,53.56,7.66,True,True,2024,matched,reported,Database Bulan + Tahun + Triwulan + MAP,baseline-v1,2026-07-03,Data untuk PHK Dashboard.xlsx; MAP_composite_all.xlsx
Kalimantan Selatan,Kalimantan Selatan,63,2024,4,2024-04-01,2,159.0,159.0,107.08,3.0,0.71,971.77,151.11,820.66,1561.271,52.9,6.25,16100,89.9,103.4,34,864.0,46.44,4.2,70.22,,3360.858,4.981012991,1.037415199,12.301263,39231130.0,1314743.7,2098388,12.0,Kuning (Perlu perhatian),79.52,0.99,27.15,3.79,5.05,53.56,7.66,True,True,2024,matched,reported,Database Bulan + Tahun + Triwulan + MAP,baseline-v1,2026-07-03,Data untuk PHK Dashboard.xlsx; MAP_composite_all.xlsx
Kalimantan Selatan,Kalimantan Selatan,63,2024,5,2024-05-01,2,159.0,0.0,107.08,2.63,-0.01,915.53,134.4,781.13,1604.345,52.1,6.25,16084,81.7,103.3,34,864.0,46.44,4.2,70.22,,3360.858,4.981012991,1.037415199,12.301263,39231130.0,1314743.7,2098388,12.0,Kuning (Perlu perhatian),79.52,0.99,27.15,3.79,5.05,53.56,7.66,True,True,2024,matched,reported,Database Bulan + Tahun + Triwulan + MAP,baseline-v1,2026-07-03,Data untuk PHK Dashboard.xlsx; MAP_composite_all.xlsx
Kalimantan Selatan,Kalimantan Selatan,63,2024,6,2024-06-01,2,246.0,87.0,106.73,2.34,-0.32,893.14,190.19,702.95,1514.584,50.7,6.25,16329,82.2,103.3,34,864.0,46.44,4.2,70.22,,3360.858,4.981012991,1.037415199,12.301263,39231130.0,1314743.7,2098388,12.0,Kuning (Perlu perhatian),79.52,0.99,27.15,3.79,5.05,53.56,7.66,True,True,2024,matched,reported,Database Bulan + Tahun + Triwulan + MAP,baseline-v1,2026-07-03,Data untuk PHK Dashboard.xlsx; MAP_composite_all.xlsx
Kalimantan Selatan,Kalimantan Selatan,63,2024,7,2024-07-01,3,246.0,0.0,106.26,1.85,-0.44,741.66,258.52,483.14,1552.168,49.3,6.25,16262,85.2,103.2,34,864.0,46.44,4.2,70.22,,3360.858,4.981012991,1.037415199,12.301263,40581620.0,3257204.3,2129276,12.0,Kuning (Perlu perhatian),79.52,0.99,27.15,3.79,5.05,53.56,7.66,True,True,2024,matched,reported,Database Bulan + Tahun + Triwulan + MAP,baseline-v1,2026-07-03,Data untuk PHK Dashboard.xlsx; MAP_composite_all.xlsx
Kalimantan Selatan,Kalimantan Selatan,63,2024,8,2024-08-01,3,246.0,0.0,105.88,1.71,-0.36,947.76,145.62,802.14,1533.149,48.9,6.25,15793,80.4,103.1,34,864.0,46.44,4.2,70.22,,3360.858,4.981012991,1.037415199,12.301263,40581620.0,3257204.3,2129276,12.0,Kuning (Perlu perhatian),79.52,0.99,27.15,3.79,5.05,53.56,7.66,True,True,2024,matched,reported,Database Bulan + Tahun + Triwulan + MAP,baseline-v1,2026-07-03,Data untuk PHK Dashboard.xlsx; MAP_composite_all.xlsx
Kalimantan Selatan,Kalimantan Selatan,63,2024,9,2024-09-01,3,246.0,0.0,105.95,1.98,0.07,1046.71,102.76,943.95,1573.75,49.2,6.0,15341,74,102.9,34,864.0,46.44,4.2,70.22,,3360.858,4.981012991,1.037415199,12.301263,40581620.0,3257204.3,2129276,12.0,Kuning (Perlu perhatian),79.52,0.99,27.15,3.79,5.05,53.56,7.66,True,True,2024,matched,reported,Database Bulan + Tahun + Triwulan + MAP,baseline-v1,2026-07-03,Data untuk PHK Dashboard.xlsx; MAP_composite_all.xlsx
Kalimantan Selatan,Kalimantan Selatan,63,2024,10,2024-10-01,4,657.0,411.0,106.12,1.81,0.16,1108.68,165.64,943.04,1646.689,49.2,6.0,15541,75.6,102.8,34,864.0,46.44,4.2,70.22,,3360.858,4.981012991,1.037415199,12.301263,40468490.0,2444153.3,2129276,12.0,Kuning (Perlu perhatian),79.52,0.99,27.15,3.79,5.05,53.56,7.66,True,True,2024,matched,reported,Database Bulan + Tahun + Triwulan + MAP,baseline-v1,2026-07-03,Data untuk PHK Dashboard.xlsx; MAP_composite_all.xlsx
Kalimantan Selatan,Kalimantan Selatan,63,2024,11,2024-11-01,4,790.0,133.0,106.65,2.01,0.5,1118.55,135.55,983,1661.261,49.6,6.0,15812,74.3,103.0,34,864.0,46.44,4.2,70.22,,3360.858,4.981012991,1.037415199,12.301263,40468490.0,2444153.3,2129276,12.0,Kuning (Perlu perhatian),79.52,0.99,27.15,3.79,5.05,53.56,7.66,True,True,2024,matched,reported,Database Bulan + Tahun + Triwulan + MAP,baseline-v1,2026-07-03,Data untuk PHK Dashboard.xlsx; MAP_composite_all.xlsx
Kalimantan Selatan,Kalimantan Selatan,63,2024,12,2024-12-01,4,864.0,74.0,107.14,1.95,0.46,921.32,145.25,776.07,1678.174,51.2,6.0,16024,73.9,103.4,34,864.0,46.44,4.2,70.22,,3360.858,4.981012991,1.037415199,12.301263,40468490.0,2444153.3,2129276,12.0,Kuning (Perlu perhatian),79.52,0.99,27.15,3.79,5.05,53.56,7.66,True,True,2024,matched,reported,Database Bulan + Tahun + Triwulan + MAP,baseline-v1,2026-07-03,Data untuk PHK Dashboard.xlsx; MAP_composite_all.xlsx
Kalimantan Selatan,Kalimantan Selatan,63,2025,1,2025-01-01,1,250.0,250.0,106.33,0.62,-0.76,828.06,106.24,721.82,1785.609,51.9,5.75,16262,79.3,104.2,34,2140.0,46.52,4.16,69.93,,3579.31377,6.5,1.131090659,12.55204497,38246130.0,1943358.8,2154947,12.0,Kuning (Perlu perhatian),79.52,0.99,27.15,3.79,5.05,53.56,7.66,True,True,2024,matched,reported,Database Bulan + Tahun + Triwulan + MAP,baseline-v1,2026-07-03,Data untuk PHK Dashboard.xlsx; MAP_composite_all.xlsx
Kalimantan Selatan,Kalimantan Selatan,63,2025,2,2025-02-01,1,541.0,291.0,105.92,0.25,-0.39,841.15,98.92,742.23,1900.896,53.6,5.75,16338,75.4,104.3,34,2140.0,46.52,4.16,69.93,,3579.31377,6.5,1.131090659,12.55204497,38246130.0,1943358.8,2154947,12.0,Kuning (Perlu perhatian),79.52,0.99,27.15,3.79,5.05,53.56,7.66,True,True,2024,matched,reported,Database Bulan + Tahun + Triwulan + MAP,baseline-v1,2026-07-03,Data untuk PHK Dashboard.xlsx; MAP_composite_all.xlsx
Kalimantan Selatan,Kalimantan Selatan,63,2025,3,2025-03-01,1,758.0,217.0,107.6,1.2,1.59,800.19,124.18,676.01,1948.74,52.4,5.75,16456,72.7,105.1,34,2140.0,46.52,4.16,69.93,,3579.31377,6.5,1.131090659,12.55204497,38246130.0,1943358.8,2154947,12.0,Kuning (Perlu perhatian),79.52,0.99,27.15,3.79,5.05,53.56,7.66,True,True,2024,matched,reported,Database Bulan + Tahun + Triwulan + MAP,baseline-v1,2026-07-03,Data untuk PHK Dashboard.xlsx; MAP_composite_all.xlsx
Kalimantan Selatan,Kalimantan Selatan,63,2025,4,2025-04-01,2,821.0,63.0,108.76,1.57,1.08,765.04,91.29,673.75,2073.579,46.7,5.75,16820,68.1,105.1,34,2140.0,46.52,4.16,69.93,,3579.31377,6.5,1.131090659,12.55204497,41343830.0,1650960.9,2154947,12.0,Kuning (Perlu perhatian),79.52,0.99,27.15,3.79,5.05,53.56,7.66,True,True,2024,matched,reported,Database Bulan + Tahun + Triwulan + MAP,baseline-v1,2026-07-03,Data untuk PHK Dashboard.xlsx; MAP_composite_all.xlsx
Kalimantan Selatan,Kalimantan Selatan,63,2025,5,2025-05-01,2,943.0,122.0,108.41,1.25,-0.32,822.66,157.82,664.84,2129.74,47.4,5.5,16441,64.5,104.6,34,2140.0,46.52,4.16,69.93,,3579.31377,6.5,1.131090659,12.55204497,41343830.0,1650960.9,2154947,12.0,Kuning (Perlu perhatian),79.52,0.99,27.15,3.79,5.05,53.56,7.66,True,True,2024,matched,reported,Database Bulan + Tahun + Triwulan + MAP,baseline-v1,2026-07-03,Data untuk PHK Dashboard.xlsx; MAP_composite_all.xlsx
Kalimantan Selatan,Kalimantan Selatan,63,2025,6,2025-06-01,2,1213.0,270.0,108.66,1.81,0.23,727.76,175.96,551.8,2107.574,46.9,5.5,16311,71.4,104.7,34,2140.0,46.52,4.16,69.93,,3579.31377,6.5,1.131090659,12.55204497,41343830.0,1650960.9,2154947,12.0,Kuning (Perlu perhatian),79.52,0.99,27.15,3.79,5.05,53.56,7.66,True,True,2024,matched,reported,Database Bulan + Tahun + Triwulan + MAP,baseline-v1,2026-07-03,Data untuk PHK Dashboard.xlsx; MAP_composite_all.xlsx
Kalimantan Selatan,Kalimantan Selatan,63,2025,7,2025-07-01,3,1518.0,305.0,108.89,2.48,0.21,801.89,103.15,698.74,2183.037,49.2,5.25,16276,71,105.2,34,2140.0,46.52,4.16,69.93,,3579.31377,6.5,1.131090659,12.55204497,42689870.0,3127012.0,2153139,12.0,Kuning (Perlu perhatian),79.52,0.99,27.15,3.79,5.05,53.56,7.66,True,True,2024,matched,reported,Database Bulan + Tahun + Triwulan + MAP,baseline-v1,2026-07-03,Data untuk PHK Dashboard.xlsx; MAP_composite_all.xlsx
Kalimantan Selatan,Kalimantan Selatan,63,2025,8,2025-08-01,3,1766.0,248.0,108.72,2.68,-0.16,956.69,114.09,842.6,2155.302,51.5,5.0,16309,67.9,105.2,34,2140.0,46.52,4.16,69.93,,3579.31377,6.5,1.131090659,12.55204497,42689870.0,3127012.0,2153139,12.0,Kuning (Perlu perhatian),79.52,0.99,27.15,3.79,5.05,53.56,7.66,True,True,2024,matched,reported,Database Bulan + Tahun + Triwulan + MAP,baseline-v1,2026-07-03,Data untuk PHK Dashboard.xlsx; MAP_composite_all.xlsx
Kalimantan Selatan,Kalimantan Selatan,63,2025,9,2025-09-01,3,1943.0,177.0,109.03,2.91,0.29,782.15,158.26,623.89,2110.234,50.4,4.75,16512,68,105.3,34,2140.0,46.52,4.16,69.93,,3579.31377,6.5,1.131090659,12.55204497,42689870.0,3127012.0,2153139,12.0,Kuning (Perlu perhatian),79.52,0.99,27.15,3.79,5.05,53.56,7.66,True,True,2024,matched,reported,Database Bulan + Tahun + Triwulan + MAP,baseline-v1,2026-07-03,Data untuk PHK Dashboard.xlsx; MAP_composite_all.xlsx
Kalimantan Selatan,Kalimantan Selatan,63,2025,10,2025-10-01,4,2060.0,117.0,109.42,3.11,0.36,882.41,129.83,752.58,2121.359,51.2,4.75,16607,64.5,105.5,34,2140.0,46.52,4.16,69.93,,3579.31377,6.5,1.131090659,12.55204497,42678480.0,2840108.7,2153139,12.0,Kuning (Perlu perhatian),79.52,0.99,27.15,3.79,5.05,53.56,7.66,True,True,2024,matched,reported,Database Bulan + Tahun + Triwulan + MAP,baseline-v1,2026-07-03,Data untuk PHK Dashboard.xlsx; MAP_composite_all.xlsx
Kalimantan Selatan,Kalimantan Selatan,63,2025,11,2025-11-01,4,2136.0,76.0,110.22,3.35,0.73,931.79,131.69,800.1,2161.479,53.3,4.75,16703,63.8,105.4,34,2140.0,46.52,4.16,69.93,,3579.31377,6.5,1.131090659,12.55204497,42678480.0,2840108.7,2153139,12.0,Kuning (Perlu perhatian),79.52,0.99,27.15,3.79,5.05,53.56,7.66,True,True,2024,matched,reported,Database Bulan + Tahun + Triwulan + MAP,baseline-v1,2026-07-03,Data untuk PHK Dashboard.xlsx; MAP_composite_all.xlsx
Kalimantan Selatan,Kalimantan Selatan,63,2025,12,2025-12-01,4,2140.0,4.0,111.06,3.66,0.76,996.76,130.92,865.84,2042.011,51.2,4.75,16699,62.5,106.3,27,2140.0,46.52,4.16,69.93,,3579.31377,6.5,1.131090659,12.55204497,42678480.0,2840108.7,2153139,12.0,Kuning (Perlu perhatian),79.52,0.99,27.15,3.79,5.05,53.56,7.66,True,True,2024,matched,reported,Database Bulan + Tahun + Triwulan + MAP,baseline-v1,2026-07-03,Data untuk PHK Dashboard.xlsx; MAP_composite_all.xlsx
Kalimantan Tengah,Kalimantan Tengah,62,2022,1,2022-01-01,1,,,97.36,,,180.63,506.36,-325.73,502.158,53.7,3.5,14335,86.5,94.0,0,37.0,48.5,4.26,67.23,51.5,2906.47332,1.0086967357425465,0.9096071926,15.50324599,26336504.0,1251672.6,1317000,11.0,Kuning (Perlu perhatian),78.59,1.09,16.9,8.98,6.45,51.5,3.93,True,True,2022,matched,no_data,Database Bulan + Tahun + Triwulan + MAP,baseline-v1,2026-07-03,Data untuk PHK Dashboard.xlsx; MAP_composite_all.xlsx
Kalimantan Tengah,Kalimantan Tengah,62,2022,2,2022-02-01,1,,,97.14,,,514.63,853.96,-339.33,514.103,51.2,3.5,14351,97.1,94.0,0,37.0,48.5,4.26,67.23,51.5,2906.47332,1.0086967357425465,0.9096071926,15.50324599,26336504.0,1251672.6,1317000,11.0,Kuning (Perlu perhatian),78.59,1.09,16.9,8.98,6.45,51.5,3.93,True,True,2022,matched,no_data,Database Bulan + Tahun + Triwulan + MAP,baseline-v1,2026-07-03,Data untuk PHK Dashboard.xlsx; MAP_composite_all.xlsx
Kalimantan Tengah,Kalimantan Tengah,62,2022,3,2022-03-01,1,,,97.6,,,525.86,937.85,-411.99,514.264,51.3,3.5,14349,117.2,94.7,0,37.0,48.5,4.26,67.23,51.5,2906.47332,1.0086967357425465,0.9096071926,15.50324599,26336504.0,1251672.6,1317000,11.0,Kuning (Perlu perhatian),78.59,1.09,16.9,8.98,6.45,51.5,3.93,True,True,2022,matched,no_data,Database Bulan + Tahun + Triwulan + MAP,baseline-v1,2026-07-03,Data untuk PHK Dashboard.xlsx; MAP_composite_all.xlsx
Kalimantan Tengah,Kalimantan Tengah,62,2022,4,2022-04-01,2,,,98.77,,,622.1,841.46,-219.36,534.657,51.9,3.5,14369,104.6,95.6,0,37.0,48.5,4.26,67.23,51.5,2906.47332,1.0086967357425465,0.9096071926,15.50324599,27131341.79,1661663.2,1317000,11.0,Kuning (Perlu perhatian),78.59,1.09,16.9,8.98,6.45,51.5,3.93,True,True,2022,matched,no_data,Database Bulan + Tahun + Triwulan + MAP,baseline-v1,2026-07-03,Data untuk PHK Dashboard.xlsx; MAP_composite_all.xlsx
Kalimantan Tengah,Kalimantan Tengah,62,2022,5,2022-05-01,2,,,99.33,,,578.3,803.54,-225.24,569.134,50.8,3.5,14608,113.3,95.9,0,37.0,48.5,4.26,67.23,51.5,2906.47332,1.0086967357425465,0.9096071926,15.50324599,27131341.79,1661663.2,1317000,11.0,Kuning (Perlu perhatian),78.59,1.09,16.9,8.98,6.45,51.5,3.93,True,True,2022,matched,no_data,Database Bulan + Tahun + Triwulan + MAP,baseline-v1,2026-07-03,Data untuk PHK Dashboard.xlsx; MAP_composite_all.xlsx
Kalimantan Tengah,Kalimantan Tengah,62,2022,6,2022-06-01,2,,,100.43,,,405.7,983.07,-577.37,546.451,50.2,3.5,14689,122.7,96.6,0,37.0,48.5,4.26,67.23,51.5,2906.47332,1.0086967357425465,0.9096071926,15.50324599,27131341.79,1661663.2,1317000,11.0,Kuning (Perlu perhatian),78.59,1.09,16.9,8.98,6.45,51.5,3.93,True,True,2022,matched,no_data,Database Bulan + Tahun + Triwulan + MAP,baseline-v1,2026-07-03,Data untuk PHK Dashboard.xlsx; MAP_composite_all.xlsx
Kalimantan Tengah,Kalimantan Tengah,62,2022,7,2022-07-01,3,25.0,,100.96,,,830.16,507.85,322.31,550.374,51.3,3.5,14984,111.9,97.0,0,37.0,48.5,4.26,67.23,51.5,2906.47332,1.0086967357425465,0.9096071926,15.50324599,27042947.71,2380678.9,1344475,11.0,Kuning (Perlu perhatian),78.59,1.09,16.9,8.98,6.45,51.5,3.93,True,True,2022,matched,reported,Database Bulan + Tahun + Triwulan + MAP,baseline-v1,2026-07-03,Data untuk PHK Dashboard.xlsx; MAP_composite_all.xlsx
Kalimantan Tengah,Kalimantan Tengah,62,2022,8,2022-08-01,3,,,100.36,,,505.66,959.58,-453.92,545.264,51.7,3.75,14851,100.4,96.9,0,37.0,48.5,4.26,67.23,51.5,2906.47332,1.0086967357425465,0.9096071926,15.50324599,27042947.71,2380678.9,1344475,11.0,Kuning (Perlu perhatian),78.59,1.09,16.9,8.98,6.45,51.5,3.93,True,True,2022,matched,no_data,Database Bulan + Tahun + Triwulan + MAP,baseline-v1,2026-07-03,Data untuk PHK Dashboard.xlsx; MAP_composite_all.xlsx
Kalimantan Tengah,Kalimantan Tengah,62,2022,9,2022-09-01,3,25.0,,101.81,,,397.05,894.7,-497.65,526.289,53.7,4.25,14972,89.8,97.7,0,37.0,48.5,4.26,67.23,51.5,2906.47332,1.0086967357425465,0.9096071926,15.50324599,27042947.71,2380678.9,1344475,11.0,Kuning (Perlu perhatian),78.59,1.09,16.9,8.98,6.45,51.5,3.93,True,True,2022,matched,reported,Database Bulan + Tahun + Triwulan + MAP,baseline-v1,2026-07-03,Data untuk PHK Dashboard.xlsx; MAP_composite_all.xlsx
Kalimantan Tengah,Kalimantan Tengah,62,2022,10,2022-10-01,4,25.0,0.0,101.94,,,501.56,785.59,-284.03,541.13,51.8,4.75,15417,93.3,97.7,34,37.0,48.5,4.26,67.23,51.5,2906.47332,1.0086967357425465,0.9096071926,15.50324599,28583927.19,2918240.7,1344475,11.0,Kuning (Perlu perhatian),78.59,1.09,16.9,8.98,6.45,51.5,3.93,True,True,2022,matched,reported,Database Bulan + Tahun + Triwulan + MAP,baseline-v1,2026-07-03,Data untuk PHK Dashboard.xlsx; MAP_composite_all.xlsx
Kalimantan Tengah,Kalimantan Tengah,62,2022,11,2022-11-01,4,37.0,12.0,102.12,,,601.9,4.83,597.07,528.382,50.3,5.25,15659,91.4,98.0,34,37.0,48.5,4.26,67.23,51.5,2906.47332,1.0086967357425465,0.9096071926,15.50324599,28583927.19,2918240.7,1344475,11.0,Kuning (Perlu perhatian),78.59,1.09,16.9,8.98,6.45,51.5,3.93,True,True,2022,matched,reported,Database Bulan + Tahun + Triwulan + MAP,baseline-v1,2026-07-03,Data untuk PHK Dashboard.xlsx; MAP_composite_all.xlsx
Kalimantan Tengah,Kalimantan Tengah,62,2022,12,2022-12-01,4,37.0,0.0,102.16,,,488.33,3.6,484.73,487.911,50.9,5.5,15615,80.9,98.7,34,37.0,48.5,4.26,67.23,51.5,2906.47332,1.0086967357425465,0.9096071926,15.50324599,28583927.19,2918240.7,1344475,11.0,Kuning (Perlu perhatian),78.59,1.09,16.9,8.98,6.45,51.5,3.93,True,True,2022,matched,reported,Database Bulan + Tahun + Triwulan + MAP,baseline-v1,2026-07-03,Data untuk PHK Dashboard.xlsx; MAP_composite_all.xlsx
Kalimantan Tengah,Kalimantan Tengah,62,2023,1,2023-01-01,1,,,102.28,,,498.38,3.79,494.59,527.861,51.3,5.75,15295,82.5,99.3,8,405.0,48.14,4.1,67.18,51.86,3149.97765,8.377999837,0.9478015362,15.74017595,27183520.0,2385087.2,1384472,15.0,Oranye (Risiko PHK),75.11,1.04,18.94,-0.74,4.14,51.86,4.57,True,True,2023,matched,no_data,Database Bulan + Tahun + Triwulan + MAP,baseline-v1,2026-07-03,Data untuk PHK Dashboard.xlsx; MAP_composite_all.xlsx
Kalimantan Tengah,Kalimantan Tengah,62,2023,2,2023-02-01,1,,0.0,102.74,,,502.82,1.69,501.13,594.998,51.2,5.75,15126,82.6,99.6,34,405.0,48.14,4.1,67.18,51.86,3149.97765,8.377999837,0.9478015362,15.74017595,27183520.0,2385087.2,1384472,15.0,Oranye (Risiko PHK),75.11,1.04,18.94,-0.74,4.14,51.86,4.57,True,True,2023,matched,reported,Database Bulan + Tahun + Triwulan + MAP,baseline-v1,2026-07-03,Data untuk PHK Dashboard.xlsx; MAP_composite_all.xlsx
Kalimantan Tengah,Kalimantan Tengah,62,2023,3,2023-03-01,1,,0.0,103.15,,,468.29,2.94,465.35,569.615,51.9,5.75,15301,78.4,99.9,34,405.0,48.14,4.1,67.18,51.86,3149.97765,8.377999837,0.9478015362,15.74017595,27183520.0,2385087.2,1384472,15.0,Oranye (Risiko PHK),75.11,1.04,18.94,-0.74,4.14,51.86,4.57,True,True,2023,matched,reported,Database Bulan + Tahun + Triwulan + MAP,baseline-v1,2026-07-03,Data untuk PHK Dashboard.xlsx; MAP_composite_all.xlsx
Kalimantan Tengah,Kalimantan Tengah,62,2023,4,2023-04-01,2,,0.0,103.63,,,560.81,5.85,554.96,605.705,52.7,5.75,14867,84.6,100.0,34,405.0,48.14,4.1,67.18,51.86,3149.97765,8.377999837,0.9478015362,15.74017595,27933650.0,3652942.5,1384472,15.0,Oranye (Risiko PHK),75.11,1.04,18.94,-0.74,4.14,51.86,4.57,True,True,2023,matched,reported,Database Bulan + Tahun + Triwulan + MAP,baseline-v1,2026-07-03,Data untuk PHK Dashboard.xlsx; MAP_composite_all.xlsx
Kalimantan Tengah,Kalimantan Tengah,62,2023,5,2023-05-01,2,,0.0,104.13,,,397.43,14.58,382.85,620.026,50.3,5.75,14811,75.5,100.2,34,405.0,48.14,4.1,67.18,51.86,3149.97765,8.377999837,0.9478015362,15.74017595,27933650.0,3652942.5,1384472,15.0,Oranye (Risiko PHK),75.11,1.04,18.94,-0.74,4.14,51.86,4.57,True,True,2023,matched,reported,Database Bulan + Tahun + Triwulan + MAP,baseline-v1,2026-07-03,Data untuk PHK Dashboard.xlsx; MAP_composite_all.xlsx
Kalimantan Tengah,Kalimantan Tengah,62,2023,6,2023-06-01,2,,0.0,104.34,,,431.28,2.28,429,570.055,52.5,5.75,14932,74.8,100.3,34,405.0,48.14,4.1,67.18,51.86,3149.97765,8.377999837,0.9478015362,15.74017595,27933650.0,3652942.5,1384472,15.0,Oranye (Risiko PHK),75.11,1.04,18.94,-0.74,4.14,51.86,4.57,True,True,2023,matched,reported,Database Bulan + Tahun + Triwulan + MAP,baseline-v1,2026-07-03,Data untuk PHK Dashboard.xlsx; MAP_composite_all.xlsx
Kalimantan Tengah,Kalimantan Tengah,62,2023,7,2023-07-01,3,,0.0,104.6,,,340.28,10.29,329.99,606.448,53.3,5.75,15040,80.1,100.5,34,405.0,48.14,4.1,67.18,51.86,3149.97765,8.377999837,0.9478015362,15.74017595,28054320.0,3128588.3,1349875,15.0,Oranye (Risiko PHK),75.11,1.04,18.94,-0.74,4.14,51.86,4.57,True,True,2023,matched,reported,Database Bulan + Tahun + Triwulan + MAP,baseline-v1,2026-07-03,Data untuk PHK Dashboard.xlsx; MAP_composite_all.xlsx
Kalimantan Tengah,Kalimantan Tengah,62,2023,8,2023-08-01,3,,0.0,104.19,,,334.32,12.23,322.09,607.455,53.9,5.75,15245,86.1,100.5,34,405.0,48.14,4.1,67.18,51.86,3149.97765,8.377999837,0.9478015362,15.74017595,28054320.0,3128588.3,1349875,15.0,Oranye (Risiko PHK),75.11,1.04,18.94,-0.74,4.14,51.86,4.57,True,True,2023,matched,reported,Database Bulan + Tahun + Triwulan + MAP,baseline-v1,2026-07-03,Data untuk PHK Dashboard.xlsx; MAP_composite_all.xlsx
Kalimantan Tengah,Kalimantan Tengah,62,2023,9,2023-09-01,3,289.0,289.0,104.09,,,212.35,3.31,209.04,607.527,52.3,5.75,15354,"93,7",100.9,34,405.0,48.14,4.1,67.18,51.86,3149.97765,8.377999837,0.9478015362,15.74017595,28054320.0,3128588.3,1349875,15.0,Oranye (Risiko PHK),75.11,1.04,18.94,-0.74,4.14,51.86,4.57,True,True,2023,matched,reported,Database Bulan + Tahun + Triwulan + MAP,baseline-v1,2026-07-03,Data untuk PHK Dashboard.xlsx; MAP_composite_all.xlsx
Kalimantan Tengah,Kalimantan Tengah,62,2023,10,2023-10-01,4,387.0,98.0,104.67,,,337.64,2.37,335.27,650.416,51.5,6.0,15741,90.6,101.2,34,405.0,48.14,4.1,67.18,51.86,3149.97765,8.377999837,0.9478015362,15.74017595,30440040.0,1403485.3,1349875,15.0,Oranye (Risiko PHK),75.11,1.04,18.94,-0.74,4.14,51.86,4.57,True,True,2023,matched,reported,Database Bulan + Tahun + Triwulan + MAP,baseline-v1,2026-07-03,Data untuk PHK Dashboard.xlsx; MAP_composite_all.xlsx
Kalimantan Tengah,Kalimantan Tengah,62,2023,11,2023-11-01,4,388.0,1.0,105.06,,,357.31,8.64,348.67,674.435,51.7,6.0,15617,82.9,101.4,34,405.0,48.14,4.1,67.18,51.86,3149.97765,8.377999837,0.9478015362,15.74017595,30440040.0,1403485.3,1349875,15.0,Oranye (Risiko PHK),75.11,1.04,18.94,-0.74,4.14,51.86,4.57,True,True,2023,matched,reported,Database Bulan + Tahun + Triwulan + MAP,baseline-v1,2026-07-03,Data untuk PHK Dashboard.xlsx; MAP_composite_all.xlsx
Kalimantan Tengah,Kalimantan Tengah,62,2023,12,2023-12-01,4,405.0,17.0,105.55,,,551.17,4.76,546.41,633.359,52.2,6.0,15513,77.6,101.8,34,405.0,48.14,4.1,67.18,51.86,3149.97765,8.377999837,0.9478015362,15.74017595,30440040.0,1403485.3,1349875,15.0,Oranye (Risiko PHK),75.11,1.04,18.94,-0.74,4.14,51.86,4.57,True,True,2023,matched,reported,Database Bulan + Tahun + Triwulan + MAP,baseline-v1,2026-07-03,Data untuk PHK Dashboard.xlsx; MAP_composite_all.xlsx
Kalimantan Tengah,Kalimantan Tengah,62,2024,1,2024-01-01,1,,,105.76,3.4,0.2,392.5,12.29,380.21,705.986,52.9,6.0,15611,80.1,102.1,9,825.0,50.67,4.01,68.71,,3282.812,4.216993413,0.9699232703,15.0227456,28544800.0,1336378.3,1379832,12.0,Kuning (Perlu perhatian),75.49,1.04,19.94,5.26,4.46,49.33,5.18,True,True,2024,matched,no_data,Database Bulan + Tahun + Triwulan + MAP,baseline-v1,2026-07-03,Data untuk PHK Dashboard.xlsx; MAP_composite_all.xlsx
Kalimantan Tengah,Kalimantan Tengah,62,2024,2,2024-02-01,1,,0.0,105.27,2.46,-0.46,416.68,6.2,410.48,767.803,52.7,6.0,15665,83.5,103.0,34,825.0,50.67,4.01,68.71,,3282.812,4.216993413,0.9699232703,15.0227456,28544800.0,1336378.3,1379832,12.0,Kuning (Perlu perhatian),75.49,1.04,19.94,5.26,4.46,49.33,5.18,True,True,2024,matched,reported,Database Bulan + Tahun + Triwulan + MAP,baseline-v1,2026-07-03,Data untuk PHK Dashboard.xlsx; MAP_composite_all.xlsx
Kalimantan Tengah,Kalimantan Tengah,62,2024,3,2024-03-01,1,61.0,61.0,105.96,2.72,0.66,333.98,7.77,326.21,779.415,54.2,6.0,15703,85.4,103.5,34,825.0,50.67,4.01,68.71,,3282.812,4.216993413,0.9699232703,15.0227456,28544800.0,1336378.3,1379832,12.0,Kuning (Perlu perhatian),75.49,1.04,19.94,5.26,4.46,49.33,5.18,True,True,2024,matched,reported,Database Bulan + Tahun + Triwulan + MAP,baseline-v1,2026-07-03,Data untuk PHK Dashboard.xlsx; MAP_composite_all.xlsx
Kalimantan Tengah,Kalimantan Tengah,62,2024,4,2024-04-01,2,167.0,106.0,106.73,2.99,0.73,331.52,1.74,329.78,809.812,52.9,6.25,16100,89.9,103.4,34,825.0,50.67,4.01,68.71,,3282.812,4.216993413,0.9699232703,15.0227456,28994770.0,2115013.2,1379832,12.0,Kuning (Perlu perhatian),75.49,1.04,19.94,5.26,4.46,49.33,5.18,True,True,2024,matched,reported,Database Bulan + Tahun + Triwulan + MAP,baseline-v1,2026-07-03,Data untuk PHK Dashboard.xlsx; MAP_composite_all.xlsx
Kalimantan Tengah,Kalimantan Tengah,62,2024,5,2024-05-01,2,167.0,0.0,106.96,2.72,0.22,328.96,1.73,327.23,841.54,52.1,6.25,16084,81.7,103.3,34,825.0,50.67,4.01,68.71,,3282.812,4.216993413,0.9699232703,15.0227456,28994770.0,2115013.2,1379832,12.0,Kuning (Perlu perhatian),75.49,1.04,19.94,5.26,4.46,49.33,5.18,True,True,2024,matched,reported,Database Bulan + Tahun + Triwulan + MAP,baseline-v1,2026-07-03,Data untuk PHK Dashboard.xlsx; MAP_composite_all.xlsx
Kalimantan Tengah,Kalimantan Tengah,62,2024,6,2024-06-01,2,298.0,131.0,106.66,2.22,-0.28,351.07,2.85,348.22,803.783,50.7,6.25,16329,82.2,103.3,34,825.0,50.67,4.01,68.71,,3282.812,4.216993413,0.9699232703,15.0227456,28994770.0,2115013.2,1379832,12.0,Kuning (Perlu perhatian),75.49,1.04,19.94,5.26,4.46,49.33,5.18,True,True,2024,matched,reported,Database Bulan + Tahun + Triwulan + MAP,baseline-v1,2026-07-03,Data untuk PHK Dashboard.xlsx; MAP_composite_all.xlsx
Kalimantan Tengah,Kalimantan Tengah,62,2024,7,2024-07-01,3,339.0,41.0,105.94,1.28,-0.68,270.89,3.68,267.21,813.165,49.3,6.25,16262,85.2,103.2,34,825.0,50.67,4.01,68.71,,3282.812,4.216993413,0.9699232703,15.0227456,29355170.0,1622666.6,1402275,12.0,Kuning (Perlu perhatian),75.49,1.04,19.94,5.26,4.46,49.33,5.18,True,True,2024,matched,reported,Database Bulan + Tahun + Triwulan + MAP,baseline-v1,2026-07-03,Data untuk PHK Dashboard.xlsx; MAP_composite_all.xlsx
Kalimantan Tengah,Kalimantan Tengah,62,2024,8,2024-08-01,3,678.0,339.0,105.53,1.29,-0.39,233.61,2.39,231.22,803.028,48.9,6.25,15793,80.4,103.1,34,825.0,50.67,4.01,68.71,,3282.812,4.216993413,0.9699232703,15.0227456,29355170.0,1622666.6,1402275,12.0,Kuning (Perlu perhatian),75.49,1.04,19.94,5.26,4.46,49.33,5.18,True,True,2024,matched,reported,Database Bulan + Tahun + Triwulan + MAP,baseline-v1,2026-07-03,Data untuk PHK Dashboard.xlsx; MAP_composite_all.xlsx
Kalimantan Tengah,Kalimantan Tengah,62,2024,9,2024-09-01,3,709.0,31.0,105.6,1.45,0.07,318.08,7.16,310.92,786.417,49.2,6.0,15341,74,102.9,34,825.0,50.67,4.01,68.71,,3282.812,4.216993413,0.9699232703,15.0227456,29355170.0,1622666.6,1402275,12.0,Kuning (Perlu perhatian),75.49,1.04,19.94,5.26,4.46,49.33,5.18,True,True,2024,matched,reported,Database Bulan + Tahun + Triwulan + MAP,baseline-v1,2026-07-03,Data untuk PHK Dashboard.xlsx; MAP_composite_all.xlsx
Kalimantan Tengah,Kalimantan Tengah,62,2024,10,2024-10-01,4,785.0,76.0,105.75,1.03,0.14,272.59,3.65,268.94,801.932,49.2,6.0,15541,75.6,102.8,34,825.0,50.67,4.01,68.71,,3282.812,4.216993413,0.9699232703,15.0227456,31787580.0,1583789.7,1402275,12.0,Kuning (Perlu perhatian),75.49,1.04,19.94,5.26,4.46,49.33,5.18,True,True,2024,matched,reported,Database Bulan + Tahun + Triwulan + MAP,baseline-v1,2026-07-03,Data untuk PHK Dashboard.xlsx; MAP_composite_all.xlsx
Kalimantan Tengah,Kalimantan Tengah,62,2024,11,2024-11-01,4,801.0,16.0,106.13,1.02,0.36,356.39,3.97,352.42,815.132,49.6,6.0,15812,74.3,103.0,34,825.0,50.67,4.01,68.71,,3282.812,4.216993413,0.9699232703,15.0227456,31787580.0,1583789.7,1402275,12.0,Kuning (Perlu perhatian),75.49,1.04,19.94,5.26,4.46,49.33,5.18,True,True,2024,matched,reported,Database Bulan + Tahun + Triwulan + MAP,baseline-v1,2026-07-03,Data untuk PHK Dashboard.xlsx; MAP_composite_all.xlsx
Kalimantan Tengah,Kalimantan Tengah,62,2024,12,2024-12-01,4,825.0,24.0,106.64,1.03,0.48,417.22,3.1,414.12,806.499,51.2,6.0,16024,73.9,103.4,34,825.0,50.67,4.01,68.71,,3282.812,4.216993413,0.9699232703,15.0227456,31787580.0,1583789.7,1402275,12.0,Kuning (Perlu perhatian),75.49,1.04,19.94,5.26,4.46,49.33,5.18,True,True,2024,matched,reported,Database Bulan + Tahun + Triwulan + MAP,baseline-v1,2026-07-03,Data untuk PHK Dashboard.xlsx; MAP_composite_all.xlsx
Kalimantan Tengah,Kalimantan Tengah,62,2025,1,2025-01-01,1,38.0,38.0,106.06,0.28,-0.54,296.72,4.18,292.54,874.028,51.9,5.75,16262,79.3,104.2,34,479.0,49.85,3.97,68.4,,3496.195,6.500006702,1.012897792,15.43718061,29697560.0,3374298.1,1446139,12.0,Kuning (Perlu perhatian),75.49,1.04,19.94,5.26,4.46,49.33,5.18,True,True,2024,matched,reported,Database Bulan + Tahun + Triwulan + MAP,baseline-v1,2026-07-03,Data untuk PHK Dashboard.xlsx; MAP_composite_all.xlsx
Kalimantan Tengah,Kalimantan Tengah,62,2025,2,2025-02-01,1,69.0,31.0,105.57,0.28,-0.46,301.88,1.65,300.23,911.15,53.6,5.75,16338,75.4,104.3,34,479.0,49.85,3.97,68.4,,3496.195,6.500006702,1.012897792,15.43718061,29697560.0,3374298.1,1446139,12.0,Kuning (Perlu perhatian),75.49,1.04,19.94,5.26,4.46,49.33,5.18,True,True,2024,matched,reported,Database Bulan + Tahun + Triwulan + MAP,baseline-v1,2026-07-03,Data untuk PHK Dashboard.xlsx; MAP_composite_all.xlsx
Kalimantan Tengah,Kalimantan Tengah,62,2025,3,2025-03-01,1,88.0,19.0,107.37,1.33,1.71,270.36,0.09,270.27,923.626,52.4,5.75,16456,72.7,105.1,34,479.0,49.85,3.97,68.4,,3496.195,6.500006702,1.012897792,15.43718061,29697560.0,3374298.1,1446139,12.0,Kuning (Perlu perhatian),75.49,1.04,19.94,5.26,4.46,49.33,5.18,True,True,2024,matched,reported,Database Bulan + Tahun + Triwulan + MAP,baseline-v1,2026-07-03,Data untuk PHK Dashboard.xlsx; MAP_composite_all.xlsx
Kalimantan Tengah,Kalimantan Tengah,62,2025,4,2025-04-01,2,97.0,9.0,108.02,1.21,0.61,231.55,8.04,223.51,998.09,46.7,5.75,16820,68.1,105.1,34,479.0,49.85,3.97,68.4,,3496.195,6.500006702,1.012897792,15.43718061,30442910.0,1681355.3,1446139,12.0,Kuning (Perlu perhatian),75.49,1.04,19.94,5.26,4.46,49.33,5.18,True,True,2024,matched,reported,Database Bulan + Tahun + Triwulan + MAP,baseline-v1,2026-07-03,Data untuk PHK Dashboard.xlsx; MAP_composite_all.xlsx
Kalimantan Tengah,Kalimantan Tengah,62,2025,5,2025-05-01,2,125.0,28.0,107.45,0.46,-0.53,326.52,0.61,325.91,1014.754,47.4,5.5,16441,64.5,104.6,34,479.0,49.85,3.97,68.4,,3496.195,6.500006702,1.012897792,15.43718061,30442910.0,1681355.3,1446139,12.0,Kuning (Perlu perhatian),75.49,1.04,19.94,5.26,4.46,49.33,5.18,True,True,2024,matched,reported,Database Bulan + Tahun + Triwulan + MAP,baseline-v1,2026-07-03,Data untuk PHK Dashboard.xlsx; MAP_composite_all.xlsx
Kalimantan Tengah,Kalimantan Tengah,62,2025,6,2025-06-01,2,164.0,39.0,107.79,1.06,0.32,270.74,2.39,268.35,994.278,46.9,5.5,16311,71.4,104.7,34,479.0,49.85,3.97,68.4,,3496.195,6.500006702,1.012897792,15.43718061,30442910.0,1681355.3,1446139,12.0,Kuning (Perlu perhatian),75.49,1.04,19.94,5.26,4.46,49.33,5.18,True,True,2024,matched,reported,Database Bulan + Tahun + Triwulan + MAP,baseline-v1,2026-07-03,Data untuk PHK Dashboard.xlsx; MAP_composite_all.xlsx
Kalimantan Tengah,Kalimantan Tengah,62,2025,7,2025-07-01,3,201.0,37.0,108.2,2.13,0.38,336.69,2.05,334.64,1060.22,49.2,5.25,16276,71,105.2,34,479.0,49.85,3.97,68.4,,3496.195,6.500006702,1.012897792,15.43718061,30928490.0,1750280.7,1417683,12.0,Kuning (Perlu perhatian),75.49,1.04,19.94,5.26,4.46,49.33,5.18,True,True,2024,matched,reported,Database Bulan + Tahun + Triwulan + MAP,baseline-v1,2026-07-03,Data untuk PHK Dashboard.xlsx; MAP_composite_all.xlsx
Kalimantan Tengah,Kalimantan Tengah,62,2025,8,2025-08-01,3,267.0,66.0,107.72,2.08,-0.44,258.96,5.98,252.98,1215.932,51.5,5.0,16309,67.9,105.2,34,479.0,49.85,3.97,68.4,,3496.195,6.500006702,1.012897792,15.43718061,30928490.0,1750280.7,1417683,12.0,Kuning (Perlu perhatian),75.49,1.04,19.94,5.26,4.46,49.33,5.18,True,True,2024,matched,reported,Database Bulan + Tahun + Triwulan + MAP,baseline-v1,2026-07-03,Data untuk PHK Dashboard.xlsx; MAP_composite_all.xlsx
Kalimantan Tengah,Kalimantan Tengah,62,2025,9,2025-09-01,3,368.0,101.0,108.08,2.35,0.33,259.56,3.35,256.21,1198.223,50.4,4.75,16512,68,105.3,34,479.0,49.85,3.97,68.4,,3496.195,6.500006702,1.012897792,15.43718061,30928490.0,1750280.7,1417683,12.0,Kuning (Perlu perhatian),75.49,1.04,19.94,5.26,4.46,49.33,5.18,True,True,2024,matched,reported,Database Bulan + Tahun + Triwulan + MAP,baseline-v1,2026-07-03,Data untuk PHK Dashboard.xlsx; MAP_composite_all.xlsx
Kalimantan Tengah,Kalimantan Tengah,62,2025,10,2025-10-01,4,405.0,37.0,108.64,2.73,0.52,335.79,4.43,331.36,1176.801,51.2,4.75,16607,64.5,105.5,34,479.0,49.85,3.97,68.4,,3496.195,6.500006702,1.012897792,15.43718061,33309860.0,824638.6,1417683,12.0,Kuning (Perlu perhatian),75.49,1.04,19.94,5.26,4.46,49.33,5.18,True,True,2024,matched,reported,Database Bulan + Tahun + Triwulan + MAP,baseline-v1,2026-07-03,Data untuk PHK Dashboard.xlsx; MAP_composite_all.xlsx
Kalimantan Tengah,Kalimantan Tengah,62,2025,11,2025-11-01,4,479.0,74.0,108.85,2.56,0.19,262.05,2.47,259.58,1174.991,53.3,4.75,16703,63.8,105.4,34,479.0,49.85,3.97,68.4,,3496.195,6.500006702,1.012897792,15.43718061,33309860.0,824638.6,1417683,12.0,Kuning (Perlu perhatian),75.49,1.04,19.94,5.26,4.46,49.33,5.18,True,True,2024,matched,reported,Database Bulan + Tahun + Triwulan + MAP,baseline-v1,2026-07-03,Data untuk PHK Dashboard.xlsx; MAP_composite_all.xlsx
Kalimantan Tengah,Kalimantan Tengah,62,2025,12,2025-12-01,4,479.0,,109.98,3.13,1.04,387.79,2.45,385.34,1185.439,51.2,4.75,16699,62.5,106.3,27,479.0,49.85,3.97,68.4,,3496.195,6.500006702,1.012897792,15.43718061,33309860.0,824638.6,1417683,12.0,Kuning (Perlu perhatian),75.49,1.04,19.94,5.26,4.46,49.33,5.18,True,True,2024,matched,reported,Database Bulan + Tahun + Triwulan + MAP,baseline-v1,2026-07-03,Data untuk PHK Dashboard.xlsx; MAP_composite_all.xlsx
Kalimantan Timur,Kalimantan Timur,64,2022,1,2022-01-01,1,,,97.55,,,1094.6,201.23,893.37,3342.49,53.7,3.5,14335,86.5,94.0,0,3082.0,55.74,5.71,64.73,44.26,3310.723,0.0,0.835253998,19.68915088,121145445.27,4768560.9,1782435,11.0,Kuning (Perlu perhatian),78.13,1.31,30.28,4.17,4.48,44.26,7.52,True,True,2022,matched,no_data,Database Bulan + Tahun + Triwulan + MAP,baseline-v1,2026-07-03,Data untuk PHK Dashboard.xlsx; MAP_composite_all.xlsx
Kalimantan Timur,Kalimantan Timur,64,2022,2,2022-02-01,1,,,97.41,,,2019.88,324.36,1695.52,3378.649,51.2,3.5,14351,97.1,94.0,0,3082.0,55.74,5.71,64.73,44.26,3310.723,0.0,0.835253998,19.68915088,121145445.27,4768560.9,1782435,11.0,Kuning (Perlu perhatian),78.13,1.31,30.28,4.17,4.48,44.26,7.52,True,True,2022,matched,no_data,Database Bulan + Tahun + Triwulan + MAP,baseline-v1,2026-07-03,Data untuk PHK Dashboard.xlsx; MAP_composite_all.xlsx
Kalimantan Timur,Kalimantan Timur,64,2022,3,2022-03-01,1,,,97.97,,,3055.48,522.4,2533.08,3302.724,51.3,3.5,14349,117.2,94.7,0,3082.0,55.74,5.71,64.73,44.26,3310.723,0.0,0.835253998,19.68915088,121145445.27,4768560.9,1782435,11.0,Kuning (Perlu perhatian),78.13,1.31,30.28,4.17,4.48,44.26,7.52,True,True,2022,matched,no_data,Database Bulan + Tahun + Triwulan + MAP,baseline-v1,2026-07-03,Data untuk PHK Dashboard.xlsx; MAP_composite_all.xlsx
Kalimantan Timur,Kalimantan Timur,64,2022,4,2022-04-01,2,,,99.05,,,3342.07,415.71,2926.36,3376.726,51.9,3.5,14369,104.6,95.6,0,3082.0,55.74,5.71,64.73,44.26,3310.723,0.0,0.835253998,19.68915088,124923263.26,3311447.9,1782435,11.0,Kuning (Perlu perhatian),78.13,1.31,30.28,4.17,4.48,44.26,7.52,True,True,2022,matched,no_data,Database Bulan + Tahun + Triwulan + MAP,baseline-v1,2026-07-03,Data untuk PHK Dashboard.xlsx; MAP_composite_all.xlsx
Kalimantan Timur,Kalimantan Timur,64,2022,5,2022-05-01,2,,,99.48,,,2860.11,218.69,2641.42,3476.188,50.8,3.5,14608,113.3,95.9,0,3082.0,55.74,5.71,64.73,44.26,3310.723,0.0,0.835253998,19.68915088,124923263.26,3311447.9,1782435,11.0,Kuning (Perlu perhatian),78.13,1.31,30.28,4.17,4.48,44.26,7.52,True,True,2022,matched,no_data,Database Bulan + Tahun + Triwulan + MAP,baseline-v1,2026-07-03,Data untuk PHK Dashboard.xlsx; MAP_composite_all.xlsx
Kalimantan Timur,Kalimantan Timur,64,2022,6,2022-06-01,2,,,100.03,,,3690.95,567.56,3123.39,3168.18,50.2,3.5,14689,122.7,96.6,0,3082.0,55.74,5.71,64.73,44.26,3310.723,0.0,0.835253998,19.68915088,124923263.26,3311447.9,1782435,11.0,Kuning (Perlu perhatian),78.13,1.31,30.28,4.17,4.48,44.26,7.52,True,True,2022,matched,no_data,Database Bulan + Tahun + Triwulan + MAP,baseline-v1,2026-07-03,Data untuk PHK Dashboard.xlsx; MAP_composite_all.xlsx
Kalimantan Timur,Kalimantan Timur,64,2022,7,2022-07-01,3,15.0,,100.6,,,746.23,3600.69,-2854.46,3239.686,51.3,3.5,14984,111.9,97.0,0,3082.0,55.74,5.71,64.73,44.26,3310.723,0.0,0.835253998,19.68915088,128847399.08,4590024.1,1746920,11.0,Kuning (Perlu perhatian),78.13,1.31,30.28,4.17,4.48,44.26,7.52,True,True,2022,matched,reported,Database Bulan + Tahun + Triwulan + MAP,baseline-v1,2026-07-03,Data untuk PHK Dashboard.xlsx; MAP_composite_all.xlsx
Kalimantan Timur,Kalimantan Timur,64,2022,8,2022-08-01,3,,,100.21,,,3742.89,428.79,3314.1,3256.618,51.7,3.75,14851,100.4,96.9,0,3082.0,55.74,5.71,64.73,44.26,3310.723,0.0,0.835253998,19.68915088,128847399.08,4590024.1,1746920,11.0,Kuning (Perlu perhatian),78.13,1.31,30.28,4.17,4.48,44.26,7.52,True,True,2022,matched,no_data,Database Bulan + Tahun + Triwulan + MAP,baseline-v1,2026-07-03,Data untuk PHK Dashboard.xlsx; MAP_composite_all.xlsx
Kalimantan Timur,Kalimantan Timur,64,2022,9,2022-09-01,3,15.0,,101.65,,,3348.44,280.68,3067.76,3230.576,53.7,4.25,14972,89.8,97.7,0,3082.0,55.74,5.71,64.73,44.26,3310.723,0.0,0.835253998,19.68915088,128847399.08,4590024.1,1746920,11.0,Kuning (Perlu perhatian),78.13,1.31,30.28,4.17,4.48,44.26,7.52,True,True,2022,matched,reported,Database Bulan + Tahun + Triwulan + MAP,baseline-v1,2026-07-03,Data untuk PHK Dashboard.xlsx; MAP_composite_all.xlsx
Kalimantan Timur,Kalimantan Timur,64,2022,10,2022-10-01,4,15.0,0.0,101.86,,,3357.95,585.07,2772.88,3200.354,51.8,4.75,15417,93.3,97.7,34,3082.0,55.74,5.71,64.73,44.26,3310.723,0.0,0.835253998,19.68915088,131242799.69,6209455.4,1746920,11.0,Kuning (Perlu perhatian),78.13,1.31,30.28,4.17,4.48,44.26,7.52,True,True,2022,matched,reported,Database Bulan + Tahun + Triwulan + MAP,baseline-v1,2026-07-03,Data untuk PHK Dashboard.xlsx; MAP_composite_all.xlsx
Kalimantan Timur,Kalimantan Timur,64,2022,11,2022-11-01,4,15.0,0.0,101.98,,,3189.21,536.83,2652.38,3121.803,50.3,5.25,15659,91.4,98.0,34,3082.0,55.74,5.71,64.73,44.26,3310.723,0.0,0.835253998,19.68915088,131242799.69,6209455.4,1746920,11.0,Kuning (Perlu perhatian),78.13,1.31,30.28,4.17,4.48,44.26,7.52,True,True,2022,matched,reported,Database Bulan + Tahun + Triwulan + MAP,baseline-v1,2026-07-03,Data untuk PHK Dashboard.xlsx; MAP_composite_all.xlsx
Kalimantan Timur,Kalimantan Timur,64,2022,12,2022-12-01,4,3082.0,3067.0,102.2,,,3153.38,590.44,2562.94,2890.406,50.9,5.5,15615,80.9,98.7,34,3082.0,55.74,5.71,64.73,44.26,3310.723,0.0,0.835253998,19.68915088,131242799.69,6209455.4,1746920,11.0,Kuning (Perlu perhatian),78.13,1.31,30.28,4.17,4.48,44.26,7.52,True,True,2022,matched,reported,Database Bulan + Tahun + Triwulan + MAP,baseline-v1,2026-07-03,Data untuk PHK Dashboard.xlsx; MAP_composite_all.xlsx
Kalimantan Timur,Kalimantan Timur,64,2023,1,2023-01-01,1,,,102.61,,,2462.36,446.64,2015.72,2417.509,51.3,5.75,15295,82.5,99.3,8,2010.0,55.33,5.31,65.57,44.67,3485.0,5.264016349,0.8564983154,19.41183714,129613660.0,4182813.4,1808972,14.0,Oranye (Risiko PHK),76.73,1.27,31.15,-0.73,6.22,44.67,6.73,True,True,2023,matched,no_data,Database Bulan + Tahun + Triwulan + MAP,baseline-v1,2026-07-03,Data untuk PHK Dashboard.xlsx; MAP_composite_all.xlsx
Kalimantan Timur,Kalimantan Timur,64,2023,2,2023-02-01,1,,0.0,102.56,,,2638.92,351.67,2287.25,2404.006,51.2,5.75,15126,82.6,99.6,34,2010.0,55.33,5.31,65.57,44.67,3485.0,5.264016349,0.8564983154,19.41183714,129613660.0,4182813.4,1808972,14.0,Oranye (Risiko PHK),76.73,1.27,31.15,-0.73,6.22,44.67,6.73,True,True,2023,matched,reported,Database Bulan + Tahun + Triwulan + MAP,baseline-v1,2026-07-03,Data untuk PHK Dashboard.xlsx; MAP_composite_all.xlsx
Kalimantan Timur,Kalimantan Timur,64,2023,3,2023-03-01,1,,0.0,103.15,,,2847.99,451.22,2396.77,2387.222,51.9,5.75,15301,78.4,99.9,34,2010.0,55.33,5.31,65.57,44.67,3485.0,5.264016349,0.8564983154,19.41183714,129613660.0,4182813.4,1808972,14.0,Oranye (Risiko PHK),76.73,1.27,31.15,-0.73,6.22,44.67,6.73,True,True,2023,matched,reported,Database Bulan + Tahun + Triwulan + MAP,baseline-v1,2026-07-03,Data untuk PHK Dashboard.xlsx; MAP_composite_all.xlsx
Kalimantan Timur,Kalimantan Timur,64,2023,4,2023-04-01,2,,0.0,103.69,,,2404.36,472.18,1932.18,2435.592,52.7,5.75,14867,84.6,100.0,34,2010.0,55.33,5.31,65.57,44.67,3485.0,5.264016349,0.8564983154,19.41183714,133530220.0,4571273.7,1808972,14.0,Oranye (Risiko PHK),76.73,1.27,31.15,-0.73,6.22,44.67,6.73,True,True,2023,matched,reported,Database Bulan + Tahun + Triwulan + MAP,baseline-v1,2026-07-03,Data untuk PHK Dashboard.xlsx; MAP_composite_all.xlsx
Kalimantan Timur,Kalimantan Timur,64,2023,5,2023-05-01,2,30.0,30.0,103.8,,,2476.0,525.49,1950.51,2437.55,50.3,5.75,14811,75.5,100.2,34,2010.0,55.33,5.31,65.57,44.67,3485.0,5.264016349,0.8564983154,19.41183714,133530220.0,4571273.7,1808972,14.0,Oranye (Risiko PHK),76.73,1.27,31.15,-0.73,6.22,44.67,6.73,True,True,2023,matched,reported,Database Bulan + Tahun + Triwulan + MAP,baseline-v1,2026-07-03,Data untuk PHK Dashboard.xlsx; MAP_composite_all.xlsx
Kalimantan Timur,Kalimantan Timur,64,2023,6,2023-06-01,2,276.0,246.0,104.06,,,2170.64,381.98,1788.66,2354.225,52.5,5.75,14932,74.8,100.3,34,2010.0,55.33,5.31,65.57,44.67,3485.0,5.264016349,0.8564983154,19.41183714,133530220.0,4571273.7,1808972,14.0,Oranye (Risiko PHK),76.73,1.27,31.15,-0.73,6.22,44.67,6.73,True,True,2023,matched,reported,Database Bulan + Tahun + Triwulan + MAP,baseline-v1,2026-07-03,Data untuk PHK Dashboard.xlsx; MAP_composite_all.xlsx
Kalimantan Timur,Kalimantan Timur,64,2023,7,2023-07-01,3,390.0,114.0,104.48,,,2123.22,457.02,1666.2,2434.566,53.3,5.75,15040,80.1,100.5,34,2010.0,55.33,5.31,65.57,44.67,3485.0,5.264016349,0.8564983154,19.41183714,135681550.0,5123074.2,1847295,14.0,Oranye (Risiko PHK),76.73,1.27,31.15,-0.73,6.22,44.67,6.73,True,True,2023,matched,reported,Database Bulan + Tahun + Triwulan + MAP,baseline-v1,2026-07-03,Data untuk PHK Dashboard.xlsx; MAP_composite_all.xlsx
Kalimantan Timur,Kalimantan Timur,64,2023,8,2023-08-01,3,1043.0,653.0,104.41,,,2131.23,406.38,1724.85,2135.871,53.9,5.75,15245,86.1,100.5,34,2010.0,55.33,5.31,65.57,44.67,3485.0,5.264016349,0.8564983154,19.41183714,135681550.0,5123074.2,1847295,14.0,Oranye (Risiko PHK),76.73,1.27,31.15,-0.73,6.22,44.67,6.73,True,True,2023,matched,reported,Database Bulan + Tahun + Triwulan + MAP,baseline-v1,2026-07-03,Data untuk PHK Dashboard.xlsx; MAP_composite_all.xlsx
Kalimantan Timur,Kalimantan Timur,64,2023,9,2023-09-01,3,1108.0,65.0,104.43,,,1909.59,466.59,1443,2038.718,52.3,5.75,15354,"93,7",100.9,34,2010.0,55.33,5.31,65.57,44.67,3485.0,5.264016349,0.8564983154,19.41183714,135681550.0,5123074.2,1847295,14.0,Oranye (Risiko PHK),76.73,1.27,31.15,-0.73,6.22,44.67,6.73,True,True,2023,matched,reported,Database Bulan + Tahun + Triwulan + MAP,baseline-v1,2026-07-03,Data untuk PHK Dashboard.xlsx; MAP_composite_all.xlsx
Kalimantan Timur,Kalimantan Timur,64,2023,10,2023-10-01,4,1496.0,388.0,104.69,,,2317.85,687.3,1630.55,2105.604,51.5,6.0,15741,90.6,101.2,34,2010.0,55.33,5.31,65.57,44.67,3485.0,5.264016349,0.8564983154,19.41183714,138804580.0,6469664.7,1847295,14.0,Oranye (Risiko PHK),76.73,1.27,31.15,-0.73,6.22,44.67,6.73,True,True,2023,matched,reported,Database Bulan + Tahun + Triwulan + MAP,baseline-v1,2026-07-03,Data untuk PHK Dashboard.xlsx; MAP_composite_all.xlsx
Kalimantan Timur,Kalimantan Timur,64,2023,11,2023-11-01,4,1643.0,147.0,104.98,,,2298.29,504.29,1794,2103.802,51.7,6.0,15617,82.9,101.4,34,2010.0,55.33,5.31,65.57,44.67,3485.0,5.264016349,0.8564983154,19.41183714,138804580.0,6469664.7,1847295,14.0,Oranye (Risiko PHK),76.73,1.27,31.15,-0.73,6.22,44.67,6.73,True,True,2023,matched,reported,Database Bulan + Tahun + Triwulan + MAP,baseline-v1,2026-07-03,Data untuk PHK Dashboard.xlsx; MAP_composite_all.xlsx
Kalimantan Timur,Kalimantan Timur,64,2023,12,2023-12-01,4,2010.0,367.0,105.38,,,2157.21,420.06,1737.15,1907.525,52.2,6.0,15513,77.6,101.8,34,2010.0,55.33,5.31,65.57,44.67,3485.0,5.264016349,0.8564983154,19.41183714,138804580.0,6469664.7,1847295,14.0,Oranye (Risiko PHK),76.73,1.27,31.15,-0.73,6.22,44.67,6.73,True,True,2023,matched,reported,Database Bulan + Tahun + Triwulan + MAP,baseline-v1,2026-07-03,Data untuk PHK Dashboard.xlsx; MAP_composite_all.xlsx
Kalimantan Timur,Kalimantan Timur,64,2024,1,2024-01-01,1,,,105.64,2.95,0.25,2170.4,426.53,1743.87,2199.247,52.9,6.0,15611,80.1,102.1,9,699.0,57.68,5.14,67.07,,3545.0,1.721664275,0.8055406655,18.31152685,139022290.0,5019162.5,1893994,10.0,Kuning (Perlu perhatian),77.47,1.31,32.4,4.24,6.17,42.32,7.02,True,True,2024,matched,no_data,Database Bulan + Tahun + Triwulan + MAP,baseline-v1,2026-07-03,Data untuk PHK Dashboard.xlsx; MAP_composite_all.xlsx
Kalimantan Timur,Kalimantan Timur,64,2024,2,2024-02-01,1,,0.0,105.92,3.28,0.27,1997.95,332.97,1664.98,2018.931,52.7,6.0,15665,83.5,103.0,34,699.0,57.68,5.14,67.07,,3545.0,1.721664275,0.8055406655,18.31152685,139022290.0,5019162.5,1893994,10.0,Kuning (Perlu perhatian),77.47,1.31,32.4,4.24,6.17,42.32,7.02,True,True,2024,matched,reported,Database Bulan + Tahun + Triwulan + MAP,baseline-v1,2026-07-03,Data untuk PHK Dashboard.xlsx; MAP_composite_all.xlsx
Kalimantan Timur,Kalimantan Timur,64,2024,3,2024-03-01,1,,0.0,106.28,3.03,0.34,2122.92,257.76,1865.16,2060.234,54.2,6.0,15703,85.4,103.5,34,699.0,57.68,5.14,67.07,,3545.0,1.721664275,0.8055406655,18.31152685,139022290.0,5019162.5,1893994,10.0,Kuning (Perlu perhatian),77.47,1.31,32.4,4.24,6.17,42.32,7.02,True,True,2024,matched,reported,Database Bulan + Tahun + Triwulan + MAP,baseline-v1,2026-07-03,Data untuk PHK Dashboard.xlsx; MAP_composite_all.xlsx
Kalimantan Timur,Kalimantan Timur,64,2024,4,2024-04-01,2,,0.0,107.02,3.21,0.7,2088.34,343.53,1744.81,2125.75,52.9,6.25,16100,89.9,103.4,34,699.0,57.68,5.14,67.07,,3545.0,1.721664275,0.8055406655,18.31152685,141337700.0,4341377.4,1893994,10.0,Kuning (Perlu perhatian),77.47,1.31,32.4,4.24,6.17,42.32,7.02,True,True,2024,matched,reported,Database Bulan + Tahun + Triwulan + MAP,baseline-v1,2026-07-03,Data untuk PHK Dashboard.xlsx; MAP_composite_all.xlsx
Kalimantan Timur,Kalimantan Timur,64,2024,5,2024-05-01,2,,0.0,107.22,3.29,0.19,2014.14,365.88,1648.26,2231.765,52.1,6.25,16084,81.7,103.3,34,699.0,57.68,5.14,67.07,,3545.0,1.721664275,0.8055406655,18.31152685,141337700.0,4341377.4,1893994,10.0,Kuning (Perlu perhatian),77.47,1.31,32.4,4.24,6.17,42.32,7.02,True,True,2024,matched,reported,Database Bulan + Tahun + Triwulan + MAP,baseline-v1,2026-07-03,Data untuk PHK Dashboard.xlsx; MAP_composite_all.xlsx
Kalimantan Timur,Kalimantan Timur,64,2024,6,2024-06-01,2,109.0,109.0,107.17,2.99,-0.05,2171.26,401.25,1770.01,1893.908,50.7,6.25,16329,82.2,103.3,34,699.0,57.68,5.14,67.07,,3545.0,1.721664275,0.8055406655,18.31152685,141337700.0,4341377.4,1893994,10.0,Kuning (Perlu perhatian),77.47,1.31,32.4,4.24,6.17,42.32,7.02,True,True,2024,matched,reported,Database Bulan + Tahun + Triwulan + MAP,baseline-v1,2026-07-03,Data untuk PHK Dashboard.xlsx; MAP_composite_all.xlsx
Kalimantan Timur,Kalimantan Timur,64,2024,7,2024-07-01,3,235.0,126.0,106.76,2.18,-0.38,2128.67,362.98,1765.69,1899.393,49.3,6.25,16262,85.2,103.2,34,699.0,57.68,5.14,67.07,,3545.0,1.721664275,0.8055406655,18.31152685,143165780.0,8775130.7,1976447,10.0,Kuning (Perlu perhatian),77.47,1.31,32.4,4.24,6.17,42.32,7.02,True,True,2024,matched,reported,Database Bulan + Tahun + Triwulan + MAP,baseline-v1,2026-07-03,Data untuk PHK Dashboard.xlsx; MAP_composite_all.xlsx
Kalimantan Timur,Kalimantan Timur,64,2024,8,2024-08-01,3,255.0,20.0,106.63,2.13,-0.12,2034.0,441.6,1592.4,1934.58,48.9,6.25,15793,80.4,103.1,34,699.0,57.68,5.14,67.07,,3545.0,1.721664275,0.8055406655,18.31152685,143165780.0,8775130.7,1976447,10.0,Kuning (Perlu perhatian),77.47,1.31,32.4,4.24,6.17,42.32,7.02,True,True,2024,matched,reported,Database Bulan + Tahun + Triwulan + MAP,baseline-v1,2026-07-03,Data untuk PHK Dashboard.xlsx; MAP_composite_all.xlsx
Kalimantan Timur,Kalimantan Timur,64,2024,9,2024-09-01,3,329.0,74.0,106.69,2.16,0.06,1854.82,435.68,1419.14,2156.651,49.2,6.0,15341,74,102.9,34,699.0,57.68,5.14,67.07,,3545.0,1.721664275,0.8055406655,18.31152685,143165780.0,8775130.7,1976447,10.0,Kuning (Perlu perhatian),77.47,1.31,32.4,4.24,6.17,42.32,7.02,True,True,2024,matched,reported,Database Bulan + Tahun + Triwulan + MAP,baseline-v1,2026-07-03,Data untuk PHK Dashboard.xlsx; MAP_composite_all.xlsx
Kalimantan Timur,Kalimantan Timur,64,2024,10,2024-10-01,4,393.0,64.0,106.52,1.75,-0.16,2275.71,758.08,1517.63,2193.827,49.2,6.0,15541,75.6,102.8,34,699.0,57.68,5.14,67.07,,3545.0,1.721664275,0.8055406655,18.31152685,147298230.0,4305931.9,1976447,10.0,Kuning (Perlu perhatian),77.47,1.31,32.4,4.24,6.17,42.32,7.02,True,True,2024,matched,reported,Database Bulan + Tahun + Triwulan + MAP,baseline-v1,2026-07-03,Data untuk PHK Dashboard.xlsx; MAP_composite_all.xlsx
Kalimantan Timur,Kalimantan Timur,64,2024,11,2024-11-01,4,393.0,0.0,106.6,1.54,0.08,2188.46,353.07,1835.39,2259.683,49.6,6.0,15812,74.3,103.0,34,699.0,57.68,5.14,67.07,,3545.0,1.721664275,0.8055406655,18.31152685,147298230.0,4305931.9,1976447,10.0,Kuning (Perlu perhatian),77.47,1.31,32.4,4.24,6.17,42.32,7.02,True,True,2024,matched,reported,Database Bulan + Tahun + Triwulan + MAP,baseline-v1,2026-07-03,Data untuk PHK Dashboard.xlsx; MAP_composite_all.xlsx
Kalimantan Timur,Kalimantan Timur,64,2024,12,2024-12-01,4,699.0,306.0,106.93,1.47,0.31,2414.25,518.91,1895.34,2177.47,51.2,6.0,16024,73.9,103.4,34,699.0,57.68,5.14,67.07,,3545.0,1.721664275,0.8055406655,18.31152685,147298230.0,4305931.9,1976447,10.0,Kuning (Perlu perhatian),77.47,1.31,32.4,4.24,6.17,42.32,7.02,True,True,2024,matched,reported,Database Bulan + Tahun + Triwulan + MAP,baseline-v1,2026-07-03,Data untuk PHK Dashboard.xlsx; MAP_composite_all.xlsx
Kalimantan Timur,Kalimantan Timur,64,2025,1,2025-01-01,1,377.0,377.0,105.86,0.21,-1.0,1684.44,390.48,1293.96,2342.687,51.9,5.75,16262,79.3,104.2,34,3917.0,56.78,5.18,66.58,,3775.425,6.5,0.8434924566,19.73987054,144698410.0,7371879.6,2009990,10.0,Kuning (Perlu perhatian),77.47,1.31,32.4,4.24,6.17,42.32,7.02,True,True,2024,matched,reported,Database Bulan + Tahun + Triwulan + MAP,baseline-v1,2026-07-03,Data untuk PHK Dashboard.xlsx; MAP_composite_all.xlsx
Kalimantan Timur,Kalimantan Timur,64,2025,2,2025-02-01,1,612.0,235.0,105.6,-0.3,-0.25,1822.67,471.93,1350.74,2333.664,53.6,5.75,16338,75.4,104.3,34,3917.0,56.78,5.18,66.58,,3775.425,6.5,0.8434924566,19.73987054,144698410.0,7371879.6,2009990,10.0,Kuning (Perlu perhatian),77.47,1.31,32.4,4.24,6.17,42.32,7.02,True,True,2024,matched,reported,Database Bulan + Tahun + Triwulan + MAP,baseline-v1,2026-07-03,Data untuk PHK Dashboard.xlsx; MAP_composite_all.xlsx
Kalimantan Timur,Kalimantan Timur,64,2025,3,2025-03-01,1,1092.0,480.0,107.73,1.36,2.02,1721.03,374.03,1347,2306.847,52.4,5.75,16456,72.7,105.1,34,3917.0,56.78,5.18,66.58,,3775.425,6.5,0.8434924566,19.73987054,144698410.0,7371879.6,2009990,10.0,Kuning (Perlu perhatian),77.47,1.31,32.4,4.24,6.17,42.32,7.02,True,True,2024,matched,reported,Database Bulan + Tahun + Triwulan + MAP,baseline-v1,2026-07-03,Data untuk PHK Dashboard.xlsx; MAP_composite_all.xlsx
Kalimantan Timur,Kalimantan Timur,64,2025,4,2025-04-01,2,1271.0,179.0,108.7,1.57,0.9,1557.73,381.36,1176.37,2361.512,46.7,5.75,16820,68.1,105.1,34,3917.0,56.78,5.18,66.58,,3775.425,6.5,0.8434924566,19.73987054,147961940.0,3952406.7,2009990,10.0,Kuning (Perlu perhatian),77.47,1.31,32.4,4.24,6.17,42.32,7.02,True,True,2024,matched,reported,Database Bulan + Tahun + Triwulan + MAP,baseline-v1,2026-07-03,Data untuk PHK Dashboard.xlsx; MAP_composite_all.xlsx
Kalimantan Timur,Kalimantan Timur,64,2025,5,2025-05-01,2,1683.0,412.0,108.32,1.03,-0.35,1676.07,416.04,1260.03,2478.732,47.4,5.5,16441,64.5,104.6,34,3917.0,56.78,5.18,66.58,,3775.425,6.5,0.8434924566,19.73987054,147961940.0,3952406.7,2009990,10.0,Kuning (Perlu perhatian),77.47,1.31,32.4,4.24,6.17,42.32,7.02,True,True,2024,matched,reported,Database Bulan + Tahun + Triwulan + MAP,baseline-v1,2026-07-03,Data untuk PHK Dashboard.xlsx; MAP_composite_all.xlsx
Kalimantan Timur,Kalimantan Timur,64,2025,6,2025-06-01,2,1998.0,315.0,108.91,1.62,0.54,1630.31,360.71,1269.6,2452.409,46.9,5.5,16311,71.4,104.7,34,3917.0,56.78,5.18,66.58,,3775.425,6.5,0.8434924566,19.73987054,147961940.0,3952406.7,2009990,10.0,Kuning (Perlu perhatian),77.47,1.31,32.4,4.24,6.17,42.32,7.02,True,True,2024,matched,reported,Database Bulan + Tahun + Triwulan + MAP,baseline-v1,2026-07-03,Data untuk PHK Dashboard.xlsx; MAP_composite_all.xlsx
Kalimantan Timur,Kalimantan Timur,64,2025,7,2025-07-01,3,2447.0,449.0,108.98,2.08,0.06,1709.18,373.93,1335.25,2068.4,49.2,5.25,16276,71,105.2,34,3917.0,56.78,5.18,66.58,,3775.425,6.5,0.8434924566,19.73987054,149270950.0,3570700.0,1969739,10.0,Kuning (Perlu perhatian),77.47,1.31,32.4,4.24,6.17,42.32,7.02,True,True,2024,matched,reported,Database Bulan + Tahun + Triwulan + MAP,baseline-v1,2026-07-03,Data untuk PHK Dashboard.xlsx; MAP_composite_all.xlsx
Kalimantan Timur,Kalimantan Timur,64,2025,8,2025-08-01,3,2857.0,410.0,108.54,1.79,-0.4,1836.03,310.45,1525.58,2105.486,51.5,5.0,16309,67.9,105.2,34,3917.0,56.78,5.18,66.58,,3775.425,6.5,0.8434924566,19.73987054,149270950.0,3570700.0,1969739,10.0,Kuning (Perlu perhatian),77.47,1.31,32.4,4.24,6.17,42.32,7.02,True,True,2024,matched,reported,Database Bulan + Tahun + Triwulan + MAP,baseline-v1,2026-07-03,Data untuk PHK Dashboard.xlsx; MAP_composite_all.xlsx
Kalimantan Timur,Kalimantan Timur,64,2025,9,2025-09-01,3,3430.0,573.0,108.58,1.77,0.04,1672.07,438.38,1233.69,2097.672,50.4,4.75,16512,68,105.3,34,3917.0,56.78,5.18,66.58,,3775.425,6.5,0.8434924566,19.73987054,149270950.0,3570700.0,1969739,10.0,Kuning (Perlu perhatian),77.47,1.31,32.4,4.24,6.17,42.32,7.02,True,True,2024,matched,reported,Database Bulan + Tahun + Triwulan + MAP,baseline-v1,2026-07-03,Data untuk PHK Dashboard.xlsx; MAP_composite_all.xlsx
Kalimantan Timur,Kalimantan Timur,64,2025,10,2025-10-01,4,3643.0,213.0,108.59,1.94,0.01,1877.1,472.68,1404.42,2230.832,51.2,4.75,16607,64.5,105.5,34,3917.0,56.78,5.18,66.58,,3775.425,6.5,0.8434924566,19.73987054,154729340.0,2427234.5,1969739,10.0,Kuning (Perlu perhatian),77.47,1.31,32.4,4.24,6.17,42.32,7.02,True,True,2024,matched,reported,Database Bulan + Tahun + Triwulan + MAP,baseline-v1,2026-07-03,Data untuk PHK Dashboard.xlsx; MAP_composite_all.xlsx
Kalimantan Timur,Kalimantan Timur,64,2025,11,2025-11-01,4,3873.0,230.0,109.03,2.28,0.41,1703.24,437.54,1265.7,2861.488,53.3,4.75,16703,63.8,105.4,34,3917.0,56.78,5.18,66.58,,3775.425,6.5,0.8434924566,19.73987054,154729340.0,2427234.5,1969739,10.0,Kuning (Perlu perhatian),77.47,1.31,32.4,4.24,6.17,42.32,7.02,True,True,2024,matched,reported,Database Bulan + Tahun + Triwulan + MAP,baseline-v1,2026-07-03,Data untuk PHK Dashboard.xlsx; MAP_composite_all.xlsx
Kalimantan Timur,Kalimantan Timur,64,2025,12,2025-12-01,4,3917.0,44.0,109.8,2.68,0.71,2300.85,603.73,1697.12,2265.981,51.2,4.75,16699,62.5,106.3,27,3917.0,56.78,5.18,66.58,,3775.425,6.5,0.8434924566,19.73987054,154729340.0,2427234.5,1969739,10.0,Kuning (Perlu perhatian),77.47,1.31,32.4,4.24,6.17,42.32,7.02,True,True,2024,matched,reported,Database Bulan + Tahun + Triwulan + MAP,baseline-v1,2026-07-03,Data untuk PHK Dashboard.xlsx; MAP_composite_all.xlsx
Kalimantan Utara,Kalimantan Utara,65,2022,1,2022-01-01,1,,,97.99,,,66.31,11.53,54.78,,53.7,3.5,14335,86.5,94.0,0,238.0,51.0,4.33,67.62,49.0,2390.739,3.7777308004346253,0.6974641449,8.670450665,15983949.65,186682.7,333718,10.0,Kuning (Perlu perhatian),73.08,1.14,24.17,3.53,5.32,49.0,7.55,True,True,2022,matched,no_data,Database Bulan + Tahun + Triwulan + MAP,baseline-v1,2026-07-03,Data untuk PHK Dashboard.xlsx; MAP_composite_all.xlsx
Kalimantan Utara,Kalimantan Utara,65,2022,2,2022-02-01,1,,,98.05,,,153.03,13.48,139.55,,51.2,3.5,14351,97.1,94.0,0,238.0,51.0,4.33,67.62,49.0,2390.739,3.7777308004346253,0.6974641449,8.670450665,15983949.65,186682.7,333718,10.0,Kuning (Perlu perhatian),73.08,1.14,24.17,3.53,5.32,49.0,7.55,True,True,2022,matched,no_data,Database Bulan + Tahun + Triwulan + MAP,baseline-v1,2026-07-03,Data untuk PHK Dashboard.xlsx; MAP_composite_all.xlsx
Kalimantan Utara,Kalimantan Utara,65,2022,3,2022-03-01,1,,,98.46,,,272.06,7.57,264.49,,51.3,3.5,14349,117.2,94.7,0,238.0,51.0,4.33,67.62,49.0,2390.739,3.7777308004346253,0.6974641449,8.670450665,15983949.65,186682.7,333718,10.0,Kuning (Perlu perhatian),73.08,1.14,24.17,3.53,5.32,49.0,7.55,True,True,2022,matched,no_data,Database Bulan + Tahun + Triwulan + MAP,baseline-v1,2026-07-03,Data untuk PHK Dashboard.xlsx; MAP_composite_all.xlsx
Kalimantan Utara,Kalimantan Utara,65,2022,4,2022-04-01,2,,,98.89,,,248.09,9.32,238.77,,51.9,3.5,14369,104.6,95.6,0,238.0,51.0,4.33,67.62,49.0,2390.739,3.7777308004346253,0.6974641449,8.670450665,16405367.67,217186.9,333718,10.0,Kuning (Perlu perhatian),73.08,1.14,24.17,3.53,5.32,49.0,7.55,True,True,2022,matched,no_data,Database Bulan + Tahun + Triwulan + MAP,baseline-v1,2026-07-03,Data untuk PHK Dashboard.xlsx; MAP_composite_all.xlsx
Kalimantan Utara,Kalimantan Utara,65,2022,5,2022-05-01,2,,,99.52,,,255.94,7.52,248.42,,50.8,3.5,14608,113.3,95.9,0,238.0,51.0,4.33,67.62,49.0,2390.739,3.7777308004346253,0.6974641449,8.670450665,16405367.67,217186.9,333718,10.0,Kuning (Perlu perhatian),73.08,1.14,24.17,3.53,5.32,49.0,7.55,True,True,2022,matched,no_data,Database Bulan + Tahun + Triwulan + MAP,baseline-v1,2026-07-03,Data untuk PHK Dashboard.xlsx; MAP_composite_all.xlsx
Kalimantan Utara,Kalimantan Utara,65,2022,6,2022-06-01,2,,,100.16,,,193.84,15.03,178.81,,50.2,3.5,14689,122.7,96.6,0,238.0,51.0,4.33,67.62,49.0,2390.739,3.7777308004346253,0.6974641449,8.670450665,16405367.67,217186.9,333718,10.0,Kuning (Perlu perhatian),73.08,1.14,24.17,3.53,5.32,49.0,7.55,True,True,2022,matched,no_data,Database Bulan + Tahun + Triwulan + MAP,baseline-v1,2026-07-03,Data untuk PHK Dashboard.xlsx; MAP_composite_all.xlsx
Kalimantan Utara,Kalimantan Utara,65,2022,7,2022-07-01,3,,,100.34,,,15.29,291.59,-276.3,,51.3,3.5,14984,111.9,97.0,0,238.0,51.0,4.33,67.62,49.0,2390.739,3.7777308004346253,0.6974641449,8.670450665,16852167.71,4421002.4,353984,10.0,Kuning (Perlu perhatian),73.08,1.14,24.17,3.53,5.32,49.0,7.55,True,True,2022,matched,no_data,Database Bulan + Tahun + Triwulan + MAP,baseline-v1,2026-07-03,Data untuk PHK Dashboard.xlsx; MAP_composite_all.xlsx
Kalimantan Utara,Kalimantan Utara,65,2022,8,2022-08-01,3,,,100.3,,,176.47,12.24,164.23,,51.7,3.75,14851,100.4,96.9,0,238.0,51.0,4.33,67.62,49.0,2390.739,3.7777308004346253,0.6974641449,8.670450665,16852167.71,4421002.4,353984,10.0,Kuning (Perlu perhatian),73.08,1.14,24.17,3.53,5.32,49.0,7.55,True,True,2022,matched,no_data,Database Bulan + Tahun + Triwulan + MAP,baseline-v1,2026-07-03,Data untuk PHK Dashboard.xlsx; MAP_composite_all.xlsx
Kalimantan Utara,Kalimantan Utara,65,2022,9,2022-09-01,3,238.0,,101.46,,,241.11,26.69,214.42,,53.7,4.25,14972,89.8,97.7,0,238.0,51.0,4.33,67.62,49.0,2390.739,3.7777308004346253,0.6974641449,8.670450665,16852167.71,4421002.4,353984,10.0,Kuning (Perlu perhatian),73.08,1.14,24.17,3.53,5.32,49.0,7.55,True,True,2022,matched,reported,Database Bulan + Tahun + Triwulan + MAP,baseline-v1,2026-07-03,Data untuk PHK Dashboard.xlsx; MAP_composite_all.xlsx
Kalimantan Utara,Kalimantan Utara,65,2022,10,2022-10-01,4,238.0,0.0,101.34,,,262.74,26.91,235.83,,51.8,4.75,15417,93.3,97.7,34,238.0,51.0,4.33,67.62,49.0,2390.739,3.7777308004346253,0.6974641449,8.670450665,17286902.95,1658930.7,353984,10.0,Kuning (Perlu perhatian),73.08,1.14,24.17,3.53,5.32,49.0,7.55,True,True,2022,matched,reported,Database Bulan + Tahun + Triwulan + MAP,baseline-v1,2026-07-03,Data untuk PHK Dashboard.xlsx; MAP_composite_all.xlsx
Kalimantan Utara,Kalimantan Utara,65,2022,11,2022-11-01,4,238.0,0.0,101.39,,,225.96,10.67,215.29,,50.3,5.25,15659,91.4,98.0,34,238.0,51.0,4.33,67.62,49.0,2390.739,3.7777308004346253,0.6974641449,8.670450665,17286902.95,1658930.7,353984,10.0,Kuning (Perlu perhatian),73.08,1.14,24.17,3.53,5.32,49.0,7.55,True,True,2022,matched,reported,Database Bulan + Tahun + Triwulan + MAP,baseline-v1,2026-07-03,Data untuk PHK Dashboard.xlsx; MAP_composite_all.xlsx
Kalimantan Utara,Kalimantan Utara,65,2022,12,2022-12-01,4,238.0,0.0,102.1,,,177.88,14.56,163.32,,50.9,5.5,15615,80.9,98.7,34,238.0,51.0,4.33,67.62,49.0,2390.739,3.7777308004346253,0.6974641449,8.670450665,17286902.95,1658930.7,353984,10.0,Kuning (Perlu perhatian),73.08,1.14,24.17,3.53,5.32,49.0,7.55,True,True,2022,matched,reported,Database Bulan + Tahun + Triwulan + MAP,baseline-v1,2026-07-03,Data untuk PHK Dashboard.xlsx; MAP_composite_all.xlsx
Kalimantan Utara,Kalimantan Utara,65,2023,1,2023-01-01,1,,,102.38,,,258.84,14.71,244.13,,51.3,5.75,15295,82.5,99.3,8,1937.0,48.62,4.01,70.35,51.38,2599.546,8.733993966,0.7221657199,8.4194955,16830590.0,1510676.2,357777,14.0,Oranye (Risiko PHK),72.99,1.11,24.96,-4.68,4.94,51.38,6.58,True,True,2023,matched,no_data,Database Bulan + Tahun + Triwulan + MAP,baseline-v1,2026-07-03,Data untuk PHK Dashboard.xlsx; MAP_composite_all.xlsx
Kalimantan Utara,Kalimantan Utara,65,2023,2,2023-02-01,1,,0.0,102.24,,,132.74,29.04,103.7,,51.2,5.75,15126,82.6,99.6,34,1937.0,48.62,4.01,70.35,51.38,2599.546,8.733993966,0.7221657199,8.4194955,16830590.0,1510676.2,357777,14.0,Oranye (Risiko PHK),72.99,1.11,24.96,-4.68,4.94,51.38,6.58,True,True,2023,matched,reported,Database Bulan + Tahun + Triwulan + MAP,baseline-v1,2026-07-03,Data untuk PHK Dashboard.xlsx; MAP_composite_all.xlsx
Kalimantan Utara,Kalimantan Utara,65,2023,3,2023-03-01,1,,0.0,102.38,,,216.78,10.85,205.93,,51.9,5.75,15301,78.4,99.9,34,1937.0,48.62,4.01,70.35,51.38,2599.546,8.733993966,0.7221657199,8.4194955,16830590.0,1510676.2,357777,14.0,Oranye (Risiko PHK),72.99,1.11,24.96,-4.68,4.94,51.38,6.58,True,True,2023,matched,reported,Database Bulan + Tahun + Triwulan + MAP,baseline-v1,2026-07-03,Data untuk PHK Dashboard.xlsx; MAP_composite_all.xlsx
Kalimantan Utara,Kalimantan Utara,65,2023,4,2023-04-01,2,,0.0,102.93,,,167.32,47.07,120.25,,52.7,5.75,14867,84.6,100.0,34,1937.0,48.62,4.01,70.35,51.38,2599.546,8.733993966,0.7221657199,8.4194955,17244910.0,2701573.5,357777,14.0,Oranye (Risiko PHK),72.99,1.11,24.96,-4.68,4.94,51.38,6.58,True,True,2023,matched,reported,Database Bulan + Tahun + Triwulan + MAP,baseline-v1,2026-07-03,Data untuk PHK Dashboard.xlsx; MAP_composite_all.xlsx
Kalimantan Utara,Kalimantan Utara,65,2023,5,2023-05-01,2,,0.0,103.1,,,196.33,37.82,158.51,,50.3,5.75,14811,75.5,100.2,34,1937.0,48.62,4.01,70.35,51.38,2599.546,8.733993966,0.7221657199,8.4194955,17244910.0,2701573.5,357777,14.0,Oranye (Risiko PHK),72.99,1.11,24.96,-4.68,4.94,51.38,6.58,True,True,2023,matched,reported,Database Bulan + Tahun + Triwulan + MAP,baseline-v1,2026-07-03,Data untuk PHK Dashboard.xlsx; MAP_composite_all.xlsx
Kalimantan Utara,Kalimantan Utara,65,2023,6,2023-06-01,2,,0.0,103.05,,,126.79,58.79,68,,52.5,5.75,14932,74.8,100.3,34,1937.0,48.62,4.01,70.35,51.38,2599.546,8.733993966,0.7221657199,8.4194955,17244910.0,2701573.5,357777,14.0,Oranye (Risiko PHK),72.99,1.11,24.96,-4.68,4.94,51.38,6.58,True,True,2023,matched,reported,Database Bulan + Tahun + Triwulan + MAP,baseline-v1,2026-07-03,Data untuk PHK Dashboard.xlsx; MAP_composite_all.xlsx
Kalimantan Utara,Kalimantan Utara,65,2023,7,2023-07-01,3,,0.0,103.45,,,110.9,47.06,63.84,,53.3,5.75,15040,80.1,100.5,34,1937.0,48.62,4.01,70.35,51.38,2599.546,8.733993966,0.7221657199,8.4194955,17658180.0,4123797.3,372270,14.0,Oranye (Risiko PHK),72.99,1.11,24.96,-4.68,4.94,51.38,6.58,True,True,2023,matched,reported,Database Bulan + Tahun + Triwulan + MAP,baseline-v1,2026-07-03,Data untuk PHK Dashboard.xlsx; MAP_composite_all.xlsx
Kalimantan Utara,Kalimantan Utara,65,2023,8,2023-08-01,3,343.0,343.0,103.65,,,141.03,107.56,33.47,,53.9,5.75,15245,86.1,100.5,34,1937.0,48.62,4.01,70.35,51.38,2599.546,8.733993966,0.7221657199,8.4194955,17658180.0,4123797.3,372270,14.0,Oranye (Risiko PHK),72.99,1.11,24.96,-4.68,4.94,51.38,6.58,True,True,2023,matched,reported,Database Bulan + Tahun + Triwulan + MAP,baseline-v1,2026-07-03,Data untuk PHK Dashboard.xlsx; MAP_composite_all.xlsx
Kalimantan Utara,Kalimantan Utara,65,2023,9,2023-09-01,3,1766.0,1423.0,103.41,,,130.85,45.48,85.37,,52.3,5.75,15354,"93,7",100.9,34,1937.0,48.62,4.01,70.35,51.38,2599.546,8.733993966,0.7221657199,8.4194955,17658180.0,4123797.3,372270,14.0,Oranye (Risiko PHK),72.99,1.11,24.96,-4.68,4.94,51.38,6.58,True,True,2023,matched,reported,Database Bulan + Tahun + Triwulan + MAP,baseline-v1,2026-07-03,Data untuk PHK Dashboard.xlsx; MAP_composite_all.xlsx
Kalimantan Utara,Kalimantan Utara,65,2023,10,2023-10-01,4,1766.0,0.0,103.12,,,131.77,98.64,33.13,,51.5,6.0,15741,90.6,101.2,34,1937.0,48.62,4.01,70.35,51.38,2599.546,8.733993966,0.7221657199,8.4194955,18097800.0,11253245.0,372270,14.0,Oranye (Risiko PHK),72.99,1.11,24.96,-4.68,4.94,51.38,6.58,True,True,2023,matched,reported,Database Bulan + Tahun + Triwulan + MAP,baseline-v1,2026-07-03,Data untuk PHK Dashboard.xlsx; MAP_composite_all.xlsx
Kalimantan Utara,Kalimantan Utara,65,2023,11,2023-11-01,4,1766.0,0.0,103.52,,,144.41,93.15,51.26,,51.7,6.0,15617,82.9,101.4,34,1937.0,48.62,4.01,70.35,51.38,2599.546,8.733993966,0.7221657199,8.4194955,18097800.0,11253245.0,372270,14.0,Oranye (Risiko PHK),72.99,1.11,24.96,-4.68,4.94,51.38,6.58,True,True,2023,matched,reported,Database Bulan + Tahun + Triwulan + MAP,baseline-v1,2026-07-03,Data untuk PHK Dashboard.xlsx; MAP_composite_all.xlsx
Kalimantan Utara,Kalimantan Utara,65,2023,12,2023-12-01,4,1937.0,171.0,104.37,,,196.74,91.97,104.77,,52.2,6.0,15513,77.6,101.8,34,1937.0,48.62,4.01,70.35,51.38,2599.546,8.733993966,0.7221657199,8.4194955,18097800.0,11253245.0,372270,14.0,Oranye (Risiko PHK),72.99,1.11,24.96,-4.68,4.94,51.38,6.58,True,True,2023,matched,reported,Database Bulan + Tahun + Triwulan + MAP,baseline-v1,2026-07-03,Data untuk PHK Dashboard.xlsx; MAP_composite_all.xlsx
Kalimantan Utara,Kalimantan Utara,65,2024,1,2024-01-01,1,,,104.42,1.99,0.05,133.56,109.98,23.58,,52.9,6.0,15611,80.1,102.1,9,1413.0,49.59,3.9,70.35,,2736.698,5.275998194,0.7299985142,8.461831915,17641730.0,4958105.8,344064,11.0,Kuning (Perlu perhatian),71.91,1.12,24.19,2.01,4.57,50.41,7.19,True,True,2024,matched,no_data,Database Bulan + Tahun + Triwulan + MAP,baseline-v1,2026-07-03,Data untuk PHK Dashboard.xlsx; MAP_composite_all.xlsx
Kalimantan Utara,Kalimantan Utara,65,2024,2,2024-02-01,1,,0.0,104.62,2.33,0.19,124.79,123.22,1.57,,52.7,6.0,15665,83.5,103.0,34,1413.0,49.59,3.9,70.35,,2736.698,5.275998194,0.7299985142,8.461831915,17641730.0,4958105.8,344064,11.0,Kuning (Perlu perhatian),71.91,1.12,24.19,2.01,4.57,50.41,7.19,True,True,2024,matched,reported,Database Bulan + Tahun + Triwulan + MAP,baseline-v1,2026-07-03,Data untuk PHK Dashboard.xlsx; MAP_composite_all.xlsx
Kalimantan Utara,Kalimantan Utara,65,2024,3,2024-03-01,1,,0.0,105.06,2.62,0.42,132.65,71.05,61.6,,54.2,6.0,15703,85.4,103.5,34,1413.0,49.59,3.9,70.35,,2736.698,5.275998194,0.7299985142,8.461831915,17641730.0,4958105.8,344064,11.0,Kuning (Perlu perhatian),71.91,1.12,24.19,2.01,4.57,50.41,7.19,True,True,2024,matched,reported,Database Bulan + Tahun + Triwulan + MAP,baseline-v1,2026-07-03,Data untuk PHK Dashboard.xlsx; MAP_composite_all.xlsx
Kalimantan Utara,Kalimantan Utara,65,2024,4,2024-04-01,2,,0.0,105.47,2.47,0.39,134.7,36.33,98.37,,52.9,6.25,16100,89.9,103.4,34,1413.0,49.59,3.9,70.35,,2736.698,5.275998194,0.7299985142,8.461831915,18068610.0,7614274.4,344064,11.0,Kuning (Perlu perhatian),71.91,1.12,24.19,2.01,4.57,50.41,7.19,True,True,2024,matched,reported,Database Bulan + Tahun + Triwulan + MAP,baseline-v1,2026-07-03,Data untuk PHK Dashboard.xlsx; MAP_composite_all.xlsx
Kalimantan Utara,Kalimantan Utara,65,2024,5,2024-05-01,2,,0.0,105.59,2.42,0.11,158.38,115.7,42.68,,52.1,6.25,16084,81.7,103.3,34,1413.0,49.59,3.9,70.35,,2736.698,5.275998194,0.7299985142,8.461831915,18068610.0,7614274.4,344064,11.0,Kuning (Perlu perhatian),71.91,1.12,24.19,2.01,4.57,50.41,7.19,True,True,2024,matched,reported,Database Bulan + Tahun + Triwulan + MAP,baseline-v1,2026-07-03,Data untuk PHK Dashboard.xlsx; MAP_composite_all.xlsx
Kalimantan Utara,Kalimantan Utara,65,2024,6,2024-06-01,2,78.0,78.0,105.51,2.39,-0.08,135.24,74.72,60.52,,50.7,6.25,16329,82.2,103.3,34,1413.0,49.59,3.9,70.35,,2736.698,5.275998194,0.7299985142,8.461831915,18068610.0,7614274.4,344064,11.0,Kuning (Perlu perhatian),71.91,1.12,24.19,2.01,4.57,50.41,7.19,True,True,2024,matched,reported,Database Bulan + Tahun + Triwulan + MAP,baseline-v1,2026-07-03,Data untuk PHK Dashboard.xlsx; MAP_composite_all.xlsx
Kalimantan Utara,Kalimantan Utara,65,2024,7,2024-07-01,3,96.0,18.0,105.5,1.98,-0.01,112.41,63.19,49.22,,49.3,6.25,16262,85.2,103.2,34,1413.0,49.59,3.9,70.35,,2736.698,5.275998194,0.7299985142,8.461831915,18461530.0,5072684.4,378361,11.0,Kuning (Perlu perhatian),71.91,1.12,24.19,2.01,4.57,50.41,7.19,True,True,2024,matched,reported,Database Bulan + Tahun + Triwulan + MAP,baseline-v1,2026-07-03,Data untuk PHK Dashboard.xlsx; MAP_composite_all.xlsx
Kalimantan Utara,Kalimantan Utara,65,2024,8,2024-08-01,3,110.0,14.0,105.3,1.59,-0.19,131.0,80.13,50.87,,48.9,6.25,15793,80.4,103.1,34,1413.0,49.59,3.9,70.35,,2736.698,5.275998194,0.7299985142,8.461831915,18461530.0,5072684.4,378361,11.0,Kuning (Perlu perhatian),71.91,1.12,24.19,2.01,4.57,50.41,7.19,True,True,2024,matched,reported,Database Bulan + Tahun + Triwulan + MAP,baseline-v1,2026-07-03,Data untuk PHK Dashboard.xlsx; MAP_composite_all.xlsx
Kalimantan Utara,Kalimantan Utara,65,2024,9,2024-09-01,3,599.0,489.0,105.21,1.74,-0.09,115.21,60.09,55.12,,49.2,6.0,15341,74,102.9,34,1413.0,49.59,3.9,70.35,,2736.698,5.275998194,0.7299985142,8.461831915,18461530.0,5072684.4,378361,11.0,Kuning (Perlu perhatian),71.91,1.12,24.19,2.01,4.57,50.41,7.19,True,True,2024,matched,reported,Database Bulan + Tahun + Triwulan + MAP,baseline-v1,2026-07-03,Data untuk PHK Dashboard.xlsx; MAP_composite_all.xlsx
Kalimantan Utara,Kalimantan Utara,65,2024,10,2024-10-01,4,599.0,0.0,105.39,2.2,0.17,127.11,40.33,86.78,,49.2,6.0,15541,75.6,102.8,34,1413.0,49.59,3.9,70.35,,2736.698,5.275998194,0.7299985142,8.461831915,18962540.0,3776455.4,378361,11.0,Kuning (Perlu perhatian),71.91,1.12,24.19,2.01,4.57,50.41,7.19,True,True,2024,matched,reported,Database Bulan + Tahun + Triwulan + MAP,baseline-v1,2026-07-03,Data untuk PHK Dashboard.xlsx; MAP_composite_all.xlsx
Kalimantan Utara,Kalimantan Utara,65,2024,11,2024-11-01,4,887.0,288.0,105.26,1.68,-0.12,128.06,56.18,71.88,,49.6,6.0,15812,74.3,103.0,34,1413.0,49.59,3.9,70.35,,2736.698,5.275998194,0.7299985142,8.461831915,18962540.0,3776455.4,378361,11.0,Kuning (Perlu perhatian),71.91,1.12,24.19,2.01,4.57,50.41,7.19,True,True,2024,matched,reported,Database Bulan + Tahun + Triwulan + MAP,baseline-v1,2026-07-03,Data untuk PHK Dashboard.xlsx; MAP_composite_all.xlsx
Kalimantan Utara,Kalimantan Utara,65,2024,12,2024-12-01,4,1413.0,526.0,105.72,1.29,0.44,153.12,83.43,69.69,,51.2,6.0,16024,73.9,103.4,34,1413.0,49.59,3.9,70.35,,2736.698,5.275998194,0.7299985142,8.461831915,18962540.0,3776455.4,378361,11.0,Kuning (Perlu perhatian),71.91,1.12,24.19,2.01,4.57,50.41,7.19,True,True,2024,matched,reported,Database Bulan + Tahun + Triwulan + MAP,baseline-v1,2026-07-03,Data untuk PHK Dashboard.xlsx; MAP_composite_all.xlsx
Kalimantan Utara,Kalimantan Utara,65,2025,1,2025-01-01,1,10.0,10.0,104.29,-0.12,-1.35,103.74,25.68,78.06,,51.9,5.75,16262,79.3,104.2,34,76.0,51.56,3.85,69.55,,2915.0,6.515223821,0.7929985438,8.820069335,18344270.0,4026128.2,375513,11.0,Kuning (Perlu perhatian),71.91,1.12,24.19,2.01,4.57,50.41,7.19,True,True,2024,matched,reported,Database Bulan + Tahun + Triwulan + MAP,baseline-v1,2026-07-03,Data untuk PHK Dashboard.xlsx; MAP_composite_all.xlsx
Kalimantan Utara,Kalimantan Utara,65,2025,2,2025-02-01,1,15.0,5.0,104.11,-0.49,-0.17,93.0,94.66,-1.66,,53.6,5.75,16338,75.4,104.3,34,76.0,51.56,3.85,69.55,,2915.0,6.515223821,0.7929985438,8.820069335,18344270.0,4026128.2,375513,11.0,Kuning (Perlu perhatian),71.91,1.12,24.19,2.01,4.57,50.41,7.19,True,True,2024,matched,reported,Database Bulan + Tahun + Triwulan + MAP,baseline-v1,2026-07-03,Data untuk PHK Dashboard.xlsx; MAP_composite_all.xlsx
Kalimantan Utara,Kalimantan Utara,65,2025,3,2025-03-01,1,21.0,6.0,106.36,1.24,2.16,132.37,82.87,49.5,,52.4,5.75,16456,72.7,105.1,34,76.0,51.56,3.85,69.55,,2915.0,6.515223821,0.7929985438,8.820069335,18344270.0,4026128.2,375513,11.0,Kuning (Perlu perhatian),71.91,1.12,24.19,2.01,4.57,50.41,7.19,True,True,2024,matched,reported,Database Bulan + Tahun + Triwulan + MAP,baseline-v1,2026-07-03,Data untuk PHK Dashboard.xlsx; MAP_composite_all.xlsx
Kalimantan Utara,Kalimantan Utara,65,2025,4,2025-04-01,2,23.0,2.0,106.84,1.3,0.45,114.87,63.27,51.6,,46.7,5.75,16820,68.1,105.1,34,76.0,51.56,3.85,69.55,,2915.0,6.515223821,0.7929985438,8.820069335,18855890.0,3364091.3,375513,11.0,Kuning (Perlu perhatian),71.91,1.12,24.19,2.01,4.57,50.41,7.19,True,True,2024,matched,reported,Database Bulan + Tahun + Triwulan + MAP,baseline-v1,2026-07-03,Data untuk PHK Dashboard.xlsx; MAP_composite_all.xlsx
Kalimantan Utara,Kalimantan Utara,65,2025,5,2025-05-01,2,36.0,13.0,106.9,1.24,0.06,115.5,89.82,25.68,,47.4,5.5,16441,64.5,104.6,34,76.0,51.56,3.85,69.55,,2915.0,6.515223821,0.7929985438,8.820069335,18855890.0,3364091.3,375513,11.0,Kuning (Perlu perhatian),71.91,1.12,24.19,2.01,4.57,50.41,7.19,True,True,2024,matched,reported,Database Bulan + Tahun + Triwulan + MAP,baseline-v1,2026-07-03,Data untuk PHK Dashboard.xlsx; MAP_composite_all.xlsx
Kalimantan Utara,Kalimantan Utara,65,2025,6,2025-06-01,2,39.0,3.0,106.97,1.38,0.07,111.11,102.68,8.43,,46.9,5.5,16311,71.4,104.7,34,76.0,51.56,3.85,69.55,,2915.0,6.515223821,0.7929985438,8.820069335,18855890.0,3364091.3,375513,11.0,Kuning (Perlu perhatian),71.91,1.12,24.19,2.01,4.57,50.41,7.19,True,True,2024,matched,reported,Database Bulan + Tahun + Triwulan + MAP,baseline-v1,2026-07-03,Data untuk PHK Dashboard.xlsx; MAP_composite_all.xlsx
Kalimantan Utara,Kalimantan Utara,65,2025,7,2025-07-01,3,53.0,14.0,107.6,1.99,0.59,124.44,56.6,67.84,,49.2,5.25,16276,71,105.2,34,76.0,51.56,3.85,69.55,,2915.0,6.515223821,0.7929985438,8.820069335,19264780.0,3986809.0,380572,11.0,Kuning (Perlu perhatian),71.91,1.12,24.19,2.01,4.57,50.41,7.19,True,True,2024,matched,reported,Database Bulan + Tahun + Triwulan + MAP,baseline-v1,2026-07-03,Data untuk PHK Dashboard.xlsx; MAP_composite_all.xlsx
Kalimantan Utara,Kalimantan Utara,65,2025,8,2025-08-01,3,61.0,8.0,107.66,2.24,0.06,121.27,93.89,27.38,,51.5,5.0,16309,67.9,105.2,34,76.0,51.56,3.85,69.55,,2915.0,6.515223821,0.7929985438,8.820069335,19264780.0,3986809.0,380572,11.0,Kuning (Perlu perhatian),71.91,1.12,24.19,2.01,4.57,50.41,7.19,True,True,2024,matched,reported,Database Bulan + Tahun + Triwulan + MAP,baseline-v1,2026-07-03,Data untuk PHK Dashboard.xlsx; MAP_composite_all.xlsx
Kalimantan Utara,Kalimantan Utara,65,2025,9,2025-09-01,3,68.0,7.0,107.65,2.32,-0.01,106.51,87.83,18.68,,50.4,4.75,16512,68,105.3,34,76.0,51.56,3.85,69.55,,2915.0,6.515223821,0.7929985438,8.820069335,19264780.0,3986809.0,380572,11.0,Kuning (Perlu perhatian),71.91,1.12,24.19,2.01,4.57,50.41,7.19,True,True,2024,matched,reported,Database Bulan + Tahun + Triwulan + MAP,baseline-v1,2026-07-03,Data untuk PHK Dashboard.xlsx; MAP_composite_all.xlsx
Kalimantan Utara,Kalimantan Utara,65,2025,10,2025-10-01,4,70.0,2.0,107.74,2.23,0.08,130.08,51.54,78.54,,51.2,4.75,16607,64.5,105.5,34,76.0,51.56,3.85,69.55,,2915.0,6.515223821,0.7929985438,8.820069335,20003950.0,4975010.1,380572,11.0,Kuning (Perlu perhatian),71.91,1.12,24.19,2.01,4.57,50.41,7.19,True,True,2024,matched,reported,Database Bulan + Tahun + Triwulan + MAP,baseline-v1,2026-07-03,Data untuk PHK Dashboard.xlsx; MAP_composite_all.xlsx
Kalimantan Utara,Kalimantan Utara,65,2025,11,2025-11-01,4,73.0,3.0,107.86,2.47,0.11,111.03,73.1,37.93,,53.3,4.75,16703,63.8,105.4,34,76.0,51.56,3.85,69.55,,2915.0,6.515223821,0.7929985438,8.820069335,20003950.0,4975010.1,380572,11.0,Kuning (Perlu perhatian),71.91,1.12,24.19,2.01,4.57,50.41,7.19,True,True,2024,matched,reported,Database Bulan + Tahun + Triwulan + MAP,baseline-v1,2026-07-03,Data untuk PHK Dashboard.xlsx; MAP_composite_all.xlsx
Kalimantan Utara,Kalimantan Utara,65,2025,12,2025-12-01,4,76.0,3.0,108.44,2.57,0.54,140.38,74.12,66.26,,51.2,4.75,16699,62.5,106.3,27,76.0,51.56,3.85,69.55,,2915.0,6.515223821,0.7929985438,8.820069335,20003950.0,4975010.1,380572,11.0,Kuning (Perlu perhatian),71.91,1.12,24.19,2.01,4.57,50.41,7.19,True,True,2024,matched,reported,Database Bulan + Tahun + Triwulan + MAP,baseline-v1,2026-07-03,Data untuk PHK Dashboard.xlsx; MAP_composite_all.xlsx
Kepulauan Riau,Kepulauan Riau,21,2022,1,2022-01-01,1,,,97.79,,,1209.54,1362.73,-153.19,1227.365,53.7,3.5,14335,86.5,94.0,0,863.0,63.68,,68.94,36.32,3050.172,1.4876923998323122,0.7340048899,41.73778185,45822274.82,4038174.8,973125,15.0,Oranye (Risiko PHK),76.87,1.36,52.12,-1.72,5.09,36.32,25.77,True,True,2022,matched,no_data,Database Bulan + Tahun + Triwulan + MAP,baseline-v1,2026-07-03,Data untuk PHK Dashboard.xlsx; MAP_composite_all.xlsx
Kepulauan Riau,Kepulauan Riau,21,2022,2,2022-02-01,1,,,97.35,,,1364.48,990.13,374.35,1247.216,51.2,3.5,14351,97.1,94.0,0,863.0,63.68,,68.94,36.32,3050.172,1.4876923998323122,0.7340048899,41.73778185,45822274.82,4038174.8,973125,15.0,Oranye (Risiko PHK),76.87,1.36,52.12,-1.72,5.09,36.32,25.77,True,True,2022,matched,no_data,Database Bulan + Tahun + Triwulan + MAP,baseline-v1,2026-07-03,Data untuk PHK Dashboard.xlsx; MAP_composite_all.xlsx
Kepulauan Riau,Kepulauan Riau,21,2022,3,2022-03-01,1,,,97.87,,,1617.23,1697.03,-79.8,1187.862,51.3,3.5,14349,117.2,94.7,0,863.0,63.68,,68.94,36.32,3050.172,1.4876923998323122,0.7340048899,41.73778185,45822274.82,4038174.8,973125,15.0,Oranye (Risiko PHK),76.87,1.36,52.12,-1.72,5.09,36.32,25.77,True,True,2022,matched,no_data,Database Bulan + Tahun + Triwulan + MAP,baseline-v1,2026-07-03,Data untuk PHK Dashboard.xlsx; MAP_composite_all.xlsx
Kepulauan Riau,Kepulauan Riau,21,2022,4,2022-04-01,2,,,98.53,,,1701.9,1480.23,221.67,1191.706,51.9,3.5,14369,104.6,95.6,0,863.0,63.68,,68.94,36.32,3050.172,1.4876923998323122,0.7340048899,41.73778185,46779479.36,2204293.5,973125,15.0,Oranye (Risiko PHK),76.87,1.36,52.12,-1.72,5.09,36.32,25.77,True,True,2022,matched,no_data,Database Bulan + Tahun + Triwulan + MAP,baseline-v1,2026-07-03,Data untuk PHK Dashboard.xlsx; MAP_composite_all.xlsx
Kepulauan Riau,Kepulauan Riau,21,2022,5,2022-05-01,2,,,99.32,,,1569.76,1224.56,345.2,1217.181,50.8,3.5,14608,113.3,95.9,0,863.0,63.68,,68.94,36.32,3050.172,1.4876923998323122,0.7340048899,41.73778185,46779479.36,2204293.5,973125,15.0,Oranye (Risiko PHK),76.87,1.36,52.12,-1.72,5.09,36.32,25.77,True,True,2022,matched,no_data,Database Bulan + Tahun + Triwulan + MAP,baseline-v1,2026-07-03,Data untuk PHK Dashboard.xlsx; MAP_composite_all.xlsx
Kepulauan Riau,Kepulauan Riau,21,2022,6,2022-06-01,2,,,100.23,,,1460.15,1426.13,34.02,1207.469,50.2,3.5,14689,122.7,96.6,0,863.0,63.68,,68.94,36.32,3050.172,1.4876923998323122,0.7340048899,41.73778185,46779479.36,2204293.5,973125,15.0,Oranye (Risiko PHK),76.87,1.36,52.12,-1.72,5.09,36.32,25.77,True,True,2022,matched,no_data,Database Bulan + Tahun + Triwulan + MAP,baseline-v1,2026-07-03,Data untuk PHK Dashboard.xlsx; MAP_composite_all.xlsx
Kepulauan Riau,Kepulauan Riau,21,2022,7,2022-07-01,3,720.0,,100.82,,,1388.71,1432.49,-43.78,1299.601,51.3,3.5,14984,111.9,97.0,0,863.0,63.68,,68.94,36.32,3050.172,1.4876923998323122,0.7340048899,41.73778185,47051506.02,3393369.1,1155997,15.0,Oranye (Risiko PHK),76.87,1.36,52.12,-1.72,5.09,36.32,25.77,True,True,2022,matched,reported,Database Bulan + Tahun + Triwulan + MAP,baseline-v1,2026-07-03,Data untuk PHK Dashboard.xlsx; MAP_composite_all.xlsx
Kepulauan Riau,Kepulauan Riau,21,2022,8,2022-08-01,3,,,100.46,,,2156.93,1560.8,596.13,1365.877,51.7,3.75,14851,100.4,96.9,0,863.0,63.68,,68.94,36.32,3050.172,1.4876923998323122,0.7340048899,41.73778185,47051506.02,3393369.1,1155997,15.0,Oranye (Risiko PHK),76.87,1.36,52.12,-1.72,5.09,36.32,25.77,True,True,2022,matched,no_data,Database Bulan + Tahun + Triwulan + MAP,baseline-v1,2026-07-03,Data untuk PHK Dashboard.xlsx; MAP_composite_all.xlsx
Kepulauan Riau,Kepulauan Riau,21,2022,9,2022-09-01,3,720.0,,101.84,,,1441.7,1316.8,124.9,1527.593,53.7,4.25,14972,89.8,97.7,0,863.0,63.68,,68.94,36.32,3050.172,1.4876923998323122,0.7340048899,41.73778185,47051506.02,3393369.1,1155997,15.0,Oranye (Risiko PHK),76.87,1.36,52.12,-1.72,5.09,36.32,25.77,True,True,2022,matched,reported,Database Bulan + Tahun + Triwulan + MAP,baseline-v1,2026-07-03,Data untuk PHK Dashboard.xlsx; MAP_composite_all.xlsx
Kepulauan Riau,Kepulauan Riau,21,2022,10,2022-10-01,4,863.0,143.0,101.75,,,1471.6,1335.52,136.08,1553.398,51.8,4.75,15417,93.3,97.7,34,863.0,63.68,,68.94,36.32,3050.172,1.4876923998323122,0.7340048899,41.73778185,50457827.44,4262783.9,1155997,15.0,Oranye (Risiko PHK),76.87,1.36,52.12,-1.72,5.09,36.32,25.77,True,True,2022,matched,reported,Database Bulan + Tahun + Triwulan + MAP,baseline-v1,2026-07-03,Data untuk PHK Dashboard.xlsx; MAP_composite_all.xlsx
Kepulauan Riau,Kepulauan Riau,21,2022,11,2022-11-01,4,863.0,0.0,101.51,,,1431.76,1287.53,144.23,910.846,50.3,5.25,15659,91.4,98.0,34,863.0,63.68,,68.94,36.32,3050.172,1.4876923998323122,0.7340048899,41.73778185,50457827.44,4262783.9,1155997,15.0,Oranye (Risiko PHK),76.87,1.36,52.12,-1.72,5.09,36.32,25.77,True,True,2022,matched,reported,Database Bulan + Tahun + Triwulan + MAP,baseline-v1,2026-07-03,Data untuk PHK Dashboard.xlsx; MAP_composite_all.xlsx
Kepulauan Riau,Kepulauan Riau,21,2022,12,2022-12-01,4,863.0,0.0,102.51,,,1446.87,1601.52,-154.65,872.59,50.9,5.5,15615,80.9,98.7,34,863.0,63.68,,68.94,36.32,3050.172,1.4876923998323122,0.7340048899,41.73778185,50457827.44,4262783.9,1155997,15.0,Oranye (Risiko PHK),76.87,1.36,52.12,-1.72,5.09,36.32,25.77,True,True,2022,matched,reported,Database Bulan + Tahun + Triwulan + MAP,baseline-v1,2026-07-03,Data untuk PHK Dashboard.xlsx; MAP_composite_all.xlsx
Kepulauan Riau,Kepulauan Riau,21,2023,1,2023-01-01,1,,,102.23,,,1586.8,1722.37,-135.57,931.504,51.3,5.75,15295,82.5,99.3,8,683.0,66.33,,68.68,33.67,3279.194,7.508494603,0.7050427462,40.66921178,48774710.0,3259914.2,1023125,12.0,Kuning (Perlu perhatian),76.4,1.42,51.04,4.16,5.2,33.67,25.23,True,True,2023,matched,no_data,Database Bulan + Tahun + Triwulan + MAP,baseline-v1,2026-07-03,Data untuk PHK Dashboard.xlsx; MAP_composite_all.xlsx
Kepulauan Riau,Kepulauan Riau,21,2023,2,2023-02-01,1,,0.0,102.74,,,1571.71,1571.84,-0.13,962.915,51.2,5.75,15126,82.6,99.6,34,683.0,66.33,,68.68,33.67,3279.194,7.508494603,0.7050427462,40.66921178,48774710.0,3259914.2,1023125,12.0,Kuning (Perlu perhatian),76.4,1.42,51.04,4.16,5.2,33.67,25.23,True,True,2023,matched,reported,Database Bulan + Tahun + Triwulan + MAP,baseline-v1,2026-07-03,Data untuk PHK Dashboard.xlsx; MAP_composite_all.xlsx
Kepulauan Riau,Kepulauan Riau,21,2023,3,2023-03-01,1,14.0,14.0,102.49,,,1510.97,1635.96,-124.99,981.319,51.9,5.75,15301,78.4,99.9,34,683.0,66.33,,68.68,33.67,3279.194,7.508494603,0.7050427462,40.66921178,48774710.0,3259914.2,1023125,12.0,Kuning (Perlu perhatian),76.4,1.42,51.04,4.16,5.2,33.67,25.23,True,True,2023,matched,reported,Database Bulan + Tahun + Triwulan + MAP,baseline-v1,2026-07-03,Data untuk PHK Dashboard.xlsx; MAP_composite_all.xlsx
Kepulauan Riau,Kepulauan Riau,21,2023,4,2023-04-01,2,14.0,0.0,102.87,,,1462.7,1426.38,36.32,990.67,52.7,5.75,14867,84.6,100.0,34,683.0,66.33,,68.68,33.67,3279.194,7.508494603,0.7050427462,40.66921178,49122790.0,3011238.3,1023125,12.0,Kuning (Perlu perhatian),76.4,1.42,51.04,4.16,5.2,33.67,25.23,True,True,2023,matched,reported,Database Bulan + Tahun + Triwulan + MAP,baseline-v1,2026-07-03,Data untuk PHK Dashboard.xlsx; MAP_composite_all.xlsx
Kepulauan Riau,Kepulauan Riau,21,2023,5,2023-05-01,2,157.0,143.0,102.62,,,1517.81,1617.99,-100.18,1002.567,50.3,5.75,14811,75.5,100.2,34,683.0,66.33,,68.68,33.67,3279.194,7.508494603,0.7050427462,40.66921178,49122790.0,3011238.3,1023125,12.0,Kuning (Perlu perhatian),76.4,1.42,51.04,4.16,5.2,33.67,25.23,True,True,2023,matched,reported,Database Bulan + Tahun + Triwulan + MAP,baseline-v1,2026-07-03,Data untuk PHK Dashboard.xlsx; MAP_composite_all.xlsx
Kepulauan Riau,Kepulauan Riau,21,2023,6,2023-06-01,2,160.0,3.0,103.04,,,1377.6,1356.91,20.69,1066.009,52.5,5.75,14932,74.8,100.3,34,683.0,66.33,,68.68,33.67,3279.194,7.508494603,0.7050427462,40.66921178,49122790.0,3011238.3,1023125,12.0,Kuning (Perlu perhatian),76.4,1.42,51.04,4.16,5.2,33.67,25.23,True,True,2023,matched,reported,Database Bulan + Tahun + Triwulan + MAP,baseline-v1,2026-07-03,Data untuk PHK Dashboard.xlsx; MAP_composite_all.xlsx
Kepulauan Riau,Kepulauan Riau,21,2023,7,2023-07-01,3,244.0,84.0,103.31,,,1546.31,1598.6,-52.29,2106.444,53.3,5.75,15040,80.1,100.5,34,683.0,66.33,,68.68,33.67,3279.194,7.508494603,0.7050427462,40.66921178,49330320.0,3088882.3,1019356,12.0,Kuning (Perlu perhatian),76.4,1.42,51.04,4.16,5.2,33.67,25.23,True,True,2023,matched,reported,Database Bulan + Tahun + Triwulan + MAP,baseline-v1,2026-07-03,Data untuk PHK Dashboard.xlsx; MAP_composite_all.xlsx
Kepulauan Riau,Kepulauan Riau,21,2023,8,2023-08-01,3,261.0,17.0,103.44,,,1543.54,1549.25,-5.71,2124.552,53.9,5.75,15245,86.1,100.5,34,683.0,66.33,,68.68,33.67,3279.194,7.508494603,0.7050427462,40.66921178,49330320.0,3088882.3,1019356,12.0,Kuning (Perlu perhatian),76.4,1.42,51.04,4.16,5.2,33.67,25.23,True,True,2023,matched,reported,Database Bulan + Tahun + Triwulan + MAP,baseline-v1,2026-07-03,Data untuk PHK Dashboard.xlsx; MAP_composite_all.xlsx
Kepulauan Riau,Kepulauan Riau,21,2023,9,2023-09-01,3,291.0,30.0,103.7,,,1444.48,1391.77,52.71,2069.62,52.3,5.75,15354,"93,7",100.9,34,683.0,66.33,,68.68,33.67,3279.194,7.508494603,0.7050427462,40.66921178,49330320.0,3088882.3,1019356,12.0,Kuning (Perlu perhatian),76.4,1.42,51.04,4.16,5.2,33.67,25.23,True,True,2023,matched,reported,Database Bulan + Tahun + Triwulan + MAP,baseline-v1,2026-07-03,Data untuk PHK Dashboard.xlsx; MAP_composite_all.xlsx
Kepulauan Riau,Kepulauan Riau,21,2023,10,2023-10-01,4,428.0,137.0,103.98,,,1206.45,1391.99,-185.54,2086.367,51.5,6.0,15741,90.6,101.2,34,683.0,66.33,,68.68,33.67,3279.194,7.508494603,0.7050427462,40.66921178,52685000.0,2259649.4,1019356,12.0,Kuning (Perlu perhatian),76.4,1.42,51.04,4.16,5.2,33.67,25.23,True,True,2023,matched,reported,Database Bulan + Tahun + Triwulan + MAP,baseline-v1,2026-07-03,Data untuk PHK Dashboard.xlsx; MAP_composite_all.xlsx
Kepulauan Riau,Kepulauan Riau,21,2023,11,2023-11-01,4,462.0,34.0,104.65,,,1223.8,1320.32,-96.52,2007.615,51.7,6.0,15617,82.9,101.4,34,683.0,66.33,,68.68,33.67,3279.194,7.508494603,0.7050427462,40.66921178,52685000.0,2259649.4,1019356,12.0,Kuning (Perlu perhatian),76.4,1.42,51.04,4.16,5.2,33.67,25.23,True,True,2023,matched,reported,Database Bulan + Tahun + Triwulan + MAP,baseline-v1,2026-07-03,Data untuk PHK Dashboard.xlsx; MAP_composite_all.xlsx
Kepulauan Riau,Kepulauan Riau,21,2023,12,2023-12-01,4,683.0,221.0,105.15,,,1797.08,1316.86,480.22,1885.705,52.2,6.0,15513,77.6,101.8,34,683.0,66.33,,68.68,33.67,3279.194,7.508494603,0.7050427462,40.66921178,52685000.0,2259649.4,1019356,12.0,Kuning (Perlu perhatian),76.4,1.42,51.04,4.16,5.2,33.67,25.23,True,True,2023,matched,reported,Database Bulan + Tahun + Triwulan + MAP,baseline-v1,2026-07-03,Data untuk PHK Dashboard.xlsx; MAP_composite_all.xlsx
Kepulauan Riau,Kepulauan Riau,21,2024,1,2024-01-01,1,34.0,34.0,105.69,3.38,0.51,1291.41,1280.38,11.03,1944.882,52.9,6.0,15611,80.1,102.1,9,654.0,68.45,6.39,69.17,,3402.492,3.760009319,0.6928257093,41.73434105,51214520.0,8590250.1,1003393,12.0,Kuning (Perlu perhatian),74.32,1.44,51.91,3.2,5.02,31.55,23.65,True,True,2024,matched,reported,Database Bulan + Tahun + Triwulan + MAP,baseline-v1,2026-07-03,Data untuk PHK Dashboard.xlsx; MAP_composite_all.xlsx
Kepulauan Riau,Kepulauan Riau,21,2024,2,2024-02-01,1,62.0,28.0,105.46,2.65,-0.22,1353.99,1431.16,-77.17,1941.859,52.7,6.0,15665,83.5,103.0,34,654.0,68.45,6.39,69.17,,3402.492,3.760009319,0.6928257093,41.73434105,51214520.0,8590250.1,1003393,12.0,Kuning (Perlu perhatian),74.32,1.44,51.91,3.2,5.02,31.55,23.65,True,True,2024,matched,reported,Database Bulan + Tahun + Triwulan + MAP,baseline-v1,2026-07-03,Data untuk PHK Dashboard.xlsx; MAP_composite_all.xlsx
Kepulauan Riau,Kepulauan Riau,21,2024,3,2024-03-01,1,82.0,20.0,105.94,3.37,0.46,1784.29,1019.35,764.94,1891.981,54.2,6.0,15703,85.4,103.5,34,654.0,68.45,6.39,69.17,,3402.492,3.760009319,0.6928257093,41.73434105,51214520.0,8590250.1,1003393,12.0,Kuning (Perlu perhatian),74.32,1.44,51.91,3.2,5.02,31.55,23.65,True,True,2024,matched,reported,Database Bulan + Tahun + Triwulan + MAP,baseline-v1,2026-07-03,Data untuk PHK Dashboard.xlsx; MAP_composite_all.xlsx
Kepulauan Riau,Kepulauan Riau,21,2024,4,2024-04-01,2,98.0,16.0,106.0,3.04,0.06,1456.3,1517.8,-61.5,2075.846,52.9,6.25,16100,89.9,103.4,34,654.0,68.45,6.39,69.17,,3402.492,3.760009319,0.6928257093,41.73434105,51528700.0,4098034.5,1003393,12.0,Kuning (Perlu perhatian),74.32,1.44,51.91,3.2,5.02,31.55,23.65,True,True,2024,matched,reported,Database Bulan + Tahun + Triwulan + MAP,baseline-v1,2026-07-03,Data untuk PHK Dashboard.xlsx; MAP_composite_all.xlsx
Kepulauan Riau,Kepulauan Riau,21,2024,5,2024-05-01,2,316.0,218.0,106.39,3.67,0.37,1659.59,1359.22,300.37,2028.353,52.1,6.25,16084,81.7,103.3,34,654.0,68.45,6.39,69.17,,3402.492,3.760009319,0.6928257093,41.73434105,51528700.0,4098034.5,1003393,12.0,Kuning (Perlu perhatian),74.32,1.44,51.91,3.2,5.02,31.55,23.65,True,True,2024,matched,reported,Database Bulan + Tahun + Triwulan + MAP,baseline-v1,2026-07-03,Data untuk PHK Dashboard.xlsx; MAP_composite_all.xlsx
Kepulauan Riau,Kepulauan Riau,21,2024,6,2024-06-01,2,341.0,25.0,106.69,3.54,0.28,1547.06,1378.88,168.18,1971.591,50.7,6.25,16329,82.2,103.3,34,654.0,68.45,6.39,69.17,,3402.492,3.760009319,0.6928257093,41.73434105,51528700.0,4098034.5,1003393,12.0,Kuning (Perlu perhatian),74.32,1.44,51.91,3.2,5.02,31.55,23.65,True,True,2024,matched,reported,Database Bulan + Tahun + Triwulan + MAP,baseline-v1,2026-07-03,Data untuk PHK Dashboard.xlsx; MAP_composite_all.xlsx
Kepulauan Riau,Kepulauan Riau,21,2024,7,2024-07-01,3,533.0,192.0,106.21,2.81,-0.45,1644.97,1520.88,124.09,1988.029,49.3,6.25,16262,85.2,103.2,34,654.0,68.45,6.39,69.17,,3402.492,3.760009319,0.6928257093,41.73434105,51801360.0,11967666.2,1049087,12.0,Kuning (Perlu perhatian),74.32,1.44,51.91,3.2,5.02,31.55,23.65,True,True,2024,matched,reported,Database Bulan + Tahun + Triwulan + MAP,baseline-v1,2026-07-03,Data untuk PHK Dashboard.xlsx; MAP_composite_all.xlsx
Kepulauan Riau,Kepulauan Riau,21,2024,8,2024-08-01,3,540.0,7.0,106.17,2.64,-0.04,1703.52,1469.72,233.8,1989.76,48.9,6.25,15793,80.4,103.1,34,654.0,68.45,6.39,69.17,,3402.492,3.760009319,0.6928257093,41.73434105,51801360.0,11967666.2,1049087,12.0,Kuning (Perlu perhatian),74.32,1.44,51.91,3.2,5.02,31.55,23.65,True,True,2024,matched,reported,Database Bulan + Tahun + Triwulan + MAP,baseline-v1,2026-07-03,Data untuk PHK Dashboard.xlsx; MAP_composite_all.xlsx
Kepulauan Riau,Kepulauan Riau,21,2024,9,2024-09-01,3,573.0,33.0,106.32,2.53,0.14,1431.33,1387.52,43.81,2000.272,49.2,6.0,15341,74,102.9,34,654.0,68.45,6.39,69.17,,3402.492,3.760009319,0.6928257093,41.73434105,51801360.0,11967666.2,1049087,12.0,Kuning (Perlu perhatian),74.32,1.44,51.91,3.2,5.02,31.55,23.65,True,True,2024,matched,reported,Database Bulan + Tahun + Triwulan + MAP,baseline-v1,2026-07-03,Data untuk PHK Dashboard.xlsx; MAP_composite_all.xlsx
Kepulauan Riau,Kepulauan Riau,21,2024,10,2024-10-01,4,578.0,5.0,106.38,2.31,0.06,1685.14,1703.91,-18.77,2041.308,49.2,6.0,15541,75.6,102.8,34,654.0,68.45,6.39,69.17,,3402.492,3.760009319,0.6928257093,41.73434105,55394490.0,14583893.8,1049087,12.0,Kuning (Perlu perhatian),74.32,1.44,51.91,3.2,5.02,31.55,23.65,True,True,2024,matched,reported,Database Bulan + Tahun + Triwulan + MAP,baseline-v1,2026-07-03,Data untuk PHK Dashboard.xlsx; MAP_composite_all.xlsx
Kepulauan Riau,Kepulauan Riau,21,2024,11,2024-11-01,4,615.0,37.0,106.63,1.89,0.24,1846.47,1665.7,180.77,1942.601,49.6,6.0,15812,74.3,103.0,34,654.0,68.45,6.39,69.17,,3402.492,3.760009319,0.6928257093,41.73434105,55394490.0,14583893.8,1049087,12.0,Kuning (Perlu perhatian),74.32,1.44,51.91,3.2,5.02,31.55,23.65,True,True,2024,matched,reported,Database Bulan + Tahun + Triwulan + MAP,baseline-v1,2026-07-03,Data untuk PHK Dashboard.xlsx; MAP_composite_all.xlsx
Kepulauan Riau,Kepulauan Riau,21,2024,12,2024-12-01,4,654.0,39.0,107.35,2.09,0.68,1600.38,1607.57,-7.19,1923.82,51.2,6.0,16024,73.9,103.4,34,654.0,68.45,6.39,69.17,,3402.492,3.760009319,0.6928257093,41.73434105,55394490.0,14583893.8,1049087,12.0,Kuning (Perlu perhatian),74.32,1.44,51.91,3.2,5.02,31.55,23.65,True,True,2024,matched,reported,Database Bulan + Tahun + Triwulan + MAP,baseline-v1,2026-07-03,Data untuk PHK Dashboard.xlsx; MAP_composite_all.xlsx
Kepulauan Riau,Kepulauan Riau,21,2025,1,2025-01-01,1,238.0,238.0,107.81,2.01,0.43,2106.03,1749.79,356.24,1975.021,51.9,5.75,16262,79.3,104.2,34,3265.0,65.75,6.45,68.23,,3623.654,6.500000588,0.7598367789,41.9603064,53855960.0,9740006.5,1016540,12.0,Kuning (Perlu perhatian),74.32,1.44,51.91,3.2,5.02,31.55,23.65,True,True,2024,matched,reported,Database Bulan + Tahun + Triwulan + MAP,baseline-v1,2026-07-03,Data untuk PHK Dashboard.xlsx; MAP_composite_all.xlsx
Kepulauan Riau,Kepulauan Riau,21,2025,2,2025-02-01,1,611.0,373.0,107.66,2.09,-0.14,1728.27,1686.27,42,2017.43,53.6,5.75,16338,75.4,104.3,34,3265.0,65.75,6.45,68.23,,3623.654,6.500000588,0.7598367789,41.9603064,53855960.0,9740006.5,1016540,12.0,Kuning (Perlu perhatian),74.32,1.44,51.91,3.2,5.02,31.55,23.65,True,True,2024,matched,reported,Database Bulan + Tahun + Triwulan + MAP,baseline-v1,2026-07-03,Data untuk PHK Dashboard.xlsx; MAP_composite_all.xlsx
Kepulauan Riau,Kepulauan Riau,21,2025,3,2025-03-01,1,834.0,223.0,108.07,2.01,0.38,1983.45,1920.16,63.29,1867.181,52.4,5.75,16456,72.7,105.1,34,3265.0,65.75,6.45,68.23,,3623.654,6.500000588,0.7598367789,41.9603064,53855960.0,9740006.5,1016540,12.0,Kuning (Perlu perhatian),74.32,1.44,51.91,3.2,5.02,31.55,23.65,True,True,2024,matched,reported,Database Bulan + Tahun + Triwulan + MAP,baseline-v1,2026-07-03,Data untuk PHK Dashboard.xlsx; MAP_composite_all.xlsx
Kepulauan Riau,Kepulauan Riau,21,2025,4,2025-04-01,2,1079.0,245.0,108.71,2.56,0.59,1941.38,1926.94,14.44,1898.679,46.7,5.75,16820,68.1,105.1,34,3265.0,65.75,6.45,68.23,,3623.654,6.500000588,0.7598367789,41.9603064,55205870.0,10684280.7,1016540,12.0,Kuning (Perlu perhatian),74.32,1.44,51.91,3.2,5.02,31.55,23.65,True,True,2024,matched,reported,Database Bulan + Tahun + Triwulan + MAP,baseline-v1,2026-07-03,Data untuk PHK Dashboard.xlsx; MAP_composite_all.xlsx
Kepulauan Riau,Kepulauan Riau,21,2025,5,2025-05-01,2,1260.0,181.0,108.23,1.73,-0.44,2327.23,2273.53,53.7,1907.605,47.4,5.5,16441,64.5,104.6,34,3265.0,65.75,6.45,68.23,,3623.654,6.500000588,0.7598367789,41.9603064,55205870.0,10684280.7,1016540,12.0,Kuning (Perlu perhatian),74.32,1.44,51.91,3.2,5.02,31.55,23.65,True,True,2024,matched,reported,Database Bulan + Tahun + Triwulan + MAP,baseline-v1,2026-07-03,Data untuk PHK Dashboard.xlsx; MAP_composite_all.xlsx
Kepulauan Riau,Kepulauan Riau,21,2025,6,2025-06-01,2,1607.0,347.0,108.1,1.32,-0.12,1833.63,1872.7,-39.07,1906.959,46.9,5.5,16311,71.4,104.7,34,3265.0,65.75,6.45,68.23,,3623.654,6.500000588,0.7598367789,41.9603064,55205870.0,10684280.7,1016540,12.0,Kuning (Perlu perhatian),74.32,1.44,51.91,3.2,5.02,31.55,23.65,True,True,2024,matched,reported,Database Bulan + Tahun + Triwulan + MAP,baseline-v1,2026-07-03,Data untuk PHK Dashboard.xlsx; MAP_composite_all.xlsx
Kepulauan Riau,Kepulauan Riau,21,2025,7,2025-07-01,3,2197.0,590.0,108.3,1.97,0.19,1935.5,1680.45,255.05,1925.517,49.2,5.25,16276,71,105.2,34,3265.0,65.75,6.45,68.23,,3623.654,6.500000588,0.7598367789,41.9603064,55675760.0,12418755.3,1051975,12.0,Kuning (Perlu perhatian),74.32,1.44,51.91,3.2,5.02,31.55,23.65,True,True,2024,matched,reported,Database Bulan + Tahun + Triwulan + MAP,baseline-v1,2026-07-03,Data untuk PHK Dashboard.xlsx; MAP_composite_all.xlsx
Kepulauan Riau,Kepulauan Riau,21,2025,8,2025-08-01,3,2541.0,344.0,108.5,2.19,0.18,1797.81,1784.58,13.23,1957.928,51.5,5.0,16309,67.9,105.2,34,3265.0,65.75,6.45,68.23,,3623.654,6.500000588,0.7598367789,41.9603064,55675760.0,12418755.3,1051975,12.0,Kuning (Perlu perhatian),74.32,1.44,51.91,3.2,5.02,31.55,23.65,True,True,2024,matched,reported,Database Bulan + Tahun + Triwulan + MAP,baseline-v1,2026-07-03,Data untuk PHK Dashboard.xlsx; MAP_composite_all.xlsx
Kepulauan Riau,Kepulauan Riau,21,2025,9,2025-09-01,3,2814.0,273.0,109.19,2.7,0.64,1878.48,1783.55,94.93,1924.386,50.4,4.75,16512,68,105.3,34,3265.0,65.75,6.45,68.23,,3623.654,6.500000588,0.7598367789,41.9603064,55675760.0,12418755.3,1051975,12.0,Kuning (Perlu perhatian),74.32,1.44,51.91,3.2,5.02,31.55,23.65,True,True,2024,matched,reported,Database Bulan + Tahun + Triwulan + MAP,baseline-v1,2026-07-03,Data untuk PHK Dashboard.xlsx; MAP_composite_all.xlsx
Kepulauan Riau,Kepulauan Riau,21,2025,10,2025-10-01,4,3198.0,384.0,109.58,3.01,0.36,2074.96,1866.03,208.93,1916.645,51.2,4.75,16607,64.5,105.5,34,3265.0,65.75,6.45,68.23,,3623.654,6.500000588,0.7598367789,41.9603064,59767120.0,11896029.6,1051975,12.0,Kuning (Perlu perhatian),74.32,1.44,51.91,3.2,5.02,31.55,23.65,True,True,2024,matched,reported,Database Bulan + Tahun + Triwulan + MAP,baseline-v1,2026-07-03,Data untuk PHK Dashboard.xlsx; MAP_composite_all.xlsx
Kepulauan Riau,Kepulauan Riau,21,2025,11,2025-11-01,4,3258.0,60.0,109.83,3.0,0.23,1798.25,1755.49,42.76,1902.752,53.3,4.75,16703,63.8,105.4,34,3265.0,65.75,6.45,68.23,,3623.654,6.500000588,0.7598367789,41.9603064,59767120.0,11896029.6,1051975,12.0,Kuning (Perlu perhatian),74.32,1.44,51.91,3.2,5.02,31.55,23.65,True,True,2024,matched,reported,Database Bulan + Tahun + Triwulan + MAP,baseline-v1,2026-07-03,Data untuk PHK Dashboard.xlsx; MAP_composite_all.xlsx
Kepulauan Riau,Kepulauan Riau,21,2025,12,2025-12-01,4,3265.0,7.0,111.08,3.47,1.14,2009.21,1908.61,100.6,1817.838,51.2,4.75,16699,62.5,106.3,27,3265.0,65.75,6.45,68.23,,3623.654,6.500000588,0.7598367789,41.9603064,59767120.0,11896029.6,1051975,12.0,Kuning (Perlu perhatian),74.32,1.44,51.91,3.2,5.02,31.55,23.65,True,True,2024,matched,reported,Database Bulan + Tahun + Triwulan + MAP,baseline-v1,2026-07-03,Data untuk PHK Dashboard.xlsx; MAP_composite_all.xlsx
Lampung,Lampung,18,2022,1,2022-01-01,1,,,97.45,,,332.37,246.29,86.08,2892.759,53.7,3.5,14335,86.5,94.0,0,30.0,28.49,4.52,70.06,71.51,2440.48618,0.3488735412288406,1.050698222,18.09061748,60844030.6,449953.2,4756822,15.0,Oranye (Risiko PHK),81.36,0.95,22.66,-0.71,4.28,71.51,9.34,True,True,2022,matched,no_data,Database Bulan + Tahun + Triwulan + MAP,baseline-v1,2026-07-03,Data untuk PHK Dashboard.xlsx; MAP_composite_all.xlsx
Lampung,Lampung,18,2022,2,2022-02-01,1,,,97.27,,,331.01,246.56,84.45,2899.502,51.2,3.5,14351,97.1,94.0,0,30.0,28.49,4.52,70.06,71.51,2440.48618,0.3488735412288406,1.050698222,18.09061748,60844030.6,449953.2,4756822,15.0,Oranye (Risiko PHK),81.36,0.95,22.66,-0.71,4.28,71.51,9.34,True,True,2022,matched,no_data,Database Bulan + Tahun + Triwulan + MAP,baseline-v1,2026-07-03,Data untuk PHK Dashboard.xlsx; MAP_composite_all.xlsx
Lampung,Lampung,18,2022,3,2022-03-01,1,,,97.91,,,585.04,171.66,413.38,2847.693,51.3,3.5,14349,117.2,94.7,0,30.0,28.49,4.52,70.06,71.51,2440.48618,0.3488735412288406,1.050698222,18.09061748,60844030.6,449953.2,4756822,15.0,Oranye (Risiko PHK),81.36,0.95,22.66,-0.71,4.28,71.51,9.34,True,True,2022,matched,no_data,Database Bulan + Tahun + Triwulan + MAP,baseline-v1,2026-07-03,Data untuk PHK Dashboard.xlsx; MAP_composite_all.xlsx
Lampung,Lampung,18,2022,4,2022-04-01,2,,,98.65,,,374.8,259.38,115.42,2877.617,51.9,3.5,14369,104.6,95.6,0,30.0,28.49,4.52,70.06,71.51,2440.48618,0.3488735412288406,1.050698222,18.09061748,66396082.88,577069.2,4756822,15.0,Oranye (Risiko PHK),81.36,0.95,22.66,-0.71,4.28,71.51,9.34,True,True,2022,matched,no_data,Database Bulan + Tahun + Triwulan + MAP,baseline-v1,2026-07-03,Data untuk PHK Dashboard.xlsx; MAP_composite_all.xlsx
Lampung,Lampung,18,2022,5,2022-05-01,2,,,99.3,,,297.76,218.28,79.48,3087.657,50.8,3.5,14608,113.3,95.9,0,30.0,28.49,4.52,70.06,71.51,2440.48618,0.3488735412288406,1.050698222,18.09061748,66396082.88,577069.2,4756822,15.0,Oranye (Risiko PHK),81.36,0.95,22.66,-0.71,4.28,71.51,9.34,True,True,2022,matched,no_data,Database Bulan + Tahun + Triwulan + MAP,baseline-v1,2026-07-03,Data untuk PHK Dashboard.xlsx; MAP_composite_all.xlsx
Lampung,Lampung,18,2022,6,2022-06-01,2,,,100.13,,,526.89,109.83,417.06,3078.144,50.2,3.5,14689,122.7,96.6,0,30.0,28.49,4.52,70.06,71.51,2440.48618,0.3488735412288406,1.050698222,18.09061748,66396082.88,577069.2,4756822,15.0,Oranye (Risiko PHK),81.36,0.95,22.66,-0.71,4.28,71.51,9.34,True,True,2022,matched,no_data,Database Bulan + Tahun + Triwulan + MAP,baseline-v1,2026-07-03,Data untuk PHK Dashboard.xlsx; MAP_composite_all.xlsx
Lampung,Lampung,18,2022,7,2022-07-01,3,,,100.33,,,243.52,430.9,-187.38,2989.65,51.3,3.5,14984,111.9,97.0,0,30.0,28.49,4.52,70.06,71.51,2440.48618,0.3488735412288406,1.050698222,18.09061748,66933612.71,1234896.1,4387966,15.0,Oranye (Risiko PHK),81.36,0.95,22.66,-0.71,4.28,71.51,9.34,True,True,2022,matched,no_data,Database Bulan + Tahun + Triwulan + MAP,baseline-v1,2026-07-03,Data untuk PHK Dashboard.xlsx; MAP_composite_all.xlsx
Lampung,Lampung,18,2022,8,2022-08-01,3,,,100.46,,,674.55,122.56,551.99,2979.573,51.7,3.75,14851,100.4,96.9,0,30.0,28.49,4.52,70.06,71.51,2440.48618,0.3488735412288406,1.050698222,18.09061748,66933612.71,1234896.1,4387966,15.0,Oranye (Risiko PHK),81.36,0.95,22.66,-0.71,4.28,71.51,9.34,True,True,2022,matched,no_data,Database Bulan + Tahun + Triwulan + MAP,baseline-v1,2026-07-03,Data untuk PHK Dashboard.xlsx; MAP_composite_all.xlsx
Lampung,Lampung,18,2022,9,2022-09-01,3,,,101.98,,,552.0,401.06,150.94,2948.29,53.7,4.25,14972,89.8,97.7,0,30.0,28.49,4.52,70.06,71.51,2440.48618,0.3488735412288406,1.050698222,18.09061748,66933612.71,1234896.1,4387966,15.0,Oranye (Risiko PHK),81.36,0.95,22.66,-0.71,4.28,71.51,9.34,True,True,2022,matched,no_data,Database Bulan + Tahun + Triwulan + MAP,baseline-v1,2026-07-03,Data untuk PHK Dashboard.xlsx; MAP_composite_all.xlsx
Lampung,Lampung,18,2022,10,2022-10-01,4,,0.0,101.81,,,639.77,195.16,444.61,3040.178,51.8,4.75,15417,93.3,97.7,34,30.0,28.49,4.52,70.06,71.51,2440.48618,0.3488735412288406,1.050698222,18.09061748,63360463.46,1465028.3,4387966,15.0,Oranye (Risiko PHK),81.36,0.95,22.66,-0.71,4.28,71.51,9.34,True,True,2022,matched,reported,Database Bulan + Tahun + Triwulan + MAP,baseline-v1,2026-07-03,Data untuk PHK Dashboard.xlsx; MAP_composite_all.xlsx
Lampung,Lampung,18,2022,11,2022-11-01,4,,0.0,102.16,,,441.66,108.16,333.5,3026.352,50.3,5.25,15659,91.4,98.0,34,30.0,28.49,4.52,70.06,71.51,2440.48618,0.3488735412288406,1.050698222,18.09061748,63360463.46,1465028.3,4387966,15.0,Oranye (Risiko PHK),81.36,0.95,22.66,-0.71,4.28,71.51,9.34,True,True,2022,matched,reported,Database Bulan + Tahun + Triwulan + MAP,baseline-v1,2026-07-03,Data untuk PHK Dashboard.xlsx; MAP_composite_all.xlsx
Lampung,Lampung,18,2022,12,2022-12-01,4,30.0,30.0,102.56,,,419.51,196.52,222.99,2954.628,50.9,5.5,15615,80.9,98.7,34,30.0,28.49,4.52,70.06,71.51,2440.48618,0.3488735412288406,1.050698222,18.09061748,63360463.46,1465028.3,4387966,15.0,Oranye (Risiko PHK),81.36,0.95,22.66,-0.71,4.28,71.51,9.34,True,True,2022,matched,reported,Database Bulan + Tahun + Triwulan + MAP,baseline-v1,2026-07-03,Data untuk PHK Dashboard.xlsx; MAP_composite_all.xlsx
Lampung,Lampung,18,2023,1,2023-01-01,1,,,102.36,,,433.96,142.42,291.54,3055.465,51.3,5.75,15295,82.5,99.3,8,75.0,29.33,4.23,70.04,70.67,2633.28459,7.900000073,1.086097471,17.55217733,63847720.0,1219602.6,4794031,12.0,Kuning (Perlu perhatian),80.75,0.92,24.32,2.98,4.55,70.67,8.72,True,True,2023,matched,no_data,Database Bulan + Tahun + Triwulan + MAP,baseline-v1,2026-07-03,Data untuk PHK Dashboard.xlsx; MAP_composite_all.xlsx
Lampung,Lampung,18,2023,2,2023-02-01,1,,0.0,102.1,,,297.51,179.19,118.32,3041.343,51.2,5.75,15126,82.6,99.6,34,75.0,29.33,4.23,70.04,70.67,2633.28459,7.900000073,1.086097471,17.55217733,63847720.0,1219602.6,4794031,12.0,Kuning (Perlu perhatian),80.75,0.92,24.32,2.98,4.55,70.67,8.72,True,True,2023,matched,reported,Database Bulan + Tahun + Triwulan + MAP,baseline-v1,2026-07-03,Data untuk PHK Dashboard.xlsx; MAP_composite_all.xlsx
Lampung,Lampung,18,2023,3,2023-03-01,1,,0.0,102.2,,,458.05,178.29,279.76,1660.904,51.9,5.75,15301,78.4,99.9,34,75.0,29.33,4.23,70.04,70.67,2633.28459,7.900000073,1.086097471,17.55217733,63847720.0,1219602.6,4794031,12.0,Kuning (Perlu perhatian),80.75,0.92,24.32,2.98,4.55,70.67,8.72,True,True,2023,matched,reported,Database Bulan + Tahun + Triwulan + MAP,baseline-v1,2026-07-03,Data untuk PHK Dashboard.xlsx; MAP_composite_all.xlsx
Lampung,Lampung,18,2023,4,2023-04-01,2,,0.0,102.62,,,316.5,128.99,187.51,1735.062,52.7,5.75,14867,84.6,100.0,34,75.0,29.33,4.23,70.04,70.67,2633.28459,7.900000073,1.086097471,17.55217733,69049410.0,728501.1,4794031,12.0,Kuning (Perlu perhatian),80.75,0.92,24.32,2.98,4.55,70.67,8.72,True,True,2023,matched,reported,Database Bulan + Tahun + Triwulan + MAP,baseline-v1,2026-07-03,Data untuk PHK Dashboard.xlsx; MAP_composite_all.xlsx
Lampung,Lampung,18,2023,5,2023-05-01,2,,0.0,102.98,,,288.09,175.87,112.22,1786.061,50.3,5.75,14811,75.5,100.2,34,75.0,29.33,4.23,70.04,70.67,2633.28459,7.900000073,1.086097471,17.55217733,69049410.0,728501.1,4794031,12.0,Kuning (Perlu perhatian),80.75,0.92,24.32,2.98,4.55,70.67,8.72,True,True,2023,matched,reported,Database Bulan + Tahun + Triwulan + MAP,baseline-v1,2026-07-03,Data untuk PHK Dashboard.xlsx; MAP_composite_all.xlsx
Lampung,Lampung,18,2023,6,2023-06-01,2,37.0,37.0,102.84,,,392.13,172.97,219.16,1543.096,52.5,5.75,14932,74.8,100.3,34,75.0,29.33,4.23,70.04,70.67,2633.28459,7.900000073,1.086097471,17.55217733,69049410.0,728501.1,4794031,12.0,Kuning (Perlu perhatian),80.75,0.92,24.32,2.98,4.55,70.67,8.72,True,True,2023,matched,reported,Database Bulan + Tahun + Triwulan + MAP,baseline-v1,2026-07-03,Data untuk PHK Dashboard.xlsx; MAP_composite_all.xlsx
Lampung,Lampung,18,2023,7,2023-07-01,3,59.0,22.0,102.68,,,428.91,320.9,108.01,1729.331,53.3,5.75,15040,80.1,100.5,34,75.0,29.33,4.23,70.04,70.67,2633.28459,7.900000073,1.086097471,17.55217733,69560880.0,772347.2,4697658,12.0,Kuning (Perlu perhatian),80.75,0.92,24.32,2.98,4.55,70.67,8.72,True,True,2023,matched,reported,Database Bulan + Tahun + Triwulan + MAP,baseline-v1,2026-07-03,Data untuk PHK Dashboard.xlsx; MAP_composite_all.xlsx
Lampung,Lampung,18,2023,8,2023-08-01,3,59.0,0.0,102.73,,,410.32,94.55,315.77,1760.114,53.9,5.75,15245,86.1,100.5,34,75.0,29.33,4.23,70.04,70.67,2633.28459,7.900000073,1.086097471,17.55217733,69560880.0,772347.2,4697658,12.0,Kuning (Perlu perhatian),80.75,0.92,24.32,2.98,4.55,70.67,8.72,True,True,2023,matched,reported,Database Bulan + Tahun + Triwulan + MAP,baseline-v1,2026-07-03,Data untuk PHK Dashboard.xlsx; MAP_composite_all.xlsx
Lampung,Lampung,18,2023,9,2023-09-01,3,74.0,15.0,103.25,,,382.73,75.94,306.79,1788.7,52.3,5.75,15354,"93,7",100.9,34,75.0,29.33,4.23,70.04,70.67,2633.28459,7.900000073,1.086097471,17.55217733,69560880.0,772347.2,4697658,12.0,Kuning (Perlu perhatian),80.75,0.92,24.32,2.98,4.55,70.67,8.72,True,True,2023,matched,reported,Database Bulan + Tahun + Triwulan + MAP,baseline-v1,2026-07-03,Data untuk PHK Dashboard.xlsx; MAP_composite_all.xlsx
Lampung,Lampung,18,2023,10,2023-10-01,4,75.0,1.0,103.34,,,437.67,270.05,167.62,1774.032,51.5,6.0,15741,90.6,101.2,34,75.0,29.33,4.23,70.04,70.67,2633.28459,7.900000073,1.086097471,17.55217733,66782530.0,636995.2,4697658,12.0,Kuning (Perlu perhatian),80.75,0.92,24.32,2.98,4.55,70.67,8.72,True,True,2023,matched,reported,Database Bulan + Tahun + Triwulan + MAP,baseline-v1,2026-07-03,Data untuk PHK Dashboard.xlsx; MAP_composite_all.xlsx
Lampung,Lampung,18,2023,11,2023-11-01,4,75.0,0.0,103.35,,,429.64,132.73,296.91,1778.582,51.7,6.0,15617,82.9,101.4,34,75.0,29.33,4.23,70.04,70.67,2633.28459,7.900000073,1.086097471,17.55217733,66782530.0,636995.2,4697658,12.0,Kuning (Perlu perhatian),80.75,0.92,24.32,2.98,4.55,70.67,8.72,True,True,2023,matched,reported,Database Bulan + Tahun + Triwulan + MAP,baseline-v1,2026-07-03,Data untuk PHK Dashboard.xlsx; MAP_composite_all.xlsx
Lampung,Lampung,18,2023,12,2023-12-01,4,75.0,0.0,103.47,,,370.31,281.97,88.34,1572.644,52.2,6.0,15513,77.6,101.8,34,75.0,29.33,4.23,70.04,70.67,2633.28459,7.900000073,1.086097471,17.55217733,66782530.0,636995.2,4697658,12.0,Kuning (Perlu perhatian),80.75,0.92,24.32,2.98,4.55,70.67,8.72,True,True,2023,matched,reported,Database Bulan + Tahun + Triwulan + MAP,baseline-v1,2026-07-03,Data untuk PHK Dashboard.xlsx; MAP_composite_all.xlsx
Lampung,Lampung,18,2024,1,2024-01-01,1,,,106.55,3.28,-0.19,337.92,82.66,255.26,1696.56,52.9,6.0,15611,80.1,102.1,9,143.0,30.86,4.19,70.41,,2726.104,3.524852967,1.082737705,18.28895869,65953820.0,773035.6,4836334,12.0,Kuning (Perlu perhatian),79.7,0.93,24.25,5.2,4.57,69.14,8.67,True,True,2024,matched,no_data,Database Bulan + Tahun + Triwulan + MAP,baseline-v1,2026-07-03,Data untuk PHK Dashboard.xlsx; MAP_composite_all.xlsx
Lampung,Lampung,18,2024,2,2024-02-01,1,,0.0,106.97,3.28,0.39,434.45,122.51,311.94,1718.563,52.7,6.0,15665,83.5,103.0,34,143.0,30.86,4.19,70.41,,2726.104,3.524852967,1.082737705,18.28895869,65953820.0,773035.6,4836334,12.0,Kuning (Perlu perhatian),79.7,0.93,24.25,5.2,4.57,69.14,8.67,True,True,2024,matched,reported,Database Bulan + Tahun + Triwulan + MAP,baseline-v1,2026-07-03,Data untuk PHK Dashboard.xlsx; MAP_composite_all.xlsx
Lampung,Lampung,18,2024,3,2024-03-01,1,,0.0,107.35,3.45,0.36,391.13,331.11,60.02,1661.75,54.2,6.0,15703,85.4,103.5,34,143.0,30.86,4.19,70.41,,2726.104,3.524852967,1.082737705,18.28895869,65953820.0,773035.6,4836334,12.0,Kuning (Perlu perhatian),79.7,0.93,24.25,5.2,4.57,69.14,8.67,True,True,2024,matched,reported,Database Bulan + Tahun + Triwulan + MAP,baseline-v1,2026-07-03,Data untuk PHK Dashboard.xlsx; MAP_composite_all.xlsx
Lampung,Lampung,18,2024,4,2024-04-01,2,18.0,18.0,107.34,3.29,-0.01,331.76,237.37,94.39,1676.281,52.9,6.25,16100,89.9,103.4,34,143.0,30.86,4.19,70.41,,2726.104,3.524852967,1.082737705,18.28895869,72361110.0,447357.6,4836334,12.0,Kuning (Perlu perhatian),79.7,0.93,24.25,5.2,4.57,69.14,8.67,True,True,2024,matched,reported,Database Bulan + Tahun + Triwulan + MAP,baseline-v1,2026-07-03,Data untuk PHK Dashboard.xlsx; MAP_composite_all.xlsx
Lampung,Lampung,18,2024,5,2024-05-01,2,18.0,0.0,107.43,3.09,0.08,323.25,148.75,174.5,1668.352,52.1,6.25,16084,81.7,103.3,34,143.0,30.86,4.19,70.41,,2726.104,3.524852967,1.082737705,18.28895869,72361110.0,447357.6,4836334,12.0,Kuning (Perlu perhatian),79.7,0.93,24.25,5.2,4.57,69.14,8.67,True,True,2024,matched,reported,Database Bulan + Tahun + Triwulan + MAP,baseline-v1,2026-07-03,Data untuk PHK Dashboard.xlsx; MAP_composite_all.xlsx
Lampung,Lampung,18,2024,6,2024-06-01,2,23.0,5.0,107.31,2.84,-0.11,447.87,234.1,213.77,1630.831,50.7,6.25,16329,82.2,103.3,34,143.0,30.86,4.19,70.41,,2726.104,3.524852967,1.082737705,18.28895869,72361110.0,447357.6,4836334,12.0,Kuning (Perlu perhatian),79.7,0.93,24.25,5.2,4.57,69.14,8.67,True,True,2024,matched,reported,Database Bulan + Tahun + Triwulan + MAP,baseline-v1,2026-07-03,Data untuk PHK Dashboard.xlsx; MAP_composite_all.xlsx
Lampung,Lampung,18,2024,7,2024-07-01,3,28.0,5.0,107.14,2.55,-0.16,447.17,249.25,197.92,1607.593,49.3,6.25,16262,85.2,103.2,34,143.0,30.86,4.19,70.41,,2726.104,3.524852967,1.082737705,18.28895869,72903890.0,778913.6,4787589,12.0,Kuning (Perlu perhatian),79.7,0.93,24.25,5.2,4.57,69.14,8.67,True,True,2024,matched,reported,Database Bulan + Tahun + Triwulan + MAP,baseline-v1,2026-07-03,Data untuk PHK Dashboard.xlsx; MAP_composite_all.xlsx
Lampung,Lampung,18,2024,8,2024-08-01,3,29.0,1.0,107.21,2.33,0.07,589.23,94.34,494.89,1745.633,48.9,6.25,15793,80.4,103.1,34,143.0,30.86,4.19,70.41,,2726.104,3.524852967,1.082737705,18.28895869,72903890.0,778913.6,4787589,12.0,Kuning (Perlu perhatian),79.7,0.93,24.25,5.2,4.57,69.14,8.67,True,True,2024,matched,reported,Database Bulan + Tahun + Triwulan + MAP,baseline-v1,2026-07-03,Data untuk PHK Dashboard.xlsx; MAP_composite_all.xlsx
Lampung,Lampung,18,2024,9,2024-09-01,3,60.0,31.0,107.26,2.16,0.05,497.02,67.8,429.22,1695.075,49.2,6.0,15341,74,102.9,34,143.0,30.86,4.19,70.41,,2726.104,3.524852967,1.082737705,18.28895869,72903890.0,778913.6,4787589,12.0,Kuning (Perlu perhatian),79.7,0.93,24.25,5.2,4.57,69.14,8.67,True,True,2024,matched,reported,Database Bulan + Tahun + Triwulan + MAP,baseline-v1,2026-07-03,Data untuk PHK Dashboard.xlsx; MAP_composite_all.xlsx
Lampung,Lampung,18,2024,10,2024-10-01,4,101.0,41.0,107.47,1.94,0.2,723.22,232.41,490.81,1706.333,49.2,6.0,15541,75.6,102.8,34,143.0,30.86,4.19,70.41,,2726.104,3.524852967,1.082737705,18.28895869,70338410.0,576811.1,4787589,12.0,Kuning (Perlu perhatian),79.7,0.93,24.25,5.2,4.57,69.14,8.67,True,True,2024,matched,reported,Database Bulan + Tahun + Triwulan + MAP,baseline-v1,2026-07-03,Data untuk PHK Dashboard.xlsx; MAP_composite_all.xlsx
Lampung,Lampung,18,2024,11,2024-11-01,4,103.0,2.0,107.92,1.5,0.42,495.49,115.29,380.2,1682.396,49.6,6.0,15812,74.3,103.0,34,143.0,30.86,4.19,70.41,,2726.104,3.524852967,1.082737705,18.28895869,70338410.0,576811.1,4787589,12.0,Kuning (Perlu perhatian),79.7,0.93,24.25,5.2,4.57,69.14,8.67,True,True,2024,matched,reported,Database Bulan + Tahun + Triwulan + MAP,baseline-v1,2026-07-03,Data untuk PHK Dashboard.xlsx; MAP_composite_all.xlsx
Lampung,Lampung,18,2024,12,2024-12-01,4,143.0,40.0,108.43,1.57,0.47,569.76,188.37,381.39,1805.86,51.2,6.0,16024,73.9,103.4,34,143.0,30.86,4.19,70.41,,2726.104,3.524852967,1.082737705,18.28895869,70338410.0,576811.1,4787589,12.0,Kuning (Perlu perhatian),79.7,0.93,24.25,5.2,4.57,69.14,8.67,True,True,2024,matched,reported,Database Bulan + Tahun + Triwulan + MAP,baseline-v1,2026-07-03,Data untuk PHK Dashboard.xlsx; MAP_composite_all.xlsx
Lampung,Lampung,18,2025,1,2025-01-01,1,67.0,67.0,107.66,1.04,-0.71,477.54,237.99,239.55,1898.306,51.9,5.75,16262,79.3,104.2,34,800.0,35.28,4.21,70.44,,2893.07,6.12471131,1.14776172,18.47047119,69559040.0,665949.0,4879061,12.0,Kuning (Perlu perhatian),79.7,0.93,24.25,5.2,4.57,69.14,8.67,True,True,2024,matched,reported,Database Bulan + Tahun + Triwulan + MAP,baseline-v1,2026-07-03,Data untuk PHK Dashboard.xlsx; MAP_composite_all.xlsx
Lampung,Lampung,18,2025,2,2025-02-01,1,185.0,118.0,106.95,-0.02,-0.66,517.93,282.84,235.09,1923.888,53.6,5.75,16338,75.4,104.3,34,800.0,35.28,4.21,70.44,,2893.07,6.12471131,1.14776172,18.47047119,69559040.0,665949.0,4879061,12.0,Kuning (Perlu perhatian),79.7,0.93,24.25,5.2,4.57,69.14,8.67,True,True,2024,matched,reported,Database Bulan + Tahun + Triwulan + MAP,baseline-v1,2026-07-03,Data untuk PHK Dashboard.xlsx; MAP_composite_all.xlsx
Lampung,Lampung,18,2025,3,2025-03-01,1,225.0,40.0,109.05,1.58,1.96,578.05,164.9,413.15,1862.087,52.4,5.75,16456,72.7,105.1,34,800.0,35.28,4.21,70.44,,2893.07,6.12471131,1.14776172,18.47047119,69559040.0,665949.0,4879061,12.0,Kuning (Perlu perhatian),79.7,0.93,24.25,5.2,4.57,69.14,8.67,True,True,2024,matched,reported,Database Bulan + Tahun + Triwulan + MAP,baseline-v1,2026-07-03,Data untuk PHK Dashboard.xlsx; MAP_composite_all.xlsx
Lampung,Lampung,18,2025,4,2025-04-01,2,265.0,40.0,110.35,2.8,1.19,352.16,112.79,239.37,1886.078,46.7,5.75,16820,68.1,105.1,34,800.0,35.28,4.21,70.44,,2893.07,6.12471131,1.14776172,18.47047119,76047840.0,619901.7,4879061,12.0,Kuning (Perlu perhatian),79.7,0.93,24.25,5.2,4.57,69.14,8.67,True,True,2024,matched,reported,Database Bulan + Tahun + Triwulan + MAP,baseline-v1,2026-07-03,Data untuk PHK Dashboard.xlsx; MAP_composite_all.xlsx
Lampung,Lampung,18,2025,5,2025-05-01,2,377.0,112.0,109.71,2.12,-0.58,565.33,175.45,389.88,2011.123,47.4,5.5,16441,64.5,104.6,34,800.0,35.28,4.21,70.44,,2893.07,6.12471131,1.14776172,18.47047119,76047840.0,619901.7,4879061,12.0,Kuning (Perlu perhatian),79.7,0.93,24.25,5.2,4.57,69.14,8.67,True,True,2024,matched,reported,Database Bulan + Tahun + Triwulan + MAP,baseline-v1,2026-07-03,Data untuk PHK Dashboard.xlsx; MAP_composite_all.xlsx
Lampung,Lampung,18,2025,6,2025-06-01,2,477.0,100.0,109.75,2.27,0.04,556.48,172.18,384.3,1830.961,46.9,5.5,16311,71.4,104.7,34,800.0,35.28,4.21,70.44,,2893.07,6.12471131,1.14776172,18.47047119,76047840.0,619901.7,4879061,12.0,Kuning (Perlu perhatian),79.7,0.93,24.25,5.2,4.57,69.14,8.67,True,True,2024,matched,reported,Database Bulan + Tahun + Triwulan + MAP,baseline-v1,2026-07-03,Data untuk PHK Dashboard.xlsx; MAP_composite_all.xlsx
Lampung,Lampung,18,2025,7,2025-07-01,3,538.0,61.0,109.96,2.63,0.19,550.04,130.87,419.17,2003.288,49.2,5.25,16276,71,105.2,34,800.0,35.28,4.21,70.44,,2893.07,6.12471131,1.14776172,18.47047119,76575420.0,888669.6,4853377,12.0,Kuning (Perlu perhatian),79.7,0.93,24.25,5.2,4.57,69.14,8.67,True,True,2024,matched,reported,Database Bulan + Tahun + Triwulan + MAP,baseline-v1,2026-07-03,Data untuk PHK Dashboard.xlsx; MAP_composite_all.xlsx
Lampung,Lampung,18,2025,8,2025-08-01,3,583.0,45.0,108.34,1.05,-1.47,684.46,221.25,463.21,2013.524,51.5,5.0,16309,67.9,105.2,34,800.0,35.28,4.21,70.44,,2893.07,6.12471131,1.14776172,18.47047119,76575420.0,888669.6,4853377,12.0,Kuning (Perlu perhatian),79.7,0.93,24.25,5.2,4.57,69.14,8.67,True,True,2024,matched,reported,Database Bulan + Tahun + Triwulan + MAP,baseline-v1,2026-07-03,Data untuk PHK Dashboard.xlsx; MAP_composite_all.xlsx
Lampung,Lampung,18,2025,9,2025-09-01,3,699.0,116.0,108.51,1.17,0.16,544.95,116.22,428.73,1983.056,50.4,4.75,16512,68,105.3,34,800.0,35.28,4.21,70.44,,2893.07,6.12471131,1.14776172,18.47047119,76575420.0,888669.6,4853377,12.0,Kuning (Perlu perhatian),79.7,0.93,24.25,5.2,4.57,69.14,8.67,True,True,2024,matched,reported,Database Bulan + Tahun + Triwulan + MAP,baseline-v1,2026-07-03,Data untuk PHK Dashboard.xlsx; MAP_composite_all.xlsx
Lampung,Lampung,18,2025,10,2025-10-01,4,791.0,92.0,108.76,1.2,0.23,616.18,134.54,481.64,1943.61,51.2,4.75,16607,64.5,105.5,34,800.0,35.28,4.21,70.44,,2893.07,6.12471131,1.14776172,18.47047119,74238350.0,345099.1,4853377,12.0,Kuning (Perlu perhatian),79.7,0.93,24.25,5.2,4.57,69.14,8.67,True,True,2024,matched,reported,Database Bulan + Tahun + Triwulan + MAP,baseline-v1,2026-07-03,Data untuk PHK Dashboard.xlsx; MAP_composite_all.xlsx
Lampung,Lampung,18,2025,11,2025-11-01,4,799.0,8.0,109.15,1.14,0.36,532.61,144.24,388.37,1918.951,53.3,4.75,16703,63.8,105.4,34,800.0,35.28,4.21,70.44,,2893.07,6.12471131,1.14776172,18.47047119,74238350.0,345099.1,4853377,12.0,Kuning (Perlu perhatian),79.7,0.93,24.25,5.2,4.57,69.14,8.67,True,True,2024,matched,reported,Database Bulan + Tahun + Triwulan + MAP,baseline-v1,2026-07-03,Data untuk PHK Dashboard.xlsx; MAP_composite_all.xlsx
Lampung,Lampung,18,2025,12,2025-12-01,4,800.0,1.0,109.79,1.25,0.59,661.98,161.38,500.6,1940.075,51.2,4.75,16699,62.5,106.3,27,800.0,35.28,4.21,70.44,,2893.07,6.12471131,1.14776172,18.47047119,74238350.0,345099.1,4853377,12.0,Kuning (Perlu perhatian),79.7,0.93,24.25,5.2,4.57,69.14,8.67,True,True,2024,matched,reported,Database Bulan + Tahun + Triwulan + MAP,baseline-v1,2026-07-03,Data untuk PHK Dashboard.xlsx; MAP_composite_all.xlsx
Maluku,Maluku,81,2022,1,2022-01-01,1,,,97.9,,,3.33,20.21,-16.88,268.228,53.7,3.5,14335,86.5,94.0,0,195.0,36.7,6.88,65.46,63.3,2619.31283,0.5509422213998647,0.9632326736,6.015236589,8007184.43,265055.0,820379,12.0,Kuning (Perlu perhatian),64.8,1.04,26.92,3.13,5.31,63.3,10.75,True,True,2022,matched,no_data,Database Bulan + Tahun + Triwulan + MAP,baseline-v1,2026-07-03,Data untuk PHK Dashboard.xlsx; MAP_composite_all.xlsx
Maluku,Maluku,81,2022,2,2022-02-01,1,,,97.71,,,1.53,29.09,-27.56,276.827,51.2,3.5,14351,97.1,94.0,0,195.0,36.7,6.88,65.46,63.3,2619.31283,0.5509422213998647,0.9632326736,6.015236589,8007184.43,265055.0,820379,12.0,Kuning (Perlu perhatian),64.8,1.04,26.92,3.13,5.31,63.3,10.75,True,True,2022,matched,no_data,Database Bulan + Tahun + Triwulan + MAP,baseline-v1,2026-07-03,Data untuk PHK Dashboard.xlsx; MAP_composite_all.xlsx
Maluku,Maluku,81,2022,3,2022-03-01,1,,,97.64,,,2.07,26.07,-24,279.907,51.3,3.5,14349,117.2,94.7,0,195.0,36.7,6.88,65.46,63.3,2619.31283,0.5509422213998647,0.9632326736,6.015236589,8007184.43,265055.0,820379,12.0,Kuning (Perlu perhatian),64.8,1.04,26.92,3.13,5.31,63.3,10.75,True,True,2022,matched,no_data,Database Bulan + Tahun + Triwulan + MAP,baseline-v1,2026-07-03,Data untuk PHK Dashboard.xlsx; MAP_composite_all.xlsx
Maluku,Maluku,81,2022,4,2022-04-01,2,,,98.59,,,7.84,24.06,-16.22,279.597,51.9,3.5,14369,104.6,95.6,0,195.0,36.7,6.88,65.46,63.3,2619.31283,0.5509422213998647,0.9632326736,6.015236589,8395542.24,388688.3,820379,12.0,Kuning (Perlu perhatian),64.8,1.04,26.92,3.13,5.31,63.3,10.75,True,True,2022,matched,no_data,Database Bulan + Tahun + Triwulan + MAP,baseline-v1,2026-07-03,Data untuk PHK Dashboard.xlsx; MAP_composite_all.xlsx
Maluku,Maluku,81,2022,5,2022-05-01,2,,,99.47,,,10.44,10.17,0.27,287.223,50.8,3.5,14608,113.3,95.9,0,195.0,36.7,6.88,65.46,63.3,2619.31283,0.5509422213998647,0.9632326736,6.015236589,8395542.24,388688.3,820379,12.0,Kuning (Perlu perhatian),64.8,1.04,26.92,3.13,5.31,63.3,10.75,True,True,2022,matched,no_data,Database Bulan + Tahun + Triwulan + MAP,baseline-v1,2026-07-03,Data untuk PHK Dashboard.xlsx; MAP_composite_all.xlsx
Maluku,Maluku,81,2022,6,2022-06-01,2,,,99.98,,,30.26,17.83,12.43,295.944,50.2,3.5,14689,122.7,96.6,0,195.0,36.7,6.88,65.46,63.3,2619.31283,0.5509422213998647,0.9632326736,6.015236589,8395542.24,388688.3,820379,12.0,Kuning (Perlu perhatian),64.8,1.04,26.92,3.13,5.31,63.3,10.75,True,True,2022,matched,no_data,Database Bulan + Tahun + Triwulan + MAP,baseline-v1,2026-07-03,Data untuk PHK Dashboard.xlsx; MAP_composite_all.xlsx
Maluku,Maluku,81,2022,7,2022-07-01,3,,,100.93,,,0.37,11.57,-11.2,329.859,51.3,3.5,14984,111.9,97.0,0,195.0,36.7,6.88,65.46,63.3,2619.31283,0.5509422213998647,0.9632326736,6.015236589,8507371.22,274096.6,808844,12.0,Kuning (Perlu perhatian),64.8,1.04,26.92,3.13,5.31,63.3,10.75,True,True,2022,matched,no_data,Database Bulan + Tahun + Triwulan + MAP,baseline-v1,2026-07-03,Data untuk PHK Dashboard.xlsx; MAP_composite_all.xlsx
Maluku,Maluku,81,2022,8,2022-08-01,3,,,101.41,,,2.64,5.57,-2.93,313.847,51.7,3.75,14851,100.4,96.9,0,195.0,36.7,6.88,65.46,63.3,2619.31283,0.5509422213998647,0.9632326736,6.015236589,8507371.22,274096.6,808844,12.0,Kuning (Perlu perhatian),64.8,1.04,26.92,3.13,5.31,63.3,10.75,True,True,2022,matched,no_data,Database Bulan + Tahun + Triwulan + MAP,baseline-v1,2026-07-03,Data untuk PHK Dashboard.xlsx; MAP_composite_all.xlsx
Maluku,Maluku,81,2022,9,2022-09-01,3,,,101.99,,,8.53,4.91,3.62,294.091,53.7,4.25,14972,89.8,97.7,0,195.0,36.7,6.88,65.46,63.3,2619.31283,0.5509422213998647,0.9632326736,6.015236589,8507371.22,274096.6,808844,12.0,Kuning (Perlu perhatian),64.8,1.04,26.92,3.13,5.31,63.3,10.75,True,True,2022,matched,no_data,Database Bulan + Tahun + Triwulan + MAP,baseline-v1,2026-07-03,Data untuk PHK Dashboard.xlsx; MAP_composite_all.xlsx
Maluku,Maluku,81,2022,10,2022-10-01,4,,0.0,101.38,,,14.87,29.38,-14.51,307.69,51.8,4.75,15417,93.3,97.7,34,195.0,36.7,6.88,65.46,63.3,2619.31283,0.5509422213998647,0.9632326736,6.015236589,8664973.74,154241.3,808844,12.0,Kuning (Perlu perhatian),64.8,1.04,26.92,3.13,5.31,63.3,10.75,True,True,2022,matched,reported,Database Bulan + Tahun + Triwulan + MAP,baseline-v1,2026-07-03,Data untuk PHK Dashboard.xlsx; MAP_composite_all.xlsx
Maluku,Maluku,81,2022,11,2022-11-01,4,,0.0,101.4,,,10.46,6.65,3.81,275.352,50.3,5.25,15659,91.4,98.0,34,195.0,36.7,6.88,65.46,63.3,2619.31283,0.5509422213998647,0.9632326736,6.015236589,8664973.74,154241.3,808844,12.0,Kuning (Perlu perhatian),64.8,1.04,26.92,3.13,5.31,63.3,10.75,True,True,2022,matched,reported,Database Bulan + Tahun + Triwulan + MAP,baseline-v1,2026-07-03,Data untuk PHK Dashboard.xlsx; MAP_composite_all.xlsx
Maluku,Maluku,81,2022,12,2022-12-01,4,195.0,195.0,101.59,,,41.1,0.24,40.86,257.584,50.9,5.5,15615,80.9,98.7,34,195.0,36.7,6.88,65.46,63.3,2619.31283,0.5509422213998647,0.9632326736,6.015236589,8664973.74,154241.3,808844,12.0,Kuning (Perlu perhatian),64.8,1.04,26.92,3.13,5.31,63.3,10.75,True,True,2022,matched,reported,Database Bulan + Tahun + Triwulan + MAP,baseline-v1,2026-07-03,Data untuk PHK Dashboard.xlsx; MAP_composite_all.xlsx
Maluku,Maluku,81,2023,1,2023-01-01,1,16.0,16.0,101.65,,,12.92,18.35,-5.43,284.722,51.3,5.75,15295,82.5,99.3,8,73.0,34.58,6.31,63.6,65.42,2812.827,7.387974731,0.9814507313,6.653360851,8467380.0,87167.4,846921,15.0,Oranye (Risiko PHK),64.57,1.02,27.23,-5.78,5.21,65.42,11.02,True,True,2023,matched,reported,Database Bulan + Tahun + Triwulan + MAP,baseline-v1,2026-07-03,Data untuk PHK Dashboard.xlsx; MAP_composite_all.xlsx
Maluku,Maluku,81,2023,2,2023-02-01,1,16.0,0.0,101.51,,,3.0,4.47,-1.47,303.999,51.2,5.75,15126,82.6,99.6,34,73.0,34.58,6.31,63.6,65.42,2812.827,7.387974731,0.9814507313,6.653360851,8467380.0,87167.4,846921,15.0,Oranye (Risiko PHK),64.57,1.02,27.23,-5.78,5.21,65.42,11.02,True,True,2023,matched,reported,Database Bulan + Tahun + Triwulan + MAP,baseline-v1,2026-07-03,Data untuk PHK Dashboard.xlsx; MAP_composite_all.xlsx
Maluku,Maluku,81,2023,3,2023-03-01,1,16.0,0.0,101.31,,,7.75,28.48,-20.73,297.472,51.9,5.75,15301,78.4,99.9,34,73.0,34.58,6.31,63.6,65.42,2812.827,7.387974731,0.9814507313,6.653360851,8467380.0,87167.4,846921,15.0,Oranye (Risiko PHK),64.57,1.02,27.23,-5.78,5.21,65.42,11.02,True,True,2023,matched,reported,Database Bulan + Tahun + Triwulan + MAP,baseline-v1,2026-07-03,Data untuk PHK Dashboard.xlsx; MAP_composite_all.xlsx
Maluku,Maluku,81,2023,4,2023-04-01,2,16.0,0.0,101.92,,,7.1,10.6,-3.5,320.921,52.7,5.75,14867,84.6,100.0,34,73.0,34.58,6.31,63.6,65.42,2812.827,7.387974731,0.9814507313,6.653360851,8883730.0,431370.1,846921,15.0,Oranye (Risiko PHK),64.57,1.02,27.23,-5.78,5.21,65.42,11.02,True,True,2023,matched,reported,Database Bulan + Tahun + Triwulan + MAP,baseline-v1,2026-07-03,Data untuk PHK Dashboard.xlsx; MAP_composite_all.xlsx
Maluku,Maluku,81,2023,5,2023-05-01,2,16.0,0.0,103.06,,,15.54,27.2,-11.66,351.526,50.3,5.75,14811,75.5,100.2,34,73.0,34.58,6.31,63.6,65.42,2812.827,7.387974731,0.9814507313,6.653360851,8883730.0,431370.1,846921,15.0,Oranye (Risiko PHK),64.57,1.02,27.23,-5.78,5.21,65.42,11.02,True,True,2023,matched,reported,Database Bulan + Tahun + Triwulan + MAP,baseline-v1,2026-07-03,Data untuk PHK Dashboard.xlsx; MAP_composite_all.xlsx
Maluku,Maluku,81,2023,6,2023-06-01,2,16.0,0.0,104.0,,,17.83,16.62,1.21,334.714,52.5,5.75,14932,74.8,100.3,34,73.0,34.58,6.31,63.6,65.42,2812.827,7.387974731,0.9814507313,6.653360851,8883730.0,431370.1,846921,15.0,Oranye (Risiko PHK),64.57,1.02,27.23,-5.78,5.21,65.42,11.02,True,True,2023,matched,reported,Database Bulan + Tahun + Triwulan + MAP,baseline-v1,2026-07-03,Data untuk PHK Dashboard.xlsx; MAP_composite_all.xlsx
Maluku,Maluku,81,2023,7,2023-07-01,3,21.0,5.0,104.08,,,12.08,17.38,-5.3,353.261,53.3,5.75,15040,80.1,100.5,34,73.0,34.58,6.31,63.6,65.42,2812.827,7.387974731,0.9814507313,6.653360851,8892790.0,117560.2,853254,15.0,Oranye (Risiko PHK),64.57,1.02,27.23,-5.78,5.21,65.42,11.02,True,True,2023,matched,reported,Database Bulan + Tahun + Triwulan + MAP,baseline-v1,2026-07-03,Data untuk PHK Dashboard.xlsx; MAP_composite_all.xlsx
Maluku,Maluku,81,2023,8,2023-08-01,3,34.0,13.0,103.86,,,2.66,27.64,-24.98,357.321,53.9,5.75,15245,86.1,100.5,34,73.0,34.58,6.31,63.6,65.42,2812.827,7.387974731,0.9814507313,6.653360851,8892790.0,117560.2,853254,15.0,Oranye (Risiko PHK),64.57,1.02,27.23,-5.78,5.21,65.42,11.02,True,True,2023,matched,reported,Database Bulan + Tahun + Triwulan + MAP,baseline-v1,2026-07-03,Data untuk PHK Dashboard.xlsx; MAP_composite_all.xlsx
Maluku,Maluku,81,2023,9,2023-09-01,3,34.0,0.0,104.6,,,11.43,28.7,-17.27,351.315,52.3,5.75,15354,"93,7",100.9,34,73.0,34.58,6.31,63.6,65.42,2812.827,7.387974731,0.9814507313,6.653360851,8892790.0,117560.2,853254,15.0,Oranye (Risiko PHK),64.57,1.02,27.23,-5.78,5.21,65.42,11.02,True,True,2023,matched,reported,Database Bulan + Tahun + Triwulan + MAP,baseline-v1,2026-07-03,Data untuk PHK Dashboard.xlsx; MAP_composite_all.xlsx
Maluku,Maluku,81,2023,10,2023-10-01,4,73.0,39.0,104.92,,,1.93,39.11,-37.18,357.858,51.5,6.0,15741,90.6,101.2,34,73.0,34.58,6.31,63.6,65.42,2812.827,7.387974731,0.9814507313,6.653360851,9079010.0,997630.0,853254,15.0,Oranye (Risiko PHK),64.57,1.02,27.23,-5.78,5.21,65.42,11.02,True,True,2023,matched,reported,Database Bulan + Tahun + Triwulan + MAP,baseline-v1,2026-07-03,Data untuk PHK Dashboard.xlsx; MAP_composite_all.xlsx
Maluku,Maluku,81,2023,11,2023-11-01,4,73.0,0.0,105.09,,,8.49,41.71,-33.22,362.487,51.7,6.0,15617,82.9,101.4,34,73.0,34.58,6.31,63.6,65.42,2812.827,7.387974731,0.9814507313,6.653360851,9079010.0,997630.0,853254,15.0,Oranye (Risiko PHK),64.57,1.02,27.23,-5.78,5.21,65.42,11.02,True,True,2023,matched,reported,Database Bulan + Tahun + Triwulan + MAP,baseline-v1,2026-07-03,Data untuk PHK Dashboard.xlsx; MAP_composite_all.xlsx
Maluku,Maluku,81,2023,12,2023-12-01,4,73.0,0.0,105.64,,,21.01,43.01,-22,358.886,52.2,6.0,15513,77.6,101.8,34,73.0,34.58,6.31,63.6,65.42,2812.827,7.387974731,0.9814507313,6.653360851,9079010.0,997630.0,853254,15.0,Oranye (Risiko PHK),64.57,1.02,27.23,-5.78,5.21,65.42,11.02,True,True,2023,matched,reported,Database Bulan + Tahun + Triwulan + MAP,baseline-v1,2026-07-03,Data untuk PHK Dashboard.xlsx; MAP_composite_all.xlsx
Maluku,Maluku,81,2024,1,2024-01-01,1,,,105.84,4.12,0.19,13.01,32.64,-19.63,377.828,52.9,6.0,15611,80.1,102.1,9,257.0,34.96,6.11,66.52,,2949.953,4.875024308,1.008459228,6.56837794,8929100.0,999249.3,892547,13.0,Kuning (Perlu perhatian),62.29,0.99,27.29,1.12,5.34,65.04,11.61,True,True,2024,matched,no_data,Database Bulan + Tahun + Triwulan + MAP,baseline-v1,2026-07-03,Data untuk PHK Dashboard.xlsx; MAP_composite_all.xlsx
Maluku,Maluku,81,2024,2,2024-02-01,1,9.0,9.0,104.58,3.02,-1.19,2.12,31.6,-29.48,383.937,52.7,6.0,15665,83.5,103.0,34,257.0,34.96,6.11,66.52,,2949.953,4.875024308,1.008459228,6.56837794,8929100.0,999249.3,892547,13.0,Kuning (Perlu perhatian),62.29,0.99,27.29,1.12,5.34,65.04,11.61,True,True,2024,matched,reported,Database Bulan + Tahun + Triwulan + MAP,baseline-v1,2026-07-03,Data untuk PHK Dashboard.xlsx; MAP_composite_all.xlsx
Maluku,Maluku,81,2024,3,2024-03-01,1,9.0,0.0,104.1,2.75,-0.46,7.17,45.12,-37.95,397.919,54.2,6.0,15703,85.4,103.5,34,257.0,34.96,6.11,66.52,,2949.953,4.875024308,1.008459228,6.56837794,8929100.0,999249.3,892547,13.0,Kuning (Perlu perhatian),62.29,0.99,27.29,1.12,5.34,65.04,11.61,True,True,2024,matched,reported,Database Bulan + Tahun + Triwulan + MAP,baseline-v1,2026-07-03,Data untuk PHK Dashboard.xlsx; MAP_composite_all.xlsx
Maluku,Maluku,81,2024,4,2024-04-01,2,9.0,0.0,104.4,2.43,0.29,2.56,46.8,-44.24,401.67,52.9,6.25,16100,89.9,103.4,34,257.0,34.96,6.11,66.52,,2949.953,4.875024308,1.008459228,6.56837794,9162070.0,19956.8,892547,13.0,Kuning (Perlu perhatian),62.29,0.99,27.29,1.12,5.34,65.04,11.61,True,True,2024,matched,reported,Database Bulan + Tahun + Triwulan + MAP,baseline-v1,2026-07-03,Data untuk PHK Dashboard.xlsx; MAP_composite_all.xlsx
Maluku,Maluku,81,2024,5,2024-05-01,2,32.0,23.0,106.37,3.21,1.89,4.52,19.9,-15.38,458.338,52.1,6.25,16084,81.7,103.3,34,257.0,34.96,6.11,66.52,,2949.953,4.875024308,1.008459228,6.56837794,9162070.0,19956.8,892547,13.0,Kuning (Perlu perhatian),62.29,0.99,27.29,1.12,5.34,65.04,11.61,True,True,2024,matched,reported,Database Bulan + Tahun + Triwulan + MAP,baseline-v1,2026-07-03,Data untuk PHK Dashboard.xlsx; MAP_composite_all.xlsx
Maluku,Maluku,81,2024,6,2024-06-01,2,32.0,0.0,107.78,3.63,1.33,16.69,57.47,-40.78,452.318,50.7,6.25,16329,82.2,103.3,34,257.0,34.96,6.11,66.52,,2949.953,4.875024308,1.008459228,6.56837794,9162070.0,19956.8,892547,13.0,Kuning (Perlu perhatian),62.29,0.99,27.29,1.12,5.34,65.04,11.61,True,True,2024,matched,reported,Database Bulan + Tahun + Triwulan + MAP,baseline-v1,2026-07-03,Data untuk PHK Dashboard.xlsx; MAP_composite_all.xlsx
Maluku,Maluku,81,2024,7,2024-07-01,3,32.0,0.0,106.9,2.71,-0.82,5.69,68.78,-63.09,485.199,49.3,6.25,16262,85.2,103.2,34,257.0,34.96,6.11,66.52,,2949.953,4.875024308,1.008459228,6.56837794,9447290.0,17136.8,907713,13.0,Kuning (Perlu perhatian),62.29,0.99,27.29,1.12,5.34,65.04,11.61,True,True,2024,matched,reported,Database Bulan + Tahun + Triwulan + MAP,baseline-v1,2026-07-03,Data untuk PHK Dashboard.xlsx; MAP_composite_all.xlsx
Maluku,Maluku,81,2024,8,2024-08-01,3,32.0,0.0,106.54,2.58,-0.34,1.58,37.74,-36.16,476.129,48.9,6.25,15793,80.4,103.1,34,257.0,34.96,6.11,66.52,,2949.953,4.875024308,1.008459228,6.56837794,9447290.0,17136.8,907713,13.0,Kuning (Perlu perhatian),62.29,0.99,27.29,1.12,5.34,65.04,11.61,True,True,2024,matched,reported,Database Bulan + Tahun + Triwulan + MAP,baseline-v1,2026-07-03,Data untuk PHK Dashboard.xlsx; MAP_composite_all.xlsx
Maluku,Maluku,81,2024,9,2024-09-01,3,43.0,11.0,106.47,1.79,-0.07,9.31,27.03,-17.72,425.048,49.2,6.0,15341,74,102.9,34,257.0,34.96,6.11,66.52,,2949.953,4.875024308,1.008459228,6.56837794,9447290.0,17136.8,907713,13.0,Kuning (Perlu perhatian),62.29,0.99,27.29,1.12,5.34,65.04,11.61,True,True,2024,matched,reported,Database Bulan + Tahun + Triwulan + MAP,baseline-v1,2026-07-03,Data untuk PHK Dashboard.xlsx; MAP_composite_all.xlsx
Maluku,Maluku,81,2024,10,2024-10-01,4,43.0,0.0,107.16,2.13,0.65,10.16,32.21,-22.05,433.783,49.2,6.0,15541,75.6,102.8,34,257.0,34.96,6.11,66.52,,2949.953,4.875024308,1.008459228,6.56837794,9671600.0,862238.2,907713,13.0,Kuning (Perlu perhatian),62.29,0.99,27.29,1.12,5.34,65.04,11.61,True,True,2024,matched,reported,Database Bulan + Tahun + Triwulan + MAP,baseline-v1,2026-07-03,Data untuk PHK Dashboard.xlsx; MAP_composite_all.xlsx
Maluku,Maluku,81,2024,11,2024-11-01,4,254.0,211.0,107.43,2.23,0.25,9.82,24.11,-14.29,434.949,49.6,6.0,15812,74.3,103.0,34,257.0,34.96,6.11,66.52,,2949.953,4.875024308,1.008459228,6.56837794,9671600.0,862238.2,907713,13.0,Kuning (Perlu perhatian),62.29,0.99,27.29,1.12,5.34,65.04,11.61,True,True,2024,matched,reported,Database Bulan + Tahun + Triwulan + MAP,baseline-v1,2026-07-03,Data untuk PHK Dashboard.xlsx; MAP_composite_all.xlsx
Maluku,Maluku,81,2024,12,2024-12-01,4,257.0,3.0,106.99,1.28,-0.41,12.41,43.81,-31.4,419.207,51.2,6.0,16024,73.9,103.4,34,257.0,34.96,6.11,66.52,,2949.953,4.875024308,1.008459228,6.56837794,9671600.0,862238.2,907713,13.0,Kuning (Perlu perhatian),62.29,0.99,27.29,1.12,5.34,65.04,11.61,True,True,2024,matched,reported,Database Bulan + Tahun + Triwulan + MAP,baseline-v1,2026-07-03,Data untuk PHK Dashboard.xlsx; MAP_composite_all.xlsx
Maluku,Maluku,81,2025,1,2025-01-01,1,2.0,2.0,106.64,0.76,-0.33,6.25,30.12,-23.87,463.42,51.9,5.75,16262,79.3,104.2,34,85.0,33.94,6.27,66.66,,3141.7,6.500001864,1.013188511,6.618319492,9381530.0,7532.2,931667,13.0,Kuning (Perlu perhatian),62.29,0.99,27.29,1.12,5.34,65.04,11.61,True,True,2024,matched,reported,Database Bulan + Tahun + Triwulan + MAP,baseline-v1,2026-07-03,Data untuk PHK Dashboard.xlsx; MAP_composite_all.xlsx
Maluku,Maluku,81,2025,2,2025-02-01,1,4.0,2.0,105.97,1.33,-0.63,9.83,23.83,-14,463.816,53.6,5.75,16338,75.4,104.3,34,85.0,33.94,6.27,66.66,,3141.7,6.500001864,1.013188511,6.618319492,9381530.0,7532.2,931667,13.0,Kuning (Perlu perhatian),62.29,0.99,27.29,1.12,5.34,65.04,11.61,True,True,2024,matched,reported,Database Bulan + Tahun + Triwulan + MAP,baseline-v1,2026-07-03,Data untuk PHK Dashboard.xlsx; MAP_composite_all.xlsx
Maluku,Maluku,81,2025,3,2025-03-01,1,5.0,1.0,107.79,3.54,1.72,2.64,32.6,-29.96,456.717,52.4,5.75,16456,72.7,105.1,34,85.0,33.94,6.27,66.66,,3141.7,6.500001864,1.013188511,6.618319492,9381530.0,7532.2,931667,13.0,Kuning (Perlu perhatian),62.29,0.99,27.29,1.12,5.34,65.04,11.61,True,True,2024,matched,reported,Database Bulan + Tahun + Triwulan + MAP,baseline-v1,2026-07-03,Data untuk PHK Dashboard.xlsx; MAP_composite_all.xlsx
Maluku,Maluku,81,2025,4,2025-04-01,2,8.0,3.0,107.89,3.34,0.09,1.63,30.25,-28.62,463.702,46.7,5.75,16820,68.1,105.1,34,85.0,33.94,6.27,66.66,,3141.7,6.500001864,1.013188511,6.618319492,9472300.0,7510.9,931667,13.0,Kuning (Perlu perhatian),62.29,0.99,27.29,1.12,5.34,65.04,11.61,True,True,2024,matched,reported,Database Bulan + Tahun + Triwulan + MAP,baseline-v1,2026-07-03,Data untuk PHK Dashboard.xlsx; MAP_composite_all.xlsx
Maluku,Maluku,81,2025,5,2025-05-01,2,12.0,4.0,108.75,2.24,0.8,8.27,28.42,-20.15,473.159,47.4,5.5,16441,64.5,104.6,34,85.0,33.94,6.27,66.66,,3141.7,6.500001864,1.013188511,6.618319492,9472300.0,7510.9,931667,13.0,Kuning (Perlu perhatian),62.29,0.99,27.29,1.12,5.34,65.04,11.61,True,True,2024,matched,reported,Database Bulan + Tahun + Triwulan + MAP,baseline-v1,2026-07-03,Data untuk PHK Dashboard.xlsx; MAP_composite_all.xlsx
Maluku,Maluku,81,2025,6,2025-06-01,2,16.0,4.0,109.81,1.88,0.97,6.24,24.51,-18.27,489.127,46.9,5.5,16311,71.4,104.7,34,85.0,33.94,6.27,66.66,,3141.7,6.500001864,1.013188511,6.618319492,9472300.0,7510.9,931667,13.0,Kuning (Perlu perhatian),62.29,0.99,27.29,1.12,5.34,65.04,11.61,True,True,2024,matched,reported,Database Bulan + Tahun + Triwulan + MAP,baseline-v1,2026-07-03,Data untuk PHK Dashboard.xlsx; MAP_composite_all.xlsx
Maluku,Maluku,81,2025,7,2025-07-01,3,26.0,10.0,110.1,2.99,0.26,8.89,17.51,-8.62,499.467,49.2,5.25,16276,71,105.2,34,85.0,33.94,6.27,66.66,,3141.7,6.500001864,1.013188511,6.618319492,9854110.0,16978.4,922486,13.0,Kuning (Perlu perhatian),62.29,0.99,27.29,1.12,5.34,65.04,11.61,True,True,2024,matched,reported,Database Bulan + Tahun + Triwulan + MAP,baseline-v1,2026-07-03,Data untuk PHK Dashboard.xlsx; MAP_composite_all.xlsx
Maluku,Maluku,81,2025,8,2025-08-01,3,30.0,4.0,110.0,3.25,-0.09,4.75,32.96,-28.21,516.593,51.5,5.0,16309,67.9,105.2,34,85.0,33.94,6.27,66.66,,3141.7,6.500001864,1.013188511,6.618319492,9854110.0,16978.4,922486,13.0,Kuning (Perlu perhatian),62.29,0.99,27.29,1.12,5.34,65.04,11.61,True,True,2024,matched,reported,Database Bulan + Tahun + Triwulan + MAP,baseline-v1,2026-07-03,Data untuk PHK Dashboard.xlsx; MAP_composite_all.xlsx
Maluku,Maluku,81,2025,9,2025-09-01,3,48.0,18.0,109.68,3.01,-0.29,10.8,32.48,-21.68,509.49,50.4,4.75,16512,68,105.3,34,85.0,33.94,6.27,66.66,,3141.7,6.500001864,1.013188511,6.618319492,9854110.0,16978.4,922486,13.0,Kuning (Perlu perhatian),62.29,0.99,27.29,1.12,5.34,65.04,11.61,True,True,2024,matched,reported,Database Bulan + Tahun + Triwulan + MAP,baseline-v1,2026-07-03,Data untuk PHK Dashboard.xlsx; MAP_composite_all.xlsx
Maluku,Maluku,81,2025,10,2025-10-01,4,58.0,10.0,109.62,2.3,-0.05,2.53,21.87,-19.34,514.971,51.2,4.75,16607,64.5,105.5,34,85.0,33.94,6.27,66.66,,3141.7,6.500001864,1.013188511,6.618319492,10198120.0,5615.4,922486,13.0,Kuning (Perlu perhatian),62.29,0.99,27.29,1.12,5.34,65.04,11.61,True,True,2024,matched,reported,Database Bulan + Tahun + Triwulan + MAP,baseline-v1,2026-07-03,Data untuk PHK Dashboard.xlsx; MAP_composite_all.xlsx
Maluku,Maluku,81,2025,11,2025-11-01,4,85.0,27.0,109.93,2.33,0.28,7.61,31.47,-23.86,551.185,53.3,4.75,16703,63.8,105.4,34,85.0,33.94,6.27,66.66,,3141.7,6.500001864,1.013188511,6.618319492,10198120.0,5615.4,922486,13.0,Kuning (Perlu perhatian),62.29,0.99,27.29,1.12,5.34,65.04,11.61,True,True,2024,matched,reported,Database Bulan + Tahun + Triwulan + MAP,baseline-v1,2026-07-03,Data untuk PHK Dashboard.xlsx; MAP_composite_all.xlsx
Maluku,Maluku,81,2025,12,2025-12-01,4,85.0,,110.82,3.58,0.81,18.6,53.05,-34.45,504.321,51.2,4.75,16699,62.5,106.3,27,85.0,33.94,6.27,66.66,,3141.7,6.500001864,1.013188511,6.618319492,10198120.0,5615.4,922486,13.0,Kuning (Perlu perhatian),62.29,0.99,27.29,1.12,5.34,65.04,11.61,True,True,2024,matched,reported,Database Bulan + Tahun + Triwulan + MAP,baseline-v1,2026-07-03,Data untuk PHK Dashboard.xlsx; MAP_composite_all.xlsx
Maluku Utara,Maluku Utara,82,2022,1,2022-01-01,1,,,,,,676.59,154.61,521.98,161.325,53.7,3.5,14335,86.5,94.0,0,8.0,34.37,3.98,64.88,65.63,2862.231,5.169922800777499,0.9741838295,25.65677617,9539213.01,10749562.2,603241,15.0,Oranye (Risiko PHK),65.54,1.03,34.64,-5.7,22.94,65.63,19.84,True,True,2022,matched,no_data,Database Bulan + Tahun + Triwulan + MAP,baseline-v1,2026-07-03,Data untuk PHK Dashboard.xlsx; MAP_composite_all.xlsx
Maluku Utara,Maluku Utara,82,2022,2,2022-02-01,1,,,,,,561.34,175.78,385.56,177.168,51.2,3.5,14351,97.1,94.0,0,8.0,34.37,3.98,64.88,65.63,2862.231,5.169922800777499,0.9741838295,25.65677617,9539213.01,10749562.2,603241,15.0,Oranye (Risiko PHK),65.54,1.03,34.64,-5.7,22.94,65.63,19.84,True,True,2022,matched,no_data,Database Bulan + Tahun + Triwulan + MAP,baseline-v1,2026-07-03,Data untuk PHK Dashboard.xlsx; MAP_composite_all.xlsx
Maluku Utara,Maluku Utara,82,2022,3,2022-03-01,1,,,,,,900.57,272.46,628.11,166.871,51.3,3.5,14349,117.2,94.7,0,8.0,34.37,3.98,64.88,65.63,2862.231,5.169922800777499,0.9741838295,25.65677617,9539213.01,10749562.2,603241,15.0,Oranye (Risiko PHK),65.54,1.03,34.64,-5.7,22.94,65.63,19.84,True,True,2022,matched,no_data,Database Bulan + Tahun + Triwulan + MAP,baseline-v1,2026-07-03,Data untuk PHK Dashboard.xlsx; MAP_composite_all.xlsx
Maluku Utara,Maluku Utara,82,2022,4,2022-04-01,2,,,,,,684.94,340.43,344.51,174.788,51.9,3.5,14369,104.6,95.6,0,8.0,34.37,3.98,64.88,65.63,2862.231,5.169922800777499,0.9741838295,25.65677617,9885450.64,18712824.6,603241,15.0,Oranye (Risiko PHK),65.54,1.03,34.64,-5.7,22.94,65.63,19.84,True,True,2022,matched,no_data,Database Bulan + Tahun + Triwulan + MAP,baseline-v1,2026-07-03,Data untuk PHK Dashboard.xlsx; MAP_composite_all.xlsx
Maluku Utara,Maluku Utara,82,2022,5,2022-05-01,2,,,,,,761.5,306.65,454.85,174.27,50.8,3.5,14608,113.3,95.9,0,8.0,34.37,3.98,64.88,65.63,2862.231,5.169922800777499,0.9741838295,25.65677617,9885450.64,18712824.6,603241,15.0,Oranye (Risiko PHK),65.54,1.03,34.64,-5.7,22.94,65.63,19.84,True,True,2022,matched,no_data,Database Bulan + Tahun + Triwulan + MAP,baseline-v1,2026-07-03,Data untuk PHK Dashboard.xlsx; MAP_composite_all.xlsx
Maluku Utara,Maluku Utara,82,2022,6,2022-06-01,2,,,,,,746.62,329.99,416.63,178.483,50.2,3.5,14689,122.7,96.6,0,8.0,34.37,3.98,64.88,65.63,2862.231,5.169922800777499,0.9741838295,25.65677617,9885450.64,18712824.6,603241,15.0,Oranye (Risiko PHK),65.54,1.03,34.64,-5.7,22.94,65.63,19.84,True,True,2022,matched,no_data,Database Bulan + Tahun + Triwulan + MAP,baseline-v1,2026-07-03,Data untuk PHK Dashboard.xlsx; MAP_composite_all.xlsx
Maluku Utara,Maluku Utara,82,2022,7,2022-07-01,3,8.0,,,,,317.62,555.58,-237.96,168.468,51.3,3.5,14984,111.9,97.0,0,8.0,34.37,3.98,64.88,65.63,2862.231,5.169922800777499,0.9741838295,25.65677617,9944383.89,18520645.2,584968,15.0,Oranye (Risiko PHK),65.54,1.03,34.64,-5.7,22.94,65.63,19.84,True,True,2022,matched,reported,Database Bulan + Tahun + Triwulan + MAP,baseline-v1,2026-07-03,Data untuk PHK Dashboard.xlsx; MAP_composite_all.xlsx
Maluku Utara,Maluku Utara,82,2022,8,2022-08-01,3,,,,,,612.13,373.46,238.67,175.292,51.7,3.75,14851,100.4,96.9,0,8.0,34.37,3.98,64.88,65.63,2862.231,5.169922800777499,0.9741838295,25.65677617,9944383.89,18520645.2,584968,15.0,Oranye (Risiko PHK),65.54,1.03,34.64,-5.7,22.94,65.63,19.84,True,True,2022,matched,no_data,Database Bulan + Tahun + Triwulan + MAP,baseline-v1,2026-07-03,Data untuk PHK Dashboard.xlsx; MAP_composite_all.xlsx
Maluku Utara,Maluku Utara,82,2022,9,2022-09-01,3,8.0,,,,,599.38,418.69,180.69,168.947,53.7,4.25,14972,89.8,97.7,0,8.0,34.37,3.98,64.88,65.63,2862.231,5.169922800777499,0.9741838295,25.65677617,9944383.89,18520645.2,584968,15.0,Oranye (Risiko PHK),65.54,1.03,34.64,-5.7,22.94,65.63,19.84,True,True,2022,matched,reported,Database Bulan + Tahun + Triwulan + MAP,baseline-v1,2026-07-03,Data untuk PHK Dashboard.xlsx; MAP_composite_all.xlsx
Maluku Utara,Maluku Utara,82,2022,10,2022-10-01,4,8.0,0.0,,,,616.02,353.91,262.11,173.458,51.8,4.75,15417,93.3,97.7,34,8.0,34.37,3.98,64.88,65.63,2862.231,5.169922800777499,0.9741838295,25.65677617,10879335.12,18869728.5,584968,15.0,Oranye (Risiko PHK),65.54,1.03,34.64,-5.7,22.94,65.63,19.84,True,True,2022,matched,reported,Database Bulan + Tahun + Triwulan + MAP,baseline-v1,2026-07-03,Data untuk PHK Dashboard.xlsx; MAP_composite_all.xlsx
Maluku Utara,Maluku Utara,82,2022,11,2022-11-01,4,8.0,0.0,,,,780.78,412.22,368.56,156.463,50.3,5.25,15659,91.4,98.0,34,8.0,34.37,3.98,64.88,65.63,2862.231,5.169922800777499,0.9741838295,25.65677617,10879335.12,18869728.5,584968,15.0,Oranye (Risiko PHK),65.54,1.03,34.64,-5.7,22.94,65.63,19.84,True,True,2022,matched,reported,Database Bulan + Tahun + Triwulan + MAP,baseline-v1,2026-07-03,Data untuk PHK Dashboard.xlsx; MAP_composite_all.xlsx
Maluku Utara,Maluku Utara,82,2022,12,2022-12-01,4,8.0,0.0,,,,690.26,549.17,141.09,149.991,50.9,5.5,15615,80.9,98.7,34,8.0,34.37,3.98,64.88,65.63,2862.231,5.169922800777499,0.9741838295,25.65677617,10879335.12,18869728.5,584968,15.0,Oranye (Risiko PHK),65.54,1.03,34.64,-5.7,22.94,65.63,19.84,True,True,2022,matched,reported,Database Bulan + Tahun + Triwulan + MAP,baseline-v1,2026-07-03,Data untuk PHK Dashboard.xlsx; MAP_composite_all.xlsx
Maluku Utara,Maluku Utara,82,2023,1,2023-01-01,1,,,102.26,,,853.48,132.73,720.75,221.286,51.3,5.75,15295,82.5,99.3,8,160.0,33.92,4.31,67.77,66.08,2976.72,3.999991615,0.9111244155,30.40666757,11162260.0,14773008.2,616231,15.0,Oranye (Risiko PHK),62.26,1.1,39.37,-1.29,20.49,66.08,25.48,True,True,2023,matched,no_data,Database Bulan + Tahun + Triwulan + MAP,baseline-v1,2026-07-03,Data untuk PHK Dashboard.xlsx; MAP_composite_all.xlsx
Maluku Utara,Maluku Utara,82,2023,2,2023-02-01,1,,0.0,103.44,,,837.94,292.79,545.15,231.572,51.2,5.75,15126,82.6,99.6,34,160.0,33.92,4.31,67.77,66.08,2976.72,3.999991615,0.9111244155,30.40666757,11162260.0,14773008.2,616231,15.0,Oranye (Risiko PHK),62.26,1.1,39.37,-1.29,20.49,66.08,25.48,True,True,2023,matched,reported,Database Bulan + Tahun + Triwulan + MAP,baseline-v1,2026-07-03,Data untuk PHK Dashboard.xlsx; MAP_composite_all.xlsx
Maluku Utara,Maluku Utara,82,2023,3,2023-03-01,1,,0.0,103.07,,,715.95,350.48,365.47,219.379,51.9,5.75,15301,78.4,99.9,34,160.0,33.92,4.31,67.77,66.08,2976.72,3.999991615,0.9111244155,30.40666757,11162260.0,14773008.2,616231,15.0,Oranye (Risiko PHK),62.26,1.1,39.37,-1.29,20.49,66.08,25.48,True,True,2023,matched,reported,Database Bulan + Tahun + Triwulan + MAP,baseline-v1,2026-07-03,Data untuk PHK Dashboard.xlsx; MAP_composite_all.xlsx
Maluku Utara,Maluku Utara,82,2023,4,2023-04-01,2,,0.0,104.17,,,813.23,164.41,648.82,227.378,52.7,5.75,14867,84.6,100.0,34,160.0,33.92,4.31,67.77,66.08,2976.72,3.999991615,0.9111244155,30.40666757,12112270.0,14824774.9,616231,15.0,Oranye (Risiko PHK),62.26,1.1,39.37,-1.29,20.49,66.08,25.48,True,True,2023,matched,reported,Database Bulan + Tahun + Triwulan + MAP,baseline-v1,2026-07-03,Data untuk PHK Dashboard.xlsx; MAP_composite_all.xlsx
Maluku Utara,Maluku Utara,82,2023,5,2023-05-01,2,,0.0,104.43,,,841.98,348.75,493.23,224.874,50.3,5.75,14811,75.5,100.2,34,160.0,33.92,4.31,67.77,66.08,2976.72,3.999991615,0.9111244155,30.40666757,12112270.0,14824774.9,616231,15.0,Oranye (Risiko PHK),62.26,1.1,39.37,-1.29,20.49,66.08,25.48,True,True,2023,matched,reported,Database Bulan + Tahun + Triwulan + MAP,baseline-v1,2026-07-03,Data untuk PHK Dashboard.xlsx; MAP_composite_all.xlsx
Maluku Utara,Maluku Utara,82,2023,6,2023-06-01,2,,0.0,104.66,,,776.43,312.92,463.51,208.086,52.5,5.75,14932,74.8,100.3,34,160.0,33.92,4.31,67.77,66.08,2976.72,3.999991615,0.9111244155,30.40666757,12112270.0,14824774.9,616231,15.0,Oranye (Risiko PHK),62.26,1.1,39.37,-1.29,20.49,66.08,25.48,True,True,2023,matched,reported,Database Bulan + Tahun + Triwulan + MAP,baseline-v1,2026-07-03,Data untuk PHK Dashboard.xlsx; MAP_composite_all.xlsx
Maluku Utara,Maluku Utara,82,2023,7,2023-07-01,3,,0.0,104.86,,,846.97,307.91,539.06,216.085,53.3,5.75,15040,80.1,100.5,34,160.0,33.92,4.31,67.77,66.08,2976.72,3.999991615,0.9111244155,30.40666757,12630300.0,26635009.0,634699,15.0,Oranye (Risiko PHK),62.26,1.1,39.37,-1.29,20.49,66.08,25.48,True,True,2023,matched,reported,Database Bulan + Tahun + Triwulan + MAP,baseline-v1,2026-07-03,Data untuk PHK Dashboard.xlsx; MAP_composite_all.xlsx
Maluku Utara,Maluku Utara,82,2023,8,2023-08-01,3,102.0,102.0,105.02,,,756.74,205.41,551.33,215.929,53.9,5.75,15245,86.1,100.5,34,160.0,33.92,4.31,67.77,66.08,2976.72,3.999991615,0.9111244155,30.40666757,12630300.0,26635009.0,634699,15.0,Oranye (Risiko PHK),62.26,1.1,39.37,-1.29,20.49,66.08,25.48,True,True,2023,matched,reported,Database Bulan + Tahun + Triwulan + MAP,baseline-v1,2026-07-03,Data untuk PHK Dashboard.xlsx; MAP_composite_all.xlsx
Maluku Utara,Maluku Utara,82,2023,9,2023-09-01,3,102.0,0.0,104.92,,,813.16,212.78,600.38,213.472,52.3,5.75,15354,"93,7",100.9,34,160.0,33.92,4.31,67.77,66.08,2976.72,3.999991615,0.9111244155,30.40666757,12630300.0,26635009.0,634699,15.0,Oranye (Risiko PHK),62.26,1.1,39.37,-1.29,20.49,66.08,25.48,True,True,2023,matched,reported,Database Bulan + Tahun + Triwulan + MAP,baseline-v1,2026-07-03,Data untuk PHK Dashboard.xlsx; MAP_composite_all.xlsx
Maluku Utara,Maluku Utara,82,2023,10,2023-10-01,4,108.0,6.0,105.21,,,1096.75,364.97,731.78,215.744,51.5,6.0,15741,90.6,101.2,34,160.0,33.92,4.31,67.77,66.08,2976.72,3.999991615,0.9111244155,30.40666757,13024600.0,20016828.8,634699,15.0,Oranye (Risiko PHK),62.26,1.1,39.37,-1.29,20.49,66.08,25.48,True,True,2023,matched,reported,Database Bulan + Tahun + Triwulan + MAP,baseline-v1,2026-07-03,Data untuk PHK Dashboard.xlsx; MAP_composite_all.xlsx
Maluku Utara,Maluku Utara,82,2023,11,2023-11-01,4,160.0,52.0,105.06,,,946.52,236.45,710.07,225.282,51.7,6.0,15617,82.9,101.4,34,160.0,33.92,4.31,67.77,66.08,2976.72,3.999991615,0.9111244155,30.40666757,13024600.0,20016828.8,634699,15.0,Oranye (Risiko PHK),62.26,1.1,39.37,-1.29,20.49,66.08,25.48,True,True,2023,matched,reported,Database Bulan + Tahun + Triwulan + MAP,baseline-v1,2026-07-03,Data untuk PHK Dashboard.xlsx; MAP_composite_all.xlsx
Maluku Utara,Maluku Utara,82,2023,12,2023-12-01,4,160.0,0.0,106.71,,,900.99,229.17,671.82,226.416,52.2,6.0,15513,77.6,101.8,34,160.0,33.92,4.31,67.77,66.08,2976.72,3.999991615,0.9111244155,30.40666757,13024600.0,20016828.8,634699,15.0,Oranye (Risiko PHK),62.26,1.1,39.37,-1.29,20.49,66.08,25.48,True,True,2023,matched,reported,Database Bulan + Tahun + Triwulan + MAP,baseline-v1,2026-07-03,Data untuk PHK Dashboard.xlsx; MAP_composite_all.xlsx
Maluku Utara,Maluku Utara,82,2024,1,2024-01-01,1,,,106.69,4.33,-0.02,693.13,249.72,443.41,245.65,52.9,6.0,15611,80.1,102.1,9,17.0,35.24,4.03,69.13,,3200.0,7.500873445,0.92571539,33.4813575,12473200.0,16056992.1,642047,12.0,Kuning (Perlu perhatian),58.66,1.08,37.61,3.89,13.73,64.76,24.66,True,True,2024,matched,no_data,Database Bulan + Tahun + Triwulan + MAP,baseline-v1,2026-07-03,Data untuk PHK Dashboard.xlsx; MAP_composite_all.xlsx
Maluku Utara,Maluku Utara,82,2024,2,2024-02-01,1,,0.0,106.24,2.71,-0.42,560.76,332.55,228.21,246.969,52.7,6.0,15665,83.5,103.0,34,17.0,35.24,4.03,69.13,,3200.0,7.500873445,0.92571539,33.4813575,12473200.0,16056992.1,642047,12.0,Kuning (Perlu perhatian),58.66,1.08,37.61,3.89,13.73,64.76,24.66,True,True,2024,matched,reported,Database Bulan + Tahun + Triwulan + MAP,baseline-v1,2026-07-03,Data untuk PHK Dashboard.xlsx; MAP_composite_all.xlsx
Maluku Utara,Maluku Utara,82,2024,3,2024-03-01,1,,0.0,106.75,3.57,0.48,856.62,231.36,625.26,234.696,54.2,6.0,15703,85.4,103.5,34,17.0,35.24,4.03,69.13,,3200.0,7.500873445,0.92571539,33.4813575,12473200.0,16056992.1,642047,12.0,Kuning (Perlu perhatian),58.66,1.08,37.61,3.89,13.73,64.76,24.66,True,True,2024,matched,reported,Database Bulan + Tahun + Triwulan + MAP,baseline-v1,2026-07-03,Data untuk PHK Dashboard.xlsx; MAP_composite_all.xlsx
Maluku Utara,Maluku Utara,82,2024,4,2024-04-01,2,,0.0,107.22,2.93,0.44,997.15,270.4,726.75,270.415,52.9,6.25,16100,89.9,103.4,34,17.0,35.24,4.03,69.13,,3200.0,7.500873445,0.92571539,33.4813575,13562900.0,28993754.5,642047,12.0,Kuning (Perlu perhatian),58.66,1.08,37.61,3.89,13.73,64.76,24.66,True,True,2024,matched,reported,Database Bulan + Tahun + Triwulan + MAP,baseline-v1,2026-07-03,Data untuk PHK Dashboard.xlsx; MAP_composite_all.xlsx
Maluku Utara,Maluku Utara,82,2024,5,2024-05-01,2,,0.0,107.85,3.27,0.59,1011.97,463.48,548.49,250.211,52.1,6.25,16084,81.7,103.3,34,17.0,35.24,4.03,69.13,,3200.0,7.500873445,0.92571539,33.4813575,13562900.0,28993754.5,642047,12.0,Kuning (Perlu perhatian),58.66,1.08,37.61,3.89,13.73,64.76,24.66,True,True,2024,matched,reported,Database Bulan + Tahun + Triwulan + MAP,baseline-v1,2026-07-03,Data untuk PHK Dashboard.xlsx; MAP_composite_all.xlsx
Maluku Utara,Maluku Utara,82,2024,6,2024-06-01,2,,0.0,108.02,3.21,0.16,859.25,338.14,521.11,429.032,50.7,6.25,16329,82.2,103.3,34,17.0,35.24,4.03,69.13,,3200.0,7.500873445,0.92571539,33.4813575,13562900.0,28993754.5,642047,12.0,Kuning (Perlu perhatian),58.66,1.08,37.61,3.89,13.73,64.76,24.66,True,True,2024,matched,reported,Database Bulan + Tahun + Triwulan + MAP,baseline-v1,2026-07-03,Data untuk PHK Dashboard.xlsx; MAP_composite_all.xlsx
Maluku Utara,Maluku Utara,82,2024,7,2024-07-01,3,4.0,4.0,107.96,2.96,-0.06,886.5,381.54,504.96,452.22,49.3,6.25,16262,85.2,103.2,34,17.0,35.24,4.03,69.13,,3200.0,7.500873445,0.92571539,33.4813575,13367600.0,11411883.9,661488,12.0,Kuning (Perlu perhatian),58.66,1.08,37.61,3.89,13.73,64.76,24.66,True,True,2024,matched,reported,Database Bulan + Tahun + Triwulan + MAP,baseline-v1,2026-07-03,Data untuk PHK Dashboard.xlsx; MAP_composite_all.xlsx
Maluku Utara,Maluku Utara,82,2024,8,2024-08-01,3,4.0,0.0,108.05,2.89,0.08,812.94,320.91,492.03,464.637,48.9,6.25,15793,80.4,103.1,34,17.0,35.24,4.03,69.13,,3200.0,7.500873445,0.92571539,33.4813575,13367600.0,11411883.9,661488,12.0,Kuning (Perlu perhatian),58.66,1.08,37.61,3.89,13.73,64.76,24.66,True,True,2024,matched,reported,Database Bulan + Tahun + Triwulan + MAP,baseline-v1,2026-07-03,Data untuk PHK Dashboard.xlsx; MAP_composite_all.xlsx
Maluku Utara,Maluku Utara,82,2024,9,2024-09-01,3,15.0,11.0,108.66,3.56,0.56,931.52,407.03,524.49,513.224,49.2,6.0,15341,74,102.9,34,17.0,35.24,4.03,69.13,,3200.0,7.500873445,0.92571539,33.4813575,13367600.0,11411883.9,661488,12.0,Kuning (Perlu perhatian),58.66,1.08,37.61,3.89,13.73,64.76,24.66,True,True,2024,matched,reported,Database Bulan + Tahun + Triwulan + MAP,baseline-v1,2026-07-03,Data untuk PHK Dashboard.xlsx; MAP_composite_all.xlsx
Maluku Utara,Maluku Utara,82,2024,10,2024-10-01,4,15.0,0.0,107.52,2.2,-1.05,878.52,449.93,428.59,425.607,49.2,6.0,15541,75.6,102.8,34,17.0,35.24,4.03,69.13,,3200.0,7.500873445,0.92571539,33.4813575,16337250.0,13451419.3,661488,12.0,Kuning (Perlu perhatian),58.66,1.08,37.61,3.89,13.73,64.76,24.66,True,True,2024,matched,reported,Database Bulan + Tahun + Triwulan + MAP,baseline-v1,2026-07-03,Data untuk PHK Dashboard.xlsx; MAP_composite_all.xlsx
Maluku Utara,Maluku Utara,82,2024,11,2024-11-01,4,15.0,0.0,107.98,2.78,0.43,1485.0,397.95,1087.05,381.671,49.6,6.0,15812,74.3,103.0,34,17.0,35.24,4.03,69.13,,3200.0,7.500873445,0.92571539,33.4813575,16337250.0,13451419.3,661488,12.0,Kuning (Perlu perhatian),58.66,1.08,37.61,3.89,13.73,64.76,24.66,True,True,2024,matched,reported,Database Bulan + Tahun + Triwulan + MAP,baseline-v1,2026-07-03,Data untuk PHK Dashboard.xlsx; MAP_composite_all.xlsx
Maluku Utara,Maluku Utara,82,2024,12,2024-12-01,4,17.0,2.0,108.31,1.5,0.31,1103.76,378.59,725.17,361.95,51.2,6.0,16024,73.9,103.4,34,17.0,35.24,4.03,69.13,,3200.0,7.500873445,0.92571539,33.4813575,16337250.0,13451419.3,661488,12.0,Kuning (Perlu perhatian),58.66,1.08,37.61,3.89,13.73,64.76,24.66,True,True,2024,matched,reported,Database Bulan + Tahun + Triwulan + MAP,baseline-v1,2026-07-03,Data untuk PHK Dashboard.xlsx; MAP_composite_all.xlsx
Maluku Utara,Maluku Utara,82,2025,1,2025-01-01,1,4.0,4.0,106.53,-0.15,-1.64,1077.51,230.04,847.47,369.81,51.9,5.75,16262,79.3,104.2,34,73.0,35.49,4.55,69.57,,3408.0,6.5,0.9413795132,40.58369869,16814310.0,23073508.6,663611,12.0,Kuning (Perlu perhatian),58.66,1.08,37.61,3.89,13.73,64.76,24.66,True,True,2024,matched,reported,Database Bulan + Tahun + Triwulan + MAP,baseline-v1,2026-07-03,Data untuk PHK Dashboard.xlsx; MAP_composite_all.xlsx
Maluku Utara,Maluku Utara,82,2025,2,2025-02-01,1,6.0,2.0,106.41,0.16,-0.11,817.23,301.54,515.69,388.657,53.6,5.75,16338,75.4,104.3,34,73.0,35.49,4.55,69.57,,3408.0,6.5,0.9413795132,40.58369869,16814310.0,23073508.6,663611,12.0,Kuning (Perlu perhatian),58.66,1.08,37.61,3.89,13.73,64.76,24.66,True,True,2024,matched,reported,Database Bulan + Tahun + Triwulan + MAP,baseline-v1,2026-07-03,Data untuk PHK Dashboard.xlsx; MAP_composite_all.xlsx
Maluku Utara,Maluku Utara,82,2025,3,2025-03-01,1,14.0,8.0,109.23,2.32,2.65,1293.83,608.66,685.17,409.194,52.4,5.75,16456,72.7,105.1,34,73.0,35.49,4.55,69.57,,3408.0,6.5,0.9413795132,40.58369869,16814310.0,23073508.6,663611,12.0,Kuning (Perlu perhatian),58.66,1.08,37.61,3.89,13.73,64.76,24.66,True,True,2024,matched,reported,Database Bulan + Tahun + Triwulan + MAP,baseline-v1,2026-07-03,Data untuk PHK Dashboard.xlsx; MAP_composite_all.xlsx
Maluku Utara,Maluku Utara,82,2025,4,2025-04-01,2,23.0,9.0,110.68,3.23,1.33,1189.18,380.4,808.78,423.619,46.7,5.75,16820,68.1,105.1,34,73.0,35.49,4.55,69.57,,3408.0,6.5,0.9413795132,40.58369869,17872040.0,18240387.0,663611,12.0,Kuning (Perlu perhatian),58.66,1.08,37.61,3.89,13.73,64.76,24.66,True,True,2024,matched,reported,Database Bulan + Tahun + Triwulan + MAP,baseline-v1,2026-07-03,Data untuk PHK Dashboard.xlsx; MAP_composite_all.xlsx
Maluku Utara,Maluku Utara,82,2025,5,2025-05-01,2,32.0,9.0,109.89,1.89,-0.71,1503.68,561.99,941.69,439.188,47.4,5.5,16441,64.5,104.6,34,73.0,35.49,4.55,69.57,,3408.0,6.5,0.9413795132,40.58369869,17872040.0,18240387.0,663611,12.0,Kuning (Perlu perhatian),58.66,1.08,37.61,3.89,13.73,64.76,24.66,True,True,2024,matched,reported,Database Bulan + Tahun + Triwulan + MAP,baseline-v1,2026-07-03,Data untuk PHK Dashboard.xlsx; MAP_composite_all.xlsx
Maluku Utara,Maluku Utara,82,2025,6,2025-06-01,2,38.0,6.0,110.19,2.01,0.27,1026.54,560.68,465.86,451.742,46.9,5.5,16311,71.4,104.7,34,73.0,35.49,4.55,69.57,,3408.0,6.5,0.9413795132,40.58369869,17872040.0,18240387.0,663611,12.0,Kuning (Perlu perhatian),58.66,1.08,37.61,3.89,13.73,64.76,24.66,True,True,2024,matched,reported,Database Bulan + Tahun + Triwulan + MAP,baseline-v1,2026-07-03,Data untuk PHK Dashboard.xlsx; MAP_composite_all.xlsx
Maluku Utara,Maluku Utara,82,2025,7,2025-07-01,3,47.0,9.0,110.62,2.46,0.39,1286.74,618.43,668.31,480.533,49.2,5.25,16276,71,105.2,34,73.0,35.49,4.55,69.57,,3408.0,6.5,0.9413795132,40.58369869,18896070.0,15922904.6,673456,12.0,Kuning (Perlu perhatian),58.66,1.08,37.61,3.89,13.73,64.76,24.66,True,True,2024,matched,reported,Database Bulan + Tahun + Triwulan + MAP,baseline-v1,2026-07-03,Data untuk PHK Dashboard.xlsx; MAP_composite_all.xlsx
Maluku Utara,Maluku Utara,82,2025,8,2025-08-01,3,58.0,11.0,108.52,0.43,-1.9,1159.23,591.99,567.24,571.36,51.5,5.0,16309,67.9,105.2,34,73.0,35.49,4.55,69.57,,3408.0,6.5,0.9413795132,40.58369869,18896070.0,15922904.6,673456,12.0,Kuning (Perlu perhatian),58.66,1.08,37.61,3.89,13.73,64.76,24.66,True,True,2024,matched,reported,Database Bulan + Tahun + Triwulan + MAP,baseline-v1,2026-07-03,Data untuk PHK Dashboard.xlsx; MAP_composite_all.xlsx
Maluku Utara,Maluku Utara,82,2025,9,2025-09-01,3,64.0,6.0,108.48,-0.17,-0.04,1412.48,531.24,881.24,692.569,50.4,4.75,16512,68,105.3,34,73.0,35.49,4.55,69.57,,3408.0,6.5,0.9413795132,40.58369869,18896070.0,15922904.6,673456,12.0,Kuning (Perlu perhatian),58.66,1.08,37.61,3.89,13.73,64.76,24.66,True,True,2024,matched,reported,Database Bulan + Tahun + Triwulan + MAP,baseline-v1,2026-07-03,Data untuk PHK Dashboard.xlsx; MAP_composite_all.xlsx
Maluku Utara,Maluku Utara,82,2025,10,2025-10-01,4,70.0,6.0,108.79,1.18,0.29,1237.6,800.5,437.1,668.051,51.2,4.75,16607,64.5,105.5,34,73.0,35.49,4.55,69.57,,3408.0,6.5,0.9413795132,40.58369869,21207850.0,28211676.3,673456,12.0,Kuning (Perlu perhatian),58.66,1.08,37.61,3.89,13.73,64.76,24.66,True,True,2024,matched,reported,Database Bulan + Tahun + Triwulan + MAP,baseline-v1,2026-07-03,Data untuk PHK Dashboard.xlsx; MAP_composite_all.xlsx
Maluku Utara,Maluku Utara,82,2025,11,2025-11-01,4,73.0,3.0,110.02,1.89,1.13,1202.43,524.53,677.9,638.087,53.3,4.75,16703,63.8,105.4,34,73.0,35.49,4.55,69.57,,3408.0,6.5,0.9413795132,40.58369869,21207850.0,28211676.3,673456,12.0,Kuning (Perlu perhatian),58.66,1.08,37.61,3.89,13.73,64.76,24.66,True,True,2024,matched,reported,Database Bulan + Tahun + Triwulan + MAP,baseline-v1,2026-07-03,Data untuk PHK Dashboard.xlsx; MAP_composite_all.xlsx
Maluku Utara,Maluku Utara,82,2025,12,2025-12-01,4,73.0,,110.08,1.63,0.05,1553.49,718.58,834.91,626.324,51.2,4.75,16699,62.5,106.3,27,73.0,35.49,4.55,69.57,,3408.0,6.5,0.9413795132,40.58369869,21207850.0,28211676.3,673456,12.0,Kuning (Perlu perhatian),58.66,1.08,37.61,3.89,13.73,64.76,24.66,True,True,2024,matched,reported,Database Bulan + Tahun + Triwulan + MAP,baseline-v1,2026-07-03,Data untuk PHK Dashboard.xlsx; MAP_composite_all.xlsx
Nusa Tenggara Barat,Nusa Tenggara Barat,52,2022,1,2022-01-01,1,,,97.33,,,249.5,16.12,233.38,799.683,53.7,3.5,14335,86.5,94.0,0,396.0,24.64,2.89,70.93,75.36,3016.738,0.5309910277378833,1.359862496,4.438791775,24428236.64,2001338.3,2672305,14.0,Oranye (Risiko PHK),76.37,1.01,24.85,-5.6,6.95,75.36,10.11,True,True,2022,matched,no_data,Database Bulan + Tahun + Triwulan + MAP,baseline-v1,2026-07-03,Data untuk PHK Dashboard.xlsx; MAP_composite_all.xlsx
Nusa Tenggara Barat,Nusa Tenggara Barat,52,2022,2,2022-02-01,1,,,97.04,,,152.15,13.9,138.25,860.614,51.2,3.5,14351,97.1,94.0,0,396.0,24.64,2.89,70.93,75.36,3016.738,0.5309910277378833,1.359862496,4.438791775,24428236.64,2001338.3,2672305,14.0,Oranye (Risiko PHK),76.37,1.01,24.85,-5.6,6.95,75.36,10.11,True,True,2022,matched,no_data,Database Bulan + Tahun + Triwulan + MAP,baseline-v1,2026-07-03,Data untuk PHK Dashboard.xlsx; MAP_composite_all.xlsx
Nusa Tenggara Barat,Nusa Tenggara Barat,52,2022,3,2022-03-01,1,,,97.87,,,212.1,24.35,187.75,840.136,51.3,3.5,14349,117.2,94.7,0,396.0,24.64,2.89,70.93,75.36,3016.738,0.5309910277378833,1.359862496,4.438791775,24428236.64,2001338.3,2672305,14.0,Oranye (Risiko PHK),76.37,1.01,24.85,-5.6,6.95,75.36,10.11,True,True,2022,matched,no_data,Database Bulan + Tahun + Triwulan + MAP,baseline-v1,2026-07-03,Data untuk PHK Dashboard.xlsx; MAP_composite_all.xlsx
Nusa Tenggara Barat,Nusa Tenggara Barat,52,2022,4,2022-04-01,2,,,99.07,,,361.88,13.86,348.02,938.152,51.9,3.5,14369,104.6,95.6,0,396.0,24.64,2.89,70.93,75.36,3016.738,0.5309910277378833,1.359862496,4.438791775,25661522.39,1670207.0,2672305,14.0,Oranye (Risiko PHK),76.37,1.01,24.85,-5.6,6.95,75.36,10.11,True,True,2022,matched,no_data,Database Bulan + Tahun + Triwulan + MAP,baseline-v1,2026-07-03,Data untuk PHK Dashboard.xlsx; MAP_composite_all.xlsx
Nusa Tenggara Barat,Nusa Tenggara Barat,52,2022,5,2022-05-01,2,,,99.29,,,219.55,26.01,193.54,1021.253,50.8,3.5,14608,113.3,95.9,0,396.0,24.64,2.89,70.93,75.36,3016.738,0.5309910277378833,1.359862496,4.438791775,25661522.39,1670207.0,2672305,14.0,Oranye (Risiko PHK),76.37,1.01,24.85,-5.6,6.95,75.36,10.11,True,True,2022,matched,no_data,Database Bulan + Tahun + Triwulan + MAP,baseline-v1,2026-07-03,Data untuk PHK Dashboard.xlsx; MAP_composite_all.xlsx
Nusa Tenggara Barat,Nusa Tenggara Barat,52,2022,6,2022-06-01,2,,,100.24,,,323.43,14.02,309.41,1035.225,50.2,3.5,14689,122.7,96.6,0,396.0,24.64,2.89,70.93,75.36,3016.738,0.5309910277378833,1.359862496,4.438791775,25661522.39,1670207.0,2672305,14.0,Oranye (Risiko PHK),76.37,1.01,24.85,-5.6,6.95,75.36,10.11,True,True,2022,matched,no_data,Database Bulan + Tahun + Triwulan + MAP,baseline-v1,2026-07-03,Data untuk PHK Dashboard.xlsx; MAP_composite_all.xlsx
Nusa Tenggara Barat,Nusa Tenggara Barat,52,2022,7,2022-07-01,3,21.0,,101.46,,,12.72,365.62,-352.9,1061.444,51.3,3.5,14984,111.9,97.0,0,396.0,24.64,2.89,70.93,75.36,3016.738,0.5309910277378833,1.359862496,4.438791775,26069606.82,2675274.6,2718345,14.0,Oranye (Risiko PHK),76.37,1.01,24.85,-5.6,6.95,75.36,10.11,True,True,2022,matched,reported,Database Bulan + Tahun + Triwulan + MAP,baseline-v1,2026-07-03,Data untuk PHK Dashboard.xlsx; MAP_composite_all.xlsx
Nusa Tenggara Barat,Nusa Tenggara Barat,52,2022,8,2022-08-01,3,,,100.42,,,219.57,17.95,201.62,1068.001,51.7,3.75,14851,100.4,96.9,0,396.0,24.64,2.89,70.93,75.36,3016.738,0.5309910277378833,1.359862496,4.438791775,26069606.82,2675274.6,2718345,14.0,Oranye (Risiko PHK),76.37,1.01,24.85,-5.6,6.95,75.36,10.11,True,True,2022,matched,no_data,Database Bulan + Tahun + Triwulan + MAP,baseline-v1,2026-07-03,Data untuk PHK Dashboard.xlsx; MAP_composite_all.xlsx
Nusa Tenggara Barat,Nusa Tenggara Barat,52,2022,9,2022-09-01,3,21.0,,101.35,,,212.07,11.05,201.02,1070.962,53.7,4.25,14972,89.8,97.7,0,396.0,24.64,2.89,70.93,75.36,3016.738,0.5309910277378833,1.359862496,4.438791775,26069606.82,2675274.6,2718345,14.0,Oranye (Risiko PHK),76.37,1.01,24.85,-5.6,6.95,75.36,10.11,True,True,2022,matched,reported,Database Bulan + Tahun + Triwulan + MAP,baseline-v1,2026-07-03,Data untuk PHK Dashboard.xlsx; MAP_composite_all.xlsx
Nusa Tenggara Barat,Nusa Tenggara Barat,52,2022,10,2022-10-01,4,21.0,0.0,101.55,,,231.56,22.24,209.32,1079.386,51.8,4.75,15417,93.3,97.7,34,396.0,24.64,2.89,70.93,75.36,3016.738,0.5309910277378833,1.359862496,4.438791775,25914295.34,4220483.2,2718345,14.0,Oranye (Risiko PHK),76.37,1.01,24.85,-5.6,6.95,75.36,10.11,True,True,2022,matched,reported,Database Bulan + Tahun + Triwulan + MAP,baseline-v1,2026-07-03,Data untuk PHK Dashboard.xlsx; MAP_composite_all.xlsx
Nusa Tenggara Barat,Nusa Tenggara Barat,52,2022,11,2022-11-01,4,396.0,375.0,102.0,,,320.08,20.74,299.34,1018.976,50.3,5.25,15659,91.4,98.0,34,396.0,24.64,2.89,70.93,75.36,3016.738,0.5309910277378833,1.359862496,4.438791775,25914295.34,4220483.2,2718345,14.0,Oranye (Risiko PHK),76.37,1.01,24.85,-5.6,6.95,75.36,10.11,True,True,2022,matched,reported,Database Bulan + Tahun + Triwulan + MAP,baseline-v1,2026-07-03,Data untuk PHK Dashboard.xlsx; MAP_composite_all.xlsx
Nusa Tenggara Barat,Nusa Tenggara Barat,52,2022,12,2022-12-01,4,396.0,0.0,102.38,,,232.33,17.72,214.61,887.521,50.9,5.5,15615,80.9,98.7,34,396.0,24.64,2.89,70.93,75.36,3016.738,0.5309910277378833,1.359862496,4.438791775,25914295.34,4220483.2,2718345,14.0,Oranye (Risiko PHK),76.37,1.01,24.85,-5.6,6.95,75.36,10.11,True,True,2022,matched,reported,Database Bulan + Tahun + Triwulan + MAP,baseline-v1,2026-07-03,Data untuk PHK Dashboard.xlsx; MAP_composite_all.xlsx
Nusa Tenggara Barat,Nusa Tenggara Barat,52,2023,1,2023-01-01,1,,,102.78,,,258.12,15.0,243.12,909.225,51.3,5.75,15295,82.5,99.3,8,90.0,27.7,2.8,73.31,72.3,3251.70267,7.788699914,1.386854078,4.469916136,25295810.0,1545455.3,2760322,14.0,Oranye (Risiko PHK),76.45,0.99,28.47,12.39,1.8,72.3,12.37,True,True,2023,matched,no_data,Database Bulan + Tahun + Triwulan + MAP,baseline-v1,2026-07-03,Data untuk PHK Dashboard.xlsx; MAP_composite_all.xlsx
Nusa Tenggara Barat,Nusa Tenggara Barat,52,2023,2,2023-02-01,1,,0.0,102.74,,,167.54,18.86,148.68,914.827,51.2,5.75,15126,82.6,99.6,34,90.0,27.7,2.8,73.31,72.3,3251.70267,7.788699914,1.386854078,4.469916136,25295810.0,1545455.3,2760322,14.0,Oranye (Risiko PHK),76.45,0.99,28.47,12.39,1.8,72.3,12.37,True,True,2023,matched,reported,Database Bulan + Tahun + Triwulan + MAP,baseline-v1,2026-07-03,Data untuk PHK Dashboard.xlsx; MAP_composite_all.xlsx
Nusa Tenggara Barat,Nusa Tenggara Barat,52,2023,3,2023-03-01,1,,0.0,103.0,,,149.44,25.98,123.46,905.26,51.9,5.75,15301,78.4,99.9,34,90.0,27.7,2.8,73.31,72.3,3251.70267,7.788699914,1.386854078,4.469916136,25295810.0,1545455.3,2760322,14.0,Oranye (Risiko PHK),76.45,0.99,28.47,12.39,1.8,72.3,12.37,True,True,2023,matched,reported,Database Bulan + Tahun + Triwulan + MAP,baseline-v1,2026-07-03,Data untuk PHK Dashboard.xlsx; MAP_composite_all.xlsx
Nusa Tenggara Barat,Nusa Tenggara Barat,52,2023,4,2023-04-01,2,,0.0,103.38,,,6.65,9.81,-3.16,880.209,52.7,5.75,14867,84.6,100.0,34,90.0,27.7,2.8,73.31,72.3,3251.70267,7.788699914,1.386854078,4.469916136,25267320.0,1206177.4,2760322,14.0,Oranye (Risiko PHK),76.45,0.99,28.47,12.39,1.8,72.3,12.37,True,True,2023,matched,reported,Database Bulan + Tahun + Triwulan + MAP,baseline-v1,2026-07-03,Data untuk PHK Dashboard.xlsx; MAP_composite_all.xlsx
Nusa Tenggara Barat,Nusa Tenggara Barat,52,2023,5,2023-05-01,2,,0.0,103.49,,,3.92,28.99,-25.07,801.202,50.3,5.75,14811,75.5,100.2,34,90.0,27.7,2.8,73.31,72.3,3251.70267,7.788699914,1.386854078,4.469916136,25267320.0,1206177.4,2760322,14.0,Oranye (Risiko PHK),76.45,0.99,28.47,12.39,1.8,72.3,12.37,True,True,2023,matched,reported,Database Bulan + Tahun + Triwulan + MAP,baseline-v1,2026-07-03,Data untuk PHK Dashboard.xlsx; MAP_composite_all.xlsx
Nusa Tenggara Barat,Nusa Tenggara Barat,52,2023,6,2023-06-01,2,90.0,90.0,103.88,,,2.72,38.25,-35.53,740.36,52.5,5.75,14932,74.8,100.3,34,90.0,27.7,2.8,73.31,72.3,3251.70267,7.788699914,1.386854078,4.469916136,25267320.0,1206177.4,2760322,14.0,Oranye (Risiko PHK),76.45,0.99,28.47,12.39,1.8,72.3,12.37,True,True,2023,matched,reported,Database Bulan + Tahun + Triwulan + MAP,baseline-v1,2026-07-03,Data untuk PHK Dashboard.xlsx; MAP_composite_all.xlsx
Nusa Tenggara Barat,Nusa Tenggara Barat,52,2023,7,2023-07-01,3,90.0,0.0,103.73,,,84.12,92.55,-8.43,765.15,53.3,5.75,15040,80.1,100.5,34,90.0,27.7,2.8,73.31,72.3,3251.70267,7.788699914,1.386854078,4.469916136,26480250.0,2190361.2,2892982,14.0,Oranye (Risiko PHK),76.45,0.99,28.47,12.39,1.8,72.3,12.37,True,True,2023,matched,reported,Database Bulan + Tahun + Triwulan + MAP,baseline-v1,2026-07-03,Data untuk PHK Dashboard.xlsx; MAP_composite_all.xlsx
Nusa Tenggara Barat,Nusa Tenggara Barat,52,2023,8,2023-08-01,3,90.0,0.0,103.69,,,405.52,56.38,349.14,735.72,53.9,5.75,15245,86.1,100.5,34,90.0,27.7,2.8,73.31,72.3,3251.70267,7.788699914,1.386854078,4.469916136,26480250.0,2190361.2,2892982,14.0,Oranye (Risiko PHK),76.45,0.99,28.47,12.39,1.8,72.3,12.37,True,True,2023,matched,reported,Database Bulan + Tahun + Triwulan + MAP,baseline-v1,2026-07-03,Data untuk PHK Dashboard.xlsx; MAP_composite_all.xlsx
Nusa Tenggara Barat,Nusa Tenggara Barat,52,2023,9,2023-09-01,3,90.0,0.0,104.03,,,85.29,33.09,52.2,752.097,52.3,5.75,15354,"93,7",100.9,34,90.0,27.7,2.8,73.31,72.3,3251.70267,7.788699914,1.386854078,4.469916136,26480250.0,2190361.2,2892982,14.0,Oranye (Risiko PHK),76.45,0.99,28.47,12.39,1.8,72.3,12.37,True,True,2023,matched,reported,Database Bulan + Tahun + Triwulan + MAP,baseline-v1,2026-07-03,Data untuk PHK Dashboard.xlsx; MAP_composite_all.xlsx
Nusa Tenggara Barat,Nusa Tenggara Barat,52,2023,10,2023-10-01,4,90.0,0.0,104.46,,,261.24,80.52,180.72,759.973,51.5,6.0,15741,90.6,101.2,34,90.0,27.7,2.8,73.31,72.3,3251.70267,7.788699914,1.386854078,4.469916136,26862830.0,2217838.0,2892982,14.0,Oranye (Risiko PHK),76.45,0.99,28.47,12.39,1.8,72.3,12.37,True,True,2023,matched,reported,Database Bulan + Tahun + Triwulan + MAP,baseline-v1,2026-07-03,Data untuk PHK Dashboard.xlsx; MAP_composite_all.xlsx
Nusa Tenggara Barat,Nusa Tenggara Barat,52,2023,11,2023-11-01,4,90.0,0.0,105.02,,,250.45,95.36,155.09,746.998,51.7,6.0,15617,82.9,101.4,34,90.0,27.7,2.8,73.31,72.3,3251.70267,7.788699914,1.386854078,4.469916136,26862830.0,2217838.0,2892982,14.0,Oranye (Risiko PHK),76.45,0.99,28.47,12.39,1.8,72.3,12.37,True,True,2023,matched,reported,Database Bulan + Tahun + Triwulan + MAP,baseline-v1,2026-07-03,Data untuk PHK Dashboard.xlsx; MAP_composite_all.xlsx
Nusa Tenggara Barat,Nusa Tenggara Barat,52,2023,12,2023-12-01,4,90.0,0.0,105.69,,,375.55,103.02,272.53,719.276,52.2,6.0,15513,77.6,101.8,34,90.0,27.7,2.8,73.31,72.3,3251.70267,7.788699914,1.386854078,4.469916136,26862830.0,2217838.0,2892982,14.0,Oranye (Risiko PHK),76.45,0.99,28.47,12.39,1.8,72.3,12.37,True,True,2023,matched,reported,Database Bulan + Tahun + Triwulan + MAP,baseline-v1,2026-07-03,Data untuk PHK Dashboard.xlsx; MAP_composite_all.xlsx
Nusa Tenggara Barat,Nusa Tenggara Barat,52,2024,1,2024-01-01,1,,,105.73,2.87,0.04,184.73,171.42,13.31,833.682,52.9,6.0,15611,80.1,102.1,9,205.0,29.49,2.73,77.23,,3361.653,3.381315611,1.421356457,4.422804144,26497590.0,2566094.4,2930313,12.0,Kuning (Perlu perhatian),82.53,0.97,25.85,6.47,5.3,70.51,10.17,True,True,2024,matched,no_data,Database Bulan + Tahun + Triwulan + MAP,baseline-v1,2026-07-03,Data untuk PHK Dashboard.xlsx; MAP_composite_all.xlsx
Nusa Tenggara Barat,Nusa Tenggara Barat,52,2024,2,2024-02-01,1,,0.0,105.82,3.0,0.09,232.23,144.27,87.96,917.405,52.7,6.0,15665,83.5,103.0,34,205.0,29.49,2.73,77.23,,3361.653,3.381315611,1.421356457,4.422804144,26497590.0,2566094.4,2930313,12.0,Kuning (Perlu perhatian),82.53,0.97,25.85,6.47,5.3,70.51,10.17,True,True,2024,matched,reported,Database Bulan + Tahun + Triwulan + MAP,baseline-v1,2026-07-03,Data untuk PHK Dashboard.xlsx; MAP_composite_all.xlsx
Nusa Tenggara Barat,Nusa Tenggara Barat,52,2024,3,2024-03-01,1,,0.0,106.74,3.63,0.87,157.89,46.56,111.33,924.258,54.2,6.0,15703,85.4,103.5,34,205.0,29.49,2.73,77.23,,3361.653,3.381315611,1.421356457,4.422804144,26497590.0,2566094.4,2930313,12.0,Kuning (Perlu perhatian),82.53,0.97,25.85,6.47,5.3,70.51,10.17,True,True,2024,matched,reported,Database Bulan + Tahun + Triwulan + MAP,baseline-v1,2026-07-03,Data untuk PHK Dashboard.xlsx; MAP_composite_all.xlsx
Nusa Tenggara Barat,Nusa Tenggara Barat,52,2024,4,2024-04-01,2,,0.0,106.8,3.31,0.06,335.86,152.96,182.9,1010.888,52.9,6.25,16100,89.9,103.4,34,205.0,29.49,2.73,77.23,,3361.653,3.381315611,1.421356457,4.422804144,28061060.0,180987.1,2930313,12.0,Kuning (Perlu perhatian),82.53,0.97,25.85,6.47,5.3,70.51,10.17,True,True,2024,matched,reported,Database Bulan + Tahun + Triwulan + MAP,baseline-v1,2026-07-03,Data untuk PHK Dashboard.xlsx; MAP_composite_all.xlsx
Nusa Tenggara Barat,Nusa Tenggara Barat,52,2024,5,2024-05-01,2,,0.0,106.36,2.77,-0.41,503.02,98.88,404.14,1049.217,52.1,6.25,16084,81.7,103.3,34,205.0,29.49,2.73,77.23,,3361.653,3.381315611,1.421356457,4.422804144,28061060.0,180987.1,2930313,12.0,Kuning (Perlu perhatian),82.53,0.97,25.85,6.47,5.3,70.51,10.17,True,True,2024,matched,reported,Database Bulan + Tahun + Triwulan + MAP,baseline-v1,2026-07-03,Data untuk PHK Dashboard.xlsx; MAP_composite_all.xlsx
Nusa Tenggara Barat,Nusa Tenggara Barat,52,2024,6,2024-06-01,2,,0.0,106.08,2.12,-0.26,1.83,40.37,-38.54,1113.546,50.7,6.25,16329,82.2,103.3,34,205.0,29.49,2.73,77.23,,3361.653,3.381315611,1.421356457,4.422804144,28061060.0,180987.1,2930313,12.0,Kuning (Perlu perhatian),82.53,0.97,25.85,6.47,5.3,70.51,10.17,True,True,2024,matched,reported,Database Bulan + Tahun + Triwulan + MAP,baseline-v1,2026-07-03,Data untuk PHK Dashboard.xlsx; MAP_composite_all.xlsx
Nusa Tenggara Barat,Nusa Tenggara Barat,52,2024,7,2024-07-01,3,,0.0,105.71,1.91,-0.35,208.88,49.26,159.62,1188.151,49.3,6.25,16262,85.2,103.2,34,205.0,29.49,2.73,77.23,,3361.653,3.381315611,1.421356457,4.422804144,28126770.0,5251097.5,3105549,12.0,Kuning (Perlu perhatian),82.53,0.97,25.85,6.47,5.3,70.51,10.17,True,True,2024,matched,reported,Database Bulan + Tahun + Triwulan + MAP,baseline-v1,2026-07-03,Data untuk PHK Dashboard.xlsx; MAP_composite_all.xlsx
Nusa Tenggara Barat,Nusa Tenggara Barat,52,2024,8,2024-08-01,3,,0.0,105.77,2.01,0.06,449.2,78.45,370.75,1141.71,48.9,6.25,15793,80.4,103.1,34,205.0,29.49,2.73,77.23,,3361.653,3.381315611,1.421356457,4.422804144,28126770.0,5251097.5,3105549,12.0,Kuning (Perlu perhatian),82.53,0.97,25.85,6.47,5.3,70.51,10.17,True,True,2024,matched,reported,Database Bulan + Tahun + Triwulan + MAP,baseline-v1,2026-07-03,Data untuk PHK Dashboard.xlsx; MAP_composite_all.xlsx
Nusa Tenggara Barat,Nusa Tenggara Barat,52,2024,9,2024-09-01,3,105.0,105.0,105.87,1.77,0.09,244.15,15.25,228.9,1241.937,49.2,6.0,15341,74,102.9,34,205.0,29.49,2.73,77.23,,3361.653,3.381315611,1.421356457,4.422804144,28126770.0,5251097.5,3105549,12.0,Kuning (Perlu perhatian),82.53,0.97,25.85,6.47,5.3,70.51,10.17,True,True,2024,matched,reported,Database Bulan + Tahun + Triwulan + MAP,baseline-v1,2026-07-03,Data untuk PHK Dashboard.xlsx; MAP_composite_all.xlsx
Nusa Tenggara Barat,Nusa Tenggara Barat,52,2024,10,2024-10-01,4,105.0,0.0,105.96,1.44,0.09,105.11,30.19,74.92,1324.964,49.2,6.0,15541,75.6,102.8,34,205.0,29.49,2.73,77.23,,3361.653,3.381315611,1.421356457,4.422804144,26729830.0,2267464.8,3105549,12.0,Kuning (Perlu perhatian),82.53,0.97,25.85,6.47,5.3,70.51,10.17,True,True,2024,matched,reported,Database Bulan + Tahun + Triwulan + MAP,baseline-v1,2026-07-03,Data untuk PHK Dashboard.xlsx; MAP_composite_all.xlsx
Nusa Tenggara Barat,Nusa Tenggara Barat,52,2024,11,2024-11-01,4,106.0,1.0,106.55,1.46,0.56,5.56,12.56,-7,1453.407,49.6,6.0,15812,74.3,103.0,34,205.0,29.49,2.73,77.23,,3361.653,3.381315611,1.421356457,4.422804144,26729830.0,2267464.8,3105549,12.0,Kuning (Perlu perhatian),82.53,0.97,25.85,6.47,5.3,70.51,10.17,True,True,2024,matched,reported,Database Bulan + Tahun + Triwulan + MAP,baseline-v1,2026-07-03,Data untuk PHK Dashboard.xlsx; MAP_composite_all.xlsx
Nusa Tenggara Barat,Nusa Tenggara Barat,52,2024,12,2024-12-01,4,205.0,99.0,107.04,1.28,0.46,135.25,78.99,56.26,1386.228,51.2,6.0,16024,73.9,103.4,34,205.0,29.49,2.73,77.23,,3361.653,3.381315611,1.421356457,4.422804144,26729830.0,2267464.8,3105549,12.0,Kuning (Perlu perhatian),82.53,0.97,25.85,6.47,5.3,70.51,10.17,True,True,2024,matched,reported,Database Bulan + Tahun + Triwulan + MAP,baseline-v1,2026-07-03,Data untuk PHK Dashboard.xlsx; MAP_composite_all.xlsx
Nusa Tenggara Barat,Nusa Tenggara Barat,52,2025,1,2025-01-01,1,7.0,7.0,106.45,0.68,-0.55,3.89,38.12,-34.23,1545.081,51.9,5.75,16262,79.3,104.2,34,177.0,31.58,3.06,76.11,,3580.16,6.499986762,1.393502443,7.557044068,26118030.0,2560692.4,3088113,12.0,Kuning (Perlu perhatian),82.53,0.97,25.85,6.47,5.3,70.51,10.17,True,True,2024,matched,reported,Database Bulan + Tahun + Triwulan + MAP,baseline-v1,2026-07-03,Data untuk PHK Dashboard.xlsx; MAP_composite_all.xlsx
Nusa Tenggara Barat,Nusa Tenggara Barat,52,2025,2,2025-02-01,1,38.0,31.0,105.81,-0.01,-0.6,7.29,13.83,-6.54,1614.187,53.6,5.75,16338,75.4,104.3,34,177.0,31.58,3.06,76.11,,3580.16,6.499986762,1.393502443,7.557044068,26118030.0,2560692.4,3088113,12.0,Kuning (Perlu perhatian),82.53,0.97,25.85,6.47,5.3,70.51,10.17,True,True,2024,matched,reported,Database Bulan + Tahun + Triwulan + MAP,baseline-v1,2026-07-03,Data untuk PHK Dashboard.xlsx; MAP_composite_all.xlsx
Nusa Tenggara Barat,Nusa Tenggara Barat,52,2025,3,2025-03-01,1,47.0,9.0,107.97,1.15,2.04,6.13,19.62,-13.49,1609.771,52.4,5.75,16456,72.7,105.1,34,177.0,31.58,3.06,76.11,,3580.16,6.499986762,1.393502443,7.557044068,26118030.0,2560692.4,3088113,12.0,Kuning (Perlu perhatian),82.53,0.97,25.85,6.47,5.3,70.51,10.17,True,True,2024,matched,reported,Database Bulan + Tahun + Triwulan + MAP,baseline-v1,2026-07-03,Data untuk PHK Dashboard.xlsx; MAP_composite_all.xlsx
Nusa Tenggara Barat,Nusa Tenggara Barat,52,2025,4,2025-04-01,2,57.0,10.0,108.72,1.8,0.69,39.11,23.91,15.2,1694.945,46.7,5.75,16820,68.1,105.1,34,177.0,31.58,3.06,76.11,,3580.16,6.499986762,1.393502443,7.557044068,27832060.0,2159983.3,3088113,12.0,Kuning (Perlu perhatian),82.53,0.97,25.85,6.47,5.3,70.51,10.17,True,True,2024,matched,reported,Database Bulan + Tahun + Triwulan + MAP,baseline-v1,2026-07-03,Data untuk PHK Dashboard.xlsx; MAP_composite_all.xlsx
Nusa Tenggara Barat,Nusa Tenggara Barat,52,2025,5,2025-05-01,2,87.0,30.0,108.09,1.63,-0.58,54.32,33.4,20.92,1734.423,47.4,5.5,16441,64.5,104.6,34,177.0,31.58,3.06,76.11,,3580.16,6.499986762,1.393502443,7.557044068,27832060.0,2159983.3,3088113,12.0,Kuning (Perlu perhatian),82.53,0.97,25.85,6.47,5.3,70.51,10.17,True,True,2024,matched,reported,Database Bulan + Tahun + Triwulan + MAP,baseline-v1,2026-07-03,Data untuk PHK Dashboard.xlsx; MAP_composite_all.xlsx
Nusa Tenggara Barat,Nusa Tenggara Barat,52,2025,6,2025-06-01,2,114.0,27.0,108.74,2.51,0.6,93.72,21.3,72.42,1729.464,46.9,5.5,16311,71.4,104.7,34,177.0,31.58,3.06,76.11,,3580.16,6.499986762,1.393502443,7.557044068,27832060.0,2159983.3,3088113,12.0,Kuning (Perlu perhatian),82.53,0.97,25.85,6.47,5.3,70.51,10.17,True,True,2024,matched,reported,Database Bulan + Tahun + Triwulan + MAP,baseline-v1,2026-07-03,Data untuk PHK Dashboard.xlsx; MAP_composite_all.xlsx
Nusa Tenggara Barat,Nusa Tenggara Barat,52,2025,7,2025-07-01,3,137.0,23.0,108.93,3.05,0.17,119.57,20.98,98.59,1790.121,49.2,5.25,16276,71,105.2,34,177.0,31.58,3.06,76.11,,3580.16,6.499986762,1.393502443,7.557044068,28919840.0,3120245.6,3106729,12.0,Kuning (Perlu perhatian),82.53,0.97,25.85,6.47,5.3,70.51,10.17,True,True,2024,matched,reported,Database Bulan + Tahun + Triwulan + MAP,baseline-v1,2026-07-03,Data untuk PHK Dashboard.xlsx; MAP_composite_all.xlsx
Nusa Tenggara Barat,Nusa Tenggara Barat,52,2025,8,2025-08-01,3,149.0,12.0,108.48,2.56,-0.41,102.68,17.0,85.68,1859.206,51.5,5.0,16309,67.9,105.2,34,177.0,31.58,3.06,76.11,,3580.16,6.499986762,1.393502443,7.557044068,28919840.0,3120245.6,3106729,12.0,Kuning (Perlu perhatian),82.53,0.97,25.85,6.47,5.3,70.51,10.17,True,True,2024,matched,reported,Database Bulan + Tahun + Triwulan + MAP,baseline-v1,2026-07-03,Data untuk PHK Dashboard.xlsx; MAP_composite_all.xlsx
Nusa Tenggara Barat,Nusa Tenggara Barat,52,2025,9,2025-09-01,3,166.0,17.0,108.72,2.69,0.22,173.7,11.93,161.77,1892.591,50.4,4.75,16512,68,105.3,34,177.0,31.58,3.06,76.11,,3580.16,6.499986762,1.393502443,7.557044068,28919840.0,3120245.6,3106729,12.0,Kuning (Perlu perhatian),82.53,0.97,25.85,6.47,5.3,70.51,10.17,True,True,2024,matched,reported,Database Bulan + Tahun + Triwulan + MAP,baseline-v1,2026-07-03,Data untuk PHK Dashboard.xlsx; MAP_composite_all.xlsx
Nusa Tenggara Barat,Nusa Tenggara Barat,52,2025,10,2025-10-01,4,174.0,8.0,109.1,2.96,0.35,135.56,6.84,128.72,1953.342,51.2,4.75,16607,64.5,105.5,34,177.0,31.58,3.06,76.11,,3580.16,6.499986762,1.393502443,7.557044068,30069110.0,2383116.6,3106729,12.0,Kuning (Perlu perhatian),82.53,0.97,25.85,6.47,5.3,70.51,10.17,True,True,2024,matched,reported,Database Bulan + Tahun + Triwulan + MAP,baseline-v1,2026-07-03,Data untuk PHK Dashboard.xlsx; MAP_composite_all.xlsx
Nusa Tenggara Barat,Nusa Tenggara Barat,52,2025,11,2025-11-01,4,175.0,1.0,109.47,2.74,0.34,327.84,13.25,314.59,2147.171,53.3,4.75,16703,63.8,105.4,34,177.0,31.58,3.06,76.11,,3580.16,6.499986762,1.393502443,7.557044068,30069110.0,2383116.6,3106729,12.0,Kuning (Perlu perhatian),82.53,0.97,25.85,6.47,5.3,70.51,10.17,True,True,2024,matched,reported,Database Bulan + Tahun + Triwulan + MAP,baseline-v1,2026-07-03,Data untuk PHK Dashboard.xlsx; MAP_composite_all.xlsx
Nusa Tenggara Barat,Nusa Tenggara Barat,52,2025,12,2025-12-01,4,177.0,2.0,110.26,3.01,0.72,633.34,34.21,599.13,1973.032,51.2,4.75,16699,62.5,106.3,27,177.0,31.58,3.06,76.11,,3580.16,6.499986762,1.393502443,7.557044068,30069110.0,2383116.6,3106729,12.0,Kuning (Perlu perhatian),82.53,0.97,25.85,6.47,5.3,70.51,10.17,True,True,2024,matched,reported,Database Bulan + Tahun + Triwulan + MAP,baseline-v1,2026-07-03,Data untuk PHK Dashboard.xlsx; MAP_composite_all.xlsx
Nusa Tenggara Timur,Nusa Tenggara Timur,53,2022,1,2022-01-01,1,,,97.63,,,6.27,0.07,6.2,554.922,53.7,3.5,14335,86.5,94.0,0,62.0,24.76,3.54,75.23,75.24,2434.32819,1.4430786965688611,1.15869242,1.207504611,17132537.05,227481.2,2737127,12.0,Kuning (Perlu perhatian),71.04,1.06,22.05,3.04,3.05,75.24,11.43,True,True,2022,matched,no_data,Database Bulan + Tahun + Triwulan + MAP,baseline-v1,2026-07-03,Data untuk PHK Dashboard.xlsx; MAP_composite_all.xlsx
Nusa Tenggara Timur,Nusa Tenggara Timur,53,2022,2,2022-02-01,1,,,97.78,,,3.16,0.09,3.07,561.708,51.2,3.5,14351,97.1,94.0,0,62.0,24.76,3.54,75.23,75.24,2434.32819,1.4430786965688611,1.15869242,1.207504611,17132537.05,227481.2,2737127,12.0,Kuning (Perlu perhatian),71.04,1.06,22.05,3.04,3.05,75.24,11.43,True,True,2022,matched,no_data,Database Bulan + Tahun + Triwulan + MAP,baseline-v1,2026-07-03,Data untuk PHK Dashboard.xlsx; MAP_composite_all.xlsx
Nusa Tenggara Timur,Nusa Tenggara Timur,53,2022,3,2022-03-01,1,,,98.17,,,4.61,0.26,4.35,541.058,51.3,3.5,14349,117.2,94.7,0,62.0,24.76,3.54,75.23,75.24,2434.32819,1.4430786965688611,1.15869242,1.207504611,17132537.05,227481.2,2737127,12.0,Kuning (Perlu perhatian),71.04,1.06,22.05,3.04,3.05,75.24,11.43,True,True,2022,matched,no_data,Database Bulan + Tahun + Triwulan + MAP,baseline-v1,2026-07-03,Data untuk PHK Dashboard.xlsx; MAP_composite_all.xlsx
Nusa Tenggara Timur,Nusa Tenggara Timur,53,2022,4,2022-04-01,2,,,99.47,,,3.9,0.18,3.72,580.422,51.9,3.5,14369,104.6,95.6,0,62.0,24.76,3.54,75.23,75.24,2434.32819,1.4430786965688611,1.15869242,1.207504611,18188927.68,89668.2,2737127,12.0,Kuning (Perlu perhatian),71.04,1.06,22.05,3.04,3.05,75.24,11.43,True,True,2022,matched,no_data,Database Bulan + Tahun + Triwulan + MAP,baseline-v1,2026-07-03,Data untuk PHK Dashboard.xlsx; MAP_composite_all.xlsx
Nusa Tenggara Timur,Nusa Tenggara Timur,53,2022,5,2022-05-01,2,,,99.52,,,4.07,0.22,3.85,1149.446,50.8,3.5,14608,113.3,95.9,0,62.0,24.76,3.54,75.23,75.24,2434.32819,1.4430786965688611,1.15869242,1.207504611,18188927.68,89668.2,2737127,12.0,Kuning (Perlu perhatian),71.04,1.06,22.05,3.04,3.05,75.24,11.43,True,True,2022,matched,no_data,Database Bulan + Tahun + Triwulan + MAP,baseline-v1,2026-07-03,Data untuk PHK Dashboard.xlsx; MAP_composite_all.xlsx
Nusa Tenggara Timur,Nusa Tenggara Timur,53,2022,6,2022-06-01,2,,,99.75,,,5.48,0.16,5.32,1165.65,50.2,3.5,14689,122.7,96.6,0,62.0,24.76,3.54,75.23,75.24,2434.32819,1.4430786965688611,1.15869242,1.207504611,18188927.68,89668.2,2737127,12.0,Kuning (Perlu perhatian),71.04,1.06,22.05,3.04,3.05,75.24,11.43,True,True,2022,matched,no_data,Database Bulan + Tahun + Triwulan + MAP,baseline-v1,2026-07-03,Data untuk PHK Dashboard.xlsx; MAP_composite_all.xlsx
Nusa Tenggara Timur,Nusa Tenggara Timur,53,2022,7,2022-07-01,3,,,100.5,,,0.09,5.36,-5.27,1199.274,51.3,3.5,14984,111.9,97.0,0,62.0,24.76,3.54,75.23,75.24,2434.32819,1.4430786965688611,1.15869242,1.207504611,18465392.37,393063.1,2915293,12.0,Kuning (Perlu perhatian),71.04,1.06,22.05,3.04,3.05,75.24,11.43,True,True,2022,matched,no_data,Database Bulan + Tahun + Triwulan + MAP,baseline-v1,2026-07-03,Data untuk PHK Dashboard.xlsx; MAP_composite_all.xlsx
Nusa Tenggara Timur,Nusa Tenggara Timur,53,2022,8,2022-08-01,3,,,100.12,,,5.4,0.27,5.13,1198.016,51.7,3.75,14851,100.4,96.9,0,62.0,24.76,3.54,75.23,75.24,2434.32819,1.4430786965688611,1.15869242,1.207504611,18465392.37,393063.1,2915293,12.0,Kuning (Perlu perhatian),71.04,1.06,22.05,3.04,3.05,75.24,11.43,True,True,2022,matched,no_data,Database Bulan + Tahun + Triwulan + MAP,baseline-v1,2026-07-03,Data untuk PHK Dashboard.xlsx; MAP_composite_all.xlsx
Nusa Tenggara Timur,Nusa Tenggara Timur,53,2022,9,2022-09-01,3,62.0,,101.46,,,7.63,0.16,7.47,632.39,53.7,4.25,14972,89.8,97.7,0,62.0,24.76,3.54,75.23,75.24,2434.32819,1.4430786965688611,1.15869242,1.207504611,18465392.37,393063.1,2915293,12.0,Kuning (Perlu perhatian),71.04,1.06,22.05,3.04,3.05,75.24,11.43,True,True,2022,matched,reported,Database Bulan + Tahun + Triwulan + MAP,baseline-v1,2026-07-03,Data untuk PHK Dashboard.xlsx; MAP_composite_all.xlsx
Nusa Tenggara Timur,Nusa Tenggara Timur,53,2022,10,2022-10-01,4,62.0,0.0,101.54,,,6.89,0.13,6.76,639.023,51.8,4.75,15417,93.3,97.7,34,62.0,24.76,3.54,75.23,75.24,2434.32819,1.4430786965688611,1.15869242,1.207504611,18924419.91,388825.7,2915293,12.0,Kuning (Perlu perhatian),71.04,1.06,22.05,3.04,3.05,75.24,11.43,True,True,2022,matched,reported,Database Bulan + Tahun + Triwulan + MAP,baseline-v1,2026-07-03,Data untuk PHK Dashboard.xlsx; MAP_composite_all.xlsx
Nusa Tenggara Timur,Nusa Tenggara Timur,53,2022,11,2022-11-01,4,62.0,0.0,101.68,,,7.62,0.03,7.59,592.372,50.3,5.25,15659,91.4,98.0,34,62.0,24.76,3.54,75.23,75.24,2434.32819,1.4430786965688611,1.15869242,1.207504611,18924419.91,388825.7,2915293,12.0,Kuning (Perlu perhatian),71.04,1.06,22.05,3.04,3.05,75.24,11.43,True,True,2022,matched,reported,Database Bulan + Tahun + Triwulan + MAP,baseline-v1,2026-07-03,Data untuk PHK Dashboard.xlsx; MAP_composite_all.xlsx
Nusa Tenggara Timur,Nusa Tenggara Timur,53,2022,12,2022-12-01,4,62.0,0.0,102.38,,,6.54,19.78,-13.24,534.139,50.9,5.5,15615,80.9,98.7,34,62.0,24.76,3.54,75.23,75.24,2434.32819,1.4430786965688611,1.15869242,1.207504611,18924419.91,388825.7,2915293,12.0,Kuning (Perlu perhatian),71.04,1.06,22.05,3.04,3.05,75.24,11.43,True,True,2022,matched,reported,Database Bulan + Tahun + Triwulan + MAP,baseline-v1,2026-07-03,Data untuk PHK Dashboard.xlsx; MAP_composite_all.xlsx
Nusa Tenggara Timur,Nusa Tenggara Timur,53,2023,1,2023-01-01,1,,,103.38,,,4.35,2.48,1.87,642.627,51.3,5.75,15295,82.5,99.3,8,108.0,25.49,3.14,75.72,74.51,2608.60175,7.1590002,1.114858061,1.25509823,17761820.0,166906.5,2819453,11.0,Kuning (Perlu perhatian),67.48,1.1,21.17,2.98,3.52,74.51,9.46,True,True,2023,matched,no_data,Database Bulan + Tahun + Triwulan + MAP,baseline-v1,2026-07-03,Data untuk PHK Dashboard.xlsx; MAP_composite_all.xlsx
Nusa Tenggara Timur,Nusa Tenggara Timur,53,2023,2,2023-02-01,1,,0.0,102.9,,,6.26,0.16,6.1,782.391,51.2,5.75,15126,82.6,99.6,34,108.0,25.49,3.14,75.72,74.51,2608.60175,7.1590002,1.114858061,1.25509823,17761820.0,166906.5,2819453,11.0,Kuning (Perlu perhatian),67.48,1.1,21.17,2.98,3.52,74.51,9.46,True,True,2023,matched,reported,Database Bulan + Tahun + Triwulan + MAP,baseline-v1,2026-07-03,Data untuk PHK Dashboard.xlsx; MAP_composite_all.xlsx
Nusa Tenggara Timur,Nusa Tenggara Timur,53,2023,3,2023-03-01,1,,0.0,103.86,,,7.38,5.13,2.25,819.086,51.9,5.75,15301,78.4,99.9,34,108.0,25.49,3.14,75.72,74.51,2608.60175,7.1590002,1.114858061,1.25509823,17761820.0,166906.5,2819453,11.0,Kuning (Perlu perhatian),67.48,1.1,21.17,2.98,3.52,74.51,9.46,True,True,2023,matched,reported,Database Bulan + Tahun + Triwulan + MAP,baseline-v1,2026-07-03,Data untuk PHK Dashboard.xlsx; MAP_composite_all.xlsx
Nusa Tenggara Timur,Nusa Tenggara Timur,53,2023,4,2023-04-01,2,,0.0,103.74,,,4.52,1.95,2.57,836.997,52.7,5.75,14867,84.6,100.0,34,108.0,25.49,3.14,75.72,74.51,2608.60175,7.1590002,1.114858061,1.25509823,18965480.0,1174816.9,2819453,11.0,Kuning (Perlu perhatian),67.48,1.1,21.17,2.98,3.52,74.51,9.46,True,True,2023,matched,reported,Database Bulan + Tahun + Triwulan + MAP,baseline-v1,2026-07-03,Data untuk PHK Dashboard.xlsx; MAP_composite_all.xlsx
Nusa Tenggara Timur,Nusa Tenggara Timur,53,2023,5,2023-05-01,2,,0.0,103.44,,,5.54,21.53,-15.99,843.486,50.3,5.75,14811,75.5,100.2,34,108.0,25.49,3.14,75.72,74.51,2608.60175,7.1590002,1.114858061,1.25509823,18965480.0,1174816.9,2819453,11.0,Kuning (Perlu perhatian),67.48,1.1,21.17,2.98,3.52,74.51,9.46,True,True,2023,matched,reported,Database Bulan + Tahun + Triwulan + MAP,baseline-v1,2026-07-03,Data untuk PHK Dashboard.xlsx; MAP_composite_all.xlsx
Nusa Tenggara Timur,Nusa Tenggara Timur,53,2023,6,2023-06-01,2,,0.0,104.09,,,5.19,1.97,3.22,828.253,52.5,5.75,14932,74.8,100.3,34,108.0,25.49,3.14,75.72,74.51,2608.60175,7.1590002,1.114858061,1.25509823,18965480.0,1174816.9,2819453,11.0,Kuning (Perlu perhatian),67.48,1.1,21.17,2.98,3.52,74.51,9.46,True,True,2023,matched,reported,Database Bulan + Tahun + Triwulan + MAP,baseline-v1,2026-07-03,Data untuk PHK Dashboard.xlsx; MAP_composite_all.xlsx
Nusa Tenggara Timur,Nusa Tenggara Timur,53,2023,7,2023-07-01,3,,0.0,104.46,,,5.36,6.18,-0.82,881.06,53.3,5.75,15040,80.1,100.5,34,108.0,25.49,3.14,75.72,74.51,2608.60175,7.1590002,1.114858061,1.25509823,18819150.0,356053.3,2896901,11.0,Kuning (Perlu perhatian),67.48,1.1,21.17,2.98,3.52,74.51,9.46,True,True,2023,matched,reported,Database Bulan + Tahun + Triwulan + MAP,baseline-v1,2026-07-03,Data untuk PHK Dashboard.xlsx; MAP_composite_all.xlsx
Nusa Tenggara Timur,Nusa Tenggara Timur,53,2023,8,2023-08-01,3,10.0,10.0,103.82,,,5.04,0.86,4.18,884.319,53.9,5.75,15245,86.1,100.5,34,108.0,25.49,3.14,75.72,74.51,2608.60175,7.1590002,1.114858061,1.25509823,18819150.0,356053.3,2896901,11.0,Kuning (Perlu perhatian),67.48,1.1,21.17,2.98,3.52,74.51,9.46,True,True,2023,matched,reported,Database Bulan + Tahun + Triwulan + MAP,baseline-v1,2026-07-03,Data untuk PHK Dashboard.xlsx; MAP_composite_all.xlsx
Nusa Tenggara Timur,Nusa Tenggara Timur,53,2023,9,2023-09-01,3,10.0,0.0,103.95,,,6.35,3.94,2.41,800.638,52.3,5.75,15354,"93,7",100.9,34,108.0,25.49,3.14,75.72,74.51,2608.60175,7.1590002,1.114858061,1.25509823,18819150.0,356053.3,2896901,11.0,Kuning (Perlu perhatian),67.48,1.1,21.17,2.98,3.52,74.51,9.46,True,True,2023,matched,reported,Database Bulan + Tahun + Triwulan + MAP,baseline-v1,2026-07-03,Data untuk PHK Dashboard.xlsx; MAP_composite_all.xlsx
Nusa Tenggara Timur,Nusa Tenggara Timur,53,2023,10,2023-10-01,4,10.0,0.0,104.15,,,8.07,3.39,4.68,812.162,51.5,6.0,15741,90.6,101.2,34,108.0,25.49,3.14,75.72,74.51,2608.60175,7.1590002,1.114858061,1.25509823,19700210.0,170759.4,2896901,11.0,Kuning (Perlu perhatian),67.48,1.1,21.17,2.98,3.52,74.51,9.46,True,True,2023,matched,reported,Database Bulan + Tahun + Triwulan + MAP,baseline-v1,2026-07-03,Data untuk PHK Dashboard.xlsx; MAP_composite_all.xlsx
Nusa Tenggara Timur,Nusa Tenggara Timur,53,2023,11,2023-11-01,4,10.0,0.0,104.66,,,8.8,19.48,-10.68,810.2,51.7,6.0,15617,82.9,101.4,34,108.0,25.49,3.14,75.72,74.51,2608.60175,7.1590002,1.114858061,1.25509823,19700210.0,170759.4,2896901,11.0,Kuning (Perlu perhatian),67.48,1.1,21.17,2.98,3.52,74.51,9.46,True,True,2023,matched,reported,Database Bulan + Tahun + Triwulan + MAP,baseline-v1,2026-07-03,Data untuk PHK Dashboard.xlsx; MAP_composite_all.xlsx
Nusa Tenggara Timur,Nusa Tenggara Timur,53,2023,12,2023-12-01,4,108.0,98.0,105.15,,,7.23,3.25,3.98,728.018,52.2,6.0,15513,77.6,101.8,34,108.0,25.49,3.14,75.72,74.51,2608.60175,7.1590002,1.114858061,1.25509823,19700210.0,170759.4,2896901,11.0,Kuning (Perlu perhatian),67.48,1.1,21.17,2.98,3.52,74.51,9.46,True,True,2023,matched,reported,Database Bulan + Tahun + Triwulan + MAP,baseline-v1,2026-07-03,Data untuk PHK Dashboard.xlsx; MAP_composite_all.xlsx
Nusa Tenggara Timur,Nusa Tenggara Timur,53,2024,1,2024-01-01,1,,,106.17,2.7,0.97,6.21,4.43,1.78,873.477,52.9,6.0,15611,80.1,102.1,9,27.0,26.68,3.02,77.5,,2702.616,3.604009313,1.140290898,1.286961884,18501000.0,466198.5,2963778,12.0,Kuning (Perlu perhatian),70.38,1.08,19.42,4.67,3.73,73.32,9.15,True,True,2024,matched,no_data,Database Bulan + Tahun + Triwulan + MAP,baseline-v1,2026-07-03,Data untuk PHK Dashboard.xlsx; MAP_composite_all.xlsx
Nusa Tenggara Timur,Nusa Tenggara Timur,53,2024,2,2024-02-01,1,27.0,27.0,106.0,3.01,-0.16,5.93,0.25,5.68,927.588,52.7,6.0,15665,83.5,103.0,34,27.0,26.68,3.02,77.5,,2702.616,3.604009313,1.140290898,1.286961884,18501000.0,466198.5,2963778,12.0,Kuning (Perlu perhatian),70.38,1.08,19.42,4.67,3.73,73.32,9.15,True,True,2024,matched,reported,Database Bulan + Tahun + Triwulan + MAP,baseline-v1,2026-07-03,Data untuk PHK Dashboard.xlsx; MAP_composite_all.xlsx
Nusa Tenggara Timur,Nusa Tenggara Timur,53,2024,3,2024-03-01,1,27.0,0.0,105.85,1.92,-0.14,5.74,4.28,1.46,944.324,54.2,6.0,15703,85.4,103.5,34,27.0,26.68,3.02,77.5,,2702.616,3.604009313,1.140290898,1.286961884,18501000.0,466198.5,2963778,12.0,Kuning (Perlu perhatian),70.38,1.08,19.42,4.67,3.73,73.32,9.15,True,True,2024,matched,reported,Database Bulan + Tahun + Triwulan + MAP,baseline-v1,2026-07-03,Data untuk PHK Dashboard.xlsx; MAP_composite_all.xlsx
Nusa Tenggara Timur,Nusa Tenggara Timur,53,2024,4,2024-04-01,2,27.0,0.0,106.18,2.35,0.31,4.81,4.98,-0.17,1130.968,52.9,6.25,16100,89.9,103.4,34,27.0,26.68,3.02,77.5,,2702.616,3.604009313,1.140290898,1.286961884,19760100.0,322147.9,2963778,12.0,Kuning (Perlu perhatian),70.38,1.08,19.42,4.67,3.73,73.32,9.15,True,True,2024,matched,reported,Database Bulan + Tahun + Triwulan + MAP,baseline-v1,2026-07-03,Data untuk PHK Dashboard.xlsx; MAP_composite_all.xlsx
Nusa Tenggara Timur,Nusa Tenggara Timur,53,2024,5,2024-05-01,2,27.0,0.0,105.93,2.41,-0.24,7.65,9.49,-1.84,1164.213,52.1,6.25,16084,81.7,103.3,34,27.0,26.68,3.02,77.5,,2702.616,3.604009313,1.140290898,1.286961884,19760100.0,322147.9,2963778,12.0,Kuning (Perlu perhatian),70.38,1.08,19.42,4.67,3.73,73.32,9.15,True,True,2024,matched,reported,Database Bulan + Tahun + Triwulan + MAP,baseline-v1,2026-07-03,Data untuk PHK Dashboard.xlsx; MAP_composite_all.xlsx
Nusa Tenggara Timur,Nusa Tenggara Timur,53,2024,6,2024-06-01,2,27.0,0.0,105.69,1.54,-0.23,5.87,3.18,2.69,1311.51,50.7,6.25,16329,82.2,103.3,34,27.0,26.68,3.02,77.5,,2702.616,3.604009313,1.140290898,1.286961884,19760100.0,322147.9,2963778,12.0,Kuning (Perlu perhatian),70.38,1.08,19.42,4.67,3.73,73.32,9.15,True,True,2024,matched,reported,Database Bulan + Tahun + Triwulan + MAP,baseline-v1,2026-07-03,Data untuk PHK Dashboard.xlsx; MAP_composite_all.xlsx
Nusa Tenggara Timur,Nusa Tenggara Timur,53,2024,7,2024-07-01,3,27.0,0.0,105.35,0.85,-0.32,5.85,0.19,5.66,1387.917,49.3,6.25,16262,85.2,103.2,34,27.0,26.68,3.02,77.5,,2702.616,3.604009313,1.140290898,1.286961884,19499090.0,634706.2,3024462,12.0,Kuning (Perlu perhatian),70.38,1.08,19.42,4.67,3.73,73.32,9.15,True,True,2024,matched,reported,Database Bulan + Tahun + Triwulan + MAP,baseline-v1,2026-07-03,Data untuk PHK Dashboard.xlsx; MAP_composite_all.xlsx
Nusa Tenggara Timur,Nusa Tenggara Timur,53,2024,8,2024-08-01,3,27.0,0.0,105.09,1.22,-0.25,7.25,6.76,0.49,1422.78,48.9,6.25,15793,80.4,103.1,34,27.0,26.68,3.02,77.5,,2702.616,3.604009313,1.140290898,1.286961884,19499090.0,634706.2,3024462,12.0,Kuning (Perlu perhatian),70.38,1.08,19.42,4.67,3.73,73.32,9.15,True,True,2024,matched,reported,Database Bulan + Tahun + Triwulan + MAP,baseline-v1,2026-07-03,Data untuk PHK Dashboard.xlsx; MAP_composite_all.xlsx
Nusa Tenggara Timur,Nusa Tenggara Timur,53,2024,9,2024-09-01,3,27.0,0.0,105.06,1.07,-0.03,5.32,3.02,2.3,1522.487,49.2,6.0,15341,74,102.9,34,27.0,26.68,3.02,77.5,,2702.616,3.604009313,1.140290898,1.286961884,19499090.0,634706.2,3024462,12.0,Kuning (Perlu perhatian),70.38,1.08,19.42,4.67,3.73,73.32,9.15,True,True,2024,matched,reported,Database Bulan + Tahun + Triwulan + MAP,baseline-v1,2026-07-03,Data untuk PHK Dashboard.xlsx; MAP_composite_all.xlsx
Nusa Tenggara Timur,Nusa Tenggara Timur,53,2024,10,2024-10-01,4,27.0,0.0,105.33,1.13,0.26,10.01,0.48,9.53,1591.729,49.2,6.0,15541,75.6,102.8,34,27.0,26.68,3.02,77.5,,2702.616,3.604009313,1.140290898,1.286961884,20401400.0,257120.8,3024462,12.0,Kuning (Perlu perhatian),70.38,1.08,19.42,4.67,3.73,73.32,9.15,True,True,2024,matched,reported,Database Bulan + Tahun + Triwulan + MAP,baseline-v1,2026-07-03,Data untuk PHK Dashboard.xlsx; MAP_composite_all.xlsx
Nusa Tenggara Timur,Nusa Tenggara Timur,53,2024,11,2024-11-01,4,27.0,0.0,105.53,0.83,0.19,9.25,16.54,-7.29,1654.157,49.6,6.0,15812,74.3,103.0,34,27.0,26.68,3.02,77.5,,2702.616,3.604009313,1.140290898,1.286961884,20401400.0,257120.8,3024462,12.0,Kuning (Perlu perhatian),70.38,1.08,19.42,4.67,3.73,73.32,9.15,True,True,2024,matched,reported,Database Bulan + Tahun + Triwulan + MAP,baseline-v1,2026-07-03,Data untuk PHK Dashboard.xlsx; MAP_composite_all.xlsx
Nusa Tenggara Timur,Nusa Tenggara Timur,53,2024,12,2024-12-01,4,27.0,0.0,106.4,1.19,0.82,10.92,28.69,-17.77,1477.003,51.2,6.0,16024,73.9,103.4,34,27.0,26.68,3.02,77.5,,2702.616,3.604009313,1.140290898,1.286961884,20401400.0,257120.8,3024462,12.0,Kuning (Perlu perhatian),70.38,1.08,19.42,4.67,3.73,73.32,9.15,True,True,2024,matched,reported,Database Bulan + Tahun + Triwulan + MAP,baseline-v1,2026-07-03,Data untuk PHK Dashboard.xlsx; MAP_composite_all.xlsx
Nusa Tenggara Timur,Nusa Tenggara Timur,53,2025,1,2025-01-01,1,6.0,6.0,106.11,-0.06,-0.27,6.07,0.14,5.93,1600.228,51.9,5.75,16262,79.3,104.2,34,171.0,31.56,3.31,75.55,,2878.286,6.49999852,1.076342415,1.355643037,19390650.0,504568.5,2976360,12.0,Kuning (Perlu perhatian),70.38,1.08,19.42,4.67,3.73,73.32,9.15,True,True,2024,matched,reported,Database Bulan + Tahun + Triwulan + MAP,baseline-v1,2026-07-03,Data untuk PHK Dashboard.xlsx; MAP_composite_all.xlsx
Nusa Tenggara Timur,Nusa Tenggara Timur,53,2025,2,2025-02-01,1,21.0,15.0,106.5,0.47,0.37,6.03,0.22,5.81,1675.536,53.6,5.75,16338,75.4,104.3,34,171.0,31.56,3.31,75.55,,2878.286,6.49999852,1.076342415,1.355643037,19390650.0,504568.5,2976360,12.0,Kuning (Perlu perhatian),70.38,1.08,19.42,4.67,3.73,73.32,9.15,True,True,2024,matched,reported,Database Bulan + Tahun + Triwulan + MAP,baseline-v1,2026-07-03,Data untuk PHK Dashboard.xlsx; MAP_composite_all.xlsx
Nusa Tenggara Timur,Nusa Tenggara Timur,53,2025,3,2025-03-01,1,31.0,10.0,107.82,1.86,1.24,5.73,1.75,3.98,1625.755,52.4,5.75,16456,72.7,105.1,34,171.0,31.56,3.31,75.55,,2878.286,6.49999852,1.076342415,1.355643037,19390650.0,504568.5,2976360,12.0,Kuning (Perlu perhatian),70.38,1.08,19.42,4.67,3.73,73.32,9.15,True,True,2024,matched,reported,Database Bulan + Tahun + Triwulan + MAP,baseline-v1,2026-07-03,Data untuk PHK Dashboard.xlsx; MAP_composite_all.xlsx
Nusa Tenggara Timur,Nusa Tenggara Timur,53,2025,4,2025-04-01,2,52.0,21.0,108.06,1.77,0.22,5.98,0.12,5.86,1764.664,46.7,5.75,16820,68.1,105.1,34,171.0,31.56,3.31,75.55,,2878.286,6.49999852,1.076342415,1.355643037,20829920.0,288092.6,2976360,12.0,Kuning (Perlu perhatian),70.38,1.08,19.42,4.67,3.73,73.32,9.15,True,True,2024,matched,reported,Database Bulan + Tahun + Triwulan + MAP,baseline-v1,2026-07-03,Data untuk PHK Dashboard.xlsx; MAP_composite_all.xlsx
Nusa Tenggara Timur,Nusa Tenggara Timur,53,2025,5,2025-05-01,2,65.0,13.0,107.63,1.6,-0.4,7.64,1.38,6.26,1837.783,47.4,5.5,16441,64.5,104.6,34,171.0,31.56,3.31,75.55,,2878.286,6.49999852,1.076342415,1.355643037,20829920.0,288092.6,2976360,12.0,Kuning (Perlu perhatian),70.38,1.08,19.42,4.67,3.73,73.32,9.15,True,True,2024,matched,reported,Database Bulan + Tahun + Triwulan + MAP,baseline-v1,2026-07-03,Data untuk PHK Dashboard.xlsx; MAP_composite_all.xlsx
Nusa Tenggara Timur,Nusa Tenggara Timur,53,2025,6,2025-06-01,2,81.0,16.0,107.51,1.72,-0.11,4.39,0.47,3.92,1727.806,46.9,5.5,16311,71.4,104.7,34,171.0,31.56,3.31,75.55,,2878.286,6.49999852,1.076342415,1.355643037,20829920.0,288092.6,2976360,12.0,Kuning (Perlu perhatian),70.38,1.08,19.42,4.67,3.73,73.32,9.15,True,True,2024,matched,reported,Database Bulan + Tahun + Triwulan + MAP,baseline-v1,2026-07-03,Data untuk PHK Dashboard.xlsx; MAP_composite_all.xlsx
Nusa Tenggara Timur,Nusa Tenggara Timur,53,2025,7,2025-07-01,3,88.0,7.0,108.54,3.03,0.96,6.26,1.9,4.36,1817.325,49.2,5.25,16276,71,105.2,34,171.0,31.56,3.31,75.55,,2878.286,6.49999852,1.076342415,1.355643037,20464280.0,265794.8,2989090,12.0,Kuning (Perlu perhatian),70.38,1.08,19.42,4.67,3.73,73.32,9.15,True,True,2024,matched,reported,Database Bulan + Tahun + Triwulan + MAP,baseline-v1,2026-07-03,Data untuk PHK Dashboard.xlsx; MAP_composite_all.xlsx
Nusa Tenggara Timur,Nusa Tenggara Timur,53,2025,8,2025-08-01,3,107.0,19.0,107.94,2.71,-0.55,6.61,0.91,5.7,1850.879,51.5,5.0,16309,67.9,105.2,34,171.0,31.56,3.31,75.55,,2878.286,6.49999852,1.076342415,1.355643037,20464280.0,265794.8,2989090,12.0,Kuning (Perlu perhatian),70.38,1.08,19.42,4.67,3.73,73.32,9.15,True,True,2024,matched,reported,Database Bulan + Tahun + Triwulan + MAP,baseline-v1,2026-07-03,Data untuk PHK Dashboard.xlsx; MAP_composite_all.xlsx
Nusa Tenggara Timur,Nusa Tenggara Timur,53,2025,9,2025-09-01,3,147.0,40.0,107.48,2.3,-0.43,7.22,2.39,4.83,1817.303,50.4,4.75,16512,68,105.3,34,171.0,31.56,3.31,75.55,,2878.286,6.49999852,1.076342415,1.355643037,20464280.0,265794.8,2989090,12.0,Kuning (Perlu perhatian),70.38,1.08,19.42,4.67,3.73,73.32,9.15,True,True,2024,matched,reported,Database Bulan + Tahun + Triwulan + MAP,baseline-v1,2026-07-03,Data untuk PHK Dashboard.xlsx; MAP_composite_all.xlsx
Nusa Tenggara Timur,Nusa Tenggara Timur,53,2025,10,2025-10-01,4,162.0,15.0,107.44,2.0,-0.04,6.88,2.03,4.85,1797.97,51.2,4.75,16607,64.5,105.5,34,171.0,31.56,3.31,75.55,,2878.286,6.49999852,1.076342415,1.355643037,21491650.0,128608.5,2989090,12.0,Kuning (Perlu perhatian),70.38,1.08,19.42,4.67,3.73,73.32,9.15,True,True,2024,matched,reported,Database Bulan + Tahun + Triwulan + MAP,baseline-v1,2026-07-03,Data untuk PHK Dashboard.xlsx; MAP_composite_all.xlsx
Nusa Tenggara Timur,Nusa Tenggara Timur,53,2025,11,2025-11-01,4,171.0,9.0,108.06,2.4,0.58,6.95,0.64,6.31,1715.509,53.3,4.75,16703,63.8,105.4,34,171.0,31.56,3.31,75.55,,2878.286,6.49999852,1.076342415,1.355643037,21491650.0,128608.5,2989090,12.0,Kuning (Perlu perhatian),70.38,1.08,19.42,4.67,3.73,73.32,9.15,True,True,2024,matched,reported,Database Bulan + Tahun + Triwulan + MAP,baseline-v1,2026-07-03,Data untuk PHK Dashboard.xlsx; MAP_composite_all.xlsx
Nusa Tenggara Timur,Nusa Tenggara Timur,53,2025,12,2025-12-01,4,171.0,,108.94,2.39,0.81,6.87,0.44,6.43,1632.043,51.2,4.75,16699,62.5,106.3,27,171.0,31.56,3.31,75.55,,2878.286,6.49999852,1.076342415,1.355643037,21491650.0,128608.5,2989090,12.0,Kuning (Perlu perhatian),70.38,1.08,19.42,4.67,3.73,73.32,9.15,True,True,2024,matched,reported,Database Bulan + Tahun + Triwulan + MAP,baseline-v1,2026-07-03,Data untuk PHK Dashboard.xlsx; MAP_composite_all.xlsx
Papua,Papua,91,2022,1,2022-01-01,1,,,96.91,,,,33.16,-33.16,879.343,53.7,3.5,14335,86.5,94.0,0,76.0,15.89,2.83,77.75,84.11,3561.932,1.2862058179543396,0.900755668,,41949419.78,4644376.4,2491795,13.0,Kuning (Perlu perhatian),59.26,1.11,9.84,-18.65,8.97,84.11,1.58,True,True,2022,matched,no_data,Database Bulan + Tahun + Triwulan + MAP,baseline-v1,2026-07-03,Data untuk PHK Dashboard.xlsx; MAP_composite_all.xlsx
Papua,Papua,91,2022,2,2022-02-01,1,,,96.15,,,,26.49,-26.49,906.021,51.2,3.5,14351,97.1,94.0,0,76.0,15.89,2.83,77.75,84.11,3561.932,1.2862058179543396,0.900755668,,41949419.78,4644376.4,2491795,13.0,Kuning (Perlu perhatian),59.26,1.11,9.84,-18.65,8.97,84.11,1.58,True,True,2022,matched,no_data,Database Bulan + Tahun + Triwulan + MAP,baseline-v1,2026-07-03,Data untuk PHK Dashboard.xlsx; MAP_composite_all.xlsx
Papua,Papua,91,2022,3,2022-03-01,1,,,96.79,,,,46.88,-46.88,868.865,51.3,3.5,14349,117.2,94.7,0,76.0,15.89,2.83,77.75,84.11,3561.932,1.2862058179543396,0.900755668,,41949419.78,4644376.4,2491795,13.0,Kuning (Perlu perhatian),59.26,1.11,9.84,-18.65,8.97,84.11,1.58,True,True,2022,matched,no_data,Database Bulan + Tahun + Triwulan + MAP,baseline-v1,2026-07-03,Data untuk PHK Dashboard.xlsx; MAP_composite_all.xlsx
Papua,Papua,91,2022,4,2022-04-01,2,,,98.64,,,,33.44,-33.44,959.814,51.9,3.5,14369,104.6,95.6,0,76.0,15.89,2.83,77.75,84.11,3561.932,1.2862058179543396,0.900755668,,43322242.35,4680004.8,2491795,13.0,Kuning (Perlu perhatian),59.26,1.11,9.84,-18.65,8.97,84.11,1.58,True,True,2022,matched,no_data,Database Bulan + Tahun + Triwulan + MAP,baseline-v1,2026-07-03,Data untuk PHK Dashboard.xlsx; MAP_composite_all.xlsx
Papua,Papua,91,2022,5,2022-05-01,2,,,99.83,,,,27.79,-27.79,1013.245,50.8,3.5,14608,113.3,95.9,0,76.0,15.89,2.83,77.75,84.11,3561.932,1.2862058179543396,0.900755668,,43322242.35,4680004.8,2491795,13.0,Kuning (Perlu perhatian),59.26,1.11,9.84,-18.65,8.97,84.11,1.58,True,True,2022,matched,no_data,Database Bulan + Tahun + Triwulan + MAP,baseline-v1,2026-07-03,Data untuk PHK Dashboard.xlsx; MAP_composite_all.xlsx
Papua,Papua,91,2022,6,2022-06-01,2,,,100.44,,,,52.99,-52.99,986.96,50.2,3.5,14689,122.7,96.6,0,76.0,15.89,2.83,77.75,84.11,3561.932,1.2862058179543396,0.900755668,,43322242.35,4680004.8,2491795,13.0,Kuning (Perlu perhatian),59.26,1.11,9.84,-18.65,8.97,84.11,1.58,True,True,2022,matched,no_data,Database Bulan + Tahun + Triwulan + MAP,baseline-v1,2026-07-03,Data untuk PHK Dashboard.xlsx; MAP_composite_all.xlsx
Papua,Papua,91,2022,7,2022-07-01,3,,,101.37,,,,404.01,-404.01,1019.106,51.3,3.5,14984,111.9,97.0,0,76.0,15.89,2.83,77.75,84.11,3561.932,1.2862058179543396,0.900755668,,43014334.42,4287179.5,1934767,13.0,Kuning (Perlu perhatian),59.26,1.11,9.84,-18.65,8.97,84.11,1.58,True,True,2022,matched,no_data,Database Bulan + Tahun + Triwulan + MAP,baseline-v1,2026-07-03,Data untuk PHK Dashboard.xlsx; MAP_composite_all.xlsx
Papua,Papua,91,2022,8,2022-08-01,3,,,101.53,,,,29.34,-29.34,1039.539,51.7,3.75,14851,100.4,96.9,0,76.0,15.89,2.83,77.75,84.11,3561.932,1.2862058179543396,0.900755668,,43014334.42,4287179.5,1934767,13.0,Kuning (Perlu perhatian),59.26,1.11,9.84,-18.65,8.97,84.11,1.58,True,True,2022,matched,no_data,Database Bulan + Tahun + Triwulan + MAP,baseline-v1,2026-07-03,Data untuk PHK Dashboard.xlsx; MAP_composite_all.xlsx
Papua,Papua,91,2022,9,2022-09-01,3,,,102.27,,,,61.47,-61.47,953.548,53.7,4.25,14972,89.8,97.7,0,76.0,15.89,2.83,77.75,84.11,3561.932,1.2862058179543396,0.900755668,,43014334.42,4287179.5,1934767,13.0,Kuning (Perlu perhatian),59.26,1.11,9.84,-18.65,8.97,84.11,1.58,True,True,2022,matched,no_data,Database Bulan + Tahun + Triwulan + MAP,baseline-v1,2026-07-03,Data untuk PHK Dashboard.xlsx; MAP_composite_all.xlsx
Papua,Papua,91,2022,10,2022-10-01,4,,0.0,101.94,,,,40.78,-40.78,971.404,51.8,4.75,15417,93.3,97.7,34,76.0,15.89,2.83,77.75,84.11,3561.932,1.2862058179543396,0.900755668,,44621291.32,5107804.4,1934767,13.0,Kuning (Perlu perhatian),59.26,1.11,9.84,-18.65,8.97,84.11,1.58,True,True,2022,matched,reported,Database Bulan + Tahun + Triwulan + MAP,baseline-v1,2026-07-03,Data untuk PHK Dashboard.xlsx; MAP_composite_all.xlsx
Papua,Papua,91,2022,11,2022-11-01,4,,0.0,101.72,,,,31.22,-31.22,958.7,50.3,5.25,15659,91.4,98.0,34,76.0,15.89,2.83,77.75,84.11,3561.932,1.2862058179543396,0.900755668,,44621291.32,5107804.4,1934767,13.0,Kuning (Perlu perhatian),59.26,1.11,9.84,-18.65,8.97,84.11,1.58,True,True,2022,matched,reported,Database Bulan + Tahun + Triwulan + MAP,baseline-v1,2026-07-03,Data untuk PHK Dashboard.xlsx; MAP_composite_all.xlsx
Papua,Papua,91,2022,12,2022-12-01,4,76.0,76.0,102.42,,,,55.56,-55.56,862.641,50.9,5.5,15615,80.9,98.7,34,76.0,15.89,2.83,77.75,84.11,3561.932,1.2862058179543396,0.900755668,,44621291.32,5107804.4,1934767,13.0,Kuning (Perlu perhatian),59.26,1.11,9.84,-18.65,8.97,84.11,1.58,True,True,2022,matched,reported,Database Bulan + Tahun + Triwulan + MAP,baseline-v1,2026-07-03,Data untuk PHK Dashboard.xlsx; MAP_composite_all.xlsx
Papua,Papua,91,2023,1,2023-01-01,1,,,102.3,,,,35.83,-35.83,914.942,51.3,5.75,15295,82.5,99.3,8,7.0,15.57,6.9,77.2,84.43,3864.696,8.499993824,0.9631981992,2.861747172,11938640.0,24990.1,2421124,13.0,Kuning (Perlu perhatian),56.93,1.14,9.86,-1.99,5.22,84.43,1.53,True,True,2023,matched,no_data,Database Bulan + Tahun + Triwulan + MAP,baseline-v1,2026-07-03,Data untuk PHK Dashboard.xlsx; MAP_composite_all.xlsx
Papua,Papua,91,2023,2,2023-02-01,1,,0.0,101.05,,,,42.46,-42.46,959.778,51.2,5.75,15126,82.6,99.6,34,7.0,15.57,6.9,77.2,84.43,3864.696,8.499993824,0.9631981992,2.861747172,11938640.0,24990.1,2421124,13.0,Kuning (Perlu perhatian),56.93,1.14,9.86,-1.99,5.22,84.43,1.53,True,True,2023,matched,reported,Database Bulan + Tahun + Triwulan + MAP,baseline-v1,2026-07-03,Data untuk PHK Dashboard.xlsx; MAP_composite_all.xlsx
Papua,Papua,91,2023,3,2023-03-01,1,,0.0,100.89,,,,58.16,-58.16,935.961,51.9,5.75,15301,78.4,99.9,34,7.0,15.57,6.9,77.2,84.43,3864.696,8.499993824,0.9631981992,2.861747172,11938640.0,24990.1,2421124,13.0,Kuning (Perlu perhatian),56.93,1.14,9.86,-1.99,5.22,84.43,1.53,True,True,2023,matched,reported,Database Bulan + Tahun + Triwulan + MAP,baseline-v1,2026-07-03,Data untuk PHK Dashboard.xlsx; MAP_composite_all.xlsx
Papua,Papua,91,2023,4,2023-04-01,2,,0.0,102.3,,,,22.22,-22.22,1039.411,52.7,5.75,14867,84.6,100.0,34,7.0,15.57,6.9,77.2,84.43,3864.696,8.499993824,0.9631981992,2.861747172,12274000.0,35565.7,2421124,13.0,Kuning (Perlu perhatian),56.93,1.14,9.86,-1.99,5.22,84.43,1.53,True,True,2023,matched,reported,Database Bulan + Tahun + Triwulan + MAP,baseline-v1,2026-07-03,Data untuk PHK Dashboard.xlsx; MAP_composite_all.xlsx
Papua,Papua,91,2023,5,2023-05-01,2,7.0,7.0,102.52,,,,29.65,-29.65,1088.538,50.3,5.75,14811,75.5,100.2,34,7.0,15.57,6.9,77.2,84.43,3864.696,8.499993824,0.9631981992,2.861747172,12274000.0,35565.7,2421124,13.0,Kuning (Perlu perhatian),56.93,1.14,9.86,-1.99,5.22,84.43,1.53,True,True,2023,matched,reported,Database Bulan + Tahun + Triwulan + MAP,baseline-v1,2026-07-03,Data untuk PHK Dashboard.xlsx; MAP_composite_all.xlsx
Papua,Papua,91,2023,6,2023-06-01,2,7.0,0.0,103.6,,,,30.07,-30.07,981.524,52.5,5.75,14932,74.8,100.3,34,7.0,15.57,6.9,77.2,84.43,3864.696,8.499993824,0.9631981992,2.861747172,12274000.0,35565.7,2421124,13.0,Kuning (Perlu perhatian),56.93,1.14,9.86,-1.99,5.22,84.43,1.53,True,True,2023,matched,reported,Database Bulan + Tahun + Triwulan + MAP,baseline-v1,2026-07-03,Data untuk PHK Dashboard.xlsx; MAP_composite_all.xlsx
Papua,Papua,91,2023,7,2023-07-01,3,7.0,0.0,103.48,,,,46.87,-46.87,977.259,53.3,5.75,15040,80.1,100.5,34,7.0,15.57,6.9,77.2,84.43,3864.696,8.499993824,0.9631981992,2.861747172,12407610.0,29580.2,2448947,13.0,Kuning (Perlu perhatian),56.93,1.14,9.86,-1.99,5.22,84.43,1.53,True,True,2023,matched,reported,Database Bulan + Tahun + Triwulan + MAP,baseline-v1,2026-07-03,Data untuk PHK Dashboard.xlsx; MAP_composite_all.xlsx
Papua,Papua,91,2023,8,2023-08-01,3,7.0,0.0,103.28,,,,31.13,-31.13,1001.522,53.9,5.75,15245,86.1,100.5,34,7.0,15.57,6.9,77.2,84.43,3864.696,8.499993824,0.9631981992,2.861747172,12407610.0,29580.2,2448947,13.0,Kuning (Perlu perhatian),56.93,1.14,9.86,-1.99,5.22,84.43,1.53,True,True,2023,matched,reported,Database Bulan + Tahun + Triwulan + MAP,baseline-v1,2026-07-03,Data untuk PHK Dashboard.xlsx; MAP_composite_all.xlsx
Papua,Papua,91,2023,9,2023-09-01,3,7.0,0.0,103.06,,,,157.07,-157.07,987.107,52.3,5.75,15354,"93,7",100.9,34,7.0,15.57,6.9,77.2,84.43,3864.696,8.499993824,0.9631981992,2.861747172,12407610.0,29580.2,2448947,13.0,Kuning (Perlu perhatian),56.93,1.14,9.86,-1.99,5.22,84.43,1.53,True,True,2023,matched,reported,Database Bulan + Tahun + Triwulan + MAP,baseline-v1,2026-07-03,Data untuk PHK Dashboard.xlsx; MAP_composite_all.xlsx
Papua,Papua,91,2023,10,2023-10-01,4,7.0,0.0,103.01,,,,37.02,-37.02,1013.696,51.5,6.0,15741,90.6,101.2,34,7.0,15.57,6.9,77.2,84.43,3864.696,8.499993824,0.9631981992,2.861747172,12929580.0,36299.2,2448947,13.0,Kuning (Perlu perhatian),56.93,1.14,9.86,-1.99,5.22,84.43,1.53,True,True,2023,matched,reported,Database Bulan + Tahun + Triwulan + MAP,baseline-v1,2026-07-03,Data untuk PHK Dashboard.xlsx; MAP_composite_all.xlsx
Papua,Papua,91,2023,11,2023-11-01,4,7.0,0.0,103.07,,,,25.08,-25.08,995.825,51.7,6.0,15617,82.9,101.4,34,7.0,15.57,6.9,77.2,84.43,3864.696,8.499993824,0.9631981992,2.861747172,12929580.0,36299.2,2448947,13.0,Kuning (Perlu perhatian),56.93,1.14,9.86,-1.99,5.22,84.43,1.53,True,True,2023,matched,reported,Database Bulan + Tahun + Triwulan + MAP,baseline-v1,2026-07-03,Data untuk PHK Dashboard.xlsx; MAP_composite_all.xlsx
Papua,Papua,91,2023,12,2023-12-01,4,7.0,0.0,103.84,,,,144.44,-144.44,957.275,52.2,6.0,15513,77.6,101.8,34,7.0,15.57,6.9,77.2,84.43,3864.696,8.499993824,0.9631981992,2.861747172,12929580.0,36299.2,2448947,13.0,Kuning (Perlu perhatian),56.93,1.14,9.86,-1.99,5.22,84.43,1.53,True,True,2023,matched,reported,Database Bulan + Tahun + Triwulan + MAP,baseline-v1,2026-07-03,Data untuk PHK Dashboard.xlsx; MAP_composite_all.xlsx
Papua,Papua,91,2024,1,2024-01-01,1,,,103.85,1.52,0.01,,1.04,-1.04,1041.492,52.9,6.0,15611,80.1,102.1,9,,42.72,6.48,68.4,,4024.27,4.129018169,0.9693126194,2.893411544,12587870.0,81371.9,480381,14.0,Oranye (Risiko PHK),50.53,1.03,24.42,174.38,-71.64,57.28,5.32,True,True,2024,matched,no_data,Database Bulan + Tahun + Triwulan + MAP,baseline-v1,2026-07-03,Data untuk PHK Dashboard.xlsx; MAP_composite_all.xlsx
Papua,Papua,91,2024,2,2024-02-01,1,,0.0,103.09,2.02,-0.73,,0.08,-0.08,1092.415,52.7,6.0,15665,83.5,103.0,34,,42.72,6.48,68.4,,4024.27,4.129018169,0.9693126194,2.893411544,12587870.0,81371.9,480381,14.0,Oranye (Risiko PHK),50.53,1.03,24.42,174.38,-71.64,57.28,5.32,True,True,2024,matched,reported,Database Bulan + Tahun + Triwulan + MAP,baseline-v1,2026-07-03,Data untuk PHK Dashboard.xlsx; MAP_composite_all.xlsx
Papua,Papua,91,2024,3,2024-03-01,1,,0.0,102.89,1.98,-0.19,,0.06,-0.06,1088.967,54.2,6.0,15703,85.4,103.5,34,,42.72,6.48,68.4,,4024.27,4.129018169,0.9693126194,2.893411544,12587870.0,81371.9,480381,14.0,Oranye (Risiko PHK),50.53,1.03,24.42,174.38,-71.64,57.28,5.32,True,True,2024,matched,reported,Database Bulan + Tahun + Triwulan + MAP,baseline-v1,2026-07-03,Data untuk PHK Dashboard.xlsx; MAP_composite_all.xlsx
Papua,Papua,91,2024,4,2024-04-01,2,,0.0,104.12,1.78,1.2,,0.03,-0.03,1207.229,52.9,6.25,16100,89.9,103.4,34,,42.72,6.48,68.4,,4024.27,4.129018169,0.9693126194,2.893411544,12807000.0,8305.5,480381,14.0,Oranye (Risiko PHK),50.53,1.03,24.42,174.38,-71.64,57.28,5.32,True,True,2024,matched,reported,Database Bulan + Tahun + Triwulan + MAP,baseline-v1,2026-07-03,Data untuk PHK Dashboard.xlsx; MAP_composite_all.xlsx
Papua,Papua,91,2024,5,2024-05-01,2,,0.0,104.75,2.18,0.61,,4.1,-4.1,1239.688,52.1,6.25,16084,81.7,103.3,34,,42.72,6.48,68.4,,4024.27,4.129018169,0.9693126194,2.893411544,12807000.0,8305.5,480381,14.0,Oranye (Risiko PHK),50.53,1.03,24.42,174.38,-71.64,57.28,5.32,True,True,2024,matched,reported,Database Bulan + Tahun + Triwulan + MAP,baseline-v1,2026-07-03,Data untuk PHK Dashboard.xlsx; MAP_composite_all.xlsx
Papua,Papua,91,2024,6,2024-06-01,2,,0.0,105.12,1.47,0.35,,0.04,-0.04,1103.962,50.7,6.25,16329,82.2,103.3,34,,42.72,6.48,68.4,,4024.27,4.129018169,0.9693126194,2.893411544,12807000.0,8305.5,480381,14.0,Oranye (Risiko PHK),50.53,1.03,24.42,174.38,-71.64,57.28,5.32,True,True,2024,matched,reported,Database Bulan + Tahun + Triwulan + MAP,baseline-v1,2026-07-03,Data untuk PHK Dashboard.xlsx; MAP_composite_all.xlsx
Papua,Papua,91,2024,7,2024-07-01,3,,0.0,104.42,0.91,-0.67,,0.96,-0.96,1090.504,49.3,6.25,16262,85.2,103.2,34,,42.72,6.48,68.4,,4024.27,4.129018169,0.9693126194,2.893411544,12909350.0,24644.4,458792,14.0,Oranye (Risiko PHK),50.53,1.03,24.42,174.38,-71.64,57.28,5.32,True,True,2024,matched,reported,Database Bulan + Tahun + Triwulan + MAP,baseline-v1,2026-07-03,Data untuk PHK Dashboard.xlsx; MAP_composite_all.xlsx
Papua,Papua,91,2024,8,2024-08-01,3,,0.0,104.34,1.03,-0.08,,0.04,-0.04,1134.141,48.9,6.25,15793,80.4,103.1,34,,42.72,6.48,68.4,,4024.27,4.129018169,0.9693126194,2.893411544,12909350.0,24644.4,458792,14.0,Oranye (Risiko PHK),50.53,1.03,24.42,174.38,-71.64,57.28,5.32,True,True,2024,matched,reported,Database Bulan + Tahun + Triwulan + MAP,baseline-v1,2026-07-03,Data untuk PHK Dashboard.xlsx; MAP_composite_all.xlsx
Papua,Papua,91,2024,9,2024-09-01,3,,0.0,103.91,0.82,-0.41,,0.04,-0.04,1096.068,49.2,6.0,15341,74,102.9,34,,42.72,6.48,68.4,,4024.27,4.129018169,0.9693126194,2.893411544,12909350.0,24644.4,458792,14.0,Oranye (Risiko PHK),50.53,1.03,24.42,174.38,-71.64,57.28,5.32,True,True,2024,matched,reported,Database Bulan + Tahun + Triwulan + MAP,baseline-v1,2026-07-03,Data untuk PHK Dashboard.xlsx; MAP_composite_all.xlsx
Papua,Papua,91,2024,10,2024-10-01,4,,0.0,104.14,1.1,0.22,,0.01,-0.01,1119.307,49.2,6.0,15541,75.6,102.8,34,,42.72,6.48,68.4,,4024.27,4.129018169,0.9693126194,2.893411544,13282940.0,22734.7,458792,14.0,Oranye (Risiko PHK),50.53,1.03,24.42,174.38,-71.64,57.28,5.32,True,True,2024,matched,reported,Database Bulan + Tahun + Triwulan + MAP,baseline-v1,2026-07-03,Data untuk PHK Dashboard.xlsx; MAP_composite_all.xlsx
Papua,Papua,91,2024,11,2024-11-01,4,,0.0,105.61,2.46,1.41,,0.02,-0.02,1016.469,49.6,6.0,15812,74.3,103.0,34,,42.72,6.48,68.4,,4024.27,4.129018169,0.9693126194,2.893411544,13282940.0,22734.7,458792,14.0,Oranye (Risiko PHK),50.53,1.03,24.42,174.38,-71.64,57.28,5.32,True,True,2024,matched,reported,Database Bulan + Tahun + Triwulan + MAP,baseline-v1,2026-07-03,Data untuk PHK Dashboard.xlsx; MAP_composite_all.xlsx
Papua,Papua,91,2024,12,2024-12-01,4,,0.0,105.66,1.75,0.05,,0.84,-0.84,915.78,51.2,6.0,16024,73.9,103.4,34,,42.72,6.48,68.4,,4024.27,4.129018169,0.9693126194,2.893411544,13282940.0,22734.7,458792,14.0,Oranye (Risiko PHK),50.53,1.03,24.42,174.38,-71.64,57.28,5.32,True,True,2024,matched,reported,Database Bulan + Tahun + Triwulan + MAP,baseline-v1,2026-07-03,Data untuk PHK Dashboard.xlsx; MAP_composite_all.xlsx
Papua,Papua,91,2025,1,2025-01-01,1,3.0,3.0,104.47,0.6,-1.13,,0.01,-0.01,898.097,51.9,5.75,16262,79.3,104.2,34,88.0,47.12,6.96,63.98,,4285.85,6.500060881,0.9681937449,2.885669166,13080080.0,15251.4,475118,14.0,Oranye (Risiko PHK),50.53,1.03,24.42,174.38,-71.64,57.28,5.32,True,True,2024,matched,reported,Database Bulan + Tahun + Triwulan + MAP,baseline-v1,2026-07-03,Data untuk PHK Dashboard.xlsx; MAP_composite_all.xlsx
Papua,Papua,91,2025,2,2025-02-01,1,14.0,11.0,103.93,0.81,-0.52,,0.0,0,914.108,53.6,5.75,16338,75.4,104.3,34,88.0,47.12,6.96,63.98,,4285.85,6.500060881,0.9681937449,2.885669166,13080080.0,15251.4,475118,14.0,Oranye (Risiko PHK),50.53,1.03,24.42,174.38,-71.64,57.28,5.32,True,True,2024,matched,reported,Database Bulan + Tahun + Triwulan + MAP,baseline-v1,2026-07-03,Data untuk PHK Dashboard.xlsx; MAP_composite_all.xlsx
Papua,Papua,91,2025,3,2025-03-01,1,16.0,2.0,105.1,2.15,1.13,,0.02,-0.02,900.483,52.4,5.75,16456,72.7,105.1,34,88.0,47.12,6.96,63.98,,4285.85,6.500060881,0.9681937449,2.885669166,13080080.0,15251.4,475118,14.0,Oranye (Risiko PHK),50.53,1.03,24.42,174.38,-71.64,57.28,5.32,True,True,2024,matched,reported,Database Bulan + Tahun + Triwulan + MAP,baseline-v1,2026-07-03,Data untuk PHK Dashboard.xlsx; MAP_composite_all.xlsx
Papua,Papua,91,2025,4,2025-04-01,2,20.0,4.0,105.83,1.64,0.69,,1.63,-1.63,975.552,46.7,5.75,16820,68.1,105.1,34,88.0,47.12,6.96,63.98,,4285.85,6.500060881,0.9681937449,2.885669166,13261730.0,14483.2,475118,14.0,Oranye (Risiko PHK),50.53,1.03,24.42,174.38,-71.64,57.28,5.32,True,True,2024,matched,reported,Database Bulan + Tahun + Triwulan + MAP,baseline-v1,2026-07-03,Data untuk PHK Dashboard.xlsx; MAP_composite_all.xlsx
Papua,Papua,91,2025,5,2025-05-01,2,35.0,15.0,106.14,1.33,0.29,,1.7,-1.7,1009.524,47.4,5.5,16441,64.5,104.6,34,88.0,47.12,6.96,63.98,,4285.85,6.500060881,0.9681937449,2.885669166,13261730.0,14483.2,475118,14.0,Oranye (Risiko PHK),50.53,1.03,24.42,174.38,-71.64,57.28,5.32,True,True,2024,matched,reported,Database Bulan + Tahun + Triwulan + MAP,baseline-v1,2026-07-03,Data untuk PHK Dashboard.xlsx; MAP_composite_all.xlsx
Papua,Papua,91,2025,6,2025-06-01,2,63.0,28.0,106.24,1.07,0.09,,0.0,0,1051.809,46.9,5.5,16311,71.4,104.7,34,88.0,47.12,6.96,63.98,,4285.85,6.500060881,0.9681937449,2.885669166,13261730.0,14483.2,475118,14.0,Oranye (Risiko PHK),50.53,1.03,24.42,174.38,-71.64,57.28,5.32,True,True,2024,matched,reported,Database Bulan + Tahun + Triwulan + MAP,baseline-v1,2026-07-03,Data untuk PHK Dashboard.xlsx; MAP_composite_all.xlsx
Papua,Papua,91,2025,7,2025-07-01,3,72.0,9.0,105.88,1.4,-0.34,,0.01,-0.01,1072.08,49.2,5.25,16276,71,105.2,34,88.0,47.12,6.96,63.98,,4285.85,6.500060881,0.9681937449,2.885669166,13452460.0,84264.9,434016,14.0,Oranye (Risiko PHK),50.53,1.03,24.42,174.38,-71.64,57.28,5.32,True,True,2024,matched,reported,Database Bulan + Tahun + Triwulan + MAP,baseline-v1,2026-07-03,Data untuk PHK Dashboard.xlsx; MAP_composite_all.xlsx
Papua,Papua,91,2025,8,2025-08-01,3,77.0,5.0,104.9,0.54,-0.93,,0.78,-0.78,1193.682,51.5,5.0,16309,67.9,105.2,34,88.0,47.12,6.96,63.98,,4285.85,6.500060881,0.9681937449,2.885669166,13452460.0,84264.9,434016,14.0,Oranye (Risiko PHK),50.53,1.03,24.42,174.38,-71.64,57.28,5.32,True,True,2024,matched,reported,Database Bulan + Tahun + Triwulan + MAP,baseline-v1,2026-07-03,Data untuk PHK Dashboard.xlsx; MAP_composite_all.xlsx
Papua,Papua,91,2025,9,2025-09-01,3,83.0,6.0,104.94,0.99,0.04,,3.56,-3.56,1149.445,50.4,4.75,16512,68,105.3,34,88.0,47.12,6.96,63.98,,4285.85,6.500060881,0.9681937449,2.885669166,13452460.0,84264.9,434016,14.0,Oranye (Risiko PHK),50.53,1.03,24.42,174.38,-71.64,57.28,5.32,True,True,2024,matched,reported,Database Bulan + Tahun + Triwulan + MAP,baseline-v1,2026-07-03,Data untuk PHK Dashboard.xlsx; MAP_composite_all.xlsx
Papua,Papua,91,2025,10,2025-10-01,4,87.0,4.0,104.69,0.53,-0.24,,0.02,-0.02,1129.967,51.2,4.75,16607,64.5,105.5,34,88.0,47.12,6.96,63.98,,4285.85,6.500060881,0.9681937449,2.885669166,13840380.0,49343.6,434016,14.0,Oranye (Risiko PHK),50.53,1.03,24.42,174.38,-71.64,57.28,5.32,True,True,2024,matched,reported,Database Bulan + Tahun + Triwulan + MAP,baseline-v1,2026-07-03,Data untuk PHK Dashboard.xlsx; MAP_composite_all.xlsx
Papua,Papua,91,2025,11,2025-11-01,4,88.0,1.0,106.46,0.8,1.69,,0.0,0,1110.246,53.3,4.75,16703,63.8,105.4,34,88.0,47.12,6.96,63.98,,4285.85,6.500060881,0.9681937449,2.885669166,13840380.0,49343.6,434016,14.0,Oranye (Risiko PHK),50.53,1.03,24.42,174.38,-71.64,57.28,5.32,True,True,2024,matched,reported,Database Bulan + Tahun + Triwulan + MAP,baseline-v1,2026-07-03,Data untuk PHK Dashboard.xlsx; MAP_composite_all.xlsx
Papua,Papua,91,2025,12,2025-12-01,4,88.0,,108.34,2.54,1.77,,0.91,-0.91,1058.597,51.2,4.75,16699,62.5,106.3,27,88.0,47.12,6.96,63.98,,4285.85,6.500060881,0.9681937449,2.885669166,13840380.0,49343.6,434016,14.0,Oranye (Risiko PHK),50.53,1.03,24.42,174.38,-71.64,57.28,5.32,True,True,2024,matched,reported,Database Bulan + Tahun + Triwulan + MAP,baseline-v1,2026-07-03,Data untuk PHK Dashboard.xlsx; MAP_composite_all.xlsx
Papua Barat,Papua Barat,92,2022,1,2022-01-01,1,,,98.1,,,853.48,,1902-05-02 11:31:12,462.132,53.7,3.5,14335,86.5,94.0,0,124.0,39.72,5.37,68.55,60.28,3200.0,2.0863906080520707,0.9746484793,30.86373578,15542643.36,59920.4,572114,16.0,Oranye (Risiko PHK),67.09,1.03,20.2,-5.61,2.01,60.28,4.18,True,True,2022,matched,no_data,Database Bulan + Tahun + Triwulan + MAP,baseline-v1,2026-07-03,Data untuk PHK Dashboard.xlsx; MAP_composite_all.xlsx
Papua Barat,Papua Barat,92,2022,2,2022-02-01,1,,,96.69,,,,,00:00:00,519.25,51.2,3.5,14351,97.1,94.0,0,124.0,39.72,5.37,68.55,60.28,3200.0,2.0863906080520707,0.9746484793,30.86373578,15542643.36,59920.4,572114,16.0,Oranye (Risiko PHK),67.09,1.03,20.2,-5.61,2.01,60.28,4.18,True,True,2022,matched,no_data,Database Bulan + Tahun + Triwulan + MAP,baseline-v1,2026-07-03,Data untuk PHK Dashboard.xlsx; MAP_composite_all.xlsx
Papua Barat,Papua Barat,92,2022,3,2022-03-01,1,,,98.06,,,,6.95,-6.95,540.673,51.3,3.5,14349,117.2,94.7,0,124.0,39.72,5.37,68.55,60.28,3200.0,2.0863906080520707,0.9746484793,30.86373578,15542643.36,59920.4,572114,16.0,Oranye (Risiko PHK),67.09,1.03,20.2,-5.61,2.01,60.28,4.18,True,True,2022,matched,no_data,Database Bulan + Tahun + Triwulan + MAP,baseline-v1,2026-07-03,Data untuk PHK Dashboard.xlsx; MAP_composite_all.xlsx
Papua Barat,Papua Barat,92,2022,4,2022-04-01,2,,,98.81,,,,3.57,-3.57,575.673,51.9,3.5,14369,104.6,95.6,0,124.0,39.72,5.37,68.55,60.28,3200.0,2.0863906080520707,0.9746484793,30.86373578,15548162.77,153202.7,572114,16.0,Oranye (Risiko PHK),67.09,1.03,20.2,-5.61,2.01,60.28,4.18,True,True,2022,matched,no_data,Database Bulan + Tahun + Triwulan + MAP,baseline-v1,2026-07-03,Data untuk PHK Dashboard.xlsx; MAP_composite_all.xlsx
Papua Barat,Papua Barat,92,2022,5,2022-05-01,2,,,100.11,,,,,00:00:00,620.094,50.8,3.5,14608,113.3,95.9,0,124.0,39.72,5.37,68.55,60.28,3200.0,2.0863906080520707,0.9746484793,30.86373578,15548162.77,153202.7,572114,16.0,Oranye (Risiko PHK),67.09,1.03,20.2,-5.61,2.01,60.28,4.18,True,True,2022,matched,no_data,Database Bulan + Tahun + Triwulan + MAP,baseline-v1,2026-07-03,Data untuk PHK Dashboard.xlsx; MAP_composite_all.xlsx
Papua Barat,Papua Barat,92,2022,6,2022-06-01,2,,,100.5,,,,,00:00:00,588.637,50.2,3.5,14689,122.7,96.6,0,124.0,39.72,5.37,68.55,60.28,3200.0,2.0863906080520707,0.9746484793,30.86373578,15548162.77,153202.7,572114,16.0,Oranye (Risiko PHK),67.09,1.03,20.2,-5.61,2.01,60.28,4.18,True,True,2022,matched,no_data,Database Bulan + Tahun + Triwulan + MAP,baseline-v1,2026-07-03,Data untuk PHK Dashboard.xlsx; MAP_composite_all.xlsx
Papua Barat,Papua Barat,92,2022,7,2022-07-01,3,,,100.78,,,,266.31,-266.31,626.407,51.3,3.5,14984,111.9,97.0,0,124.0,39.72,5.37,68.55,60.28,3200.0,2.0863906080520707,0.9746484793,30.86373578,15632184.45,710310.1,487705,16.0,Oranye (Risiko PHK),67.09,1.03,20.2,-5.61,2.01,60.28,4.18,True,True,2022,matched,no_data,Database Bulan + Tahun + Triwulan + MAP,baseline-v1,2026-07-03,Data untuk PHK Dashboard.xlsx; MAP_composite_all.xlsx
Papua Barat,Papua Barat,92,2022,8,2022-08-01,3,,,100.24,,,,9.05,-9.05,640.477,51.7,3.75,14851,100.4,96.9,0,124.0,39.72,5.37,68.55,60.28,3200.0,2.0863906080520707,0.9746484793,30.86373578,15632184.45,710310.1,487705,16.0,Oranye (Risiko PHK),67.09,1.03,20.2,-5.61,2.01,60.28,4.18,True,True,2022,matched,no_data,Database Bulan + Tahun + Triwulan + MAP,baseline-v1,2026-07-03,Data untuk PHK Dashboard.xlsx; MAP_composite_all.xlsx
Papua Barat,Papua Barat,92,2022,9,2022-09-01,3,,,100.35,,,,,00:00:00,625.069,53.7,4.25,14972,89.8,97.7,0,124.0,39.72,5.37,68.55,60.28,3200.0,2.0863906080520707,0.9746484793,30.86373578,15632184.45,710310.1,487705,16.0,Oranye (Risiko PHK),67.09,1.03,20.2,-5.61,2.01,60.28,4.18,True,True,2022,matched,no_data,Database Bulan + Tahun + Triwulan + MAP,baseline-v1,2026-07-03,Data untuk PHK Dashboard.xlsx; MAP_composite_all.xlsx
Papua Barat,Papua Barat,92,2022,10,2022-10-01,4,,0.0,101.17,,,,,00:00:00,638.712,51.8,4.75,15417,93.3,97.7,34,124.0,39.72,5.37,68.55,60.28,3200.0,2.0863906080520707,0.9746484793,30.86373578,15807534.97,148938.7,487705,16.0,Oranye (Risiko PHK),67.09,1.03,20.2,-5.61,2.01,60.28,4.18,True,True,2022,matched,reported,Database Bulan + Tahun + Triwulan + MAP,baseline-v1,2026-07-03,Data untuk PHK Dashboard.xlsx; MAP_composite_all.xlsx
Papua Barat,Papua Barat,92,2022,11,2022-11-01,4,,0.0,101.79,,,,2.58,-2.58,627.88,50.3,5.25,15659,91.4,98.0,34,124.0,39.72,5.37,68.55,60.28,3200.0,2.0863906080520707,0.9746484793,30.86373578,15807534.97,148938.7,487705,16.0,Oranye (Risiko PHK),67.09,1.03,20.2,-5.61,2.01,60.28,4.18,True,True,2022,matched,reported,Database Bulan + Tahun + Triwulan + MAP,baseline-v1,2026-07-03,Data untuk PHK Dashboard.xlsx; MAP_composite_all.xlsx
Papua Barat,Papua Barat,92,2022,12,2022-12-01,4,124.0,124.0,103.41,,,,8.79,-8.79,557.977,50.9,5.5,15615,80.9,98.7,34,124.0,39.72,5.37,68.55,60.28,3200.0,2.0863906080520707,0.9746484793,30.86373578,15807534.97,148938.7,487705,16.0,Oranye (Risiko PHK),67.09,1.03,20.2,-5.61,2.01,60.28,4.18,True,True,2022,matched,reported,Database Bulan + Tahun + Triwulan + MAP,baseline-v1,2026-07-03,Data untuk PHK Dashboard.xlsx; MAP_composite_all.xlsx
Papua Barat,Papua Barat,92,2023,1,2023-01-01,1,,,102.8,,,,,00:00:00,595.817,51.3,5.75,15295,82.5,99.3,8,15.0,41.45,4.18,67.24,58.55,3282.0,2.5625,0.9270068271,39.35243703,10125260.0,6091.7,588729,12.0,Kuning (Perlu perhatian),62.87,1.1,21.04,4.36,3.91,58.55,4.44,True,True,2023,matched,no_data,Database Bulan + Tahun + Triwulan + MAP,baseline-v1,2026-07-03,Data untuk PHK Dashboard.xlsx; MAP_composite_all.xlsx
Papua Barat,Papua Barat,92,2023,2,2023-02-01,1,,0.0,102.38,,,,1.66,-1.66,598.138,51.2,5.75,15126,82.6,99.6,34,15.0,41.45,4.18,67.24,58.55,3282.0,2.5625,0.9270068271,39.35243703,10125260.0,6091.7,588729,12.0,Kuning (Perlu perhatian),62.87,1.1,21.04,4.36,3.91,58.55,4.44,True,True,2023,matched,reported,Database Bulan + Tahun + Triwulan + MAP,baseline-v1,2026-07-03,Data untuk PHK Dashboard.xlsx; MAP_composite_all.xlsx
Papua Barat,Papua Barat,92,2023,3,2023-03-01,1,,0.0,101.75,,,,0.9,-0.9,555.083,51.9,5.75,15301,78.4,99.9,34,15.0,41.45,4.18,67.24,58.55,3282.0,2.5625,0.9270068271,39.35243703,10125260.0,6091.7,588729,12.0,Kuning (Perlu perhatian),62.87,1.1,21.04,4.36,3.91,58.55,4.44,True,True,2023,matched,reported,Database Bulan + Tahun + Triwulan + MAP,baseline-v1,2026-07-03,Data untuk PHK Dashboard.xlsx; MAP_composite_all.xlsx
Papua Barat,Papua Barat,92,2023,4,2023-04-01,2,,0.0,103.09,,,,8.39,-8.39,562.859,52.7,5.75,14867,84.6,100.0,34,15.0,41.45,4.18,67.24,58.55,3282.0,2.5625,0.9270068271,39.35243703,10098320.0,354023.1,588729,12.0,Kuning (Perlu perhatian),62.87,1.1,21.04,4.36,3.91,58.55,4.44,True,True,2023,matched,reported,Database Bulan + Tahun + Triwulan + MAP,baseline-v1,2026-07-03,Data untuk PHK Dashboard.xlsx; MAP_composite_all.xlsx
Papua Barat,Papua Barat,92,2023,5,2023-05-01,2,21.0,21.0,103.51,,,,,00:00:00,589.225,50.3,5.75,14811,75.5,100.2,34,15.0,41.45,4.18,67.24,58.55,3282.0,2.5625,0.9270068271,39.35243703,10098320.0,354023.1,588729,12.0,Kuning (Perlu perhatian),62.87,1.1,21.04,4.36,3.91,58.55,4.44,True,True,2023,matched,reported,Database Bulan + Tahun + Triwulan + MAP,baseline-v1,2026-07-03,Data untuk PHK Dashboard.xlsx; MAP_composite_all.xlsx
Papua Barat,Papua Barat,92,2023,6,2023-06-01,2,21.0,0.0,104.06,,,,0.06,-0.06,518.672,52.5,5.75,14932,74.8,100.3,34,15.0,41.45,4.18,67.24,58.55,3282.0,2.5625,0.9270068271,39.35243703,10098320.0,354023.1,588729,12.0,Kuning (Perlu perhatian),62.87,1.1,21.04,4.36,3.91,58.55,4.44,True,True,2023,matched,reported,Database Bulan + Tahun + Triwulan + MAP,baseline-v1,2026-07-03,Data untuk PHK Dashboard.xlsx; MAP_composite_all.xlsx
Papua Barat,Papua Barat,92,2023,7,2023-07-01,3,15.0,-6.0,105.11,,,,,00:00:00,517.357,53.3,5.75,15040,80.1,100.5,34,15.0,41.45,4.18,67.24,58.55,3282.0,2.5625,0.9270068271,39.35243703,10204980.0,16710.0,560883,12.0,Kuning (Perlu perhatian),62.87,1.1,21.04,4.36,3.91,58.55,4.44,True,True,2023,matched,reported,Database Bulan + Tahun + Triwulan + MAP,baseline-v1,2026-07-03,Data untuk PHK Dashboard.xlsx; MAP_composite_all.xlsx
Papua Barat,Papua Barat,92,2023,8,2023-08-01,3,15.0,0.0,105.46,,,,,00:00:00,511.599,53.9,5.75,15245,86.1,100.5,34,15.0,41.45,4.18,67.24,58.55,3282.0,2.5625,0.9270068271,39.35243703,10204980.0,16710.0,560883,12.0,Kuning (Perlu perhatian),62.87,1.1,21.04,4.36,3.91,58.55,4.44,True,True,2023,matched,reported,Database Bulan + Tahun + Triwulan + MAP,baseline-v1,2026-07-03,Data untuk PHK Dashboard.xlsx; MAP_composite_all.xlsx
Papua Barat,Papua Barat,92,2023,9,2023-09-01,3,15.0,0.0,104.37,,,,,00:00:00,477.55,52.3,5.75,15354,"93,7",100.9,34,15.0,41.45,4.18,67.24,58.55,3282.0,2.5625,0.9270068271,39.35243703,10204980.0,16710.0,560883,12.0,Kuning (Perlu perhatian),62.87,1.1,21.04,4.36,3.91,58.55,4.44,True,True,2023,matched,reported,Database Bulan + Tahun + Triwulan + MAP,baseline-v1,2026-07-03,Data untuk PHK Dashboard.xlsx; MAP_composite_all.xlsx
Papua Barat,Papua Barat,92,2023,10,2023-10-01,4,15.0,0.0,104.63,,,,10.79,-10.79,509.68,51.5,6.0,15741,90.6,101.2,34,15.0,41.45,4.18,67.24,58.55,3282.0,2.5625,0.9270068271,39.35243703,10537320.0,54195.0,560883,12.0,Kuning (Perlu perhatian),62.87,1.1,21.04,4.36,3.91,58.55,4.44,True,True,2023,matched,reported,Database Bulan + Tahun + Triwulan + MAP,baseline-v1,2026-07-03,Data untuk PHK Dashboard.xlsx; MAP_composite_all.xlsx
Papua Barat,Papua Barat,92,2023,11,2023-11-01,4,15.0,0.0,104.6,,,,,00:00:00,499.054,51.7,6.0,15617,82.9,101.4,34,15.0,41.45,4.18,67.24,58.55,3282.0,2.5625,0.9270068271,39.35243703,10537320.0,54195.0,560883,12.0,Kuning (Perlu perhatian),62.87,1.1,21.04,4.36,3.91,58.55,4.44,True,True,2023,matched,reported,Database Bulan + Tahun + Triwulan + MAP,baseline-v1,2026-07-03,Data untuk PHK Dashboard.xlsx; MAP_composite_all.xlsx
Papua Barat,Papua Barat,92,2023,12,2023-12-01,4,15.0,0.0,105.28,,,,,00:00:00,414.718,52.2,6.0,15513,77.6,101.8,34,15.0,41.45,4.18,67.24,58.55,3282.0,2.5625,0.9270068271,39.35243703,10537320.0,54195.0,560883,12.0,Kuning (Perlu perhatian),62.87,1.1,21.04,4.36,3.91,58.55,4.44,True,True,2023,matched,reported,Database Bulan + Tahun + Triwulan + MAP,baseline-v1,2026-07-03,Data untuk PHK Dashboard.xlsx; MAP_composite_all.xlsx
Papua Barat,Papua Barat,92,2024,1,2024-01-01,1,,,105.94,3.05,0.63,,,00:00:00,449.92,52.9,6.0,15611,80.1,102.1,9,,37.13,4.13,71.25,,3393.0,3.382084095,1.000071328,43.29552481,10327580.0,1215960.7,304467,17.0,Oranye (Risiko PHK),61.63,1.0,17.84,-10.41,-23.84,62.87,5.04,True,True,2024,matched,no_data,Database Bulan + Tahun + Triwulan + MAP,baseline-v1,2026-07-03,Data untuk PHK Dashboard.xlsx; MAP_composite_all.xlsx
Papua Barat,Papua Barat,92,2024,2,2024-02-01,1,,0.0,106.08,3.61,0.13,,1.45,-1.45,446.665,52.7,6.0,15665,83.5,103.0,34,,37.13,4.13,71.25,,3393.0,3.382084095,1.000071328,43.29552481,10327580.0,1215960.7,304467,17.0,Oranye (Risiko PHK),61.63,1.0,17.84,-10.41,-23.84,62.87,5.04,True,True,2024,matched,reported,Database Bulan + Tahun + Triwulan + MAP,baseline-v1,2026-07-03,Data untuk PHK Dashboard.xlsx; MAP_composite_all.xlsx
Papua Barat,Papua Barat,92,2024,3,2024-03-01,1,,0.0,106.61,4.78,0.5,,6.29,-6.29,456.264,54.2,6.0,15703,85.4,103.5,34,,37.13,4.13,71.25,,3393.0,3.382084095,1.000071328,43.29552481,10327580.0,1215960.7,304467,17.0,Oranye (Risiko PHK),61.63,1.0,17.84,-10.41,-23.84,62.87,5.04,True,True,2024,matched,reported,Database Bulan + Tahun + Triwulan + MAP,baseline-v1,2026-07-03,Data untuk PHK Dashboard.xlsx; MAP_composite_all.xlsx
Papua Barat,Papua Barat,92,2024,4,2024-04-01,2,,0.0,106.79,3.59,0.17,,,00:00:00,493.57,52.9,6.25,16100,89.9,103.4,34,,37.13,4.13,71.25,,3393.0,3.382084095,1.000071328,43.29552481,13134010.0,2225334.1,304467,17.0,Oranye (Risiko PHK),61.63,1.0,17.84,-10.41,-23.84,62.87,5.04,True,True,2024,matched,reported,Database Bulan + Tahun + Triwulan + MAP,baseline-v1,2026-07-03,Data untuk PHK Dashboard.xlsx; MAP_composite_all.xlsx
Papua Barat,Papua Barat,92,2024,5,2024-05-01,2,,0.0,108.23,4.56,1.35,,,00:00:00,501.241,52.1,6.25,16084,81.7,103.3,34,,37.13,4.13,71.25,,3393.0,3.382084095,1.000071328,43.29552481,13134010.0,2225334.1,304467,17.0,Oranye (Risiko PHK),61.63,1.0,17.84,-10.41,-23.84,62.87,5.04,True,True,2024,matched,reported,Database Bulan + Tahun + Triwulan + MAP,baseline-v1,2026-07-03,Data untuk PHK Dashboard.xlsx; MAP_composite_all.xlsx
Papua Barat,Papua Barat,92,2024,6,2024-06-01,2,,0.0,107.94,3.73,-0.27,,0.0,0,505.65,50.7,6.25,16329,82.2,103.3,34,,37.13,4.13,71.25,,3393.0,3.382084095,1.000071328,43.29552481,13134010.0,2225334.1,304467,17.0,Oranye (Risiko PHK),61.63,1.0,17.84,-10.41,-23.84,62.87,5.04,True,True,2024,matched,reported,Database Bulan + Tahun + Triwulan + MAP,baseline-v1,2026-07-03,Data untuk PHK Dashboard.xlsx; MAP_composite_all.xlsx
Papua Barat,Papua Barat,92,2024,7,2024-07-01,3,,0.0,108.08,2.83,0.13,,6.45,-6.45,491.171,49.3,6.25,16262,85.2,103.2,34,,37.13,4.13,71.25,,3393.0,3.382084095,1.000071328,43.29552481,13157830.0,1651913.1,290077,17.0,Oranye (Risiko PHK),61.63,1.0,17.84,-10.41,-23.84,62.87,5.04,True,True,2024,matched,reported,Database Bulan + Tahun + Triwulan + MAP,baseline-v1,2026-07-03,Data untuk PHK Dashboard.xlsx; MAP_composite_all.xlsx
Papua Barat,Papua Barat,92,2024,8,2024-08-01,3,,0.0,108.41,2.8,0.31,,,00:00:00,490.081,48.9,6.25,15793,80.4,103.1,34,,37.13,4.13,71.25,,3393.0,3.382084095,1.000071328,43.29552481,13157830.0,1651913.1,290077,17.0,Oranye (Risiko PHK),61.63,1.0,17.84,-10.41,-23.84,62.87,5.04,True,True,2024,matched,reported,Database Bulan + Tahun + Triwulan + MAP,baseline-v1,2026-07-03,Data untuk PHK Dashboard.xlsx; MAP_composite_all.xlsx
Papua Barat,Papua Barat,92,2024,9,2024-09-01,3,,0.0,107.41,2.91,-0.92,,0.45,-0.45,503.576,49.2,6.0,15341,74,102.9,34,,37.13,4.13,71.25,,3393.0,3.382084095,1.000071328,43.29552481,13157830.0,1651913.1,290077,17.0,Oranye (Risiko PHK),61.63,1.0,17.84,-10.41,-23.84,62.87,5.04,True,True,2024,matched,reported,Database Bulan + Tahun + Triwulan + MAP,baseline-v1,2026-07-03,Data untuk PHK Dashboard.xlsx; MAP_composite_all.xlsx
Papua Barat,Papua Barat,92,2024,10,2024-10-01,4,,0.0,106.78,2.05,-0.59,,,00:00:00,514.059,49.2,6.0,15541,75.6,102.8,34,,37.13,4.13,71.25,,3393.0,3.382084095,1.000071328,43.29552481,12866820.0,7224195.1,290077,17.0,Oranye (Risiko PHK),61.63,1.0,17.84,-10.41,-23.84,62.87,5.04,True,True,2024,matched,reported,Database Bulan + Tahun + Triwulan + MAP,baseline-v1,2026-07-03,Data untuk PHK Dashboard.xlsx; MAP_composite_all.xlsx
Papua Barat,Papua Barat,92,2024,11,2024-11-01,4,,0.0,107.57,2.84,0.74,,,00:00:00,517.437,49.6,6.0,15812,74.3,103.0,34,,37.13,4.13,71.25,,3393.0,3.382084095,1.000071328,43.29552481,12866820.0,7224195.1,290077,17.0,Oranye (Risiko PHK),61.63,1.0,17.84,-10.41,-23.84,62.87,5.04,True,True,2024,matched,reported,Database Bulan + Tahun + Triwulan + MAP,baseline-v1,2026-07-03,Data untuk PHK Dashboard.xlsx; MAP_composite_all.xlsx
Papua Barat,Papua Barat,92,2024,12,2024-12-01,4,,0.0,107.94,2.53,0.34,,,00:00:00,463.359,51.2,6.0,16024,73.9,103.4,34,,37.13,4.13,71.25,,3393.0,3.382084095,1.000071328,43.29552481,12866820.0,7224195.1,290077,17.0,Oranye (Risiko PHK),61.63,1.0,17.84,-10.41,-23.84,62.87,5.04,True,True,2024,matched,reported,Database Bulan + Tahun + Triwulan + MAP,baseline-v1,2026-07-03,Data untuk PHK Dashboard.xlsx; MAP_composite_all.xlsx
Papua Barat,Papua Barat,92,2025,1,2025-01-01,1,5.0,5.0,105.47,-0.44,-2.29,,1.93,-1.93,496.211,51.9,5.75,16262,79.3,104.2,34,214.0,36.81,4.55,69.55,,3615.0,6.542882405,0.9599112899,44.34523968,12964260.0,884403.7,295161,17.0,Oranye (Risiko PHK),61.63,1.0,17.84,-10.41,-23.84,62.87,5.04,True,True,2024,matched,reported,Database Bulan + Tahun + Triwulan + MAP,baseline-v1,2026-07-03,Data untuk PHK Dashboard.xlsx; MAP_composite_all.xlsx
Papua Barat,Papua Barat,92,2025,2,2025-02-01,1,14.0,9.0,103.98,-1.98,-1.41,,6.1,-6.1,499.187,53.6,5.75,16338,75.4,104.3,34,214.0,36.81,4.55,69.55,,3615.0,6.542882405,0.9599112899,44.34523968,12964260.0,884403.7,295161,17.0,Oranye (Risiko PHK),61.63,1.0,17.84,-10.41,-23.84,62.87,5.04,True,True,2024,matched,reported,Database Bulan + Tahun + Triwulan + MAP,baseline-v1,2026-07-03,Data untuk PHK Dashboard.xlsx; MAP_composite_all.xlsx
Papua Barat,Papua Barat,92,2025,3,2025-03-01,1,16.0,2.0,106.37,-0.23,2.3,,0.24,-0.24,490.267,52.4,5.75,16456,72.7,105.1,34,214.0,36.81,4.55,69.55,,3615.0,6.542882405,0.9599112899,44.34523968,12964260.0,884403.7,295161,17.0,Oranye (Risiko PHK),61.63,1.0,17.84,-10.41,-23.84,62.87,5.04,True,True,2024,matched,reported,Database Bulan + Tahun + Triwulan + MAP,baseline-v1,2026-07-03,Data untuk PHK Dashboard.xlsx; MAP_composite_all.xlsx
Papua Barat,Papua Barat,92,2025,4,2025-04-01,2,26.0,10.0,106.95,0.15,0.55,,4.83,-4.83,539.783,46.7,5.75,16820,68.1,105.1,34,214.0,36.81,4.55,69.55,,3615.0,6.542882405,0.9599112899,44.34523968,13103370.0,1771705.7,295161,17.0,Oranye (Risiko PHK),61.63,1.0,17.84,-10.41,-23.84,62.87,5.04,True,True,2024,matched,reported,Database Bulan + Tahun + Triwulan + MAP,baseline-v1,2026-07-03,Data untuk PHK Dashboard.xlsx; MAP_composite_all.xlsx
Papua Barat,Papua Barat,92,2025,5,2025-05-01,2,34.0,8.0,106.6,-1.51,-0.33,,,0,582.807,47.4,5.5,16441,64.5,104.6,34,214.0,36.81,4.55,69.55,,3615.0,6.542882405,0.9599112899,44.34523968,13103370.0,1771705.7,295161,17.0,Oranye (Risiko PHK),61.63,1.0,17.84,-10.41,-23.84,62.87,5.04,True,True,2024,matched,reported,Database Bulan + Tahun + Triwulan + MAP,baseline-v1,2026-07-03,Data untuk PHK Dashboard.xlsx; MAP_composite_all.xlsx
Papua Barat,Papua Barat,92,2025,6,2025-06-01,2,39.0,5.0,107.22,-0.67,0.58,,,0,576.024,46.9,5.5,16311,71.4,104.7,34,214.0,36.81,4.55,69.55,,3615.0,6.542882405,0.9599112899,44.34523968,13103370.0,1771705.7,295161,17.0,Oranye (Risiko PHK),61.63,1.0,17.84,-10.41,-23.84,62.87,5.04,True,True,2024,matched,reported,Database Bulan + Tahun + Triwulan + MAP,baseline-v1,2026-07-03,Data untuk PHK Dashboard.xlsx; MAP_composite_all.xlsx
Papua Barat,Papua Barat,92,2025,7,2025-07-01,3,58.0,19.0,108.55,0.43,1.24,,,0,587.895,49.2,5.25,16276,71,105.2,34,214.0,36.81,4.55,69.55,,3615.0,6.542882405,0.9599112899,44.34523968,13140750.0,1038099.8,288323,17.0,Oranye (Risiko PHK),61.63,1.0,17.84,-10.41,-23.84,62.87,5.04,True,True,2024,matched,reported,Database Bulan + Tahun + Triwulan + MAP,baseline-v1,2026-07-03,Data untuk PHK Dashboard.xlsx; MAP_composite_all.xlsx
Papua Barat,Papua Barat,92,2025,8,2025-08-01,3,96.0,38.0,107.47,-0.87,-0.99,,,0,604.534,51.5,5.0,16309,67.9,105.2,34,214.0,36.81,4.55,69.55,,3615.0,6.542882405,0.9599112899,44.34523968,13140750.0,1038099.8,288323,17.0,Oranye (Risiko PHK),61.63,1.0,17.84,-10.41,-23.84,62.87,5.04,True,True,2024,matched,reported,Database Bulan + Tahun + Triwulan + MAP,baseline-v1,2026-07-03,Data untuk PHK Dashboard.xlsx; MAP_composite_all.xlsx
Papua Barat,Papua Barat,92,2025,9,2025-09-01,3,200.0,104.0,108.51,1.02,0.97,,,0,593.834,50.4,4.75,16512,68,105.3,34,214.0,36.81,4.55,69.55,,3615.0,6.542882405,0.9599112899,44.34523968,13140750.0,1038099.8,288323,17.0,Oranye (Risiko PHK),61.63,1.0,17.84,-10.41,-23.84,62.87,5.04,True,True,2024,matched,reported,Database Bulan + Tahun + Triwulan + MAP,baseline-v1,2026-07-03,Data untuk PHK Dashboard.xlsx; MAP_composite_all.xlsx
Papua Barat,Papua Barat,92,2025,10,2025-10-01,4,209.0,9.0,108.3,1.42,-0.19,,,0,610.6,51.2,4.75,16607,64.5,105.5,34,214.0,36.81,4.55,69.55,,3615.0,6.542882405,0.9599112899,44.34523968,13475020.0,2999461.7,288323,17.0,Oranye (Risiko PHK),61.63,1.0,17.84,-10.41,-23.84,62.87,5.04,True,True,2024,matched,reported,Database Bulan + Tahun + Triwulan + MAP,baseline-v1,2026-07-03,Data untuk PHK Dashboard.xlsx; MAP_composite_all.xlsx
Papua Barat,Papua Barat,92,2025,11,2025-11-01,4,214.0,5.0,109.0,1.33,0.65,,,0,605.744,53.3,4.75,16703,63.8,105.4,34,214.0,36.81,4.55,69.55,,3615.0,6.542882405,0.9599112899,44.34523968,13475020.0,2999461.7,288323,17.0,Oranye (Risiko PHK),61.63,1.0,17.84,-10.41,-23.84,62.87,5.04,True,True,2024,matched,reported,Database Bulan + Tahun + Triwulan + MAP,baseline-v1,2026-07-03,Data untuk PHK Dashboard.xlsx; MAP_composite_all.xlsx
Papua Barat,Papua Barat,92,2025,12,2025-12-01,4,214.0,,110.74,2.59,1.6,,4.96,-4.96,583.12,51.2,4.75,16699,62.5,106.3,27,214.0,36.81,4.55,69.55,,3615.0,6.542882405,0.9599112899,44.34523968,13475020.0,2999461.7,288323,17.0,Oranye (Risiko PHK),61.63,1.0,17.84,-10.41,-23.84,62.87,5.04,True,True,2024,matched,reported,Database Bulan + Tahun + Triwulan + MAP,baseline-v1,2026-07-03,Data untuk PHK Dashboard.xlsx; MAP_composite_all.xlsx
Papua Barat Daya,Papua Barat Daya,92,2022,1,2022-01-01,1,,,99.04,,,,,0,,53.7,3.5,14335,86.5,94.0,0,,,,,,,,,,,,,,,,,,,,,,False,False,,new_province_no_map,no_data,Database Bulan + Tahun + Triwulan + MAP,baseline-v1,2026-07-03,Data untuk PHK Dashboard.xlsx; MAP_composite_all.xlsx
Papua Barat Daya,Papua Barat Daya,92,2022,2,2022-02-01,1,,,98.37,,,,,0,,51.2,3.5,14351,97.1,94.0,0,,,,,,,,,,,,,,,,,,,,,,False,False,,new_province_no_map,no_data,Database Bulan + Tahun + Triwulan + MAP,baseline-v1,2026-07-03,Data untuk PHK Dashboard.xlsx; MAP_composite_all.xlsx
Papua Barat Daya,Papua Barat Daya,92,2022,3,2022-03-01,1,,,97.91,,,,,0,,51.3,3.5,14349,117.2,94.7,0,,,,,,,,,,,,,,,,,,,,,,False,False,,new_province_no_map,no_data,Database Bulan + Tahun + Triwulan + MAP,baseline-v1,2026-07-03,Data untuk PHK Dashboard.xlsx; MAP_composite_all.xlsx
Papua Barat Daya,Papua Barat Daya,92,2022,4,2022-04-01,2,,,99.02,,,,,0,,51.9,3.5,14369,104.6,95.6,0,,,,,,,,,,,,-,,,,,,,,,,False,True,,new_province_no_map,no_data,Database Bulan + Tahun + Triwulan + MAP,baseline-v1,2026-07-03,Data untuk PHK Dashboard.xlsx; MAP_composite_all.xlsx
Papua Barat Daya,Papua Barat Daya,92,2022,5,2022-05-01,2,,,99.55,,,,,0,,50.8,3.5,14608,113.3,95.9,0,,,,,,,,,,,,-,,,,,,,,,,False,True,,new_province_no_map,no_data,Database Bulan + Tahun + Triwulan + MAP,baseline-v1,2026-07-03,Data untuk PHK Dashboard.xlsx; MAP_composite_all.xlsx
Papua Barat Daya,Papua Barat Daya,92,2022,6,2022-06-01,2,,,99.71,,,,,0,,50.2,3.5,14689,122.7,96.6,0,,,,,,,,,,,,-,,,,,,,,,,False,True,,new_province_no_map,no_data,Database Bulan + Tahun + Triwulan + MAP,baseline-v1,2026-07-03,Data untuk PHK Dashboard.xlsx; MAP_composite_all.xlsx
Papua Barat Daya,Papua Barat Daya,92,2022,7,2022-07-01,3,,,100.93,,,,,0,,51.3,3.5,14984,111.9,97.0,0,,,,,,,,,,,,-,,,,,,,,,,False,True,,new_province_no_map,no_data,Database Bulan + Tahun + Triwulan + MAP,baseline-v1,2026-07-03,Data untuk PHK Dashboard.xlsx; MAP_composite_all.xlsx
Papua Barat Daya,Papua Barat Daya,92,2022,8,2022-08-01,3,,,100.52,,,,,0,,51.7,3.75,14851,100.4,96.9,0,,,,,,,,,,,,-,,,,,,,,,,False,True,,new_province_no_map,no_data,Database Bulan + Tahun + Triwulan + MAP,baseline-v1,2026-07-03,Data untuk PHK Dashboard.xlsx; MAP_composite_all.xlsx
Papua Barat Daya,Papua Barat Daya,92,2022,9,2022-09-01,3,,,101.48,,,,,0,,53.7,4.25,14972,89.8,97.7,0,,,,,,,,,,,,-,,,,,,,,,,False,True,,new_province_no_map,no_data,Database Bulan + Tahun + Triwulan + MAP,baseline-v1,2026-07-03,Data untuk PHK Dashboard.xlsx; MAP_composite_all.xlsx
Papua Barat Daya,Papua Barat Daya,92,2022,10,2022-10-01,4,,,101.1,,,,,0,,51.8,4.75,15417,93.3,97.7,34,,,,,,,,,,,,-,,,,,,,,,,False,True,,new_province_no_map,no_data,Database Bulan + Tahun + Triwulan + MAP,baseline-v1,2026-07-03,Data untuk PHK Dashboard.xlsx; MAP_composite_all.xlsx
Papua Barat Daya,Papua Barat Daya,92,2022,11,2022-11-01,4,,,101.02,,,,,0,,50.3,5.25,15659,91.4,98.0,34,,,,,,,,,,,,-,,,,,,,,,,False,True,,new_province_no_map,no_data,Database Bulan + Tahun + Triwulan + MAP,baseline-v1,2026-07-03,Data untuk PHK Dashboard.xlsx; MAP_composite_all.xlsx
Papua Barat Daya,Papua Barat Daya,92,2022,12,2022-12-01,4,,,101.34,,,,,0,,50.9,5.5,15615,80.9,98.7,34,,,,,,,,,,,,-,,,,,,,,,,False,True,,new_province_no_map,no_data,Database Bulan + Tahun + Triwulan + MAP,baseline-v1,2026-07-03,Data untuk PHK Dashboard.xlsx; MAP_composite_all.xlsx
Papua Barat Daya,Papua Barat Daya,92,2023,1,2023-01-01,1,,,102.03,,,,,0,,51.3,5.75,15295,82.5,99.3,8,,,6.58,,,3864.696,,1.058596631,20.60256319,5914570.0,825359.0,-,,,,,,,,,,True,True,,new_province_no_map,no_data,Database Bulan + Tahun + Triwulan + MAP,baseline-v1,2026-07-03,Data untuk PHK Dashboard.xlsx; MAP_composite_all.xlsx
Papua Barat Daya,Papua Barat Daya,92,2023,2,2023-02-01,1,,,101.6,,,,,0,,51.2,5.75,15126,82.6,99.6,34,,,6.58,,,3864.696,,1.058596631,20.60256319,5914570.0,825359.0,-,,,,,,,,,,True,True,,new_province_no_map,no_data,Database Bulan + Tahun + Triwulan + MAP,baseline-v1,2026-07-03,Data untuk PHK Dashboard.xlsx; MAP_composite_all.xlsx
Papua Barat Daya,Papua Barat Daya,92,2023,3,2023-03-01,1,,,102.37,,,,,0,,51.9,5.75,15301,78.4,99.9,34,,,6.58,,,3864.696,,1.058596631,20.60256319,5914570.0,825359.0,-,,,,,,,,,,True,True,,new_province_no_map,no_data,Database Bulan + Tahun + Triwulan + MAP,baseline-v1,2026-07-03,Data untuk PHK Dashboard.xlsx; MAP_composite_all.xlsx
Papua Barat Daya,Papua Barat Daya,92,2023,4,2023-04-01,2,,,102.08,,,,,0,,52.7,5.75,14867,84.6,100.0,34,,,6.58,,,3864.696,,1.058596631,20.60256319,5901910.0,307029.8,-,,,,,,,,,,True,True,,new_province_no_map,no_data,Database Bulan + Tahun + Triwulan + MAP,baseline-v1,2026-07-03,Data untuk PHK Dashboard.xlsx; MAP_composite_all.xlsx
Papua Barat Daya,Papua Barat Daya,92,2023,5,2023-05-01,2,,,102.75,,,,,0,,50.3,5.75,14811,75.5,100.2,34,,,6.58,,,3864.696,,1.058596631,20.60256319,5901910.0,307029.8,-,,,,,,,,,,True,True,,new_province_no_map,no_data,Database Bulan + Tahun + Triwulan + MAP,baseline-v1,2026-07-03,Data untuk PHK Dashboard.xlsx; MAP_composite_all.xlsx
Papua Barat Daya,Papua Barat Daya,92,2023,6,2023-06-01,2,,,103.64,,,,,0,,52.5,5.75,14932,74.8,100.3,34,,,6.58,,,3864.696,,1.058596631,20.60256319,5901910.0,307029.8,-,,,,,,,,,,True,True,,new_province_no_map,no_data,Database Bulan + Tahun + Triwulan + MAP,baseline-v1,2026-07-03,Data untuk PHK Dashboard.xlsx; MAP_composite_all.xlsx
Papua Barat Daya,Papua Barat Daya,92,2023,7,2023-07-01,3,,,103.4,,,,,0,,53.3,5.75,15040,80.1,100.5,34,,,6.58,,,3864.696,,1.058596631,20.60256319,6004210.0,112690.5,-,,,,,,,,,,True,True,,new_province_no_map,no_data,Database Bulan + Tahun + Triwulan + MAP,baseline-v1,2026-07-03,Data untuk PHK Dashboard.xlsx; MAP_composite_all.xlsx
Papua Barat Daya,Papua Barat Daya,92,2023,8,2023-08-01,3,,,103.46,,,,,0,,53.9,5.75,15245,86.1,100.5,34,,,6.58,,,3864.696,,1.058596631,20.60256319,6004210.0,112690.5,-,,,,,,,,,,True,True,,new_province_no_map,no_data,Database Bulan + Tahun + Triwulan + MAP,baseline-v1,2026-07-03,Data untuk PHK Dashboard.xlsx; MAP_composite_all.xlsx
Papua Barat Daya,Papua Barat Daya,92,2023,9,2023-09-01,3,,,103.0,,,,,0,,52.3,5.75,15354,"93,7",100.9,34,,,6.58,,,3864.696,,1.058596631,20.60256319,6004210.0,112690.5,-,,,,,,,,,,True,True,,new_province_no_map,no_data,Database Bulan + Tahun + Triwulan + MAP,baseline-v1,2026-07-03,Data untuk PHK Dashboard.xlsx; MAP_composite_all.xlsx
Papua Barat Daya,Papua Barat Daya,92,2023,10,2023-10-01,4,,,103.44,,,,,0,,51.5,6.0,15741,90.6,101.2,34,,,6.58,,,3864.696,,1.058596631,20.60256319,6188440.0,168117.4,-,,,,,,,,,,True,True,,new_province_no_map,no_data,Database Bulan + Tahun + Triwulan + MAP,baseline-v1,2026-07-03,Data untuk PHK Dashboard.xlsx; MAP_composite_all.xlsx
Papua Barat Daya,Papua Barat Daya,92,2023,11,2023-11-01,4,,,103.07,,,,,0,,51.7,6.0,15617,82.9,101.4,34,,,6.58,,,3864.696,,1.058596631,20.60256319,6188440.0,168117.4,-,,,,,,,,,,True,True,,new_province_no_map,no_data,Database Bulan + Tahun + Triwulan + MAP,baseline-v1,2026-07-03,Data untuk PHK Dashboard.xlsx; MAP_composite_all.xlsx
Papua Barat Daya,Papua Barat Daya,92,2023,12,2023-12-01,4,,,103.42,,,,,0,,52.2,6.0,15513,77.6,101.8,34,,,6.58,,,3864.696,,1.058596631,20.60256319,6188440.0,168117.4,-,,,,,,,,,,True,True,,new_province_no_map,no_data,Database Bulan + Tahun + Triwulan + MAP,baseline-v1,2026-07-03,Data untuk PHK Dashboard.xlsx; MAP_composite_all.xlsx
Papua Barat Daya,Papua Barat Daya,92,2024,1,2024-01-01,1,,,103.55,1.49,0.13,,0.76,1899-12-29 05:45:36,,52.9,6.0,15611,80.1,102.1,9,,43.04,6.48,67.81,,4024.27,4.129018169,1.076201392,20.80747939,6065410.0,208396.2,295276,,,,,,,,,,True,True,,new_province_no_map,no_data,Database Bulan + Tahun + Triwulan + MAP,baseline-v1,2026-07-03,Data untuk PHK Dashboard.xlsx; MAP_composite_all.xlsx
Papua Barat Daya,Papua Barat Daya,92,2024,2,2024-02-01,1,,,103.44,1.81,-0.11,,,0,,52.7,6.0,15665,83.5,103.0,34,,43.04,6.48,67.81,,4024.27,4.129018169,1.076201392,20.80747939,6065410.0,208396.2,295276,,,,,,,,,,True,True,,new_province_no_map,no_data,Database Bulan + Tahun + Triwulan + MAP,baseline-v1,2026-07-03,Data untuk PHK Dashboard.xlsx; MAP_composite_all.xlsx
Papua Barat Daya,Papua Barat Daya,92,2024,3,2024-03-01,1,,,103.82,1.42,0.37,,,0,,54.2,6.0,15703,85.4,103.5,34,,43.04,6.48,67.81,,4024.27,4.129018169,1.076201392,20.80747939,6065410.0,208396.2,295276,,,,,,,,,,True,True,,new_province_no_map,no_data,Database Bulan + Tahun + Triwulan + MAP,baseline-v1,2026-07-03,Data untuk PHK Dashboard.xlsx; MAP_composite_all.xlsx
Papua Barat Daya,Papua Barat Daya,92,2024,4,2024-04-01,2,,,104.58,2.45,0.73,,,00:00:00,,52.9,6.25,16100,89.9,103.4,34,,43.04,6.48,67.81,,4024.27,4.129018169,1.076201392,20.80747939,6243560.0,448958.6,295276,,,,,,,,,,True,True,,new_province_no_map,no_data,Database Bulan + Tahun + Triwulan + MAP,baseline-v1,2026-07-03,Data untuk PHK Dashboard.xlsx; MAP_composite_all.xlsx
Papua Barat Daya,Papua Barat Daya,92,2024,5,2024-05-01,2,,,104.67,1.87,0.09,,4.37,1899-12-25 15:07:12,,52.1,6.25,16084,81.7,103.3,34,,43.04,6.48,67.81,,4024.27,4.129018169,1.076201392,20.80747939,6243560.0,448958.6,295276,,,,,,,,,,True,True,,new_province_no_map,no_data,Database Bulan + Tahun + Triwulan + MAP,baseline-v1,2026-07-03,Data untuk PHK Dashboard.xlsx; MAP_composite_all.xlsx
Papua Barat Daya,Papua Barat Daya,92,2024,6,2024-06-01,2,,,104.97,1.28,0.29,,,0,,50.7,6.25,16329,82.2,103.3,34,,43.04,6.48,67.81,,4024.27,4.129018169,1.076201392,20.80747939,6243560.0,448958.6,295276,,,,,,,,,,True,True,,new_province_no_map,no_data,Database Bulan + Tahun + Triwulan + MAP,baseline-v1,2026-07-03,Data untuk PHK Dashboard.xlsx; MAP_composite_all.xlsx
Papua Barat Daya,Papua Barat Daya,92,2024,7,2024-07-01,3,,,105.23,1.77,0.25,,0.93,-0.93,,49.3,6.25,16262,85.2,103.2,34,,43.04,6.48,67.81,,4024.27,4.129018169,1.076201392,20.80747939,6222410.0,83696.7,297745,,,,,,,,,,True,True,,new_province_no_map,no_data,Database Bulan + Tahun + Triwulan + MAP,baseline-v1,2026-07-03,Data untuk PHK Dashboard.xlsx; MAP_composite_all.xlsx
Papua Barat Daya,Papua Barat Daya,92,2024,8,2024-08-01,3,,,105.18,1.66,-0.05,,14.02,1899-12-15 23:31:12,,48.9,6.25,15793,80.4,103.1,34,,43.04,6.48,67.81,,4024.27,4.129018169,1.076201392,20.80747939,6222410.0,83696.7,297745,,,,,,,,,,True,True,,new_province_no_map,no_data,Database Bulan + Tahun + Triwulan + MAP,baseline-v1,2026-07-03,Data untuk PHK Dashboard.xlsx; MAP_composite_all.xlsx
Papua Barat Daya,Papua Barat Daya,92,2024,9,2024-09-01,3,,,105.67,2.59,0.47,,2.7,-2.7,,49.2,6.0,15341,74,102.9,34,,43.04,6.48,67.81,,4024.27,4.129018169,1.076201392,20.80747939,6222410.0,83696.7,297745,,,,,,,,,,True,True,,new_province_no_map,no_data,Database Bulan + Tahun + Triwulan + MAP,baseline-v1,2026-07-03,Data untuk PHK Dashboard.xlsx; MAP_composite_all.xlsx
Papua Barat Daya,Papua Barat Daya,92,2024,10,2024-10-01,4,,,105.51,2.0,-0.15,,,00:00:00,,49.2,6.0,15541,75.6,102.8,34,,43.04,6.48,67.81,,4024.27,4.129018169,1.076201392,20.80747939,6342340.0,577561.2,297745,,,,,,,,,,True,True,,new_province_no_map,no_data,Database Bulan + Tahun + Triwulan + MAP,baseline-v1,2026-07-03,Data untuk PHK Dashboard.xlsx; MAP_composite_all.xlsx
Papua Barat Daya,Papua Barat Daya,92,2024,11,2024-11-01,4,,,105.47,2.33,-0.04,,,00:00:00,,49.6,6.0,15812,74.3,103.0,34,,43.04,6.48,67.81,,4024.27,4.129018169,1.076201392,20.80747939,6342340.0,577561.2,297745,,,,,,,,,,True,True,,new_province_no_map,no_data,Database Bulan + Tahun + Triwulan + MAP,baseline-v1,2026-07-03,Data untuk PHK Dashboard.xlsx; MAP_composite_all.xlsx
Papua Barat Daya,Papua Barat Daya,92,2024,12,2024-12-01,4,,,105.35,1.87,-0.11,,4.67,1899-12-25 07:55:12,,51.2,6.0,16024,73.9,103.4,34,,43.04,6.48,67.81,,4024.27,4.129018169,1.076201392,20.80747939,6342340.0,577561.2,297745,,,,,,,,,,True,True,,new_province_no_map,no_data,Database Bulan + Tahun + Triwulan + MAP,baseline-v1,2026-07-03,Data untuk PHK Dashboard.xlsx; MAP_composite_all.xlsx
Papua Barat Daya,Papua Barat Daya,92,2025,1,2025-01-01,1,,,103.92,0.36,-1.36,,,0,,51.9,5.75,16262,79.3,104.2,34,,44.34,6.85,68.1,,4285.85,6.500060881,1.1167038,20.74805219,6357680.0,120518.5,300928,,,,,,,,,,True,True,,new_province_no_map,no_data,Database Bulan + Tahun + Triwulan + MAP,baseline-v1,2026-07-03,Data untuk PHK Dashboard.xlsx; MAP_composite_all.xlsx
Papua Barat Daya,Papua Barat Daya,92,2025,2,2025-02-01,1,,,102.93,-0.49,-0.95,,,0,,53.6,5.75,16338,75.4,104.3,34,,44.34,6.85,68.1,,4285.85,6.500060881,1.1167038,20.74805219,6357680.0,120518.5,300928,,,,,,,,,,True,True,,new_province_no_map,no_data,Database Bulan + Tahun + Triwulan + MAP,baseline-v1,2026-07-03,Data untuk PHK Dashboard.xlsx; MAP_composite_all.xlsx
Papua Barat Daya,Papua Barat Daya,92,2025,3,2025-03-01,1,,,104.07,0.24,1.11,,,0,,52.4,5.75,16456,72.7,105.1,34,,44.34,6.85,68.1,,4285.85,6.500060881,1.1167038,20.74805219,6357680.0,120518.5,300928,,,,,,,,,,True,True,,new_province_no_map,no_data,Database Bulan + Tahun + Triwulan + MAP,baseline-v1,2026-07-03,Data untuk PHK Dashboard.xlsx; MAP_composite_all.xlsx
Papua Barat Daya,Papua Barat Daya,92,2025,4,2025-04-01,2,,,105.01,0.41,0.9,,,0,,46.7,5.75,16820,68.1,105.1,34,,44.34,6.85,68.1,,4285.85,6.500060881,1.1167038,20.74805219,6442790.0,395971.2,300928,,,,,,,,,,True,True,,new_province_no_map,no_data,Database Bulan + Tahun + Triwulan + MAP,baseline-v1,2026-07-03,Data untuk PHK Dashboard.xlsx; MAP_composite_all.xlsx
Papua Barat Daya,Papua Barat Daya,92,2025,5,2025-05-01,2,,,105.05,0.36,0.04,,,0,,47.4,5.5,16441,64.5,104.6,34,,44.34,6.85,68.1,,4285.85,6.500060881,1.1167038,20.74805219,6442790.0,395971.2,300928,,,,,,,,,,True,True,,new_province_no_map,no_data,Database Bulan + Tahun + Triwulan + MAP,baseline-v1,2026-07-03,Data untuk PHK Dashboard.xlsx; MAP_composite_all.xlsx
Papua Barat Daya,Papua Barat Daya,92,2025,6,2025-06-01,2,,,105.49,0.5,0.42,,,0,,46.9,5.5,16311,71.4,104.7,34,,44.34,6.85,68.1,,4285.85,6.500060881,1.1167038,20.74805219,6442790.0,395971.2,300928,,,,,,,,,,True,True,,new_province_no_map,no_data,Database Bulan + Tahun + Triwulan + MAP,baseline-v1,2026-07-03,Data untuk PHK Dashboard.xlsx; MAP_composite_all.xlsx
Papua Barat Daya,Papua Barat Daya,92,2025,7,2025-07-01,3,,,106.24,0.96,0.71,,,0,,49.2,5.25,16276,71,105.2,34,,44.34,6.85,68.1,,4285.85,6.500060881,1.1167038,20.74805219,6472950.0,252488.9,301862,,,,,,,,,,True,True,,new_province_no_map,no_data,Database Bulan + Tahun + Triwulan + MAP,baseline-v1,2026-07-03,Data untuk PHK Dashboard.xlsx; MAP_composite_all.xlsx
Papua Barat Daya,Papua Barat Daya,92,2025,8,2025-08-01,3,,,107.16,1.88,0.87,,0.82,-0.82,,51.5,5.0,16309,67.9,105.2,34,,44.34,6.85,68.1,,4285.85,6.500060881,1.1167038,20.74805219,6472950.0,252488.9,301862,,,,,,,,,,True,True,,new_province_no_map,no_data,Database Bulan + Tahun + Triwulan + MAP,baseline-v1,2026-07-03,Data untuk PHK Dashboard.xlsx; MAP_composite_all.xlsx
Papua Barat Daya,Papua Barat Daya,92,2025,9,2025-09-01,3,,,107.04,1.3,-0.11,,,0,,50.4,4.75,16512,68,105.3,34,,44.34,6.85,68.1,,4285.85,6.500060881,1.1167038,20.74805219,6472950.0,252488.9,301862,,,,,,,,,,True,True,,new_province_no_map,no_data,Database Bulan + Tahun + Triwulan + MAP,baseline-v1,2026-07-03,Data untuk PHK Dashboard.xlsx; MAP_composite_all.xlsx
Papua Barat Daya,Papua Barat Daya,92,2025,10,2025-10-01,4,,,106.95,1.36,-0.08,,0.0,0,,51.2,4.75,16607,64.5,105.5,34,,44.34,6.85,68.1,,4285.85,6.500060881,1.1167038,20.74805219,6601820.0,137041.9,301862,,,,,,,,,,True,True,,new_province_no_map,no_data,Database Bulan + Tahun + Triwulan + MAP,baseline-v1,2026-07-03,Data untuk PHK Dashboard.xlsx; MAP_composite_all.xlsx
Papua Barat Daya,Papua Barat Daya,92,2025,11,2025-11-01,4,,,106.93,1.38,-0.02,,,0,,53.3,4.75,16703,63.8,105.4,34,,44.34,6.85,68.1,,4285.85,6.500060881,1.1167038,20.74805219,6601820.0,137041.9,301862,,,,,,,,,,True,True,,new_province_no_map,no_data,Database Bulan + Tahun + Triwulan + MAP,baseline-v1,2026-07-03,Data untuk PHK Dashboard.xlsx; MAP_composite_all.xlsx
Papua Barat Daya,Papua Barat Daya,92,2025,12,2025-12-01,4,,,107.62,2.15,0.65,,,0,,51.2,4.75,16699,62.5,106.3,27,,44.34,6.85,68.1,,4285.85,6.500060881,1.1167038,20.74805219,6601820.0,137041.9,301862,,,,,,,,,,True,True,,new_province_no_map,no_data,Database Bulan + Tahun + Triwulan + MAP,baseline-v1,2026-07-03,Data untuk PHK Dashboard.xlsx; MAP_composite_all.xlsx
Papua Pegunungan,Papua Pegunungan,91,2022,1,2022-01-01,1,,,98.72,,,,,0,,53.7,3.5,14335,86.5,94.0,0,,,,,,,,,,,,,,,,,,,,,,False,False,,new_province_no_map,no_data,Database Bulan + Tahun + Triwulan + MAP,baseline-v1,2026-07-03,Data untuk PHK Dashboard.xlsx; MAP_composite_all.xlsx
Papua Pegunungan,Papua Pegunungan,91,2022,2,2022-02-01,1,,,98.75,,,,,0,,51.2,3.5,14351,97.1,94.0,0,,,,,,,,,,,,,,,,,,,,,,False,False,,new_province_no_map,no_data,Database Bulan + Tahun + Triwulan + MAP,baseline-v1,2026-07-03,Data untuk PHK Dashboard.xlsx; MAP_composite_all.xlsx
Papua Pegunungan,Papua Pegunungan,91,2022,3,2022-03-01,1,,,98.84,,,,,0,,51.3,3.5,14349,117.2,94.7,0,,,,,,,,,,,,,,,,,,,,,,False,False,,new_province_no_map,no_data,Database Bulan + Tahun + Triwulan + MAP,baseline-v1,2026-07-03,Data untuk PHK Dashboard.xlsx; MAP_composite_all.xlsx
Papua Pegunungan,Papua Pegunungan,91,2022,4,2022-04-01,2,,,99.72,,,,,0,,51.9,3.5,14369,104.6,95.6,0,,,,,,,,,,,,-,,,,,,,,,,False,True,,new_province_no_map,no_data,Database Bulan + Tahun + Triwulan + MAP,baseline-v1,2026-07-03,Data untuk PHK Dashboard.xlsx; MAP_composite_all.xlsx
Papua Pegunungan,Papua Pegunungan,91,2022,5,2022-05-01,2,,,98.5,,,,,0,,50.8,3.5,14608,113.3,95.9,0,,,,,,,,,,,,-,,,,,,,,,,False,True,,new_province_no_map,no_data,Database Bulan + Tahun + Triwulan + MAP,baseline-v1,2026-07-03,Data untuk PHK Dashboard.xlsx; MAP_composite_all.xlsx
Papua Pegunungan,Papua Pegunungan,91,2022,6,2022-06-01,2,,,99.85,,,,,0,,50.2,3.5,14689,122.7,96.6,0,,,,,,,,,,,,-,,,,,,,,,,False,True,,new_province_no_map,no_data,Database Bulan + Tahun + Triwulan + MAP,baseline-v1,2026-07-03,Data untuk PHK Dashboard.xlsx; MAP_composite_all.xlsx
Papua Pegunungan,Papua Pegunungan,91,2022,7,2022-07-01,3,,,99.31,,,,,0,,51.3,3.5,14984,111.9,97.0,0,,,,,,,,,,,,-,,,,,,,,,,False,True,,new_province_no_map,no_data,Database Bulan + Tahun + Triwulan + MAP,baseline-v1,2026-07-03,Data untuk PHK Dashboard.xlsx; MAP_composite_all.xlsx
Papua Pegunungan,Papua Pegunungan,91,2022,8,2022-08-01,3,,,100.05,,,,,0,,51.7,3.75,14851,100.4,96.9,0,,,,,,,,,,,,-,,,,,,,,,,False,True,,new_province_no_map,no_data,Database Bulan + Tahun + Triwulan + MAP,baseline-v1,2026-07-03,Data untuk PHK Dashboard.xlsx; MAP_composite_all.xlsx
Papua Pegunungan,Papua Pegunungan,91,2022,9,2022-09-01,3,,,100.58,,,,,0,,53.7,4.25,14972,89.8,97.7,0,,,,,,,,,,,,-,,,,,,,,,,False,True,,new_province_no_map,no_data,Database Bulan + Tahun + Triwulan + MAP,baseline-v1,2026-07-03,Data untuk PHK Dashboard.xlsx; MAP_composite_all.xlsx
Papua Pegunungan,Papua Pegunungan,91,2022,10,2022-10-01,4,,,101.44,,,,,0,,51.8,4.75,15417,93.3,97.7,34,,,,,,,,,,,,-,,,,,,,,,,False,True,,new_province_no_map,no_data,Database Bulan + Tahun + Triwulan + MAP,baseline-v1,2026-07-03,Data untuk PHK Dashboard.xlsx; MAP_composite_all.xlsx
Papua Pegunungan,Papua Pegunungan,91,2022,11,2022-11-01,4,,,101.12,,,,,0,,50.3,5.25,15659,91.4,98.0,34,,,,,,,,,,,,-,,,,,,,,,,False,True,,new_province_no_map,no_data,Database Bulan + Tahun + Triwulan + MAP,baseline-v1,2026-07-03,Data untuk PHK Dashboard.xlsx; MAP_composite_all.xlsx
Papua Pegunungan,Papua Pegunungan,91,2022,12,2022-12-01,4,,,103.12,,,,,0,,50.9,5.5,15615,80.9,98.7,34,,,,,,,,,,,,-,,,,,,,,,,False,True,,new_province_no_map,no_data,Database Bulan + Tahun + Triwulan + MAP,baseline-v1,2026-07-03,Data untuk PHK Dashboard.xlsx; MAP_composite_all.xlsx
Papua Pegunungan,Papua Pegunungan,91,2023,1,2023-01-01,1,,,103.13,,,,,0,,51.3,5.75,15295,82.5,99.3,8,,,1.02,,,3282.0,,0.6947697723,0.8623268172,3193580.0,,-,,,,,,,,,,True,True,,new_province_no_map,no_data,Database Bulan + Tahun + Triwulan + MAP,baseline-v1,2026-07-03,Data untuk PHK Dashboard.xlsx; MAP_composite_all.xlsx
Papua Pegunungan,Papua Pegunungan,91,2023,2,2023-02-01,1,,,103.67,,,,,0,,51.2,5.75,15126,82.6,99.6,34,,,1.02,,,3282.0,,0.6947697723,0.8623268172,3193580.0,,-,,,,,,,,,,True,True,,new_province_no_map,no_data,Database Bulan + Tahun + Triwulan + MAP,baseline-v1,2026-07-03,Data untuk PHK Dashboard.xlsx; MAP_composite_all.xlsx
Papua Pegunungan,Papua Pegunungan,91,2023,3,2023-03-01,1,,,104.2,,,,,0,,51.9,5.75,15301,78.4,99.9,34,,,1.02,,,3282.0,,0.6947697723,0.8623268172,3193580.0,,-,,,,,,,,,,True,True,,new_province_no_map,no_data,Database Bulan + Tahun + Triwulan + MAP,baseline-v1,2026-07-03,Data untuk PHK Dashboard.xlsx; MAP_composite_all.xlsx
Papua Pegunungan,Papua Pegunungan,91,2023,4,2023-04-01,2,,,104.96,,,,,0,,52.7,5.75,14867,84.6,100.0,34,,,1.02,,,3282.0,,0.6947697723,0.8623268172,3268420.0,,-,,,,,,,,,,True,True,,new_province_no_map,no_data,Database Bulan + Tahun + Triwulan + MAP,baseline-v1,2026-07-03,Data untuk PHK Dashboard.xlsx; MAP_composite_all.xlsx
Papua Pegunungan,Papua Pegunungan,91,2023,5,2023-05-01,2,,,105.23,,,,,0,,50.3,5.75,14811,75.5,100.2,34,,,1.02,,,3282.0,,0.6947697723,0.8623268172,3268420.0,,-,,,,,,,,,,True,True,,new_province_no_map,no_data,Database Bulan + Tahun + Triwulan + MAP,baseline-v1,2026-07-03,Data untuk PHK Dashboard.xlsx; MAP_composite_all.xlsx
Papua Pegunungan,Papua Pegunungan,91,2023,6,2023-06-01,2,,,105.34,,,,,0,,52.5,5.75,14932,74.8,100.3,34,,,1.02,,,3282.0,,0.6947697723,0.8623268172,3268420.0,,-,,,,,,,,,,True,True,,new_province_no_map,no_data,Database Bulan + Tahun + Triwulan + MAP,baseline-v1,2026-07-03,Data untuk PHK Dashboard.xlsx; MAP_composite_all.xlsx
Papua Pegunungan,Papua Pegunungan,91,2023,7,2023-07-01,3,,,105.43,,,,,0,,53.3,5.75,15040,80.1,100.5,34,,,1.02,,,3282.0,,0.6947697723,0.8623268172,3270680.0,,-,,,,,,,,,,True,True,,new_province_no_map,no_data,Database Bulan + Tahun + Triwulan + MAP,baseline-v1,2026-07-03,Data untuk PHK Dashboard.xlsx; MAP_composite_all.xlsx
Papua Pegunungan,Papua Pegunungan,91,2023,8,2023-08-01,3,,,105.45,,,,,0,,53.9,5.75,15245,86.1,100.5,34,,,1.02,,,3282.0,,0.6947697723,0.8623268172,3270680.0,,-,,,,,,,,,,True,True,,new_province_no_map,no_data,Database Bulan + Tahun + Triwulan + MAP,baseline-v1,2026-07-03,Data untuk PHK Dashboard.xlsx; MAP_composite_all.xlsx
Papua Pegunungan,Papua Pegunungan,91,2023,9,2023-09-01,3,,,105.74,,,,,0,,52.3,5.75,15354,"93,7",100.9,34,,,1.02,,,3282.0,,0.6947697723,0.8623268172,3270680.0,,-,,,,,,,,,,True,True,,new_province_no_map,no_data,Database Bulan + Tahun + Triwulan + MAP,baseline-v1,2026-07-03,Data untuk PHK Dashboard.xlsx; MAP_composite_all.xlsx
Papua Pegunungan,Papua Pegunungan,91,2023,10,2023-10-01,4,,,106.32,,,,,0,,51.5,6.0,15741,90.6,101.2,34,,,1.02,,,3282.0,,0.6947697723,0.8623268172,3439820.0,,-,,,,,,,,,,True,True,,new_province_no_map,no_data,Database Bulan + Tahun + Triwulan + MAP,baseline-v1,2026-07-03,Data untuk PHK Dashboard.xlsx; MAP_composite_all.xlsx
Papua Pegunungan,Papua Pegunungan,91,2023,11,2023-11-01,4,,,105.42,,,,,0,,51.7,6.0,15617,82.9,101.4,34,,,1.02,,,3282.0,,0.6947697723,0.8623268172,3439820.0,,-,,,,,,,,,,True,True,,new_province_no_map,no_data,Database Bulan + Tahun + Triwulan + MAP,baseline-v1,2026-07-03,Data untuk PHK Dashboard.xlsx; MAP_composite_all.xlsx
Papua Pegunungan,Papua Pegunungan,91,2023,12,2023-12-01,4,,,106.11,,,,,0,,52.2,6.0,15513,77.6,101.8,34,,,1.02,,,3282.0,,0.6947697723,0.8623268172,3439820.0,,-,,,,,,,,,,True,True,,new_province_no_map,no_data,Database Bulan + Tahun + Triwulan + MAP,baseline-v1,2026-07-03,Data untuk PHK Dashboard.xlsx; MAP_composite_all.xlsx
Papua Pegunungan,Papua Pegunungan,91,2024,1,2024-01-01,1,,,107.18,3.93,1.01,,,0,,52.9,6.0,15611,80.1,102.1,9,,4.24,1.32,88.22,,3393.5,3.397318708,0.8297315543,0.8521755515,3353470.0,,998028,,,,,,,,,,True,True,,new_province_no_map,no_data,Database Bulan + Tahun + Triwulan + MAP,baseline-v1,2026-07-03,Data untuk PHK Dashboard.xlsx; MAP_composite_all.xlsx
Papua Pegunungan,Papua Pegunungan,91,2024,2,2024-02-01,1,,,106.65,2.87,-0.49,,,0,,52.7,6.0,15665,83.5,103.0,34,,4.24,1.32,88.22,,3393.5,3.397318708,0.8297315543,0.8521755515,3353470.0,,998028,,,,,,,,,,True,True,,new_province_no_map,no_data,Database Bulan + Tahun + Triwulan + MAP,baseline-v1,2026-07-03,Data untuk PHK Dashboard.xlsx; MAP_composite_all.xlsx
Papua Pegunungan,Papua Pegunungan,91,2024,3,2024-03-01,1,,,106.67,2.37,0.02,,,0,,54.2,6.0,15703,85.4,103.5,34,,4.24,1.32,88.22,,3393.5,3.397318708,0.8297315543,0.8521755515,3353470.0,,998028,,,,,,,,,,True,True,,new_province_no_map,no_data,Database Bulan + Tahun + Triwulan + MAP,baseline-v1,2026-07-03,Data untuk PHK Dashboard.xlsx; MAP_composite_all.xlsx
Papua Pegunungan,Papua Pegunungan,91,2024,4,2024-04-01,2,,,107.8,2.71,1.06,,,0,,52.9,6.25,16100,89.9,103.4,34,,4.24,1.32,88.22,,3393.5,3.397318708,0.8297315543,0.8521755515,3463800.0,,998028,,,,,,,,,,True,True,,new_province_no_map,no_data,Database Bulan + Tahun + Triwulan + MAP,baseline-v1,2026-07-03,Data untuk PHK Dashboard.xlsx; MAP_composite_all.xlsx
Papua Pegunungan,Papua Pegunungan,91,2024,5,2024-05-01,2,,,108.99,3.57,1.1,,,0,,52.1,6.25,16084,81.7,103.3,34,,4.24,1.32,88.22,,3393.5,3.397318708,0.8297315543,0.8521755515,3463800.0,,998028,,,,,,,,,,True,True,,new_province_no_map,no_data,Database Bulan + Tahun + Triwulan + MAP,baseline-v1,2026-07-03,Data untuk PHK Dashboard.xlsx; MAP_composite_all.xlsx
Papua Pegunungan,Papua Pegunungan,91,2024,6,2024-06-01,2,,,111.29,5.65,2.11,,,0,,50.7,6.25,16329,82.2,103.3,34,,4.24,1.32,88.22,,3393.5,3.397318708,0.8297315543,0.8521755515,3463800.0,,998028,,,,,,,,,,True,True,,new_province_no_map,no_data,Database Bulan + Tahun + Triwulan + MAP,baseline-v1,2026-07-03,Data untuk PHK Dashboard.xlsx; MAP_composite_all.xlsx
Papua Pegunungan,Papua Pegunungan,91,2024,7,2024-07-01,3,,,110.8,5.09,-0.44,,,0,,49.3,6.25,16262,85.2,103.2,34,,4.24,1.32,88.22,,3393.5,3.397318708,0.8297315543,0.8521755515,3450010.0,,1008418,,,,,,,,,,True,True,,new_province_no_map,no_data,Database Bulan + Tahun + Triwulan + MAP,baseline-v1,2026-07-03,Data untuk PHK Dashboard.xlsx; MAP_composite_all.xlsx
Papua Pegunungan,Papua Pegunungan,91,2024,8,2024-08-01,3,,,110.78,5.05,-0.02,,,0,,48.9,6.25,15793,80.4,103.1,34,,4.24,1.32,88.22,,3393.5,3.397318708,0.8297315543,0.8521755515,3450010.0,,1008418,,,,,,,,,,True,True,,new_province_no_map,no_data,Database Bulan + Tahun + Triwulan + MAP,baseline-v1,2026-07-03,Data untuk PHK Dashboard.xlsx; MAP_composite_all.xlsx
Papua Pegunungan,Papua Pegunungan,91,2024,9,2024-09-01,3,,,110.12,4.14,-0.6,,,0,,49.2,6.0,15341,74,102.9,34,,4.24,1.32,88.22,,3393.5,3.397318708,0.8297315543,0.8521755515,3450010.0,,1008418,,,,,,,,,,True,True,,new_province_no_map,no_data,Database Bulan + Tahun + Triwulan + MAP,baseline-v1,2026-07-03,Data untuk PHK Dashboard.xlsx; MAP_composite_all.xlsx
Papua Pegunungan,Papua Pegunungan,91,2024,10,2024-10-01,4,,,109.35,2.85,-0.7,,,0,,49.2,6.0,15541,75.6,102.8,34,,4.24,1.32,88.22,,3393.5,3.397318708,0.8297315543,0.8521755515,3531470.0,,1008418,,,,,,,,,,True,True,,new_province_no_map,no_data,Database Bulan + Tahun + Triwulan + MAP,baseline-v1,2026-07-03,Data untuk PHK Dashboard.xlsx; MAP_composite_all.xlsx
Papua Pegunungan,Papua Pegunungan,91,2024,11,2024-11-01,4,,,109.19,3.58,-0.15,,,0,,49.6,6.0,15812,74.3,103.0,34,,4.24,1.32,88.22,,3393.5,3.397318708,0.8297315543,0.8521755515,3531470.0,,1008418,,,,,,,,,,True,True,,new_province_no_map,no_data,Database Bulan + Tahun + Triwulan + MAP,baseline-v1,2026-07-03,Data untuk PHK Dashboard.xlsx; MAP_composite_all.xlsx
Papua Pegunungan,Papua Pegunungan,91,2024,12,2024-12-01,4,,,111.8,5.36,2.39,,,0,,51.2,6.0,16024,73.9,103.4,34,,4.24,1.32,88.22,,3393.5,3.397318708,0.8297315543,0.8521755515,3531470.0,,1008418,,,,,,,,,,True,True,,new_province_no_map,no_data,Database Bulan + Tahun + Triwulan + MAP,baseline-v1,2026-07-03,Data untuk PHK Dashboard.xlsx; MAP_composite_all.xlsx
Papua Pegunungan,Papua Pegunungan,91,2025,1,2025-01-01,1,,,112.06,4.55,0.23,,,0,,51.9,5.75,16262,79.3,104.2,34,,4.7,1.68,90.66,,3614.0,6.497716222,0.9168991051,0.8524267233,3454690.0,,1008269,,,,,,,,,,True,True,,new_province_no_map,no_data,Database Bulan + Tahun + Triwulan + MAP,baseline-v1,2026-07-03,Data untuk PHK Dashboard.xlsx; MAP_composite_all.xlsx
Papua Pegunungan,Papua Pegunungan,91,2025,2,2025-02-01,1,,,115.17,7.99,2.78,,,0,,53.6,5.75,16338,75.4,104.3,34,,4.7,1.68,90.66,,3614.0,6.497716222,0.9168991051,0.8524267233,3454690.0,,1008269,,,,,,,,,,True,True,,new_province_no_map,no_data,Database Bulan + Tahun + Triwulan + MAP,baseline-v1,2026-07-03,Data untuk PHK Dashboard.xlsx; MAP_composite_all.xlsx
Papua Pegunungan,Papua Pegunungan,91,2025,3,2025-03-01,1,,,115.26,8.05,0.08,,,0,,52.4,5.75,16456,72.7,105.1,34,,4.7,1.68,90.66,,3614.0,6.497716222,0.9168991051,0.8524267233,3454690.0,,1008269,,,,,,,,,,True,True,,new_province_no_map,no_data,Database Bulan + Tahun + Triwulan + MAP,baseline-v1,2026-07-03,Data untuk PHK Dashboard.xlsx; MAP_composite_all.xlsx
Papua Pegunungan,Papua Pegunungan,91,2025,4,2025-04-01,2,,,114.22,5.96,-0.9,,,0,,46.7,5.75,16820,68.1,105.1,34,,4.7,1.68,90.66,,3614.0,6.497716222,0.9168991051,0.8524267233,3573440.0,,1008269,,,,,,,,,,True,True,,new_province_no_map,no_data,Database Bulan + Tahun + Triwulan + MAP,baseline-v1,2026-07-03,Data untuk PHK Dashboard.xlsx; MAP_composite_all.xlsx
Papua Pegunungan,Papua Pegunungan,91,2025,5,2025-05-01,2,,,115.26,5.75,0.91,,,0,,47.4,5.5,16441,64.5,104.6,34,,4.7,1.68,90.66,,3614.0,6.497716222,0.9168991051,0.8524267233,3573440.0,,1008269,,,,,,,,,,True,True,,new_province_no_map,no_data,Database Bulan + Tahun + Triwulan + MAP,baseline-v1,2026-07-03,Data untuk PHK Dashboard.xlsx; MAP_composite_all.xlsx
Papua Pegunungan,Papua Pegunungan,91,2025,6,2025-06-01,2,,,113.53,2.01,-1.5,,,0,,46.9,5.5,16311,71.4,104.7,34,,4.7,1.68,90.66,,3614.0,6.497716222,0.9168991051,0.8524267233,3573440.0,,1008269,,,,,,,,,,True,True,,new_province_no_map,no_data,Database Bulan + Tahun + Triwulan + MAP,baseline-v1,2026-07-03,Data untuk PHK Dashboard.xlsx; MAP_composite_all.xlsx
Papua Pegunungan,Papua Pegunungan,91,2025,7,2025-07-01,3,,,115.4,4.15,1.65,,,0,,49.2,5.25,16276,71,105.2,34,,4.7,1.68,90.66,,3614.0,6.497716222,0.9168991051,0.8524267233,3599750.0,,1040001,,,,,,,,,,True,True,,new_province_no_map,no_data,Database Bulan + Tahun + Triwulan + MAP,baseline-v1,2026-07-03,Data untuk PHK Dashboard.xlsx; MAP_composite_all.xlsx
Papua Pegunungan,Papua Pegunungan,91,2025,8,2025-08-01,3,,,114.89,3.71,-0.44,,,0,,51.5,5.0,16309,67.9,105.2,34,,4.7,1.68,90.66,,3614.0,6.497716222,0.9168991051,0.8524267233,3599750.0,,1040001,,,,,,,,,,True,True,,new_province_no_map,no_data,Database Bulan + Tahun + Triwulan + MAP,baseline-v1,2026-07-03,Data untuk PHK Dashboard.xlsx; MAP_composite_all.xlsx
Papua Pegunungan,Papua Pegunungan,91,2025,9,2025-09-01,3,,,114.03,3.55,-0.75,,,0,,50.4,4.75,16512,68,105.3,34,,4.7,1.68,90.66,,3614.0,6.497716222,0.9168991051,0.8524267233,3599750.0,,1040001,,,,,,,,,,True,True,,new_province_no_map,no_data,Database Bulan + Tahun + Triwulan + MAP,baseline-v1,2026-07-03,Data untuk PHK Dashboard.xlsx; MAP_composite_all.xlsx
Papua Pegunungan,Papua Pegunungan,91,2025,10,2025-10-01,4,,,112.98,3.32,-0.92,,,0,,51.2,4.75,16607,64.5,105.5,34,,4.7,1.68,90.66,,3614.0,6.497716222,0.9168991051,0.8524267233,3687680.0,,1040001,,,,,,,,,,True,True,,new_province_no_map,no_data,Database Bulan + Tahun + Triwulan + MAP,baseline-v1,2026-07-03,Data untuk PHK Dashboard.xlsx; MAP_composite_all.xlsx
Papua Pegunungan,Papua Pegunungan,91,2025,11,2025-11-01,4,,,113.61,4.05,0.56,,,0,,53.3,4.75,16703,63.8,105.4,34,,4.7,1.68,90.66,,3614.0,6.497716222,0.9168991051,0.8524267233,3687680.0,,1040001,,,,,,,,,,True,True,,new_province_no_map,no_data,Database Bulan + Tahun + Triwulan + MAP,baseline-v1,2026-07-03,Data untuk PHK Dashboard.xlsx; MAP_composite_all.xlsx
Papua Pegunungan,Papua Pegunungan,91,2025,12,2025-12-01,4,,,115.4,3.22,1.58,,,0,,51.2,4.75,16699,62.5,106.3,27,,4.7,1.68,90.66,,3614.0,6.497716222,0.9168991051,0.8524267233,3687680.0,,1040001,,,,,,,,,,True,True,,new_province_no_map,no_data,Database Bulan + Tahun + Triwulan + MAP,baseline-v1,2026-07-03,Data untuk PHK Dashboard.xlsx; MAP_composite_all.xlsx
Papua Selatan,Papua Selatan,91,2022,1,2022-01-01,1,,,98.15,,,,,0,,53.7,3.5,14335,86.5,94.0,0,,,,,,,,,,,,,,,,,,,,,,False,False,,new_province_no_map,no_data,Database Bulan + Tahun + Triwulan + MAP,baseline-v1,2026-07-03,Data untuk PHK Dashboard.xlsx; MAP_composite_all.xlsx
Papua Selatan,Papua Selatan,91,2022,2,2022-02-01,1,,,98.38,,,,,0,,51.2,3.5,14351,97.1,94.0,0,,,,,,,,,,,,,,,,,,,,,,False,False,,new_province_no_map,no_data,Database Bulan + Tahun + Triwulan + MAP,baseline-v1,2026-07-03,Data untuk PHK Dashboard.xlsx; MAP_composite_all.xlsx
Papua Selatan,Papua Selatan,91,2022,3,2022-03-01,1,,,99.38,,,,,0,,51.3,3.5,14349,117.2,94.7,0,,,,,,,,,,,,,,,,,,,,,,False,False,,new_province_no_map,no_data,Database Bulan + Tahun + Triwulan + MAP,baseline-v1,2026-07-03,Data untuk PHK Dashboard.xlsx; MAP_composite_all.xlsx
Papua Selatan,Papua Selatan,91,2022,4,2022-04-01,2,,,100.11,,,,,0,,51.9,3.5,14369,104.6,95.6,0,,,,,,,,,,,,-,,,,,,,,,,False,True,,new_province_no_map,no_data,Database Bulan + Tahun + Triwulan + MAP,baseline-v1,2026-07-03,Data untuk PHK Dashboard.xlsx; MAP_composite_all.xlsx
Papua Selatan,Papua Selatan,91,2022,5,2022-05-01,2,,,100.43,,,,,0,,50.8,3.5,14608,113.3,95.9,0,,,,,,,,,,,,-,,,,,,,,,,False,True,,new_province_no_map,no_data,Database Bulan + Tahun + Triwulan + MAP,baseline-v1,2026-07-03,Data untuk PHK Dashboard.xlsx; MAP_composite_all.xlsx
Papua Selatan,Papua Selatan,91,2022,6,2022-06-01,2,,,100.18,,,,,0,,50.2,3.5,14689,122.7,96.6,0,,,,,,,,,,,,-,,,,,,,,,,False,True,,new_province_no_map,no_data,Database Bulan + Tahun + Triwulan + MAP,baseline-v1,2026-07-03,Data untuk PHK Dashboard.xlsx; MAP_composite_all.xlsx
Papua Selatan,Papua Selatan,91,2022,7,2022-07-01,3,,,100.44,,,,,0,,51.3,3.5,14984,111.9,97.0,0,,,,,,,,,,,,-,,,,,,,,,,False,True,,new_province_no_map,no_data,Database Bulan + Tahun + Triwulan + MAP,baseline-v1,2026-07-03,Data untuk PHK Dashboard.xlsx; MAP_composite_all.xlsx
Papua Selatan,Papua Selatan,91,2022,8,2022-08-01,3,,,99.93,,,,,0,,51.7,3.75,14851,100.4,96.9,0,,,,,,,,,,,,-,,,,,,,,,,False,True,,new_province_no_map,no_data,Database Bulan + Tahun + Triwulan + MAP,baseline-v1,2026-07-03,Data untuk PHK Dashboard.xlsx; MAP_composite_all.xlsx
Papua Selatan,Papua Selatan,91,2022,9,2022-09-01,3,,,100.28,,,,,0,,53.7,4.25,14972,89.8,97.7,0,,,,,,,,,,,,-,,,,,,,,,,False,True,,new_province_no_map,no_data,Database Bulan + Tahun + Triwulan + MAP,baseline-v1,2026-07-03,Data untuk PHK Dashboard.xlsx; MAP_composite_all.xlsx
Papua Selatan,Papua Selatan,91,2022,10,2022-10-01,4,,,100.38,,,,,0,,51.8,4.75,15417,93.3,97.7,34,,,,,,,,,,,,-,,,,,,,,,,False,True,,new_province_no_map,no_data,Database Bulan + Tahun + Triwulan + MAP,baseline-v1,2026-07-03,Data untuk PHK Dashboard.xlsx; MAP_composite_all.xlsx
Papua Selatan,Papua Selatan,91,2022,11,2022-11-01,4,,,100.65,,,,,0,,50.3,5.25,15659,91.4,98.0,34,,,,,,,,,,,,-,,,,,,,,,,False,True,,new_province_no_map,no_data,Database Bulan + Tahun + Triwulan + MAP,baseline-v1,2026-07-03,Data untuk PHK Dashboard.xlsx; MAP_composite_all.xlsx
Papua Selatan,Papua Selatan,91,2022,12,2022-12-01,4,,,101.69,,,,,0,,50.9,5.5,15615,80.9,98.7,34,,,,,,,,,,,,-,,,,,,,,,,False,True,,new_province_no_map,no_data,Database Bulan + Tahun + Triwulan + MAP,baseline-v1,2026-07-03,Data untuk PHK Dashboard.xlsx; MAP_composite_all.xlsx
Papua Selatan,Papua Selatan,91,2023,1,2023-01-01,1,,,102.01,,,,,0,,51.3,5.75,15295,82.5,99.3,8,,,3.38,,,3864.696,,1.131236376,6.156479838,4342580.0,245843.9,-,,,,,,,,,,True,True,,new_province_no_map,no_data,Database Bulan + Tahun + Triwulan + MAP,baseline-v1,2026-07-03,Data untuk PHK Dashboard.xlsx; MAP_composite_all.xlsx
Papua Selatan,Papua Selatan,91,2023,2,2023-02-01,1,,,102.0,,,,,0,,51.2,5.75,15126,82.6,99.6,34,,,3.38,,,3864.696,,1.131236376,6.156479838,4342580.0,245843.9,-,,,,,,,,,,True,True,,new_province_no_map,no_data,Database Bulan + Tahun + Triwulan + MAP,baseline-v1,2026-07-03,Data untuk PHK Dashboard.xlsx; MAP_composite_all.xlsx
Papua Selatan,Papua Selatan,91,2023,3,2023-03-01,1,,,102.72,,,,,0,,51.9,5.75,15301,78.4,99.9,34,,,3.38,,,3864.696,,1.131236376,6.156479838,4342580.0,245843.9,-,,,,,,,,,,True,True,,new_province_no_map,no_data,Database Bulan + Tahun + Triwulan + MAP,baseline-v1,2026-07-03,Data untuk PHK Dashboard.xlsx; MAP_composite_all.xlsx
Papua Selatan,Papua Selatan,91,2023,4,2023-04-01,2,,,103.72,,,,,0,,52.7,5.75,14867,84.6,100.0,34,,,3.38,,,3864.696,,1.131236376,6.156479838,4456080.0,130105.3,-,,,,,,,,,,True,True,,new_province_no_map,no_data,Database Bulan + Tahun + Triwulan + MAP,baseline-v1,2026-07-03,Data untuk PHK Dashboard.xlsx; MAP_composite_all.xlsx
Papua Selatan,Papua Selatan,91,2023,5,2023-05-01,2,,,104.63,,,,,0,,50.3,5.75,14811,75.5,100.2,34,,,3.38,,,3864.696,,1.131236376,6.156479838,4456080.0,130105.3,-,,,,,,,,,,True,True,,new_province_no_map,no_data,Database Bulan + Tahun + Triwulan + MAP,baseline-v1,2026-07-03,Data untuk PHK Dashboard.xlsx; MAP_composite_all.xlsx
Papua Selatan,Papua Selatan,91,2023,6,2023-06-01,2,,,105.65,,,,,0,,52.5,5.75,14932,74.8,100.3,34,,,3.38,,,3864.696,,1.131236376,6.156479838,4456080.0,130105.3,-,,,,,,,,,,True,True,,new_province_no_map,no_data,Database Bulan + Tahun + Triwulan + MAP,baseline-v1,2026-07-03,Data untuk PHK Dashboard.xlsx; MAP_composite_all.xlsx
Papua Selatan,Papua Selatan,91,2023,7,2023-07-01,3,,,105.54,,,,,0,,53.3,5.75,15040,80.1,100.5,34,,,3.38,,,3864.696,,1.131236376,6.156479838,4540980.0,632303.7,-,,,,,,,,,,True,True,,new_province_no_map,no_data,Database Bulan + Tahun + Triwulan + MAP,baseline-v1,2026-07-03,Data untuk PHK Dashboard.xlsx; MAP_composite_all.xlsx
Papua Selatan,Papua Selatan,91,2023,8,2023-08-01,3,,,105.19,,,,,0,,53.9,5.75,15245,86.1,100.5,34,,,3.38,,,3864.696,,1.131236376,6.156479838,4540980.0,632303.7,-,,,,,,,,,,True,True,,new_province_no_map,no_data,Database Bulan + Tahun + Triwulan + MAP,baseline-v1,2026-07-03,Data untuk PHK Dashboard.xlsx; MAP_composite_all.xlsx
Papua Selatan,Papua Selatan,91,2023,9,2023-09-01,3,,,104.62,,,,,0,,52.3,5.75,15354,"93,7",100.9,34,,,3.38,,,3864.696,,1.131236376,6.156479838,4540980.0,632303.7,-,,,,,,,,,,True,True,,new_province_no_map,no_data,Database Bulan + Tahun + Triwulan + MAP,baseline-v1,2026-07-03,Data untuk PHK Dashboard.xlsx; MAP_composite_all.xlsx
Papua Selatan,Papua Selatan,91,2023,10,2023-10-01,4,,,104.96,,,,,0,,51.5,6.0,15741,90.6,101.2,34,,,3.38,,,3864.696,,1.131236376,6.156479838,4798170.0,309839.6,-,,,,,,,,,,True,True,,new_province_no_map,no_data,Database Bulan + Tahun + Triwulan + MAP,baseline-v1,2026-07-03,Data untuk PHK Dashboard.xlsx; MAP_composite_all.xlsx
Papua Selatan,Papua Selatan,91,2023,11,2023-11-01,4,,,105.29,,,,,0,,51.7,6.0,15617,82.9,101.4,34,,,3.38,,,3864.696,,1.131236376,6.156479838,4798170.0,309839.6,-,,,,,,,,,,True,True,,new_province_no_map,no_data,Database Bulan + Tahun + Triwulan + MAP,baseline-v1,2026-07-03,Data untuk PHK Dashboard.xlsx; MAP_composite_all.xlsx
Papua Selatan,Papua Selatan,91,2023,12,2023-12-01,4,,,106.01,,,,,0,,52.2,6.0,15513,77.6,101.8,34,,,3.38,,,3864.696,,1.131236376,6.156479838,4798170.0,309839.6,-,,,,,,,,,,True,True,,new_province_no_map,no_data,Database Bulan + Tahun + Triwulan + MAP,baseline-v1,2026-07-03,Data untuk PHK Dashboard.xlsx; MAP_composite_all.xlsx
Papua Selatan,Papua Selatan,91,2024,1,2024-01-01,1,,,106.61,4.51,0.57,,,0,,52.9,6.0,15611,80.1,102.1,9,,33.16,4.05,71.67,,4024.27,4.129018169,1.105725123,6.069774152,4651020.0,414954.0,210289,,,,,,,,,,True,True,,new_province_no_map,no_data,Database Bulan + Tahun + Triwulan + MAP,baseline-v1,2026-07-03,Data untuk PHK Dashboard.xlsx; MAP_composite_all.xlsx
Papua Selatan,Papua Selatan,91,2024,2,2024-02-01,1,,,106.7,4.61,0.08,,,0,,52.7,6.0,15665,83.5,103.0,34,,33.16,4.05,71.67,,4024.27,4.129018169,1.105725123,6.069774152,4651020.0,414954.0,210289,,,,,,,,,,True,True,,new_province_no_map,no_data,Database Bulan + Tahun + Triwulan + MAP,baseline-v1,2026-07-03,Data untuk PHK Dashboard.xlsx; MAP_composite_all.xlsx
Papua Selatan,Papua Selatan,91,2024,3,2024-03-01,1,,,106.52,3.7,-0.17,,,0,,54.2,6.0,15703,85.4,103.5,34,,33.16,4.05,71.67,,4024.27,4.129018169,1.105725123,6.069774152,4651020.0,414954.0,210289,,,,,,,,,,True,True,,new_province_no_map,no_data,Database Bulan + Tahun + Triwulan + MAP,baseline-v1,2026-07-03,Data untuk PHK Dashboard.xlsx; MAP_composite_all.xlsx
Papua Selatan,Papua Selatan,91,2024,4,2024-04-01,2,,,106.87,3.04,0.33,,0.0,0,,52.9,6.25,16100,89.9,103.4,34,,33.16,4.05,71.67,,4024.27,4.129018169,1.105725123,6.069774152,4730190.0,497054.7,210289,,,,,,,,,,True,True,,new_province_no_map,no_data,Database Bulan + Tahun + Triwulan + MAP,baseline-v1,2026-07-03,Data untuk PHK Dashboard.xlsx; MAP_composite_all.xlsx
Papua Selatan,Papua Selatan,91,2024,5,2024-05-01,2,,,109.01,4.19,2.0,,0.0,0,,52.1,6.25,16084,81.7,103.3,34,,33.16,4.05,71.67,,4024.27,4.129018169,1.105725123,6.069774152,4730190.0,497054.7,210289,,,,,,,,,,True,True,,new_province_no_map,no_data,Database Bulan + Tahun + Triwulan + MAP,baseline-v1,2026-07-03,Data untuk PHK Dashboard.xlsx; MAP_composite_all.xlsx
Papua Selatan,Papua Selatan,91,2024,6,2024-06-01,2,,,107.8,2.04,-1.11,,0.0,0,,50.7,6.25,16329,82.2,103.3,34,,33.16,4.05,71.67,,4024.27,4.129018169,1.105725123,6.069774152,4730190.0,497054.7,210289,,,,,,,,,,True,True,,new_province_no_map,no_data,Database Bulan + Tahun + Triwulan + MAP,baseline-v1,2026-07-03,Data untuk PHK Dashboard.xlsx; MAP_composite_all.xlsx
Papua Selatan,Papua Selatan,91,2024,7,2024-07-01,3,,,106.81,1.2,-0.92,,0.0,0,,49.3,6.25,16262,85.2,103.2,34,,33.16,4.05,71.67,,4024.27,4.129018169,1.105725123,6.069774152,4784070.0,294294.9,226586,,,,,,,,,,True,True,,new_province_no_map,no_data,Database Bulan + Tahun + Triwulan + MAP,baseline-v1,2026-07-03,Data untuk PHK Dashboard.xlsx; MAP_composite_all.xlsx
Papua Selatan,Papua Selatan,91,2024,8,2024-08-01,3,,,107.08,1.8,0.25,,0.01,-0.01,,48.9,6.25,15793,80.4,103.1,34,,33.16,4.05,71.67,,4024.27,4.129018169,1.105725123,6.069774152,4784070.0,294294.9,226586,,,,,,,,,,True,True,,new_province_no_map,no_data,Database Bulan + Tahun + Triwulan + MAP,baseline-v1,2026-07-03,Data untuk PHK Dashboard.xlsx; MAP_composite_all.xlsx
Papua Selatan,Papua Selatan,91,2024,9,2024-09-01,3,,,106.29,1.6,-0.74,,0.05,-0.05,,49.2,6.0,15341,74,102.9,34,,33.16,4.05,71.67,,4024.27,4.129018169,1.105725123,6.069774152,4784070.0,294294.9,226586,,,,,,,,,,True,True,,new_province_no_map,no_data,Database Bulan + Tahun + Triwulan + MAP,baseline-v1,2026-07-03,Data untuk PHK Dashboard.xlsx; MAP_composite_all.xlsx
Papua Selatan,Papua Selatan,91,2024,10,2024-10-01,4,,,106.3,1.28,0.01,,0.0,0,,49.2,6.0,15541,75.6,102.8,34,,33.16,4.05,71.67,,4024.27,4.129018169,1.105725123,6.069774152,4896230.0,228727.6,226586,,,,,,,,,,True,True,,new_province_no_map,no_data,Database Bulan + Tahun + Triwulan + MAP,baseline-v1,2026-07-03,Data untuk PHK Dashboard.xlsx; MAP_composite_all.xlsx
Papua Selatan,Papua Selatan,91,2024,11,2024-11-01,4,,,106.58,1.23,0.26,,0.0,0,,49.6,6.0,15812,74.3,103.0,34,,33.16,4.05,71.67,,4024.27,4.129018169,1.105725123,6.069774152,4896230.0,228727.6,226586,,,,,,,,,,True,True,,new_province_no_map,no_data,Database Bulan + Tahun + Triwulan + MAP,baseline-v1,2026-07-03,Data untuk PHK Dashboard.xlsx; MAP_composite_all.xlsx
Papua Selatan,Papua Selatan,91,2024,12,2024-12-01,4,,,107.9,1.78,1.24,,,0,,51.2,6.0,16024,73.9,103.4,34,,33.16,4.05,71.67,,4024.27,4.129018169,1.105725123,6.069774152,4896230.0,228727.6,226586,,,,,,,,,,True,True,,new_province_no_map,no_data,Database Bulan + Tahun + Triwulan + MAP,baseline-v1,2026-07-03,Data untuk PHK Dashboard.xlsx; MAP_composite_all.xlsx
Papua Selatan,Papua Selatan,91,2025,1,2025-01-01,1,,,107.09,0.45,-0.75,,,0,,51.9,5.75,16262,79.3,104.2,34,,34.12,4.04,67.37,,4285.85,6.500060881,1.004897346,6.050348103,4830780.0,150361.2,216820,,,,,,,,,,True,True,,new_province_no_map,no_data,Database Bulan + Tahun + Triwulan + MAP,baseline-v1,2026-07-03,Data untuk PHK Dashboard.xlsx; MAP_composite_all.xlsx
Papua Selatan,Papua Selatan,91,2025,2,2025-02-01,1,,,107.03,0.31,-0.06,,,0,,53.6,5.75,16338,75.4,104.3,34,,34.12,4.04,67.37,,4285.85,6.500060881,1.004897346,6.050348103,4830780.0,150361.2,216820,,,,,,,,,,True,True,,new_province_no_map,no_data,Database Bulan + Tahun + Triwulan + MAP,baseline-v1,2026-07-03,Data untuk PHK Dashboard.xlsx; MAP_composite_all.xlsx
Papua Selatan,Papua Selatan,91,2025,3,2025-03-01,1,,,109.38,2.68,2.2,,,0,,52.4,5.75,16456,72.7,105.1,34,,34.12,4.04,67.37,,4285.85,6.500060881,1.004897346,6.050348103,4830780.0,150361.2,216820,,,,,,,,,,True,True,,new_province_no_map,no_data,Database Bulan + Tahun + Triwulan + MAP,baseline-v1,2026-07-03,Data untuk PHK Dashboard.xlsx; MAP_composite_all.xlsx
Papua Selatan,Papua Selatan,91,2025,4,2025-04-01,2,,,110.69,3.57,1.2,,,0,,46.7,5.75,16820,68.1,105.1,34,,34.12,4.04,67.37,,4285.85,6.500060881,1.004897346,6.050348103,4876000.0,107061.1,216820,,,,,,,,,,True,True,,new_province_no_map,no_data,Database Bulan + Tahun + Triwulan + MAP,baseline-v1,2026-07-03,Data untuk PHK Dashboard.xlsx; MAP_composite_all.xlsx
Papua Selatan,Papua Selatan,91,2025,5,2025-05-01,2,,,111.4,2.19,0.64,,,0,,47.4,5.5,16441,64.5,104.6,34,,34.12,4.04,67.37,,4285.85,6.500060881,1.004897346,6.050348103,4876000.0,107061.1,216820,,,,,,,,,,True,True,,new_province_no_map,no_data,Database Bulan + Tahun + Triwulan + MAP,baseline-v1,2026-07-03,Data untuk PHK Dashboard.xlsx; MAP_composite_all.xlsx
Papua Selatan,Papua Selatan,91,2025,6,2025-06-01,2,,,111.03,3.0,-0.33,,,0,,46.9,5.5,16311,71.4,104.7,34,,34.12,4.04,67.37,,4285.85,6.500060881,1.004897346,6.050348103,4876000.0,107061.1,216820,,,,,,,,,,True,True,,new_province_no_map,no_data,Database Bulan + Tahun + Triwulan + MAP,baseline-v1,2026-07-03,Data untuk PHK Dashboard.xlsx; MAP_composite_all.xlsx
Papua Selatan,Papua Selatan,91,2025,7,2025-07-01,3,,,112.63,5.45,1.44,,,0,,49.2,5.25,16276,71,105.2,34,,34.12,4.04,67.37,,4285.85,6.500060881,1.004897346,6.050348103,4939500.0,159762.6,217682,,,,,,,,,,True,True,,new_province_no_map,no_data,Database Bulan + Tahun + Triwulan + MAP,baseline-v1,2026-07-03,Data untuk PHK Dashboard.xlsx; MAP_composite_all.xlsx
Papua Selatan,Papua Selatan,91,2025,8,2025-08-01,3,,,111.13,3.78,-1.33,,,0,,51.5,5.0,16309,67.9,105.2,34,,34.12,4.04,67.37,,4285.85,6.500060881,1.004897346,6.050348103,4939500.0,159762.6,217682,,,,,,,,,,True,True,,new_province_no_map,no_data,Database Bulan + Tahun + Triwulan + MAP,baseline-v1,2026-07-03,Data untuk PHK Dashboard.xlsx; MAP_composite_all.xlsx
Papua Selatan,Papua Selatan,91,2025,9,2025-09-01,3,,,109.93,3.42,-1.08,,,0,,50.4,4.75,16512,68,105.3,34,,34.12,4.04,67.37,,4285.85,6.500060881,1.004897346,6.050348103,4939500.0,159762.6,217682,,,,,,,,,,True,True,,new_province_no_map,no_data,Database Bulan + Tahun + Triwulan + MAP,baseline-v1,2026-07-03,Data untuk PHK Dashboard.xlsx; MAP_composite_all.xlsx
Papua Selatan,Papua Selatan,91,2025,10,2025-10-01,4,,,109.95,3.43,0.02,,,0,,51.2,4.75,16607,64.5,105.5,34,,34.12,4.04,67.37,,4285.85,6.500060881,1.004897346,6.050348103,5060470.0,358446.9,217682,,,,,,,,,,True,True,,new_province_no_map,no_data,Database Bulan + Tahun + Triwulan + MAP,baseline-v1,2026-07-03,Data untuk PHK Dashboard.xlsx; MAP_composite_all.xlsx
Papua Selatan,Papua Selatan,91,2025,11,2025-11-01,4,,,110.19,3.39,0.22,,,0,,53.3,4.75,16703,63.8,105.4,34,,34.12,4.04,67.37,,4285.85,6.500060881,1.004897346,6.050348103,5060470.0,358446.9,217682,,,,,,,,,,True,True,,new_province_no_map,no_data,Database Bulan + Tahun + Triwulan + MAP,baseline-v1,2026-07-03,Data untuk PHK Dashboard.xlsx; MAP_composite_all.xlsx
Papua Selatan,Papua Selatan,91,2025,12,2025-12-01,4,,,111.08,2.95,0.81,,,0,,51.2,4.75,16699,62.5,106.3,27,,34.12,4.04,67.37,,4285.85,6.500060881,1.004897346,6.050348103,5060470.0,358446.9,217682,,,,,,,,,,True,True,,new_province_no_map,no_data,Database Bulan + Tahun + Triwulan + MAP,baseline-v1,2026-07-03,Data untuk PHK Dashboard.xlsx; MAP_composite_all.xlsx
Papua Tengah,Papua Tengah,91,2022,1,2022-01-01,1,,,97.8,,,,,0,,53.7,3.5,14335,86.5,94.0,0,,,,,,,,,,,,,,,,,,,,,,False,False,,new_province_no_map,no_data,Database Bulan + Tahun + Triwulan + MAP,baseline-v1,2026-07-03,Data untuk PHK Dashboard.xlsx; MAP_composite_all.xlsx
Papua Tengah,Papua Tengah,91,2022,2,2022-02-01,1,,,97.69,,,,,0,,51.2,3.5,14351,97.1,94.0,0,,,,,,,,,,,,,,,,,,,,,,False,False,,new_province_no_map,no_data,Database Bulan + Tahun + Triwulan + MAP,baseline-v1,2026-07-03,Data untuk PHK Dashboard.xlsx; MAP_composite_all.xlsx
Papua Tengah,Papua Tengah,91,2022,3,2022-03-01,1,,,98.01,,,,,0,,51.3,3.5,14349,117.2,94.7,0,,,,,,,,,,,,,,,,,,,,,,False,False,,new_province_no_map,no_data,Database Bulan + Tahun + Triwulan + MAP,baseline-v1,2026-07-03,Data untuk PHK Dashboard.xlsx; MAP_composite_all.xlsx
Papua Tengah,Papua Tengah,91,2022,4,2022-04-01,2,,,98.43,,,,,0,,51.9,3.5,14369,104.6,95.6,0,,,,,,,,,,,,-,,,,,,,,,,False,True,,new_province_no_map,no_data,Database Bulan + Tahun + Triwulan + MAP,baseline-v1,2026-07-03,Data untuk PHK Dashboard.xlsx; MAP_composite_all.xlsx
Papua Tengah,Papua Tengah,91,2022,5,2022-05-01,2,,,98.68,,,,,0,,50.8,3.5,14608,113.3,95.9,0,,,,,,,,,,,,-,,,,,,,,,,False,True,,new_province_no_map,no_data,Database Bulan + Tahun + Triwulan + MAP,baseline-v1,2026-07-03,Data untuk PHK Dashboard.xlsx; MAP_composite_all.xlsx
Papua Tengah,Papua Tengah,91,2022,6,2022-06-01,2,,,99.63,,,,,0,,50.2,3.5,14689,122.7,96.6,0,,,,,,,,,,,,-,,,,,,,,,,False,True,,new_province_no_map,no_data,Database Bulan + Tahun + Triwulan + MAP,baseline-v1,2026-07-03,Data untuk PHK Dashboard.xlsx; MAP_composite_all.xlsx
Papua Tengah,Papua Tengah,91,2022,7,2022-07-01,3,,,100.86,,,,,0,,51.3,3.5,14984,111.9,97.0,0,,,,,,,,,,,,-,,,,,,,,,,False,True,,new_province_no_map,no_data,Database Bulan + Tahun + Triwulan + MAP,baseline-v1,2026-07-03,Data untuk PHK Dashboard.xlsx; MAP_composite_all.xlsx
Papua Tengah,Papua Tengah,91,2022,8,2022-08-01,3,,,100.81,,,,,0,,51.7,3.75,14851,100.4,96.9,0,,,,,,,,,,,,-,,,,,,,,,,False,True,,new_province_no_map,no_data,Database Bulan + Tahun + Triwulan + MAP,baseline-v1,2026-07-03,Data untuk PHK Dashboard.xlsx; MAP_composite_all.xlsx
Papua Tengah,Papua Tengah,91,2022,9,2022-09-01,3,,,101.83,,,,,0,,53.7,4.25,14972,89.8,97.7,0,,,,,,,,,,,,-,,,,,,,,,,False,True,,new_province_no_map,no_data,Database Bulan + Tahun + Triwulan + MAP,baseline-v1,2026-07-03,Data untuk PHK Dashboard.xlsx; MAP_composite_all.xlsx
Papua Tengah,Papua Tengah,91,2022,10,2022-10-01,4,,,101.61,,,,,0,,51.8,4.75,15417,93.3,97.7,34,,,,,,,,,,,,-,,,,,,,,,,False,True,,new_province_no_map,no_data,Database Bulan + Tahun + Triwulan + MAP,baseline-v1,2026-07-03,Data untuk PHK Dashboard.xlsx; MAP_composite_all.xlsx
Papua Tengah,Papua Tengah,91,2022,11,2022-11-01,4,,,102.03,,,,,0,,50.3,5.25,15659,91.4,98.0,34,,,,,,,,,,,,-,,,,,,,,,,False,True,,new_province_no_map,no_data,Database Bulan + Tahun + Triwulan + MAP,baseline-v1,2026-07-03,Data untuk PHK Dashboard.xlsx; MAP_composite_all.xlsx
Papua Tengah,Papua Tengah,91,2022,12,2022-12-01,4,,,102.62,,,,,0,,50.9,5.5,15615,80.9,98.7,34,,,,,,,,,,,,-,,,,,,,,,,False,True,,new_province_no_map,no_data,Database Bulan + Tahun + Triwulan + MAP,baseline-v1,2026-07-03,Data untuk PHK Dashboard.xlsx; MAP_composite_all.xlsx
Papua Tengah,Papua Tengah,91,2023,1,2023-01-01,1,,,102.71,,,,,0,,51.3,5.75,15295,82.5,99.3,8,,,2.13,,,3864.696,,0.6730114083,0.2391405229,21473510.0,3748404.5,-,,,,,,,,,,True,True,,new_province_no_map,no_data,Database Bulan + Tahun + Triwulan + MAP,baseline-v1,2026-07-03,Data untuk PHK Dashboard.xlsx; MAP_composite_all.xlsx
Papua Tengah,Papua Tengah,91,2023,2,2023-02-01,1,,,102.53,,,,,0,,51.2,5.75,15126,82.6,99.6,34,,,2.13,,,3864.696,,0.6730114083,0.2391405229,21473510.0,3748404.5,-,,,,,,,,,,True,True,,new_province_no_map,no_data,Database Bulan + Tahun + Triwulan + MAP,baseline-v1,2026-07-03,Data untuk PHK Dashboard.xlsx; MAP_composite_all.xlsx
Papua Tengah,Papua Tengah,91,2023,3,2023-03-01,1,,,103.18,,,,,0,,51.9,5.75,15301,78.4,99.9,34,,,2.13,,,3864.696,,0.6730114083,0.2391405229,21473510.0,3748404.5,-,,,,,,,,,,True,True,,new_province_no_map,no_data,Database Bulan + Tahun + Triwulan + MAP,baseline-v1,2026-07-03,Data untuk PHK Dashboard.xlsx; MAP_composite_all.xlsx
Papua Tengah,Papua Tengah,91,2023,4,2023-04-01,2,,,104.15,,,,,0,,52.7,5.75,14867,84.6,100.0,34,,,2.13,,,3864.696,,0.6730114083,0.2391405229,24974540.0,3381216.7,-,,,,,,,,,,True,True,,new_province_no_map,no_data,Database Bulan + Tahun + Triwulan + MAP,baseline-v1,2026-07-03,Data untuk PHK Dashboard.xlsx; MAP_composite_all.xlsx
Papua Tengah,Papua Tengah,91,2023,5,2023-05-01,2,,,104.61,,,,,0,,50.3,5.75,14811,75.5,100.2,34,,,2.13,,,3864.696,,0.6730114083,0.2391405229,24974540.0,3381216.7,-,,,,,,,,,,True,True,,new_province_no_map,no_data,Database Bulan + Tahun + Triwulan + MAP,baseline-v1,2026-07-03,Data untuk PHK Dashboard.xlsx; MAP_composite_all.xlsx
Papua Tengah,Papua Tengah,91,2023,6,2023-06-01,2,,,105.43,,,,,0,,52.5,5.75,14932,74.8,100.3,34,,,2.13,,,3864.696,,0.6730114083,0.2391405229,24974540.0,3381216.7,-,,,,,,,,,,True,True,,new_province_no_map,no_data,Database Bulan + Tahun + Triwulan + MAP,baseline-v1,2026-07-03,Data untuk PHK Dashboard.xlsx; MAP_composite_all.xlsx
Papua Tengah,Papua Tengah,91,2023,7,2023-07-01,3,,,105.79,,,,,0,,53.3,5.75,15040,80.1,100.5,34,,,2.13,,,3864.696,,0.6730114083,0.2391405229,26350760.0,3707833.5,-,,,,,,,,,,True,True,,new_province_no_map,no_data,Database Bulan + Tahun + Triwulan + MAP,baseline-v1,2026-07-03,Data untuk PHK Dashboard.xlsx; MAP_composite_all.xlsx
Papua Tengah,Papua Tengah,91,2023,8,2023-08-01,3,,,105.97,,,,,0,,53.9,5.75,15245,86.1,100.5,34,,,2.13,,,3864.696,,0.6730114083,0.2391405229,26350760.0,3707833.5,-,,,,,,,,,,True,True,,new_province_no_map,no_data,Database Bulan + Tahun + Triwulan + MAP,baseline-v1,2026-07-03,Data untuk PHK Dashboard.xlsx; MAP_composite_all.xlsx
Papua Tengah,Papua Tengah,91,2023,9,2023-09-01,3,,,105.41,,,,,0,,52.3,5.75,15354,"93,7",100.9,34,,,2.13,,,3864.696,,0.6730114083,0.2391405229,26350760.0,3707833.5,-,,,,,,,,,,True,True,,new_province_no_map,no_data,Database Bulan + Tahun + Triwulan + MAP,baseline-v1,2026-07-03,Data untuk PHK Dashboard.xlsx; MAP_composite_all.xlsx
Papua Tengah,Papua Tengah,91,2023,10,2023-10-01,4,,,105.56,,,,,0,,51.5,6.0,15741,90.6,101.2,34,,,2.13,,,3864.696,,0.6730114083,0.2391405229,28267290.0,3921313.5,-,,,,,,,,,,True,True,,new_province_no_map,no_data,Database Bulan + Tahun + Triwulan + MAP,baseline-v1,2026-07-03,Data untuk PHK Dashboard.xlsx; MAP_composite_all.xlsx
Papua Tengah,Papua Tengah,91,2023,11,2023-11-01,4,,,105.79,,,,,0,,51.7,6.0,15617,82.9,101.4,34,,,2.13,,,3864.696,,0.6730114083,0.2391405229,28267290.0,3921313.5,-,,,,,,,,,,True,True,,new_province_no_map,no_data,Database Bulan + Tahun + Triwulan + MAP,baseline-v1,2026-07-03,Data untuk PHK Dashboard.xlsx; MAP_composite_all.xlsx
Papua Tengah,Papua Tengah,91,2023,12,2023-12-01,4,,,107.14,,,,,0,,52.2,6.0,15513,77.6,101.8,34,,,2.13,,,3864.696,,0.6730114083,0.2391405229,28267290.0,3921313.5,-,,,,,,,,,,True,True,,new_province_no_map,no_data,Database Bulan + Tahun + Triwulan + MAP,baseline-v1,2026-07-03,Data untuk PHK Dashboard.xlsx; MAP_composite_all.xlsx
Papua Tengah,Papua Tengah,91,2024,1,2024-01-01,1,,,107.6,4.76,0.43,,35.88,,,52.9,6.0,15611,80.1,102.1,9,,12.98,2.75,73.13,,4024.27,4.129018169,0.7935605228,0.239569556,27544360.0,6441349.1,819313,,,,,,,,,,True,True,,new_province_no_map,no_data,Database Bulan + Tahun + Triwulan + MAP,baseline-v1,2026-07-03,Data untuk PHK Dashboard.xlsx; MAP_composite_all.xlsx
Papua Tengah,Papua Tengah,91,2024,2,2024-02-01,1,,,106.34,3.72,-1.17,,38.46,,,52.7,6.0,15665,83.5,103.0,34,,12.98,2.75,73.13,,4024.27,4.129018169,0.7935605228,0.239569556,27544360.0,6441349.1,819313,,,,,,,,,,True,True,,new_province_no_map,no_data,Database Bulan + Tahun + Triwulan + MAP,baseline-v1,2026-07-03,Data untuk PHK Dashboard.xlsx; MAP_composite_all.xlsx
Papua Tengah,Papua Tengah,91,2024,3,2024-03-01,1,,,107.41,4.1,1.01,,31.11,,,54.2,6.0,15703,85.4,103.5,34,,12.98,2.75,73.13,,4024.27,4.129018169,0.7935605228,0.239569556,27544360.0,6441349.1,819313,,,,,,,,,,True,True,,new_province_no_map,no_data,Database Bulan + Tahun + Triwulan + MAP,baseline-v1,2026-07-03,Data untuk PHK Dashboard.xlsx; MAP_composite_all.xlsx
Papua Tengah,Papua Tengah,91,2024,4,2024-04-01,2,,,108.7,4.37,1.2,,45.92,,,52.9,6.25,16100,89.9,103.4,34,,12.98,2.75,73.13,,4024.27,4.129018169,0.7935605228,0.239569556,25967650.0,3629772.5,819313,,,,,,,,,,True,True,,new_province_no_map,no_data,Database Bulan + Tahun + Triwulan + MAP,baseline-v1,2026-07-03,Data untuk PHK Dashboard.xlsx; MAP_composite_all.xlsx
Papua Tengah,Papua Tengah,91,2024,5,2024-05-01,2,,,110.25,5.39,1.43,,46.13,,,52.1,6.25,16084,81.7,103.3,34,,12.98,2.75,73.13,,4024.27,4.129018169,0.7935605228,0.239569556,25967650.0,3629772.5,819313,,,,,,,,,,True,True,,new_province_no_map,no_data,Database Bulan + Tahun + Triwulan + MAP,baseline-v1,2026-07-03,Data untuk PHK Dashboard.xlsx; MAP_composite_all.xlsx
Papua Tengah,Papua Tengah,91,2024,6,2024-06-01,2,,,110.06,4.39,-0.17,,20.32,,,50.7,6.25,16329,82.2,103.3,34,,12.98,2.75,73.13,,4024.27,4.129018169,0.7935605228,0.239569556,25967650.0,3629772.5,819313,,,,,,,,,,True,True,,new_province_no_map,no_data,Database Bulan + Tahun + Triwulan + MAP,baseline-v1,2026-07-03,Data untuk PHK Dashboard.xlsx; MAP_composite_all.xlsx
Papua Tengah,Papua Tengah,91,2024,7,2024-07-01,3,,,110.19,4.16,0.12,,22.21,,,49.3,6.25,16262,85.2,103.2,34,,12.98,2.75,73.13,,4024.27,4.129018169,0.7935605228,0.239569556,26231440.0,6498523.0,778596,,,,,,,,,,True,True,,new_province_no_map,no_data,Database Bulan + Tahun + Triwulan + MAP,baseline-v1,2026-07-03,Data untuk PHK Dashboard.xlsx; MAP_composite_all.xlsx
Papua Tengah,Papua Tengah,91,2024,8,2024-08-01,3,,,109.93,3.74,-0.24,,73.18,,,48.9,6.25,15793,80.4,103.1,34,,12.98,2.75,73.13,,4024.27,4.129018169,0.7935605228,0.239569556,26231440.0,6498523.0,778596,,,,,,,,,,True,True,,new_province_no_map,no_data,Database Bulan + Tahun + Triwulan + MAP,baseline-v1,2026-07-03,Data untuk PHK Dashboard.xlsx; MAP_composite_all.xlsx
Papua Tengah,Papua Tengah,91,2024,9,2024-09-01,3,,,109.45,3.83,-0.44,,31.75,,,49.2,6.0,15341,74,102.9,34,,12.98,2.75,73.13,,4024.27,4.129018169,0.7935605228,0.239569556,26231440.0,6498523.0,778596,,,,,,,,,,True,True,,new_province_no_map,no_data,Database Bulan + Tahun + Triwulan + MAP,baseline-v1,2026-07-03,Data untuk PHK Dashboard.xlsx; MAP_composite_all.xlsx
Papua Tengah,Papua Tengah,91,2024,10,2024-10-01,4,,,109.98,4.19,0.48,,23.69,,,49.2,6.0,15541,75.6,102.8,34,,12.98,2.75,73.13,,4024.27,4.129018169,0.7935605228,0.239569556,25729030.0,7102003.0,778596,,,,,,,,,,True,True,,new_province_no_map,no_data,Database Bulan + Tahun + Triwulan + MAP,baseline-v1,2026-07-03,Data untuk PHK Dashboard.xlsx; MAP_composite_all.xlsx
Papua Tengah,Papua Tengah,91,2024,11,2024-11-01,4,,,110.39,4.35,0.37,,46.83,,,49.6,6.0,15812,74.3,103.0,34,,12.98,2.75,73.13,,4024.27,4.129018169,0.7935605228,0.239569556,25729030.0,7102003.0,778596,,,,,,,,,,True,True,,new_province_no_map,no_data,Database Bulan + Tahun + Triwulan + MAP,baseline-v1,2026-07-03,Data untuk PHK Dashboard.xlsx; MAP_composite_all.xlsx
Papua Tengah,Papua Tengah,91,2024,12,2024-12-01,4,,,110.64,3.27,0.23,,32.61,,,51.2,6.0,16024,73.9,103.4,34,,12.98,2.75,73.13,,4024.27,4.129018169,0.7935605228,0.239569556,25729030.0,7102003.0,778596,,,,,,,,,,True,True,,new_province_no_map,no_data,Database Bulan + Tahun + Triwulan + MAP,baseline-v1,2026-07-03,Data untuk PHK Dashboard.xlsx; MAP_composite_all.xlsx
Papua Tengah,Papua Tengah,91,2025,1,2025-01-01,1,,,108.67,0.99,-1.78,,12.27,-12.27,,51.9,5.75,16262,79.3,104.2,34,,15.28,3.62,73.89,,4285.848,6.500011182,0.8913370447,0.3246790251,20512960.0,7148243.3,840817,,,,,,,,,,True,True,,new_province_no_map,no_data,Database Bulan + Tahun + Triwulan + MAP,baseline-v1,2026-07-03,Data untuk PHK Dashboard.xlsx; MAP_composite_all.xlsx
Papua Tengah,Papua Tengah,91,2025,2,2025-02-01,1,,,108.56,2.09,-0.1,,28.05,-28.05,,53.6,5.75,16338,75.4,104.3,34,,15.28,3.62,73.89,,4285.848,6.500011182,0.8913370447,0.3246790251,20512960.0,7148243.3,840817,,,,,,,,,,True,True,,new_province_no_map,no_data,Database Bulan + Tahun + Triwulan + MAP,baseline-v1,2026-07-03,Data untuk PHK Dashboard.xlsx; MAP_composite_all.xlsx
Papua Tengah,Papua Tengah,91,2025,3,2025-03-01,1,,,111.38,3.7,2.6,,16.22,-16.22,,52.4,5.75,16456,72.7,105.1,34,,15.28,3.62,73.89,,4285.848,6.500011182,0.8913370447,0.3246790251,20512960.0,7148243.3,840817,,,,,,,,,,True,True,,new_province_no_map,no_data,Database Bulan + Tahun + Triwulan + MAP,baseline-v1,2026-07-03,Data untuk PHK Dashboard.xlsx; MAP_composite_all.xlsx
Papua Tengah,Papua Tengah,91,2025,4,2025-04-01,2,,,112.73,3.71,1.21,,24.64,-24.64,,46.7,5.75,16820,68.1,105.1,34,,15.28,3.62,73.89,,4285.848,6.500011182,0.8913370447,0.3246790251,23390350.0,7678441.5,840817,,,,,,,,,,True,True,,new_province_no_map,no_data,Database Bulan + Tahun + Triwulan + MAP,baseline-v1,2026-07-03,Data untuk PHK Dashboard.xlsx; MAP_composite_all.xlsx
Papua Tengah,Papua Tengah,91,2025,5,2025-05-01,2,,,112.74,2.26,0.01,,22.71,-22.71,,47.4,5.5,16441,64.5,104.6,34,,15.28,3.62,73.89,,4285.848,6.500011182,0.8913370447,0.3246790251,23390350.0,7678441.5,840817,,,,,,,,,,True,True,,new_province_no_map,no_data,Database Bulan + Tahun + Triwulan + MAP,baseline-v1,2026-07-03,Data untuk PHK Dashboard.xlsx; MAP_composite_all.xlsx
Papua Tengah,Papua Tengah,91,2025,6,2025-06-01,2,,,112.62,2.33,-0.11,,31.29,-31.29,,46.9,5.5,16311,71.4,104.7,34,,15.28,3.62,73.89,,4285.848,6.500011182,0.8913370447,0.3246790251,23390350.0,7678441.5,840817,,,,,,,,,,True,True,,new_province_no_map,no_data,Database Bulan + Tahun + Triwulan + MAP,baseline-v1,2026-07-03,Data untuk PHK Dashboard.xlsx; MAP_composite_all.xlsx
Papua Tengah,Papua Tengah,91,2025,7,2025-07-01,3,,,113.37,2.89,0.67,,26.39,-26.39,,49.2,5.25,16276,71,105.2,34,,15.28,3.62,73.89,,4285.848,6.500011182,0.8913370447,0.3246790251,21999820.0,6856880.9,790239,,,,,,,,,,True,True,,new_province_no_map,no_data,Database Bulan + Tahun + Triwulan + MAP,baseline-v1,2026-07-03,Data untuk PHK Dashboard.xlsx; MAP_composite_all.xlsx
Papua Tengah,Papua Tengah,91,2025,8,2025-08-01,3,,,111.97,1.86,-1.23,,29.55,-29.55,,51.5,5.0,16309,67.9,105.2,34,,15.28,3.62,73.89,,4285.848,6.500011182,0.8913370447,0.3246790251,21999820.0,6856880.9,790239,,,,,,,,,,True,True,,new_province_no_map,no_data,Database Bulan + Tahun + Triwulan + MAP,baseline-v1,2026-07-03,Data untuk PHK Dashboard.xlsx; MAP_composite_all.xlsx
Papua Tengah,Papua Tengah,91,2025,9,2025-09-01,3,,,111.94,2.28,-0.03,,30.71,-30.71,,50.4,4.75,16512,68,105.3,34,,15.28,3.62,73.89,,4285.848,6.500011182,0.8913370447,0.3246790251,21999820.0,6856880.9,790239,,,,,,,,,,True,True,,new_province_no_map,no_data,Database Bulan + Tahun + Triwulan + MAP,baseline-v1,2026-07-03,Data untuk PHK Dashboard.xlsx; MAP_composite_all.xlsx
Papua Tengah,Papua Tengah,91,2025,10,2025-10-01,4,,,112.3,2.11,0.32,,23.49,-23.49,,51.2,4.75,16607,64.5,105.5,34,,15.28,3.62,73.89,,4285.848,6.500011182,0.8913370447,0.3246790251,16572190.0,7226490.4,790239,,,,,,,,,,True,True,,new_province_no_map,no_data,Database Bulan + Tahun + Triwulan + MAP,baseline-v1,2026-07-03,Data untuk PHK Dashboard.xlsx; MAP_composite_all.xlsx
Papua Tengah,Papua Tengah,91,2025,11,2025-11-01,4,,,113.18,2.53,0.78,,27.49,-27.49,,53.3,4.75,16703,63.8,105.4,34,,15.28,3.62,73.89,,4285.848,6.500011182,0.8913370447,0.3246790251,16572190.0,7226490.4,790239,,,,,,,,,,True,True,,new_province_no_map,no_data,Database Bulan + Tahun + Triwulan + MAP,baseline-v1,2026-07-03,Data untuk PHK Dashboard.xlsx; MAP_composite_all.xlsx
Papua Tengah,Papua Tengah,91,2025,12,2025-12-01,4,,,114.27,3.28,0.96,,23.75,-23.75,,51.2,4.75,16699,62.5,106.3,27,,15.28,3.62,73.89,,4285.848,6.500011182,0.8913370447,0.3246790251,16572190.0,7226490.4,790239,,,,,,,,,,True,True,,new_province_no_map,no_data,Database Bulan + Tahun + Triwulan + MAP,baseline-v1,2026-07-03,Data untuk PHK Dashboard.xlsx; MAP_composite_all.xlsx
Riau,Riau,14,2022,1,2022-01-01,1,,,96.85,,,1734.23,224.08,1510.15,1737.726,53.7,3.5,14335,86.5,94.0,0,916.0,45.98,4.37,63.86,54.02,2938.56401,1.7309638916397176,1.016912884,32.12583584,129278634.82,14586267.5,3006589,13.0,Kuning (Perlu perhatian),78.06,0.98,22.94,1.22,4.55,54.02,7.26,True,True,2022,matched,no_data,Database Bulan + Tahun + Triwulan + MAP,baseline-v1,2026-07-03,Data untuk PHK Dashboard.xlsx; MAP_composite_all.xlsx
Riau,Riau,14,2022,2,2022-02-01,1,,,97.06,,,1643.04,176.91,1466.13,1760.009,51.2,3.5,14351,97.1,94.0,0,916.0,45.98,4.37,63.86,54.02,2938.56401,1.7309638916397176,1.016912884,32.12583584,129278634.82,14586267.5,3006589,13.0,Kuning (Perlu perhatian),78.06,0.98,22.94,1.22,4.55,54.02,7.26,True,True,2022,matched,no_data,Database Bulan + Tahun + Triwulan + MAP,baseline-v1,2026-07-03,Data untuk PHK Dashboard.xlsx; MAP_composite_all.xlsx
Riau,Riau,14,2022,3,2022-03-01,1,,,97.73,,,1966.32,295.78,1670.54,1744.739,51.3,3.5,14349,117.2,94.7,0,916.0,45.98,4.37,63.86,54.02,2938.56401,1.7309638916397176,1.016912884,32.12583584,129278634.82,14586267.5,3006589,13.0,Kuning (Perlu perhatian),78.06,0.98,22.94,1.22,4.55,54.02,7.26,True,True,2022,matched,no_data,Database Bulan + Tahun + Triwulan + MAP,baseline-v1,2026-07-03,Data untuk PHK Dashboard.xlsx; MAP_composite_all.xlsx
Riau,Riau,14,2022,4,2022-04-01,2,,,98.24,,,2116.7,239.05,1877.65,1765.329,51.9,3.5,14369,104.6,95.6,0,916.0,45.98,4.37,63.86,54.02,2938.56401,1.7309638916397176,1.016912884,32.12583584,129652943.43,8416389.0,3006589,13.0,Kuning (Perlu perhatian),78.06,0.98,22.94,1.22,4.55,54.02,7.26,True,True,2022,matched,no_data,Database Bulan + Tahun + Triwulan + MAP,baseline-v1,2026-07-03,Data untuk PHK Dashboard.xlsx; MAP_composite_all.xlsx
Riau,Riau,14,2022,5,2022-05-01,2,,,99.32,,,1033.21,191.47,841.74,1865.879,50.8,3.5,14608,113.3,95.9,0,916.0,45.98,4.37,63.86,54.02,2938.56401,1.7309638916397176,1.016912884,32.12583584,129652943.43,8416389.0,3006589,13.0,Kuning (Perlu perhatian),78.06,0.98,22.94,1.22,4.55,54.02,7.26,True,True,2022,matched,no_data,Database Bulan + Tahun + Triwulan + MAP,baseline-v1,2026-07-03,Data untuk PHK Dashboard.xlsx; MAP_composite_all.xlsx
Riau,Riau,14,2022,6,2022-06-01,2,,,100.75,,,2026.35,277.19,1749.16,1847.988,50.2,3.5,14689,122.7,96.6,0,916.0,45.98,4.37,63.86,54.02,2938.56401,1.7309638916397176,1.016912884,32.12583584,129652943.43,8416389.0,3006589,13.0,Kuning (Perlu perhatian),78.06,0.98,22.94,1.22,4.55,54.02,7.26,True,True,2022,matched,no_data,Database Bulan + Tahun + Triwulan + MAP,baseline-v1,2026-07-03,Data untuk PHK Dashboard.xlsx; MAP_composite_all.xlsx
Riau,Riau,14,2022,7,2022-07-01,3,64.0,,101.92,,,225.54,2144.75,-1919.21,1994.564,51.3,3.5,14984,111.9,97.0,0,916.0,45.98,4.37,63.86,54.02,2938.56401,1.7309638916397176,1.016912884,32.12583584,135231473.6,13561305.6,3168929,13.0,Kuning (Perlu perhatian),78.06,0.98,22.94,1.22,4.55,54.02,7.26,True,True,2022,matched,reported,Database Bulan + Tahun + Triwulan + MAP,baseline-v1,2026-07-03,Data untuk PHK Dashboard.xlsx; MAP_composite_all.xlsx
Riau,Riau,14,2022,8,2022-08-01,3,,,100.45,,,2476.4,184.47,2291.93,1756.636,51.7,3.75,14851,100.4,96.9,0,916.0,45.98,4.37,63.86,54.02,2938.56401,1.7309638916397176,1.016912884,32.12583584,135231473.6,13561305.6,3168929,13.0,Kuning (Perlu perhatian),78.06,0.98,22.94,1.22,4.55,54.02,7.26,True,True,2022,matched,no_data,Database Bulan + Tahun + Triwulan + MAP,baseline-v1,2026-07-03,Data untuk PHK Dashboard.xlsx; MAP_composite_all.xlsx
Riau,Riau,14,2022,9,2022-09-01,3,64.0,,101.89,,,1829.76,272.09,1557.67,1766.268,53.7,4.25,14972,89.8,97.7,0,916.0,45.98,4.37,63.86,54.02,2938.56401,1.7309638916397176,1.016912884,32.12583584,135231473.6,13561305.6,3168929,13.0,Kuning (Perlu perhatian),78.06,0.98,22.94,1.22,4.55,54.02,7.26,True,True,2022,matched,reported,Database Bulan + Tahun + Triwulan + MAP,baseline-v1,2026-07-03,Data untuk PHK Dashboard.xlsx; MAP_composite_all.xlsx
Riau,Riau,14,2022,10,2022-10-01,4,774.0,710.0,101.52,,,2015.64,299.93,1715.71,1808.038,51.8,4.75,15417,93.3,97.7,34,916.0,45.98,4.37,63.86,54.02,2938.56401,1.7309638916397176,1.016912884,32.12583584,135369927.54,3823254.7,3168929,13.0,Kuning (Perlu perhatian),78.06,0.98,22.94,1.22,4.55,54.02,7.26,True,True,2022,matched,reported,Database Bulan + Tahun + Triwulan + MAP,baseline-v1,2026-07-03,Data untuk PHK Dashboard.xlsx; MAP_composite_all.xlsx
Riau,Riau,14,2022,11,2022-11-01,4,774.0,0.0,101.55,,,1807.3,244.65,1562.65,1836.34,50.3,5.25,15659,91.4,98.0,34,916.0,45.98,4.37,63.86,54.02,2938.56401,1.7309638916397176,1.016912884,32.12583584,135369927.54,3823254.7,3168929,13.0,Kuning (Perlu perhatian),78.06,0.98,22.94,1.22,4.55,54.02,7.26,True,True,2022,matched,reported,Database Bulan + Tahun + Triwulan + MAP,baseline-v1,2026-07-03,Data untuk PHK Dashboard.xlsx; MAP_composite_all.xlsx
Riau,Riau,14,2022,12,2022-12-01,4,916.0,142.0,102.7,,,1816.41,349.02,1467.39,1658.04,50.9,5.5,15615,80.9,98.7,34,916.0,45.98,4.37,63.86,54.02,2938.56401,1.7309638916397176,1.016912884,32.12583584,135369927.54,3823254.7,3168929,13.0,Kuning (Perlu perhatian),78.06,0.98,22.94,1.22,4.55,54.02,7.26,True,True,2022,matched,reported,Database Bulan + Tahun + Triwulan + MAP,baseline-v1,2026-07-03,Data untuk PHK Dashboard.xlsx; MAP_composite_all.xlsx
Riau,Riau,14,2023,1,2023-01-01,1,,,103.35,,,1684.29,331.91,1352.38,1797.244,51.3,5.75,15295,82.5,99.3,8,4063.0,47.87,4.23,64.45,52.13,3191.66253,8.613000062,1.059986759,31.94652868,134324940.0,15545992.7,3041629,13.0,Kuning (Perlu perhatian),79.96,0.94,25.81,4.11,4.21,52.13,7.89,True,True,2023,matched,no_data,Database Bulan + Tahun + Triwulan + MAP,baseline-v1,2026-07-03,Data untuk PHK Dashboard.xlsx; MAP_composite_all.xlsx
Riau,Riau,14,2023,2,2023-02-01,1,,0.0,103.44,,,1587.63,181.31,1406.32,1867.369,51.2,5.75,15126,82.6,99.6,34,4063.0,47.87,4.23,64.45,52.13,3191.66253,8.613000062,1.059986759,31.94652868,134324940.0,15545992.7,3041629,13.0,Kuning (Perlu perhatian),79.96,0.94,25.81,4.11,4.21,52.13,7.89,True,True,2023,matched,reported,Database Bulan + Tahun + Triwulan + MAP,baseline-v1,2026-07-03,Data untuk PHK Dashboard.xlsx; MAP_composite_all.xlsx
Riau,Riau,14,2023,3,2023-03-01,1,109.0,109.0,103.48,,,1463.09,195.67,1267.42,1787.816,51.9,5.75,15301,78.4,99.9,34,4063.0,47.87,4.23,64.45,52.13,3191.66253,8.613000062,1.059986759,31.94652868,134324940.0,15545992.7,3041629,13.0,Kuning (Perlu perhatian),79.96,0.94,25.81,4.11,4.21,52.13,7.89,True,True,2023,matched,reported,Database Bulan + Tahun + Triwulan + MAP,baseline-v1,2026-07-03,Data untuk PHK Dashboard.xlsx; MAP_composite_all.xlsx
Riau,Riau,14,2023,4,2023-04-01,2,109.0,0.0,103.11,,,1288.16,224.03,1064.13,1957.452,52.7,5.75,14867,84.6,100.0,34,4063.0,47.87,4.23,64.45,52.13,3191.66253,8.613000062,1.059986759,31.94652868,136036220.0,5546885.0,3041629,13.0,Kuning (Perlu perhatian),79.96,0.94,25.81,4.11,4.21,52.13,7.89,True,True,2023,matched,reported,Database Bulan + Tahun + Triwulan + MAP,baseline-v1,2026-07-03,Data untuk PHK Dashboard.xlsx; MAP_composite_all.xlsx
Riau,Riau,14,2023,5,2023-05-01,2,278.0,169.0,103.0,,,1424.23,228.6,1195.63,2061.57,50.3,5.75,14811,75.5,100.2,34,4063.0,47.87,4.23,64.45,52.13,3191.66253,8.613000062,1.059986759,31.94652868,136036220.0,5546885.0,3041629,13.0,Kuning (Perlu perhatian),79.96,0.94,25.81,4.11,4.21,52.13,7.89,True,True,2023,matched,reported,Database Bulan + Tahun + Triwulan + MAP,baseline-v1,2026-07-03,Data untuk PHK Dashboard.xlsx; MAP_composite_all.xlsx
Riau,Riau,14,2023,6,2023-06-01,2,294.0,16.0,103.61,,,1703.79,126.99,1576.8,2013.175,52.5,5.75,14932,74.8,100.3,34,4063.0,47.87,4.23,64.45,52.13,3191.66253,8.613000062,1.059986759,31.94652868,136036220.0,5546885.0,3041629,13.0,Kuning (Perlu perhatian),79.96,0.94,25.81,4.11,4.21,52.13,7.89,True,True,2023,matched,reported,Database Bulan + Tahun + Triwulan + MAP,baseline-v1,2026-07-03,Data untuk PHK Dashboard.xlsx; MAP_composite_all.xlsx
Riau,Riau,14,2023,7,2023-07-01,3,460.0,166.0,104.13,,,1631.49,182.08,1449.41,2085.018,53.3,5.75,15040,80.1,100.5,34,4063.0,47.87,4.23,64.45,52.13,3191.66253,8.613000062,1.059986759,31.94652868,140660850.0,8191481.3,3002334,13.0,Kuning (Perlu perhatian),79.96,0.94,25.81,4.11,4.21,52.13,7.89,True,True,2023,matched,reported,Database Bulan + Tahun + Triwulan + MAP,baseline-v1,2026-07-03,Data untuk PHK Dashboard.xlsx; MAP_composite_all.xlsx
Riau,Riau,14,2023,8,2023-08-01,3,495.0,35.0,104.08,,,1714.33,184.56,1529.77,2065.178,53.9,5.75,15245,86.1,100.5,34,4063.0,47.87,4.23,64.45,52.13,3191.66253,8.613000062,1.059986759,31.94652868,140660850.0,8191481.3,3002334,13.0,Kuning (Perlu perhatian),79.96,0.94,25.81,4.11,4.21,52.13,7.89,True,True,2023,matched,reported,Database Bulan + Tahun + Triwulan + MAP,baseline-v1,2026-07-03,Data untuk PHK Dashboard.xlsx; MAP_composite_all.xlsx
Riau,Riau,14,2023,9,2023-09-01,3,530.0,35.0,104.36,,,1625.16,143.7,1481.46,2060.164,52.3,5.75,15354,"93,7",100.9,34,4063.0,47.87,4.23,64.45,52.13,3191.66253,8.613000062,1.059986759,31.94652868,140660850.0,8191481.3,3002334,13.0,Kuning (Perlu perhatian),79.96,0.94,25.81,4.11,4.21,52.13,7.89,True,True,2023,matched,reported,Database Bulan + Tahun + Triwulan + MAP,baseline-v1,2026-07-03,Data untuk PHK Dashboard.xlsx; MAP_composite_all.xlsx
Riau,Riau,14,2023,10,2023-10-01,4,886.0,356.0,104.29,,,1622.91,154.85,1468.06,2079.253,51.5,6.0,15741,90.6,101.2,34,4063.0,47.87,4.23,64.45,52.13,3191.66253,8.613000062,1.059986759,31.94652868,140806470.0,1730461.3,3002334,13.0,Kuning (Perlu perhatian),79.96,0.94,25.81,4.11,4.21,52.13,7.89,True,True,2023,matched,reported,Database Bulan + Tahun + Triwulan + MAP,baseline-v1,2026-07-03,Data untuk PHK Dashboard.xlsx; MAP_composite_all.xlsx
Riau,Riau,14,2023,11,2023-11-01,4,4018.0,3132.0,105.4,,,1723.55,217.86,1505.69,2074.092,51.7,6.0,15617,82.9,101.4,34,4063.0,47.87,4.23,64.45,52.13,3191.66253,8.613000062,1.059986759,31.94652868,140806470.0,1730461.3,3002334,13.0,Kuning (Perlu perhatian),79.96,0.94,25.81,4.11,4.21,52.13,7.89,True,True,2023,matched,reported,Database Bulan + Tahun + Triwulan + MAP,baseline-v1,2026-07-03,Data untuk PHK Dashboard.xlsx; MAP_composite_all.xlsx
Riau,Riau,14,2023,12,2023-12-01,4,4063.0,45.0,105.66,,,1488.14,164.34,1323.8,2004.11,52.2,6.0,15513,77.6,101.8,34,4063.0,47.87,4.23,64.45,52.13,3191.66253,8.613000062,1.059986759,31.94652868,140806470.0,1730461.3,3002334,13.0,Kuning (Perlu perhatian),79.96,0.94,25.81,4.11,4.21,52.13,7.89,True,True,2023,matched,reported,Database Bulan + Tahun + Triwulan + MAP,baseline-v1,2026-07-03,Data untuk PHK Dashboard.xlsx; MAP_composite_all.xlsx
Riau,Riau,14,2024,1,2024-01-01,1,87.0,87.0,105.78,2.35,0.11,1505.6,201.72,1303.88,2190.678,52.9,6.0,15611,80.1,102.1,9,1153.0,49.93,3.7,66.33,,3294.625,3.225982353,1.04949698,32.01076232,138874770.0,7032838.3,3098757,13.0,Kuning (Perlu perhatian),77.41,0.95,25.98,4.31,3.52,50.07,8.12,True,True,2024,matched,reported,Database Bulan + Tahun + Triwulan + MAP,baseline-v1,2026-07-03,Data untuk PHK Dashboard.xlsx; MAP_composite_all.xlsx
Riau,Riau,14,2024,2,2024-02-01,1,173.0,86.0,106.4,2.86,0.59,1234.46,136.74,1097.72,2246.158,52.7,6.0,15665,83.5,103.0,34,1153.0,49.93,3.7,66.33,,3294.625,3.225982353,1.04949698,32.01076232,138874770.0,7032838.3,3098757,13.0,Kuning (Perlu perhatian),77.41,0.95,25.98,4.31,3.52,50.07,8.12,True,True,2024,matched,reported,Database Bulan + Tahun + Triwulan + MAP,baseline-v1,2026-07-03,Data untuk PHK Dashboard.xlsx; MAP_composite_all.xlsx
Riau,Riau,14,2024,3,2024-03-01,1,406.0,233.0,107.17,3.57,0.72,1393.8,179.08,1214.72,2243.65,54.2,6.0,15703,85.4,103.5,34,1153.0,49.93,3.7,66.33,,3294.625,3.225982353,1.04949698,32.01076232,138874770.0,7032838.3,3098757,13.0,Kuning (Perlu perhatian),77.41,0.95,25.98,4.31,3.52,50.07,8.12,True,True,2024,matched,reported,Database Bulan + Tahun + Triwulan + MAP,baseline-v1,2026-07-03,Data untuk PHK Dashboard.xlsx; MAP_composite_all.xlsx
Riau,Riau,14,2024,4,2024-04-01,2,786.0,380.0,107.22,3.99,0.05,1311.76,139.14,1172.62,2319.304,52.9,6.25,16100,89.9,103.4,34,1153.0,49.93,3.7,66.33,,3294.625,3.225982353,1.04949698,32.01076232,141070140.0,6516414.5,3098757,13.0,Kuning (Perlu perhatian),77.41,0.95,25.98,4.31,3.52,50.07,8.12,True,True,2024,matched,reported,Database Bulan + Tahun + Triwulan + MAP,baseline-v1,2026-07-03,Data untuk PHK Dashboard.xlsx; MAP_composite_all.xlsx
Riau,Riau,14,2024,5,2024-05-01,2,807.0,21.0,107.54,4.41,0.3,1320.37,153.18,1167.19,2425.474,52.1,6.25,16084,81.7,103.3,34,1153.0,49.93,3.7,66.33,,3294.625,3.225982353,1.04949698,32.01076232,141070140.0,6516414.5,3098757,13.0,Kuning (Perlu perhatian),77.41,0.95,25.98,4.31,3.52,50.07,8.12,True,True,2024,matched,reported,Database Bulan + Tahun + Triwulan + MAP,baseline-v1,2026-07-03,Data untuk PHK Dashboard.xlsx; MAP_composite_all.xlsx
Riau,Riau,14,2024,6,2024-06-01,2,833.0,26.0,107.3,3.56,-0.22,1683.18,130.38,1552.8,2288.206,50.7,6.25,16329,82.2,103.3,34,1153.0,49.93,3.7,66.33,,3294.625,3.225982353,1.04949698,32.01076232,141070140.0,6516414.5,3098757,13.0,Kuning (Perlu perhatian),77.41,0.95,25.98,4.31,3.52,50.07,8.12,True,True,2024,matched,reported,Database Bulan + Tahun + Triwulan + MAP,baseline-v1,2026-07-03,Data untuk PHK Dashboard.xlsx; MAP_composite_all.xlsx
Riau,Riau,14,2024,7,2024-07-01,3,873.0,40.0,106.44,2.22,-0.8,1373.64,198.03,1175.61,2321.914,49.3,6.25,16262,85.2,103.2,34,1153.0,49.93,3.7,66.33,,3294.625,3.225982353,1.04949698,32.01076232,145530510.0,5049109.6,3159367,13.0,Kuning (Perlu perhatian),77.41,0.95,25.98,4.31,3.52,50.07,8.12,True,True,2024,matched,reported,Database Bulan + Tahun + Triwulan + MAP,baseline-v1,2026-07-03,Data untuk PHK Dashboard.xlsx; MAP_composite_all.xlsx
Riau,Riau,14,2024,8,2024-08-01,3,939.0,66.0,106.15,1.99,-0.27,1643.8,193.06,1450.74,2336.535,48.9,6.25,15793,80.4,103.1,34,1153.0,49.93,3.7,66.33,,3294.625,3.225982353,1.04949698,32.01076232,145530510.0,5049109.6,3159367,13.0,Kuning (Perlu perhatian),77.41,0.95,25.98,4.31,3.52,50.07,8.12,True,True,2024,matched,reported,Database Bulan + Tahun + Triwulan + MAP,baseline-v1,2026-07-03,Data untuk PHK Dashboard.xlsx; MAP_composite_all.xlsx
Riau,Riau,14,2024,9,2024-09-01,3,1051.0,112.0,105.8,1.38,-0.33,1426.41,154.18,1272.23,2324.375,49.2,6.0,15341,74,102.9,34,1153.0,49.93,3.7,66.33,,3294.625,3.225982353,1.04949698,32.01076232,145530510.0,5049109.6,3159367,13.0,Kuning (Perlu perhatian),77.41,0.95,25.98,4.31,3.52,50.07,8.12,True,True,2024,matched,reported,Database Bulan + Tahun + Triwulan + MAP,baseline-v1,2026-07-03,Data untuk PHK Dashboard.xlsx; MAP_composite_all.xlsx
Riau,Riau,14,2024,10,2024-10-01,4,1068.0,17.0,105.86,1.51,0.06,1934.14,142.2,1791.94,2383.509,49.2,6.0,15541,75.6,102.8,34,1153.0,49.93,3.7,66.33,,3294.625,3.225982353,1.04949698,32.01076232,145758170.0,10133663.6,3159367,13.0,Kuning (Perlu perhatian),77.41,0.95,25.98,4.31,3.52,50.07,8.12,True,True,2024,matched,reported,Database Bulan + Tahun + Triwulan + MAP,baseline-v1,2026-07-03,Data untuk PHK Dashboard.xlsx; MAP_composite_all.xlsx
Riau,Riau,14,2024,11,2024-11-01,4,1109.0,41.0,106.32,0.87,0.43,1714.33,166.46,1547.87,2387.286,49.6,6.0,15812,74.3,103.0,34,1153.0,49.93,3.7,66.33,,3294.625,3.225982353,1.04949698,32.01076232,145758170.0,10133663.6,3159367,13.0,Kuning (Perlu perhatian),77.41,0.95,25.98,4.31,3.52,50.07,8.12,True,True,2024,matched,reported,Database Bulan + Tahun + Triwulan + MAP,baseline-v1,2026-07-03,Data untuk PHK Dashboard.xlsx; MAP_composite_all.xlsx
Riau,Riau,14,2024,12,2024-12-01,4,1153.0,44.0,106.98,1.25,0.62,1639.45,164.84,1474.61,2108.206,51.2,6.0,16024,73.9,103.4,34,1153.0,49.93,3.7,66.33,,3294.625,3.225982353,1.04949698,32.01076232,145758170.0,10133663.6,3159367,13.0,Kuning (Perlu perhatian),77.41,0.95,25.98,4.31,3.52,50.07,8.12,True,True,2024,matched,reported,Database Bulan + Tahun + Triwulan + MAP,baseline-v1,2026-07-03,Data untuk PHK Dashboard.xlsx; MAP_composite_all.xlsx
Riau,Riau,14,2025,1,2025-01-01,1,795.0,795.0,106.96,1.12,-0.02,1490.05,105.73,1384.32,2228.437,51.9,5.75,16262,79.3,104.2,34,2546.0,48.0,4.16,66.55,,3508.77622,6.50001806,1.115930331,32.49924325,145335680.0,3672042.4,3091840,13.0,Kuning (Perlu perhatian),77.41,0.95,25.98,4.31,3.52,50.07,8.12,True,True,2024,matched,reported,Database Bulan + Tahun + Triwulan + MAP,baseline-v1,2026-07-03,Data untuk PHK Dashboard.xlsx; MAP_composite_all.xlsx
Riau,Riau,14,2025,2,2025-02-01,1,1288.0,493.0,106.42,0.02,-0.5,1831.75,145.19,1686.56,2286.196,53.6,5.75,16338,75.4,104.3,34,2546.0,48.0,4.16,66.55,,3508.77622,6.50001806,1.115930331,32.49924325,145335680.0,3672042.4,3091840,13.0,Kuning (Perlu perhatian),77.41,0.95,25.98,4.31,3.52,50.07,8.12,True,True,2024,matched,reported,Database Bulan + Tahun + Triwulan + MAP,baseline-v1,2026-07-03,Data untuk PHK Dashboard.xlsx; MAP_composite_all.xlsx
Riau,Riau,14,2025,3,2025-03-01,1,1452.0,164.0,107.9,0.68,1.39,1849.16,127.55,1721.61,2264.88,52.4,5.75,16456,72.7,105.1,34,2546.0,48.0,4.16,66.55,,3508.77622,6.50001806,1.115930331,32.49924325,145335680.0,3672042.4,3091840,13.0,Kuning (Perlu perhatian),77.41,0.95,25.98,4.31,3.52,50.07,8.12,True,True,2024,matched,reported,Database Bulan + Tahun + Triwulan + MAP,baseline-v1,2026-07-03,Data untuk PHK Dashboard.xlsx; MAP_composite_all.xlsx
Riau,Riau,14,2025,4,2025-04-01,2,1553.0,101.0,109.44,2.07,1.43,1308.23,159.59,1148.64,2304.666,46.7,5.75,16820,68.1,105.1,34,2546.0,48.0,4.16,66.55,,3508.77622,6.50001806,1.115930331,32.49924325,147545760.0,3281830.7,3091840,13.0,Kuning (Perlu perhatian),77.41,0.95,25.98,4.31,3.52,50.07,8.12,True,True,2024,matched,reported,Database Bulan + Tahun + Triwulan + MAP,baseline-v1,2026-07-03,Data untuk PHK Dashboard.xlsx; MAP_composite_all.xlsx
Riau,Riau,14,2025,5,2025-05-01,2,1749.0,196.0,108.59,0.98,-0.78,1644.53,138.05,1506.48,2299.815,47.4,5.5,16441,64.5,104.6,34,2546.0,48.0,4.16,66.55,,3508.77622,6.50001806,1.115930331,32.49924325,147545760.0,3281830.7,3091840,13.0,Kuning (Perlu perhatian),77.41,0.95,25.98,4.31,3.52,50.07,8.12,True,True,2024,matched,reported,Database Bulan + Tahun + Triwulan + MAP,baseline-v1,2026-07-03,Data untuk PHK Dashboard.xlsx; MAP_composite_all.xlsx
Riau,Riau,14,2025,6,2025-06-01,2,2005.0,256.0,108.35,0.98,-0.22,2003.44,139.61,1863.83,2353.79,46.9,5.5,16311,71.4,104.7,34,2546.0,48.0,4.16,66.55,,3508.77622,6.50001806,1.115930331,32.49924325,147545760.0,3281830.7,3091840,13.0,Kuning (Perlu perhatian),77.41,0.95,25.98,4.31,3.52,50.07,8.12,True,True,2024,matched,reported,Database Bulan + Tahun + Triwulan + MAP,baseline-v1,2026-07-03,Data untuk PHK Dashboard.xlsx; MAP_composite_all.xlsx
Riau,Riau,14,2025,7,2025-07-01,3,2136.0,131.0,109.02,2.42,0.62,2059.44,164.94,1894.5,2311.857,49.2,5.25,16276,71,105.2,34,2546.0,48.0,4.16,66.55,,3508.77622,6.50001806,1.115930331,32.49924325,152771600.0,5344901.1,3210929,13.0,Kuning (Perlu perhatian),77.41,0.95,25.98,4.31,3.52,50.07,8.12,True,True,2024,matched,reported,Database Bulan + Tahun + Triwulan + MAP,baseline-v1,2026-07-03,Data untuk PHK Dashboard.xlsx; MAP_composite_all.xlsx
Riau,Riau,14,2025,8,2025-08-01,3,2214.0,78.0,109.95,3.58,0.85,2099.16,123.4,1975.76,2321.596,51.5,5.0,16309,67.9,105.2,34,2546.0,48.0,4.16,66.55,,3508.77622,6.50001806,1.115930331,32.49924325,152771600.0,5344901.1,3210929,13.0,Kuning (Perlu perhatian),77.41,0.95,25.98,4.31,3.52,50.07,8.12,True,True,2024,matched,reported,Database Bulan + Tahun + Triwulan + MAP,baseline-v1,2026-07-03,Data untuk PHK Dashboard.xlsx; MAP_composite_all.xlsx
Riau,Riau,14,2025,9,2025-09-01,3,2423.0,209.0,111.17,5.08,1.11,1590.3,134.14,1456.16,2267.382,50.4,4.75,16512,68,105.3,34,2546.0,48.0,4.16,66.55,,3508.77622,6.50001806,1.115930331,32.49924325,152771600.0,5344901.1,3210929,13.0,Kuning (Perlu perhatian),77.41,0.95,25.98,4.31,3.52,50.07,8.12,True,True,2024,matched,reported,Database Bulan + Tahun + Triwulan + MAP,baseline-v1,2026-07-03,Data untuk PHK Dashboard.xlsx; MAP_composite_all.xlsx
Riau,Riau,14,2025,10,2025-10-01,4,2514.0,91.0,111.1,4.95,-0.06,1772.43,158.7,1613.73,2268.119,51.2,4.75,16607,64.5,105.5,34,2546.0,48.0,4.16,66.55,,3508.77622,6.50001806,1.115930331,32.49924325,152957410.0,2966680.9,3210929,13.0,Kuning (Perlu perhatian),77.41,0.95,25.98,4.31,3.52,50.07,8.12,True,True,2024,matched,reported,Database Bulan + Tahun + Triwulan + MAP,baseline-v1,2026-07-03,Data untuk PHK Dashboard.xlsx; MAP_composite_all.xlsx
Riau,Riau,14,2025,11,2025-11-01,4,2529.0,15.0,110.86,4.27,-0.22,1640.29,101.94,1538.35,2225.009,53.3,4.75,16703,63.8,105.4,34,2546.0,48.0,4.16,66.55,,3508.77622,6.50001806,1.115930331,32.49924325,152957410.0,2966680.9,3210929,13.0,Kuning (Perlu perhatian),77.41,0.95,25.98,4.31,3.52,50.07,8.12,True,True,2024,matched,reported,Database Bulan + Tahun + Triwulan + MAP,baseline-v1,2026-07-03,Data untuk PHK Dashboard.xlsx; MAP_composite_all.xlsx
Riau,Riau,14,2025,12,2025-12-01,4,2546.0,17.0,112.2,4.88,1.21,2157.81,139.15,2018.66,2171.318,51.2,4.75,16699,62.5,106.3,27,2546.0,48.0,4.16,66.55,,3508.77622,6.50001806,1.115930331,32.49924325,152957410.0,2966680.9,3210929,13.0,Kuning (Perlu perhatian),77.41,0.95,25.98,4.31,3.52,50.07,8.12,True,True,2024,matched,reported,Database Bulan + Tahun + Triwulan + MAP,baseline-v1,2026-07-03,Data untuk PHK Dashboard.xlsx; MAP_composite_all.xlsx
Sulawesi Barat,Sulawesi Barat,76,2022,1,2022-01-01,1,,,96.83,,,70.01,0.64,69.37,150.934,53.7,3.5,14335,86.5,94.0,0,34.0,22.75,2.34,73.0,77.25,1975.0,1.2820512820512704,0.8438360659,10.64167732,7985661.86,8456.4,694615,16.0,Oranye (Risiko PHK),72.04,0.87,17.99,-16.38,2.31,77.25,7.41,True,True,2022,matched,no_data,Database Bulan + Tahun + Triwulan + MAP,baseline-v1,2026-07-03,Data untuk PHK Dashboard.xlsx; MAP_composite_all.xlsx
Sulawesi Barat,Sulawesi Barat,76,2022,2,2022-02-01,1,,,97.02,,,1.86,,1.86,155.614,51.2,3.5,14351,97.1,94.0,0,34.0,22.75,2.34,73.0,77.25,1975.0,1.2820512820512704,0.8438360659,10.64167732,7985661.86,8456.4,694615,16.0,Oranye (Risiko PHK),72.04,0.87,17.99,-16.38,2.31,77.25,7.41,True,True,2022,matched,no_data,Database Bulan + Tahun + Triwulan + MAP,baseline-v1,2026-07-03,Data untuk PHK Dashboard.xlsx; MAP_composite_all.xlsx
Sulawesi Barat,Sulawesi Barat,76,2022,3,2022-03-01,1,,,97.48,,,18.61,,18.61,156.038,51.3,3.5,14349,117.2,94.7,0,34.0,22.75,2.34,73.0,77.25,1975.0,1.2820512820512704,0.8438360659,10.64167732,7985661.86,8456.4,694615,16.0,Oranye (Risiko PHK),72.04,0.87,17.99,-16.38,2.31,77.25,7.41,True,True,2022,matched,no_data,Database Bulan + Tahun + Triwulan + MAP,baseline-v1,2026-07-03,Data untuk PHK Dashboard.xlsx; MAP_composite_all.xlsx
Sulawesi Barat,Sulawesi Barat,76,2022,4,2022-04-01,2,,,98.33,,,48.65,,48.65,163.006,51.9,3.5,14369,104.6,95.6,0,34.0,22.75,2.34,73.0,77.25,1975.0,1.2820512820512704,0.8438360659,10.64167732,8497777.25,18423.9,694615,16.0,Oranye (Risiko PHK),72.04,0.87,17.99,-16.38,2.31,77.25,7.41,True,True,2022,matched,no_data,Database Bulan + Tahun + Triwulan + MAP,baseline-v1,2026-07-03,Data untuk PHK Dashboard.xlsx; MAP_composite_all.xlsx
Sulawesi Barat,Sulawesi Barat,76,2022,5,2022-05-01,2,,,99.75,,,2.09,0.96,1.13,175.43,50.8,3.5,14608,113.3,95.9,0,34.0,22.75,2.34,73.0,77.25,1975.0,1.2820512820512704,0.8438360659,10.64167732,8497777.25,18423.9,694615,16.0,Oranye (Risiko PHK),72.04,0.87,17.99,-16.38,2.31,77.25,7.41,True,True,2022,matched,no_data,Database Bulan + Tahun + Triwulan + MAP,baseline-v1,2026-07-03,Data untuk PHK Dashboard.xlsx; MAP_composite_all.xlsx
Sulawesi Barat,Sulawesi Barat,76,2022,6,2022-06-01,2,,,99.74,,,35.0,,35,187.121,50.2,3.5,14689,122.7,96.6,0,34.0,22.75,2.34,73.0,77.25,1975.0,1.2820512820512704,0.8438360659,10.64167732,8497777.25,18423.9,694615,16.0,Oranye (Risiko PHK),72.04,0.87,17.99,-16.38,2.31,77.25,7.41,True,True,2022,matched,no_data,Database Bulan + Tahun + Triwulan + MAP,baseline-v1,2026-07-03,Data untuk PHK Dashboard.xlsx; MAP_composite_all.xlsx
Sulawesi Barat,Sulawesi Barat,76,2022,7,2022-07-01,3,1.0,,101.53,,,,63.69,-63.69,211.992,51.3,3.5,14984,111.9,97.0,0,34.0,22.75,2.34,73.0,77.25,1975.0,1.2820512820512704,0.8438360659,10.64167732,8534185.38,339741.5,731902,16.0,Oranye (Risiko PHK),72.04,0.87,17.99,-16.38,2.31,77.25,7.41,True,True,2022,matched,reported,Database Bulan + Tahun + Triwulan + MAP,baseline-v1,2026-07-03,Data untuk PHK Dashboard.xlsx; MAP_composite_all.xlsx
Sulawesi Barat,Sulawesi Barat,76,2022,8,2022-08-01,3,,,100.72,,,48.62,1.26,47.36,220.146,51.7,3.75,14851,100.4,96.9,0,34.0,22.75,2.34,73.0,77.25,1975.0,1.2820512820512704,0.8438360659,10.64167732,8534185.38,339741.5,731902,16.0,Oranye (Risiko PHK),72.04,0.87,17.99,-16.38,2.31,77.25,7.41,True,True,2022,matched,no_data,Database Bulan + Tahun + Triwulan + MAP,baseline-v1,2026-07-03,Data untuk PHK Dashboard.xlsx; MAP_composite_all.xlsx
Sulawesi Barat,Sulawesi Barat,76,2022,9,2022-09-01,3,1.0,,102.4,,,51.54,,51.54,217.763,53.7,4.25,14972,89.8,97.7,0,34.0,22.75,2.34,73.0,77.25,1975.0,1.2820512820512704,0.8438360659,10.64167732,8534185.38,339741.5,731902,16.0,Oranye (Risiko PHK),72.04,0.87,17.99,-16.38,2.31,77.25,7.41,True,True,2022,matched,reported,Database Bulan + Tahun + Triwulan + MAP,baseline-v1,2026-07-03,Data untuk PHK Dashboard.xlsx; MAP_composite_all.xlsx
Sulawesi Barat,Sulawesi Barat,76,2022,10,2022-10-01,4,1.0,0.0,101.39,,,48.24,,48.24,229.403,51.8,4.75,15417,93.3,97.7,34,34.0,22.75,2.34,73.0,77.25,1975.0,1.2820512820512704,0.8438360659,10.64167732,8625394.29,57324.3,731902,16.0,Oranye (Risiko PHK),72.04,0.87,17.99,-16.38,2.31,77.25,7.41,True,True,2022,matched,reported,Database Bulan + Tahun + Triwulan + MAP,baseline-v1,2026-07-03,Data untuk PHK Dashboard.xlsx; MAP_composite_all.xlsx
Sulawesi Barat,Sulawesi Barat,76,2022,11,2022-11-01,4,1.0,0.0,101.72,,,38.72,0.9,37.82,220.435,50.3,5.25,15659,91.4,98.0,34,34.0,22.75,2.34,73.0,77.25,1975.0,1.2820512820512704,0.8438360659,10.64167732,8625394.29,57324.3,731902,16.0,Oranye (Risiko PHK),72.04,0.87,17.99,-16.38,2.31,77.25,7.41,True,True,2022,matched,reported,Database Bulan + Tahun + Triwulan + MAP,baseline-v1,2026-07-03,Data untuk PHK Dashboard.xlsx; MAP_composite_all.xlsx
Sulawesi Barat,Sulawesi Barat,76,2022,12,2022-12-01,4,34.0,33.0,103.1,,,47.85,,47.85,205.543,50.9,5.5,15615,80.9,98.7,34,34.0,22.75,2.34,73.0,77.25,1975.0,1.2820512820512704,0.8438360659,10.64167732,8625394.29,57324.3,731902,16.0,Oranye (Risiko PHK),72.04,0.87,17.99,-16.38,2.31,77.25,7.41,True,True,2022,matched,reported,Database Bulan + Tahun + Triwulan + MAP,baseline-v1,2026-07-03,Data untuk PHK Dashboard.xlsx; MAP_composite_all.xlsx
Sulawesi Barat,Sulawesi Barat,76,2023,1,2023-01-01,1,,,102.97,,,28.43,0.59,27.84,227.008,51.3,5.75,15295,82.5,99.3,8,9.0,26.65,2.27,71.05,73.35,2123.994,7.544,0.8971334731,11.58751501,8264150.0,9940.0,696147,11.0,Kuning (Perlu perhatian),70.08,0.82,19.08,17.16,5.25,73.35,6.17,True,True,2023,matched,no_data,Database Bulan + Tahun + Triwulan + MAP,baseline-v1,2026-07-03,Data untuk PHK Dashboard.xlsx; MAP_composite_all.xlsx
Sulawesi Barat,Sulawesi Barat,76,2023,2,2023-02-01,1,,0.0,103.08,,,23.8,,23.8,247.356,51.2,5.75,15126,82.6,99.6,34,9.0,26.65,2.27,71.05,73.35,2123.994,7.544,0.8971334731,11.58751501,8264150.0,9940.0,696147,11.0,Kuning (Perlu perhatian),70.08,0.82,19.08,17.16,5.25,73.35,6.17,True,True,2023,matched,reported,Database Bulan + Tahun + Triwulan + MAP,baseline-v1,2026-07-03,Data untuk PHK Dashboard.xlsx; MAP_composite_all.xlsx
Sulawesi Barat,Sulawesi Barat,76,2023,3,2023-03-01,1,,0.0,102.98,,,49.76,1.21,48.55,256.429,51.9,5.75,15301,78.4,99.9,34,9.0,26.65,2.27,71.05,73.35,2123.994,7.544,0.8971334731,11.58751501,8264150.0,9940.0,696147,11.0,Kuning (Perlu perhatian),70.08,0.82,19.08,17.16,5.25,73.35,6.17,True,True,2023,matched,reported,Database Bulan + Tahun + Triwulan + MAP,baseline-v1,2026-07-03,Data untuk PHK Dashboard.xlsx; MAP_composite_all.xlsx
Sulawesi Barat,Sulawesi Barat,76,2023,4,2023-04-01,2,,0.0,103.44,,,27.51,,27.51,255.306,52.7,5.75,14867,84.6,100.0,34,9.0,26.65,2.27,71.05,73.35,2123.994,7.544,0.8971334731,11.58751501,9020870.0,52877.2,696147,11.0,Kuning (Perlu perhatian),70.08,0.82,19.08,17.16,5.25,73.35,6.17,True,True,2023,matched,reported,Database Bulan + Tahun + Triwulan + MAP,baseline-v1,2026-07-03,Data untuk PHK Dashboard.xlsx; MAP_composite_all.xlsx
Sulawesi Barat,Sulawesi Barat,76,2023,5,2023-05-01,2,,0.0,104.16,,,13.53,,13.53,263.464,50.3,5.75,14811,75.5,100.2,34,9.0,26.65,2.27,71.05,73.35,2123.994,7.544,0.8971334731,11.58751501,9020870.0,52877.2,696147,11.0,Kuning (Perlu perhatian),70.08,0.82,19.08,17.16,5.25,73.35,6.17,True,True,2023,matched,reported,Database Bulan + Tahun + Triwulan + MAP,baseline-v1,2026-07-03,Data untuk PHK Dashboard.xlsx; MAP_composite_all.xlsx
Sulawesi Barat,Sulawesi Barat,76,2023,6,2023-06-01,2,,0.0,103.9,,,63.37,,63.37,254.789,52.5,5.75,14932,74.8,100.3,34,9.0,26.65,2.27,71.05,73.35,2123.994,7.544,0.8971334731,11.58751501,9020870.0,52877.2,696147,11.0,Kuning (Perlu perhatian),70.08,0.82,19.08,17.16,5.25,73.35,6.17,True,True,2023,matched,reported,Database Bulan + Tahun + Triwulan + MAP,baseline-v1,2026-07-03,Data untuk PHK Dashboard.xlsx; MAP_composite_all.xlsx
Sulawesi Barat,Sulawesi Barat,76,2023,7,2023-07-01,3,4.0,4.0,103.67,,,40.68,8.76,31.92,279.569,53.3,5.75,15040,80.1,100.5,34,9.0,26.65,2.27,71.05,73.35,2123.994,7.544,0.8971334731,11.58751501,9103240.0,291296.0,743007,11.0,Kuning (Perlu perhatian),70.08,0.82,19.08,17.16,5.25,73.35,6.17,True,True,2023,matched,reported,Database Bulan + Tahun + Triwulan + MAP,baseline-v1,2026-07-03,Data untuk PHK Dashboard.xlsx; MAP_composite_all.xlsx
Sulawesi Barat,Sulawesi Barat,76,2023,8,2023-08-01,3,4.0,0.0,104.04,,,50.07,,50.07,284.199,53.9,5.75,15245,86.1,100.5,34,9.0,26.65,2.27,71.05,73.35,2123.994,7.544,0.8971334731,11.58751501,9103240.0,291296.0,743007,11.0,Kuning (Perlu perhatian),70.08,0.82,19.08,17.16,5.25,73.35,6.17,True,True,2023,matched,reported,Database Bulan + Tahun + Triwulan + MAP,baseline-v1,2026-07-03,Data untuk PHK Dashboard.xlsx; MAP_composite_all.xlsx
Sulawesi Barat,Sulawesi Barat,76,2023,9,2023-09-01,3,4.0,0.0,103.91,,,44.02,0.77,43.25,277.559,52.3,5.75,15354,"93,7",100.9,34,9.0,26.65,2.27,71.05,73.35,2123.994,7.544,0.8971334731,11.58751501,9103240.0,291296.0,743007,11.0,Kuning (Perlu perhatian),70.08,0.82,19.08,17.16,5.25,73.35,6.17,True,True,2023,matched,reported,Database Bulan + Tahun + Triwulan + MAP,baseline-v1,2026-07-03,Data untuk PHK Dashboard.xlsx; MAP_composite_all.xlsx
Sulawesi Barat,Sulawesi Barat,76,2023,10,2023-10-01,4,4.0,0.0,104.56,,,35.53,0.7,34.83,276.76,51.5,6.0,15741,90.6,101.2,34,9.0,26.65,2.27,71.05,73.35,2123.994,7.544,0.8971334731,11.58751501,9014230.0,14342.8,743007,11.0,Kuning (Perlu perhatian),70.08,0.82,19.08,17.16,5.25,73.35,6.17,True,True,2023,matched,reported,Database Bulan + Tahun + Triwulan + MAP,baseline-v1,2026-07-03,Data untuk PHK Dashboard.xlsx; MAP_composite_all.xlsx
Sulawesi Barat,Sulawesi Barat,76,2023,11,2023-11-01,4,4.0,0.0,104.84,,,34.09,0.82,33.27,276.01,51.7,6.0,15617,82.9,101.4,34,9.0,26.65,2.27,71.05,73.35,2123.994,7.544,0.8971334731,11.58751501,9014230.0,14342.8,743007,11.0,Kuning (Perlu perhatian),70.08,0.82,19.08,17.16,5.25,73.35,6.17,True,True,2023,matched,reported,Database Bulan + Tahun + Triwulan + MAP,baseline-v1,2026-07-03,Data untuk PHK Dashboard.xlsx; MAP_composite_all.xlsx
Sulawesi Barat,Sulawesi Barat,76,2023,12,2023-12-01,4,9.0,5.0,105.21,,,61.93,0.27,61.66,259.589,52.2,6.0,15513,77.6,101.8,34,9.0,26.65,2.27,71.05,73.35,2123.994,7.544,0.8971334731,11.58751501,9014230.0,14342.8,743007,11.0,Kuning (Perlu perhatian),70.08,0.82,19.08,17.16,5.25,73.35,6.17,True,True,2023,matched,reported,Database Bulan + Tahun + Triwulan + MAP,baseline-v1,2026-07-03,Data untuk PHK Dashboard.xlsx; MAP_composite_all.xlsx
Sulawesi Barat,Sulawesi Barat,76,2024,1,2024-01-01,1,,,105.29,2.25,0.08,26.26,,26.26,288.714,52.9,6.0,15611,80.1,102.1,9,14.0,27.92,2.68,71.4,,2186.826,2.958200447,0.8950992792,10.87466363,8761670.0,9613.4,749904,12.0,Kuning (Perlu perhatian),77.09,0.84,19.76,4.75,4.76,72.08,8.42,True,True,2024,matched,no_data,Database Bulan + Tahun + Triwulan + MAP,baseline-v1,2026-07-03,Data untuk PHK Dashboard.xlsx; MAP_composite_all.xlsx
Sulawesi Barat,Sulawesi Barat,76,2024,2,2024-02-01,1,,0.0,105.37,2.22,0.08,30.99,0.38,30.61,290.885,52.7,6.0,15665,83.5,103.0,34,14.0,27.92,2.68,71.4,,2186.826,2.958200447,0.8950992792,10.87466363,8761670.0,9613.4,749904,12.0,Kuning (Perlu perhatian),77.09,0.84,19.76,4.75,4.76,72.08,8.42,True,True,2024,matched,reported,Database Bulan + Tahun + Triwulan + MAP,baseline-v1,2026-07-03,Data untuk PHK Dashboard.xlsx; MAP_composite_all.xlsx
Sulawesi Barat,Sulawesi Barat,76,2024,3,2024-03-01,1,,0.0,105.82,2.76,0.43,48.52,,48.52,293.482,54.2,6.0,15703,85.4,103.5,34,14.0,27.92,2.68,71.4,,2186.826,2.958200447,0.8950992792,10.87466363,8761670.0,9613.4,749904,12.0,Kuning (Perlu perhatian),77.09,0.84,19.76,4.75,4.76,72.08,8.42,True,True,2024,matched,reported,Database Bulan + Tahun + Triwulan + MAP,baseline-v1,2026-07-03,Data untuk PHK Dashboard.xlsx; MAP_composite_all.xlsx
Sulawesi Barat,Sulawesi Barat,76,2024,4,2024-04-01,2,,0.0,105.53,2.02,-0.27,34.55,0.23,34.32,312.715,52.9,6.25,16100,89.9,103.4,34,14.0,27.92,2.68,71.4,,2186.826,2.958200447,0.8950992792,10.87466363,9392130.0,4557.0,749904,12.0,Kuning (Perlu perhatian),77.09,0.84,19.76,4.75,4.76,72.08,8.42,True,True,2024,matched,reported,Database Bulan + Tahun + Triwulan + MAP,baseline-v1,2026-07-03,Data untuk PHK Dashboard.xlsx; MAP_composite_all.xlsx
Sulawesi Barat,Sulawesi Barat,76,2024,5,2024-05-01,2,,0.0,105.46,1.25,-0.07,31.58,0.7,30.88,316.157,52.1,6.25,16084,81.7,103.3,34,14.0,27.92,2.68,71.4,,2186.826,2.958200447,0.8950992792,10.87466363,9392130.0,4557.0,749904,12.0,Kuning (Perlu perhatian),77.09,0.84,19.76,4.75,4.76,72.08,8.42,True,True,2024,matched,reported,Database Bulan + Tahun + Triwulan + MAP,baseline-v1,2026-07-03,Data untuk PHK Dashboard.xlsx; MAP_composite_all.xlsx
Sulawesi Barat,Sulawesi Barat,76,2024,6,2024-06-01,2,,0.0,106.31,2.32,0.81,46.74,,46.74,281.717,50.7,6.25,16329,82.2,103.3,34,14.0,27.92,2.68,71.4,,2186.826,2.958200447,0.8950992792,10.87466363,9392130.0,4557.0,749904,12.0,Kuning (Perlu perhatian),77.09,0.84,19.76,4.75,4.76,72.08,8.42,True,True,2024,matched,reported,Database Bulan + Tahun + Triwulan + MAP,baseline-v1,2026-07-03,Data untuk PHK Dashboard.xlsx; MAP_composite_all.xlsx
Sulawesi Barat,Sulawesi Barat,76,2024,7,2024-07-01,3,,0.0,105.83,2.08,-0.45,39.99,0.94,39.05,291.587,49.3,6.25,16262,85.2,103.2,34,14.0,27.92,2.68,71.4,,2186.826,2.958200447,0.8950992792,10.87466363,9320650.0,13779.6,757507,12.0,Kuning (Perlu perhatian),77.09,0.84,19.76,4.75,4.76,72.08,8.42,True,True,2024,matched,reported,Database Bulan + Tahun + Triwulan + MAP,baseline-v1,2026-07-03,Data untuk PHK Dashboard.xlsx; MAP_composite_all.xlsx
Sulawesi Barat,Sulawesi Barat,76,2024,8,2024-08-01,3,,0.0,105.69,1.59,-0.13,13.24,,13.24,292.488,48.9,6.25,15793,80.4,103.1,34,14.0,27.92,2.68,71.4,,2186.826,2.958200447,0.8950992792,10.87466363,9320650.0,13779.6,757507,12.0,Kuning (Perlu perhatian),77.09,0.84,19.76,4.75,4.76,72.08,8.42,True,True,2024,matched,reported,Database Bulan + Tahun + Triwulan + MAP,baseline-v1,2026-07-03,Data untuk PHK Dashboard.xlsx; MAP_composite_all.xlsx
Sulawesi Barat,Sulawesi Barat,76,2024,9,2024-09-01,3,10.0,10.0,106.04,2.05,0.33,43.83,,43.83,296.89,49.2,6.0,15341,74,102.9,34,14.0,27.92,2.68,71.4,,2186.826,2.958200447,0.8950992792,10.87466363,9320650.0,13779.6,757507,12.0,Kuning (Perlu perhatian),77.09,0.84,19.76,4.75,4.76,72.08,8.42,True,True,2024,matched,reported,Database Bulan + Tahun + Triwulan + MAP,baseline-v1,2026-07-03,Data untuk PHK Dashboard.xlsx; MAP_composite_all.xlsx
Sulawesi Barat,Sulawesi Barat,76,2024,10,2024-10-01,4,10.0,0.0,106.26,1.63,0.21,39.48,0.79,38.69,301.083,49.2,6.0,15541,75.6,102.8,34,14.0,27.92,2.68,71.4,,2186.826,2.958200447,0.8950992792,10.87466363,9612960.0,6604.4,757507,12.0,Kuning (Perlu perhatian),77.09,0.84,19.76,4.75,4.76,72.08,8.42,True,True,2024,matched,reported,Database Bulan + Tahun + Triwulan + MAP,baseline-v1,2026-07-03,Data untuk PHK Dashboard.xlsx; MAP_composite_all.xlsx
Sulawesi Barat,Sulawesi Barat,76,2024,11,2024-11-01,4,10.0,0.0,106.08,1.18,-0.17,49.95,0.78,49.17,293.854,49.6,6.0,15812,74.3,103.0,34,14.0,27.92,2.68,71.4,,2186.826,2.958200447,0.8950992792,10.87466363,9612960.0,6604.4,757507,12.0,Kuning (Perlu perhatian),77.09,0.84,19.76,4.75,4.76,72.08,8.42,True,True,2024,matched,reported,Database Bulan + Tahun + Triwulan + MAP,baseline-v1,2026-07-03,Data untuk PHK Dashboard.xlsx; MAP_composite_all.xlsx
Sulawesi Barat,Sulawesi Barat,76,2024,12,2024-12-01,4,14.0,4.0,106.78,1.49,0.66,28.67,,28.67,267.136,51.2,6.0,16024,73.9,103.4,34,14.0,27.92,2.68,71.4,,2186.826,2.958200447,0.8950992792,10.87466363,9612960.0,6604.4,757507,12.0,Kuning (Perlu perhatian),77.09,0.84,19.76,4.75,4.76,72.08,8.42,True,True,2024,matched,reported,Database Bulan + Tahun + Triwulan + MAP,baseline-v1,2026-07-03,Data untuk PHK Dashboard.xlsx; MAP_composite_all.xlsx
Sulawesi Barat,Sulawesi Barat,76,2025,1,2025-01-01,1,4.0,4.0,105.63,0.32,-1.08,47.35,,47.35,290.149,51.9,5.75,16262,79.3,104.2,34,95.0,29.37,2.86,74.25,,2328.96969,6.5,0.8630518898,11.95325995,9181520.0,38521.7,764613,12.0,Kuning (Perlu perhatian),77.09,0.84,19.76,4.75,4.76,72.08,8.42,True,True,2024,matched,reported,Database Bulan + Tahun + Triwulan + MAP,baseline-v1,2026-07-03,Data untuk PHK Dashboard.xlsx; MAP_composite_all.xlsx
Sulawesi Barat,Sulawesi Barat,76,2025,2,2025-02-01,1,16.0,12.0,105.12,-0.24,-0.48,44.63,,44.63,306.664,53.6,5.75,16338,75.4,104.3,34,95.0,29.37,2.86,74.25,,2328.96969,6.5,0.8630518898,11.95325995,9181520.0,38521.7,764613,12.0,Kuning (Perlu perhatian),77.09,0.84,19.76,4.75,4.76,72.08,8.42,True,True,2024,matched,reported,Database Bulan + Tahun + Triwulan + MAP,baseline-v1,2026-07-03,Data untuk PHK Dashboard.xlsx; MAP_composite_all.xlsx
Sulawesi Barat,Sulawesi Barat,76,2025,3,2025-03-01,1,24.0,8.0,107.46,1.55,2.23,46.1,,46.1,307.62,52.4,5.75,16456,72.7,105.1,34,95.0,29.37,2.86,74.25,,2328.96969,6.5,0.8630518898,11.95325995,9181520.0,38521.7,764613,12.0,Kuning (Perlu perhatian),77.09,0.84,19.76,4.75,4.76,72.08,8.42,True,True,2024,matched,reported,Database Bulan + Tahun + Triwulan + MAP,baseline-v1,2026-07-03,Data untuk PHK Dashboard.xlsx; MAP_composite_all.xlsx
Sulawesi Barat,Sulawesi Barat,76,2025,4,2025-04-01,2,27.0,3.0,109.08,3.36,1.51,60.9,,60.9,332.749,46.7,5.75,16820,68.1,105.1,34,95.0,29.37,2.86,74.25,,2328.96969,6.5,0.8630518898,11.95325995,9790700.0,86827.5,764613,12.0,Kuning (Perlu perhatian),77.09,0.84,19.76,4.75,4.76,72.08,8.42,True,True,2024,matched,reported,Database Bulan + Tahun + Triwulan + MAP,baseline-v1,2026-07-03,Data untuk PHK Dashboard.xlsx; MAP_composite_all.xlsx
Sulawesi Barat,Sulawesi Barat,76,2025,5,2025-05-01,2,32.0,5.0,108.84,3.21,-0.22,30.16,,30.16,350.259,47.4,5.5,16441,64.5,104.6,34,95.0,29.37,2.86,74.25,,2328.96969,6.5,0.8630518898,11.95325995,9790700.0,86827.5,764613,12.0,Kuning (Perlu perhatian),77.09,0.84,19.76,4.75,4.76,72.08,8.42,True,True,2024,matched,reported,Database Bulan + Tahun + Triwulan + MAP,baseline-v1,2026-07-03,Data untuk PHK Dashboard.xlsx; MAP_composite_all.xlsx
Sulawesi Barat,Sulawesi Barat,76,2025,6,2025-06-01,2,39.0,7.0,109.04,2.57,0.18,67.68,,67.68,354.613,46.9,5.5,16311,71.4,104.7,34,95.0,29.37,2.86,74.25,,2328.96969,6.5,0.8630518898,11.95325995,9790700.0,86827.5,764613,12.0,Kuning (Perlu perhatian),77.09,0.84,19.76,4.75,4.76,72.08,8.42,True,True,2024,matched,reported,Database Bulan + Tahun + Triwulan + MAP,baseline-v1,2026-07-03,Data untuk PHK Dashboard.xlsx; MAP_composite_all.xlsx
Sulawesi Barat,Sulawesi Barat,76,2025,7,2025-07-01,3,51.0,12.0,109.61,3.57,0.52,55.14,,55.14,354.392,49.2,5.25,16276,71,105.2,34,95.0,29.37,2.86,74.25,,2328.96969,6.5,0.8630518898,11.95325995,9861010.0,23703.0,800433,12.0,Kuning (Perlu perhatian),77.09,0.84,19.76,4.75,4.76,72.08,8.42,True,True,2024,matched,reported,Database Bulan + Tahun + Triwulan + MAP,baseline-v1,2026-07-03,Data untuk PHK Dashboard.xlsx; MAP_composite_all.xlsx
Sulawesi Barat,Sulawesi Barat,76,2025,8,2025-08-01,3,59.0,8.0,109.41,3.52,-0.18,59.69,,59.69,361.45,51.5,5.0,16309,67.9,105.2,34,95.0,29.37,2.86,74.25,,2328.96969,6.5,0.8630518898,11.95325995,9861010.0,23703.0,800433,12.0,Kuning (Perlu perhatian),77.09,0.84,19.76,4.75,4.76,72.08,8.42,True,True,2024,matched,reported,Database Bulan + Tahun + Triwulan + MAP,baseline-v1,2026-07-03,Data untuk PHK Dashboard.xlsx; MAP_composite_all.xlsx
Sulawesi Barat,Sulawesi Barat,76,2025,9,2025-09-01,3,77.0,18.0,109.26,3.04,-0.14,44.62,,44.62,354.577,50.4,4.75,16512,68,105.3,34,95.0,29.37,2.86,74.25,,2328.96969,6.5,0.8630518898,11.95325995,9861010.0,23703.0,800433,12.0,Kuning (Perlu perhatian),77.09,0.84,19.76,4.75,4.76,72.08,8.42,True,True,2024,matched,reported,Database Bulan + Tahun + Triwulan + MAP,baseline-v1,2026-07-03,Data untuk PHK Dashboard.xlsx; MAP_composite_all.xlsx
Sulawesi Barat,Sulawesi Barat,76,2025,10,2025-10-01,4,87.0,10.0,109.06,2.64,-0.18,56.73,,56.73,365.084,51.2,4.75,16607,64.5,105.5,34,95.0,29.37,2.86,74.25,,2328.96969,6.5,0.8630518898,11.95325995,10242480.0,16137.4,800433,12.0,Kuning (Perlu perhatian),77.09,0.84,19.76,4.75,4.76,72.08,8.42,True,True,2024,matched,reported,Database Bulan + Tahun + Triwulan + MAP,baseline-v1,2026-07-03,Data untuk PHK Dashboard.xlsx; MAP_composite_all.xlsx
Sulawesi Barat,Sulawesi Barat,76,2025,11,2025-11-01,4,94.0,7.0,108.8,2.56,-0.24,54.85,0.46,54.39,347.428,53.3,4.75,16703,63.8,105.4,34,95.0,29.37,2.86,74.25,,2328.96969,6.5,0.8630518898,11.95325995,10242480.0,16137.4,800433,12.0,Kuning (Perlu perhatian),77.09,0.84,19.76,4.75,4.76,72.08,8.42,True,True,2024,matched,reported,Database Bulan + Tahun + Triwulan + MAP,baseline-v1,2026-07-03,Data untuk PHK Dashboard.xlsx; MAP_composite_all.xlsx
Sulawesi Barat,Sulawesi Barat,76,2025,12,2025-12-01,4,95.0,1.0,109.43,2.48,0.58,66.36,0.45,65.91,337.082,51.2,4.75,16699,62.5,106.3,27,95.0,29.37,2.86,74.25,,2328.96969,6.5,0.8630518898,11.95325995,10242480.0,16137.4,800433,12.0,Kuning (Perlu perhatian),77.09,0.84,19.76,4.75,4.76,72.08,8.42,True,True,2024,matched,reported,Database Bulan + Tahun + Triwulan + MAP,baseline-v1,2026-07-03,Data untuk PHK Dashboard.xlsx; MAP_composite_all.xlsx
Sulawesi Selatan,Sulawesi Selatan,73,2022,1,2022-01-01,1,,,97.63,,,164.09,54.85,109.24,4345.589,53.7,3.5,14335,86.5,94.0,0,191.0,36.45,4.51,66.18,63.55,2800.58,0.4214676713426968,0.9734538498,13.40023211,83392400.68,1032905.9,4328117,14.0,Oranye (Risiko PHK),77.58,0.91,24.18,-0.85,5.1,63.55,8.19,True,True,2022,matched,no_data,Database Bulan + Tahun + Triwulan + MAP,baseline-v1,2026-07-03,Data untuk PHK Dashboard.xlsx; MAP_composite_all.xlsx
Sulawesi Selatan,Sulawesi Selatan,73,2022,2,2022-02-01,1,,,97.56,,,181.32,66.76,114.56,4546.651,51.2,3.5,14351,97.1,94.0,0,191.0,36.45,4.51,66.18,63.55,2800.58,0.4214676713426968,0.9734538498,13.40023211,83392400.68,1032905.9,4328117,14.0,Oranye (Risiko PHK),77.58,0.91,24.18,-0.85,5.1,63.55,8.19,True,True,2022,matched,no_data,Database Bulan + Tahun + Triwulan + MAP,baseline-v1,2026-07-03,Data untuk PHK Dashboard.xlsx; MAP_composite_all.xlsx
Sulawesi Selatan,Sulawesi Selatan,73,2022,3,2022-03-01,1,,,98.07,,,192.45,108.02,84.43,4576.329,51.3,3.5,14349,117.2,94.7,0,191.0,36.45,4.51,66.18,63.55,2800.58,0.4214676713426968,0.9734538498,13.40023211,83392400.68,1032905.9,4328117,14.0,Oranye (Risiko PHK),77.58,0.91,24.18,-0.85,5.1,63.55,8.19,True,True,2022,matched,no_data,Database Bulan + Tahun + Triwulan + MAP,baseline-v1,2026-07-03,Data untuk PHK Dashboard.xlsx; MAP_composite_all.xlsx
Sulawesi Selatan,Sulawesi Selatan,73,2022,4,2022-04-01,2,,,99.19,,,252.2,89.94,162.26,4599.358,51.9,3.5,14369,104.6,95.6,0,191.0,36.45,4.51,66.18,63.55,2800.58,0.4214676713426968,0.9734538498,13.40023211,90388628.43,1260702.1,4328117,14.0,Oranye (Risiko PHK),77.58,0.91,24.18,-0.85,5.1,63.55,8.19,True,True,2022,matched,no_data,Database Bulan + Tahun + Triwulan + MAP,baseline-v1,2026-07-03,Data untuk PHK Dashboard.xlsx; MAP_composite_all.xlsx
Sulawesi Selatan,Sulawesi Selatan,73,2022,5,2022-05-01,2,,,99.31,,,230.28,109.76,120.52,4909.185,50.8,3.5,14608,113.3,95.9,0,191.0,36.45,4.51,66.18,63.55,2800.58,0.4214676713426968,0.9734538498,13.40023211,90388628.43,1260702.1,4328117,14.0,Oranye (Risiko PHK),77.58,0.91,24.18,-0.85,5.1,63.55,8.19,True,True,2022,matched,no_data,Database Bulan + Tahun + Triwulan + MAP,baseline-v1,2026-07-03,Data untuk PHK Dashboard.xlsx; MAP_composite_all.xlsx
Sulawesi Selatan,Sulawesi Selatan,73,2022,6,2022-06-01,2,,,99.68,,,216.88,100.1,116.78,4003.955,50.2,3.5,14689,122.7,96.6,0,191.0,36.45,4.51,66.18,63.55,2800.58,0.4214676713426968,0.9734538498,13.40023211,90388628.43,1260702.1,4328117,14.0,Oranye (Risiko PHK),77.58,0.91,24.18,-0.85,5.1,63.55,8.19,True,True,2022,matched,no_data,Database Bulan + Tahun + Triwulan + MAP,baseline-v1,2026-07-03,Data untuk PHK Dashboard.xlsx; MAP_composite_all.xlsx
Sulawesi Selatan,Sulawesi Selatan,73,2022,7,2022-07-01,3,191.0,,100.67,,,113.0,202.96,-89.96,4097.595,51.3,3.5,14984,111.9,97.0,0,191.0,36.45,4.51,66.18,63.55,2800.58,0.4214676713426968,0.9734538498,13.40023211,94144501.29,2374119.2,4353650,14.0,Oranye (Risiko PHK),77.58,0.91,24.18,-0.85,5.1,63.55,8.19,True,True,2022,matched,reported,Database Bulan + Tahun + Triwulan + MAP,baseline-v1,2026-07-03,Data untuk PHK Dashboard.xlsx; MAP_composite_all.xlsx
Sulawesi Selatan,Sulawesi Selatan,73,2022,8,2022-08-01,3,,,100.27,,,228.41,107.1,121.31,4211.215,51.7,3.75,14851,100.4,96.9,0,191.0,36.45,4.51,66.18,63.55,2800.58,0.4214676713426968,0.9734538498,13.40023211,94144501.29,2374119.2,4353650,14.0,Oranye (Risiko PHK),77.58,0.91,24.18,-0.85,5.1,63.55,8.19,True,True,2022,matched,no_data,Database Bulan + Tahun + Triwulan + MAP,baseline-v1,2026-07-03,Data untuk PHK Dashboard.xlsx; MAP_composite_all.xlsx
Sulawesi Selatan,Sulawesi Selatan,73,2022,9,2022-09-01,3,191.0,,101.8,,,233.63,181.09,52.54,4176.287,53.7,4.25,14972,89.8,97.7,0,191.0,36.45,4.51,66.18,63.55,2800.58,0.4214676713426968,0.9734538498,13.40023211,94144501.29,2374119.2,4353650,14.0,Oranye (Risiko PHK),77.58,0.91,24.18,-0.85,5.1,63.55,8.19,True,True,2022,matched,reported,Database Bulan + Tahun + Triwulan + MAP,baseline-v1,2026-07-03,Data untuk PHK Dashboard.xlsx; MAP_composite_all.xlsx
Sulawesi Selatan,Sulawesi Selatan,73,2022,10,2022-10-01,4,191.0,0.0,101.59,,,216.22,80.83,135.39,4258.272,51.8,4.75,15417,93.3,97.7,34,191.0,36.45,4.51,66.18,63.55,2800.58,0.4214676713426968,0.9734538498,13.40023211,92987289.01,2356741.6,4353650,14.0,Oranye (Risiko PHK),77.58,0.91,24.18,-0.85,5.1,63.55,8.19,True,True,2022,matched,reported,Database Bulan + Tahun + Triwulan + MAP,baseline-v1,2026-07-03,Data untuk PHK Dashboard.xlsx; MAP_composite_all.xlsx
Sulawesi Selatan,Sulawesi Selatan,73,2022,11,2022-11-01,4,191.0,0.0,101.8,,,179.59,66.96,112.63,4040.526,50.3,5.25,15659,91.4,98.0,34,191.0,36.45,4.51,66.18,63.55,2800.58,0.4214676713426968,0.9734538498,13.40023211,92987289.01,2356741.6,4353650,14.0,Oranye (Risiko PHK),77.58,0.91,24.18,-0.85,5.1,63.55,8.19,True,True,2022,matched,reported,Database Bulan + Tahun + Triwulan + MAP,baseline-v1,2026-07-03,Data untuk PHK Dashboard.xlsx; MAP_composite_all.xlsx
Sulawesi Selatan,Sulawesi Selatan,73,2022,12,2022-12-01,4,191.0,0.0,102.42,,,261.81,74.93,186.88,3414.541,50.9,5.5,15615,80.9,98.7,34,191.0,36.45,4.51,66.18,63.55,2800.58,0.4214676713426968,0.9734538498,13.40023211,92987289.01,2356741.6,4353650,14.0,Oranye (Risiko PHK),77.58,0.91,24.18,-0.85,5.1,63.55,8.19,True,True,2022,matched,reported,Database Bulan + Tahun + Triwulan + MAP,baseline-v1,2026-07-03,Data untuk PHK Dashboard.xlsx; MAP_composite_all.xlsx
Sulawesi Selatan,Sulawesi Selatan,73,2023,1,2023-01-01,1,,,102.9,,,230.64,113.12,117.52,3687.656,51.3,5.75,15295,82.5,99.3,8,766.0,37.23,4.33,65.66,62.77,2989.35,6.740389491,1.006542264,13.37321798,87810230.0,826584.3,4315849,13.0,Kuning (Perlu perhatian),76.0,0.88,27.44,2.14,4.51,62.77,9.02,True,True,2023,matched,no_data,Database Bulan + Tahun + Triwulan + MAP,baseline-v1,2026-07-03,Data untuk PHK Dashboard.xlsx; MAP_composite_all.xlsx
Sulawesi Selatan,Sulawesi Selatan,73,2023,2,2023-02-01,1,,0.0,102.66,,,215.37,92.59,122.78,3778.391,51.2,5.75,15126,82.6,99.6,34,766.0,37.23,4.33,65.66,62.77,2989.35,6.740389491,1.006542264,13.37321798,87810230.0,826584.3,4315849,13.0,Kuning (Perlu perhatian),76.0,0.88,27.44,2.14,4.51,62.77,9.02,True,True,2023,matched,reported,Database Bulan + Tahun + Triwulan + MAP,baseline-v1,2026-07-03,Data untuk PHK Dashboard.xlsx; MAP_composite_all.xlsx
Sulawesi Selatan,Sulawesi Selatan,73,2023,3,2023-03-01,1,,0.0,103.23,,,214.8,79.81,134.99,3751.302,51.9,5.75,15301,78.4,99.9,34,766.0,37.23,4.33,65.66,62.77,2989.35,6.740389491,1.006542264,13.37321798,87810230.0,826584.3,4315849,13.0,Kuning (Perlu perhatian),76.0,0.88,27.44,2.14,4.51,62.77,9.02,True,True,2023,matched,reported,Database Bulan + Tahun + Triwulan + MAP,baseline-v1,2026-07-03,Data untuk PHK Dashboard.xlsx; MAP_composite_all.xlsx
Sulawesi Selatan,Sulawesi Selatan,73,2023,4,2023-04-01,2,,0.0,103.53,,,179.86,103.77,76.09,3888.363,52.7,5.75,14867,84.6,100.0,34,766.0,37.23,4.33,65.66,62.77,2989.35,6.740389491,1.006542264,13.37321798,94906050.0,1368196.4,4315849,13.0,Kuning (Perlu perhatian),76.0,0.88,27.44,2.14,4.51,62.77,9.02,True,True,2023,matched,reported,Database Bulan + Tahun + Triwulan + MAP,baseline-v1,2026-07-03,Data untuk PHK Dashboard.xlsx; MAP_composite_all.xlsx
Sulawesi Selatan,Sulawesi Selatan,73,2023,5,2023-05-01,2,23.0,23.0,103.61,,,211.59,79.38,132.21,3903.784,50.3,5.75,14811,75.5,100.2,34,766.0,37.23,4.33,65.66,62.77,2989.35,6.740389491,1.006542264,13.37321798,94906050.0,1368196.4,4315849,13.0,Kuning (Perlu perhatian),76.0,0.88,27.44,2.14,4.51,62.77,9.02,True,True,2023,matched,reported,Database Bulan + Tahun + Triwulan + MAP,baseline-v1,2026-07-03,Data untuk PHK Dashboard.xlsx; MAP_composite_all.xlsx
Sulawesi Selatan,Sulawesi Selatan,73,2023,6,2023-06-01,2,478.0,455.0,103.73,,,167.57,108.76,58.81,3697.439,52.5,5.75,14932,74.8,100.3,34,766.0,37.23,4.33,65.66,62.77,2989.35,6.740389491,1.006542264,13.37321798,94906050.0,1368196.4,4315849,13.0,Kuning (Perlu perhatian),76.0,0.88,27.44,2.14,4.51,62.77,9.02,True,True,2023,matched,reported,Database Bulan + Tahun + Triwulan + MAP,baseline-v1,2026-07-03,Data untuk PHK Dashboard.xlsx; MAP_composite_all.xlsx
Sulawesi Selatan,Sulawesi Selatan,73,2023,7,2023-07-01,3,569.0,91.0,103.84,,,186.23,114.88,71.35,4289.569,53.3,5.75,15040,80.1,100.5,34,766.0,37.23,4.33,65.66,62.77,2989.35,6.740389491,1.006542264,13.37321798,97948160.0,1440313.3,4490983,13.0,Kuning (Perlu perhatian),76.0,0.88,27.44,2.14,4.51,62.77,9.02,True,True,2023,matched,reported,Database Bulan + Tahun + Triwulan + MAP,baseline-v1,2026-07-03,Data untuk PHK Dashboard.xlsx; MAP_composite_all.xlsx
Sulawesi Selatan,Sulawesi Selatan,73,2023,8,2023-08-01,3,569.0,0.0,103.77,,,192.17,82.93,109.24,4286.81,53.9,5.75,15245,86.1,100.5,34,766.0,37.23,4.33,65.66,62.77,2989.35,6.740389491,1.006542264,13.37321798,97948160.0,1440313.3,4490983,13.0,Kuning (Perlu perhatian),76.0,0.88,27.44,2.14,4.51,62.77,9.02,True,True,2023,matched,reported,Database Bulan + Tahun + Triwulan + MAP,baseline-v1,2026-07-03,Data untuk PHK Dashboard.xlsx; MAP_composite_all.xlsx
Sulawesi Selatan,Sulawesi Selatan,73,2023,9,2023-09-01,3,624.0,55.0,103.79,,,206.88,95.5,111.38,4282.272,52.3,5.75,15354,"93,7",100.9,34,766.0,37.23,4.33,65.66,62.77,2989.35,6.740389491,1.006542264,13.37321798,97948160.0,1440313.3,4490983,13.0,Kuning (Perlu perhatian),76.0,0.88,27.44,2.14,4.51,62.77,9.02,True,True,2023,matched,reported,Database Bulan + Tahun + Triwulan + MAP,baseline-v1,2026-07-03,Data untuk PHK Dashboard.xlsx; MAP_composite_all.xlsx
Sulawesi Selatan,Sulawesi Selatan,73,2023,10,2023-10-01,4,678.0,54.0,104.09,,,212.17,45.87,166.3,4405.0,51.5,6.0,15741,90.6,101.2,34,766.0,37.23,4.33,65.66,62.77,2989.35,6.740389491,1.006542264,13.37321798,96543350.0,1496604.4,4490983,13.0,Kuning (Perlu perhatian),76.0,0.88,27.44,2.14,4.51,62.77,9.02,True,True,2023,matched,reported,Database Bulan + Tahun + Triwulan + MAP,baseline-v1,2026-07-03,Data untuk PHK Dashboard.xlsx; MAP_composite_all.xlsx
Sulawesi Selatan,Sulawesi Selatan,73,2023,11,2023-11-01,4,753.0,75.0,104.27,,,159.74,89.93,69.81,4479.015,51.7,6.0,15617,82.9,101.4,34,766.0,37.23,4.33,65.66,62.77,2989.35,6.740389491,1.006542264,13.37321798,96543350.0,1496604.4,4490983,13.0,Kuning (Perlu perhatian),76.0,0.88,27.44,2.14,4.51,62.77,9.02,True,True,2023,matched,reported,Database Bulan + Tahun + Triwulan + MAP,baseline-v1,2026-07-03,Data untuk PHK Dashboard.xlsx; MAP_composite_all.xlsx
Sulawesi Selatan,Sulawesi Selatan,73,2023,12,2023-12-01,4,766.0,13.0,104.97,,,164.48,78.66,85.82,4346.407,52.2,6.0,15513,77.6,101.8,34,766.0,37.23,4.33,65.66,62.77,2989.35,6.740389491,1.006542264,13.37321798,96543350.0,1496604.4,4490983,13.0,Kuning (Perlu perhatian),76.0,0.88,27.44,2.14,4.51,62.77,9.02,True,True,2023,matched,reported,Database Bulan + Tahun + Triwulan + MAP,baseline-v1,2026-07-03,Data untuk PHK Dashboard.xlsx; MAP_composite_all.xlsx
Sulawesi Selatan,Sulawesi Selatan,73,2024,1,2024-01-01,1,,,105.35,2.38,0.36,183.09,98.23,84.86,4669.171,52.9,6.0,15611,80.1,102.1,9,482.0,39.5,4.19,67.38,,3025.1,1.195912155,1.010869918,13.35055983,92039100.0,783100.0,4477301,12.0,Kuning (Perlu perhatian),78.14,0.87,26.67,6.11,5.02,60.5,8.54,True,True,2024,matched,no_data,Database Bulan + Tahun + Triwulan + MAP,baseline-v1,2026-07-03,Data untuk PHK Dashboard.xlsx; MAP_composite_all.xlsx
Sulawesi Selatan,Sulawesi Selatan,73,2024,2,2024-02-01,1,4.0,4.0,105.67,2.93,0.3,134.24,114.39,19.85,4772.881,52.7,6.0,15665,83.5,103.0,34,482.0,39.5,4.19,67.38,,3025.1,1.195912155,1.010869918,13.35055983,92039100.0,783100.0,4477301,12.0,Kuning (Perlu perhatian),78.14,0.87,26.67,6.11,5.02,60.5,8.54,True,True,2024,matched,reported,Database Bulan + Tahun + Triwulan + MAP,baseline-v1,2026-07-03,Data untuk PHK Dashboard.xlsx; MAP_composite_all.xlsx
Sulawesi Selatan,Sulawesi Selatan,73,2024,3,2024-03-01,1,40.0,36.0,106.07,2.75,0.38,177.63,61.07,116.56,4705.457,54.2,6.0,15703,85.4,103.5,34,482.0,39.5,4.19,67.38,,3025.1,1.195912155,1.010869918,13.35055983,92039100.0,783100.0,4477301,12.0,Kuning (Perlu perhatian),78.14,0.87,26.67,6.11,5.02,60.5,8.54,True,True,2024,matched,reported,Database Bulan + Tahun + Triwulan + MAP,baseline-v1,2026-07-03,Data untuk PHK Dashboard.xlsx; MAP_composite_all.xlsx
Sulawesi Selatan,Sulawesi Selatan,73,2024,4,2024-04-01,2,74.0,34.0,106.23,2.61,0.15,139.94,66.07,73.87,5136.404,52.9,6.25,16100,89.9,103.4,34,482.0,39.5,4.19,67.38,,3025.1,1.195912155,1.010869918,13.35055983,99634190.0,1649265.8,4477301,12.0,Kuning (Perlu perhatian),78.14,0.87,26.67,6.11,5.02,60.5,8.54,True,True,2024,matched,reported,Database Bulan + Tahun + Triwulan + MAP,baseline-v1,2026-07-03,Data untuk PHK Dashboard.xlsx; MAP_composite_all.xlsx
Sulawesi Selatan,Sulawesi Selatan,73,2024,5,2024-05-01,2,202.0,128.0,106.12,2.42,-0.1,188.93,107.06,81.87,5105.228,52.1,6.25,16084,81.7,103.3,34,482.0,39.5,4.19,67.38,,3025.1,1.195912155,1.010869918,13.35055983,99634190.0,1649265.8,4477301,12.0,Kuning (Perlu perhatian),78.14,0.87,26.67,6.11,5.02,60.5,8.54,True,True,2024,matched,reported,Database Bulan + Tahun + Triwulan + MAP,baseline-v1,2026-07-03,Data untuk PHK Dashboard.xlsx; MAP_composite_all.xlsx
Sulawesi Selatan,Sulawesi Selatan,73,2024,6,2024-06-01,2,227.0,25.0,105.84,2.03,-0.26,172.05,78.51,93.54,4806.154,50.7,6.25,16329,82.2,103.3,34,482.0,39.5,4.19,67.38,,3025.1,1.195912155,1.010869918,13.35055983,99634190.0,1649265.8,4477301,12.0,Kuning (Perlu perhatian),78.14,0.87,26.67,6.11,5.02,60.5,8.54,True,True,2024,matched,reported,Database Bulan + Tahun + Triwulan + MAP,baseline-v1,2026-07-03,Data untuk PHK Dashboard.xlsx; MAP_composite_all.xlsx
Sulawesi Selatan,Sulawesi Selatan,73,2024,7,2024-07-01,3,227.0,0.0,105.65,1.74,-0.18,170.49,101.8,68.69,4771.187,49.3,6.25,16262,85.2,103.2,34,482.0,39.5,4.19,67.38,,3025.1,1.195912155,1.010869918,13.35055983,102921430.0,1482751.8,4680928,12.0,Kuning (Perlu perhatian),78.14,0.87,26.67,6.11,5.02,60.5,8.54,True,True,2024,matched,reported,Database Bulan + Tahun + Triwulan + MAP,baseline-v1,2026-07-03,Data untuk PHK Dashboard.xlsx; MAP_composite_all.xlsx
Sulawesi Selatan,Sulawesi Selatan,73,2024,8,2024-08-01,3,267.0,40.0,105.61,1.77,-0.04,193.28,117.1,76.18,4740.505,48.9,6.25,15793,80.4,103.1,34,482.0,39.5,4.19,67.38,,3025.1,1.195912155,1.010869918,13.35055983,102921430.0,1482751.8,4680928,12.0,Kuning (Perlu perhatian),78.14,0.87,26.67,6.11,5.02,60.5,8.54,True,True,2024,matched,reported,Database Bulan + Tahun + Triwulan + MAP,baseline-v1,2026-07-03,Data untuk PHK Dashboard.xlsx; MAP_composite_all.xlsx
Sulawesi Selatan,Sulawesi Selatan,73,2024,9,2024-09-01,3,347.0,80.0,105.52,1.67,-0.09,161.1,46.46,114.64,4647.86,49.2,6.0,15341,74,102.9,34,482.0,39.5,4.19,67.38,,3025.1,1.195912155,1.010869918,13.35055983,102921430.0,1482751.8,4680928,12.0,Kuning (Perlu perhatian),78.14,0.87,26.67,6.11,5.02,60.5,8.54,True,True,2024,matched,reported,Database Bulan + Tahun + Triwulan + MAP,baseline-v1,2026-07-03,Data untuk PHK Dashboard.xlsx; MAP_composite_all.xlsx
Sulawesi Selatan,Sulawesi Selatan,73,2024,10,2024-10-01,4,415.0,68.0,105.68,1.53,0.15,190.13,99.66,90.47,4676.055,49.2,6.0,15541,75.6,102.8,34,482.0,39.5,4.19,67.38,,3025.1,1.195912155,1.010869918,13.35055983,101547020.0,2038497.1,4680928,12.0,Kuning (Perlu perhatian),78.14,0.87,26.67,6.11,5.02,60.5,8.54,True,True,2024,matched,reported,Database Bulan + Tahun + Triwulan + MAP,baseline-v1,2026-07-03,Data untuk PHK Dashboard.xlsx; MAP_composite_all.xlsx
Sulawesi Selatan,Sulawesi Selatan,73,2024,11,2024-11-01,4,430.0,15.0,105.86,1.52,0.17,172.08,78.89,93.19,4670.682,49.6,6.0,15812,74.3,103.0,34,482.0,39.5,4.19,67.38,,3025.1,1.195912155,1.010869918,13.35055983,101547020.0,2038497.1,4680928,12.0,Kuning (Perlu perhatian),78.14,0.87,26.67,6.11,5.02,60.5,8.54,True,True,2024,matched,reported,Database Bulan + Tahun + Triwulan + MAP,baseline-v1,2026-07-03,Data untuk PHK Dashboard.xlsx; MAP_composite_all.xlsx
Sulawesi Selatan,Sulawesi Selatan,73,2024,12,2024-12-01,4,482.0,52.0,106.26,1.23,0.38,176.35,140.27,36.08,4339.04,51.2,6.0,16024,73.9,103.4,34,482.0,39.5,4.19,67.38,,3025.1,1.195912155,1.010869918,13.35055983,101547020.0,2038497.1,4680928,12.0,Kuning (Perlu perhatian),78.14,0.87,26.67,6.11,5.02,60.5,8.54,True,True,2024,matched,reported,Database Bulan + Tahun + Triwulan + MAP,baseline-v1,2026-07-03,Data untuk PHK Dashboard.xlsx; MAP_composite_all.xlsx
Sulawesi Selatan,Sulawesi Selatan,73,2025,1,2025-01-01,1,93.0,93.0,105.46,0.1,-0.75,151.84,49.68,102.16,4541.124,51.9,5.75,16262,79.3,104.2,34,4297.0,39.55,4.21,67.65,,3221.731,6.499983472,1.052720818,13.30127605,97367990.0,1544781.7,4577588,12.0,Kuning (Perlu perhatian),78.14,0.87,26.67,6.11,5.02,60.5,8.54,True,True,2024,matched,reported,Database Bulan + Tahun + Triwulan + MAP,baseline-v1,2026-07-03,Data untuk PHK Dashboard.xlsx; MAP_composite_all.xlsx
Sulawesi Selatan,Sulawesi Selatan,73,2025,2,2025-02-01,1,342.0,249.0,104.52,-1.09,-0.89,174.89,67.04,107.85,4662.313,53.6,5.75,16338,75.4,104.3,34,4297.0,39.55,4.21,67.65,,3221.731,6.499983472,1.052720818,13.30127605,97367990.0,1544781.7,4577588,12.0,Kuning (Perlu perhatian),78.14,0.87,26.67,6.11,5.02,60.5,8.54,True,True,2024,matched,reported,Database Bulan + Tahun + Triwulan + MAP,baseline-v1,2026-07-03,Data untuk PHK Dashboard.xlsx; MAP_composite_all.xlsx
Sulawesi Selatan,Sulawesi Selatan,73,2025,3,2025-03-01,1,494.0,152.0,106.78,0.67,2.16,136.87,62.14,74.73,4654.385,52.4,5.75,16456,72.7,105.1,34,4297.0,39.55,4.21,67.65,,3221.731,6.499983472,1.052720818,13.30127605,97367990.0,1544781.7,4577588,12.0,Kuning (Perlu perhatian),78.14,0.87,26.67,6.11,5.02,60.5,8.54,True,True,2024,matched,reported,Database Bulan + Tahun + Triwulan + MAP,baseline-v1,2026-07-03,Data untuk PHK Dashboard.xlsx; MAP_composite_all.xlsx
Sulawesi Selatan,Sulawesi Selatan,73,2025,4,2025-04-01,2,651.0,157.0,108.65,2.28,1.75,164.46,70.62,93.84,4865.59,46.7,5.75,16820,68.1,105.1,34,4297.0,39.55,4.21,67.65,,3221.731,6.499983472,1.052720818,13.30127605,104559940.0,2012091.1,4577588,12.0,Kuning (Perlu perhatian),78.14,0.87,26.67,6.11,5.02,60.5,8.54,True,True,2024,matched,reported,Database Bulan + Tahun + Triwulan + MAP,baseline-v1,2026-07-03,Data untuk PHK Dashboard.xlsx; MAP_composite_all.xlsx
Sulawesi Selatan,Sulawesi Selatan,73,2025,5,2025-05-01,2,908.0,257.0,108.28,2.04,-0.34,171.59,59.06,112.53,4926.534,47.4,5.5,16441,64.5,104.6,34,4297.0,39.55,4.21,67.65,,3221.731,6.499983472,1.052720818,13.30127605,104559940.0,2012091.1,4577588,12.0,Kuning (Perlu perhatian),78.14,0.87,26.67,6.11,5.02,60.5,8.54,True,True,2024,matched,reported,Database Bulan + Tahun + Triwulan + MAP,baseline-v1,2026-07-03,Data untuk PHK Dashboard.xlsx; MAP_composite_all.xlsx
Sulawesi Selatan,Sulawesi Selatan,73,2025,6,2025-06-01,2,1067.0,159.0,108.21,2.24,-0.06,213.32,114.97,98.35,4933.317,46.9,5.5,16311,71.4,104.7,34,4297.0,39.55,4.21,67.65,,3221.731,6.499983472,1.052720818,13.30127605,104559940.0,2012091.1,4577588,12.0,Kuning (Perlu perhatian),78.14,0.87,26.67,6.11,5.02,60.5,8.54,True,True,2024,matched,reported,Database Bulan + Tahun + Triwulan + MAP,baseline-v1,2026-07-03,Data untuk PHK Dashboard.xlsx; MAP_composite_all.xlsx
Sulawesi Selatan,Sulawesi Selatan,73,2025,7,2025-07-01,3,1392.0,325.0,108.87,3.05,0.61,172.83,72.62,100.21,5082.313,49.2,5.25,16276,71,105.2,34,4297.0,39.55,4.21,67.65,,3221.731,6.499983472,1.052720818,13.30127605,108079870.0,1592323.2,4759077,12.0,Kuning (Perlu perhatian),78.14,0.87,26.67,6.11,5.02,60.5,8.54,True,True,2024,matched,reported,Database Bulan + Tahun + Triwulan + MAP,baseline-v1,2026-07-03,Data untuk PHK Dashboard.xlsx; MAP_composite_all.xlsx
Sulawesi Selatan,Sulawesi Selatan,73,2025,8,2025-08-01,3,1780.0,388.0,108.91,3.12,0.04,172.73,118.24,54.49,5133.143,51.5,5.0,16309,67.9,105.2,34,4297.0,39.55,4.21,67.65,,3221.731,6.499983472,1.052720818,13.30127605,108079870.0,1592323.2,4759077,12.0,Kuning (Perlu perhatian),78.14,0.87,26.67,6.11,5.02,60.5,8.54,True,True,2024,matched,reported,Database Bulan + Tahun + Triwulan + MAP,baseline-v1,2026-07-03,Data untuk PHK Dashboard.xlsx; MAP_composite_all.xlsx
Sulawesi Selatan,Sulawesi Selatan,73,2025,9,2025-09-01,3,2106.0,326.0,108.72,3.03,-0.17,160.51,105.76,54.75,6157.826,50.4,4.75,16512,68,105.3,34,4297.0,39.55,4.21,67.65,,3221.731,6.499983472,1.052720818,13.30127605,108079870.0,1592323.2,4759077,12.0,Kuning (Perlu perhatian),78.14,0.87,26.67,6.11,5.02,60.5,8.54,True,True,2024,matched,reported,Database Bulan + Tahun + Triwulan + MAP,baseline-v1,2026-07-03,Data untuk PHK Dashboard.xlsx; MAP_composite_all.xlsx
Sulawesi Selatan,Sulawesi Selatan,73,2025,10,2025-10-01,4,3385.0,1279.0,108.83,2.98,0.1,169.13,85.21,83.92,6318.482,51.2,4.75,16607,64.5,105.5,34,4297.0,39.55,4.21,67.65,,3221.731,6.499983472,1.052720818,13.30127605,107626130.0,3125217.5,4759077,12.0,Kuning (Perlu perhatian),78.14,0.87,26.67,6.11,5.02,60.5,8.54,True,True,2024,matched,reported,Database Bulan + Tahun + Triwulan + MAP,baseline-v1,2026-07-03,Data untuk PHK Dashboard.xlsx; MAP_composite_all.xlsx
Sulawesi Selatan,Sulawesi Selatan,73,2025,11,2025-11-01,4,4280.0,895.0,108.75,2.73,-0.07,155.37,91.47,63.9,6286.742,53.3,4.75,16703,63.8,105.4,34,4297.0,39.55,4.21,67.65,,3221.731,6.499983472,1.052720818,13.30127605,107626130.0,3125217.5,4759077,12.0,Kuning (Perlu perhatian),78.14,0.87,26.67,6.11,5.02,60.5,8.54,True,True,2024,matched,reported,Database Bulan + Tahun + Triwulan + MAP,baseline-v1,2026-07-03,Data untuk PHK Dashboard.xlsx; MAP_composite_all.xlsx
Sulawesi Selatan,Sulawesi Selatan,73,2025,12,2025-12-01,4,4297.0,17.0,109.28,2.84,0.49,142.54,110.28,32.26,6255.964,51.2,4.75,16699,62.5,106.3,27,4297.0,39.55,4.21,67.65,,3221.731,6.499983472,1.052720818,13.30127605,107626130.0,3125217.5,4759077,12.0,Kuning (Perlu perhatian),78.14,0.87,26.67,6.11,5.02,60.5,8.54,True,True,2024,matched,reported,Database Bulan + Tahun + Triwulan + MAP,baseline-v1,2026-07-03,Data untuk PHK Dashboard.xlsx; MAP_composite_all.xlsx
Sulawesi Tengah,Sulawesi Tengah,72,2022,1,2022-01-01,1,,,97.43,,,1269.79,1.29,1268.5,812.859,53.7,3.5,14335,86.5,94.0,0,35.0,32.13,3.0,69.99,67.87,2710.59592,6.213969346851528,1.040246749,32.82206039,39003545.48,18923665.6,1527425,14.0,Oranye (Risiko PHK),73.5,1.09,20.31,-1.69,15.22,67.87,8.4,True,True,2022,matched,no_data,Database Bulan + Tahun + Triwulan + MAP,baseline-v1,2026-07-03,Data untuk PHK Dashboard.xlsx; MAP_composite_all.xlsx
Sulawesi Tengah,Sulawesi Tengah,72,2022,2,2022-02-01,1,,,97.47,,,1119.92,8.64,1111.28,818.11,51.2,3.5,14351,97.1,94.0,0,35.0,32.13,3.0,69.99,67.87,2710.59592,6.213969346851528,1.040246749,32.82206039,39003545.48,18923665.6,1527425,14.0,Oranye (Risiko PHK),73.5,1.09,20.31,-1.69,15.22,67.87,8.4,True,True,2022,matched,no_data,Database Bulan + Tahun + Triwulan + MAP,baseline-v1,2026-07-03,Data untuk PHK Dashboard.xlsx; MAP_composite_all.xlsx
Sulawesi Tengah,Sulawesi Tengah,72,2022,3,2022-03-01,1,,,98.24,,,1684.44,3.06,1681.38,767.706,51.3,3.5,14349,117.2,94.7,0,35.0,32.13,3.0,69.99,67.87,2710.59592,6.213969346851528,1.040246749,32.82206039,39003545.48,18923665.6,1527425,14.0,Oranye (Risiko PHK),73.5,1.09,20.31,-1.69,15.22,67.87,8.4,True,True,2022,matched,no_data,Database Bulan + Tahun + Triwulan + MAP,baseline-v1,2026-07-03,Data untuk PHK Dashboard.xlsx; MAP_composite_all.xlsx
Sulawesi Tengah,Sulawesi Tengah,72,2022,4,2022-04-01,2,,,98.85,,,1696.96,,1696.96,825.473,51.9,3.5,14369,104.6,95.6,0,35.0,32.13,3.0,69.99,67.87,2710.59592,6.213969346851528,1.040246749,32.82206039,42454527.17,31694976.8,1527425,14.0,Oranye (Risiko PHK),73.5,1.09,20.31,-1.69,15.22,67.87,8.4,True,True,2022,matched,no_data,Database Bulan + Tahun + Triwulan + MAP,baseline-v1,2026-07-03,Data untuk PHK Dashboard.xlsx; MAP_composite_all.xlsx
Sulawesi Tengah,Sulawesi Tengah,72,2022,5,2022-05-01,2,,,99.11,,,1690.51,32.5,1658.01,904.213,50.8,3.5,14608,113.3,95.9,0,35.0,32.13,3.0,69.99,67.87,2710.59592,6.213969346851528,1.040246749,32.82206039,42454527.17,31694976.8,1527425,14.0,Oranye (Risiko PHK),73.5,1.09,20.31,-1.69,15.22,67.87,8.4,True,True,2022,matched,no_data,Database Bulan + Tahun + Triwulan + MAP,baseline-v1,2026-07-03,Data untuk PHK Dashboard.xlsx; MAP_composite_all.xlsx
Sulawesi Tengah,Sulawesi Tengah,72,2022,6,2022-06-01,2,,,99.82,,,1580.17,8.73,1571.44,901.439,50.2,3.5,14689,122.7,96.6,0,35.0,32.13,3.0,69.99,67.87,2710.59592,6.213969346851528,1.040246749,32.82206039,42454527.17,31694976.8,1527425,14.0,Oranye (Risiko PHK),73.5,1.09,20.31,-1.69,15.22,67.87,8.4,True,True,2022,matched,no_data,Database Bulan + Tahun + Triwulan + MAP,baseline-v1,2026-07-03,Data untuk PHK Dashboard.xlsx; MAP_composite_all.xlsx
Sulawesi Tengah,Sulawesi Tengah,72,2022,7,2022-07-01,3,35.0,,100.48,,,59.68,1604.63,-1544.95,882.827,51.3,3.5,14984,111.9,97.0,0,35.0,32.13,3.0,69.99,67.87,2710.59592,6.213969346851528,1.040246749,32.82206039,44539677.2,24466996.3,1586320,14.0,Oranye (Risiko PHK),73.5,1.09,20.31,-1.69,15.22,67.87,8.4,True,True,2022,matched,reported,Database Bulan + Tahun + Triwulan + MAP,baseline-v1,2026-07-03,Data untuk PHK Dashboard.xlsx; MAP_composite_all.xlsx
Sulawesi Tengah,Sulawesi Tengah,72,2022,8,2022-08-01,3,,,100.75,,,1800.76,66.52,1734.24,880.352,51.7,3.75,14851,100.4,96.9,0,35.0,32.13,3.0,69.99,67.87,2710.59592,6.213969346851528,1.040246749,32.82206039,44539677.2,24466996.3,1586320,14.0,Oranye (Risiko PHK),73.5,1.09,20.31,-1.69,15.22,67.87,8.4,True,True,2022,matched,no_data,Database Bulan + Tahun + Triwulan + MAP,baseline-v1,2026-07-03,Data untuk PHK Dashboard.xlsx; MAP_composite_all.xlsx
Sulawesi Tengah,Sulawesi Tengah,72,2022,9,2022-09-01,3,35.0,,102.01,,,1483.56,27.52,1456.04,798.002,53.7,4.25,14972,89.8,97.7,0,35.0,32.13,3.0,69.99,67.87,2710.59592,6.213969346851528,1.040246749,32.82206039,44539677.2,24466996.3,1586320,14.0,Oranye (Risiko PHK),73.5,1.09,20.31,-1.69,15.22,67.87,8.4,True,True,2022,matched,reported,Database Bulan + Tahun + Triwulan + MAP,baseline-v1,2026-07-03,Data untuk PHK Dashboard.xlsx; MAP_composite_all.xlsx
Sulawesi Tengah,Sulawesi Tengah,72,2022,10,2022-10-01,4,35.0,0.0,101.72,,,1719.1,21.64,1697.46,791.549,51.8,4.75,15417,93.3,97.7,34,35.0,32.13,3.0,69.99,67.87,2710.59592,6.213969346851528,1.040246749,32.82206039,46627074.91,36591152.2,1586320,14.0,Oranye (Risiko PHK),73.5,1.09,20.31,-1.69,15.22,67.87,8.4,True,True,2022,matched,reported,Database Bulan + Tahun + Triwulan + MAP,baseline-v1,2026-07-03,Data untuk PHK Dashboard.xlsx; MAP_composite_all.xlsx
Sulawesi Tengah,Sulawesi Tengah,72,2022,11,2022-11-01,4,35.0,0.0,101.82,,,1537.59,718.32,819.27,770.929,50.3,5.25,15659,91.4,98.0,34,35.0,32.13,3.0,69.99,67.87,2710.59592,6.213969346851528,1.040246749,32.82206039,46627074.91,36591152.2,1586320,14.0,Oranye (Risiko PHK),73.5,1.09,20.31,-1.69,15.22,67.87,8.4,True,True,2022,matched,reported,Database Bulan + Tahun + Triwulan + MAP,baseline-v1,2026-07-03,Data untuk PHK Dashboard.xlsx; MAP_composite_all.xlsx
Sulawesi Tengah,Sulawesi Tengah,72,2022,12,2022-12-01,4,35.0,0.0,102.3,,,1829.3,1056.58,772.72,756.522,50.9,5.5,15615,80.9,98.7,34,35.0,32.13,3.0,69.99,67.87,2710.59592,6.213969346851528,1.040246749,32.82206039,46627074.91,36591152.2,1586320,14.0,Oranye (Risiko PHK),73.5,1.09,20.31,-1.69,15.22,67.87,8.4,True,True,2022,matched,reported,Database Bulan + Tahun + Triwulan + MAP,baseline-v1,2026-07-03,Data untuk PHK Dashboard.xlsx; MAP_composite_all.xlsx
Sulawesi Tengah,Sulawesi Tengah,72,2023,1,2023-01-01,1,,,102.83,,,1524.83,369.89,1154.94,823.97,51.3,5.75,15295,82.5,99.3,8,2610.0,33.9,2.95,69.85,66.1,2758.98454,1.785165382,1.041835869,36.79763166,44153890.0,29700657.2,1542479,11.0,Kuning (Perlu perhatian),76.69,1.02,22.94,5.51,11.91,66.1,8.72,True,True,2023,matched,no_data,Database Bulan + Tahun + Triwulan + MAP,baseline-v1,2026-07-03,Data untuk PHK Dashboard.xlsx; MAP_composite_all.xlsx
Sulawesi Tengah,Sulawesi Tengah,72,2023,2,2023-02-01,1,,0.0,102.89,,,1545.72,707.29,838.43,820.332,51.2,5.75,15126,82.6,99.6,34,2610.0,33.9,2.95,69.85,66.1,2758.98454,1.785165382,1.041835869,36.79763166,44153890.0,29700657.2,1542479,11.0,Kuning (Perlu perhatian),76.69,1.02,22.94,5.51,11.91,66.1,8.72,True,True,2023,matched,reported,Database Bulan + Tahun + Triwulan + MAP,baseline-v1,2026-07-03,Data untuk PHK Dashboard.xlsx; MAP_composite_all.xlsx
Sulawesi Tengah,Sulawesi Tengah,72,2023,3,2023-03-01,1,,0.0,103.44,,,1608.39,727.3,881.09,773.136,51.9,5.75,15301,78.4,99.9,34,2610.0,33.9,2.95,69.85,66.1,2758.98454,1.785165382,1.041835869,36.79763166,44153890.0,29700657.2,1542479,11.0,Kuning (Perlu perhatian),76.69,1.02,22.94,5.51,11.91,66.1,8.72,True,True,2023,matched,reported,Database Bulan + Tahun + Triwulan + MAP,baseline-v1,2026-07-03,Data untuk PHK Dashboard.xlsx; MAP_composite_all.xlsx
Sulawesi Tengah,Sulawesi Tengah,72,2023,4,2023-04-01,2,,0.0,103.47,,,1653.46,717.53,935.93,798.069,52.7,5.75,14867,84.6,100.0,34,2610.0,33.9,2.95,69.85,66.1,2758.98454,1.785165382,1.041835869,36.79763166,47499980.0,25542745.0,1542479,11.0,Kuning (Perlu perhatian),76.69,1.02,22.94,5.51,11.91,66.1,8.72,True,True,2023,matched,reported,Database Bulan + Tahun + Triwulan + MAP,baseline-v1,2026-07-03,Data untuk PHK Dashboard.xlsx; MAP_composite_all.xlsx
Sulawesi Tengah,Sulawesi Tengah,72,2023,5,2023-05-01,2,,0.0,103.85,,,1512.21,1026.08,486.13,815.284,50.3,5.75,14811,75.5,100.2,34,2610.0,33.9,2.95,69.85,66.1,2758.98454,1.785165382,1.041835869,36.79763166,47499980.0,25542745.0,1542479,11.0,Kuning (Perlu perhatian),76.69,1.02,22.94,5.51,11.91,66.1,8.72,True,True,2023,matched,reported,Database Bulan + Tahun + Triwulan + MAP,baseline-v1,2026-07-03,Data untuk PHK Dashboard.xlsx; MAP_composite_all.xlsx
Sulawesi Tengah,Sulawesi Tengah,72,2023,6,2023-06-01,2,,0.0,104.32,,,1589.42,830.2,759.22,792.531,52.5,5.75,14932,74.8,100.3,34,2610.0,33.9,2.95,69.85,66.1,2758.98454,1.785165382,1.041835869,36.79763166,47499980.0,25542745.0,1542479,11.0,Kuning (Perlu perhatian),76.69,1.02,22.94,5.51,11.91,66.1,8.72,True,True,2023,matched,reported,Database Bulan + Tahun + Triwulan + MAP,baseline-v1,2026-07-03,Data untuk PHK Dashboard.xlsx; MAP_composite_all.xlsx
Sulawesi Tengah,Sulawesi Tengah,72,2023,7,2023-07-01,3,,0.0,104.46,,,1695.34,777.89,917.45,833.618,53.3,5.75,15040,80.1,100.5,34,2610.0,33.9,2.95,69.85,66.1,2758.98454,1.785165382,1.041835869,36.79763166,50363190.0,26982489.8,1547169,11.0,Kuning (Perlu perhatian),76.69,1.02,22.94,5.51,11.91,66.1,8.72,True,True,2023,matched,reported,Database Bulan + Tahun + Triwulan + MAP,baseline-v1,2026-07-03,Data untuk PHK Dashboard.xlsx; MAP_composite_all.xlsx
Sulawesi Tengah,Sulawesi Tengah,72,2023,8,2023-08-01,3,1548.0,1548.0,104.51,,,1639.98,741.94,898.04,873.371,53.9,5.75,15245,86.1,100.5,34,2610.0,33.9,2.95,69.85,66.1,2758.98454,1.785165382,1.041835869,36.79763166,50363190.0,26982489.8,1547169,11.0,Kuning (Perlu perhatian),76.69,1.02,22.94,5.51,11.91,66.1,8.72,True,True,2023,matched,reported,Database Bulan + Tahun + Triwulan + MAP,baseline-v1,2026-07-03,Data untuk PHK Dashboard.xlsx; MAP_composite_all.xlsx
Sulawesi Tengah,Sulawesi Tengah,72,2023,9,2023-09-01,3,1550.0,2.0,104.57,,,1823.86,636.17,1187.69,850.227,52.3,5.75,15354,"93,7",100.9,34,2610.0,33.9,2.95,69.85,66.1,2758.98454,1.785165382,1.041835869,36.79763166,50363190.0,26982489.8,1547169,11.0,Kuning (Perlu perhatian),76.69,1.02,22.94,5.51,11.91,66.1,8.72,True,True,2023,matched,reported,Database Bulan + Tahun + Triwulan + MAP,baseline-v1,2026-07-03,Data untuk PHK Dashboard.xlsx; MAP_composite_all.xlsx
Sulawesi Tengah,Sulawesi Tengah,72,2023,10,2023-10-01,4,1550.0,0.0,104.83,,,1529.27,646.08,883.19,869.044,51.5,6.0,15741,90.6,101.2,34,2610.0,33.9,2.95,69.85,66.1,2758.98454,1.785165382,1.041835869,36.79763166,51164310.0,28184231.9,1547169,11.0,Kuning (Perlu perhatian),76.69,1.02,22.94,5.51,11.91,66.1,8.72,True,True,2023,matched,reported,Database Bulan + Tahun + Triwulan + MAP,baseline-v1,2026-07-03,Data untuk PHK Dashboard.xlsx; MAP_composite_all.xlsx
Sulawesi Tengah,Sulawesi Tengah,72,2023,11,2023-11-01,4,2411.0,861.0,105.02,,,1607.53,934.64,672.89,910.422,51.7,6.0,15617,82.9,101.4,34,2610.0,33.9,2.95,69.85,66.1,2758.98454,1.785165382,1.041835869,36.79763166,51164310.0,28184231.9,1547169,11.0,Kuning (Perlu perhatian),76.69,1.02,22.94,5.51,11.91,66.1,8.72,True,True,2023,matched,reported,Database Bulan + Tahun + Triwulan + MAP,baseline-v1,2026-07-03,Data untuk PHK Dashboard.xlsx; MAP_composite_all.xlsx
Sulawesi Tengah,Sulawesi Tengah,72,2023,12,2023-12-01,4,2610.0,199.0,105.8,,,1655.92,1048.7,607.22,840.205,52.2,6.0,15513,77.6,101.8,34,2610.0,33.9,2.95,69.85,66.1,2758.98454,1.785165382,1.041835869,36.79763166,51164310.0,28184231.9,1547169,11.0,Kuning (Perlu perhatian),76.69,1.02,22.94,5.51,11.91,66.1,8.72,True,True,2023,matched,reported,Database Bulan + Tahun + Triwulan + MAP,baseline-v1,2026-07-03,Data untuk PHK Dashboard.xlsx; MAP_composite_all.xlsx
Sulawesi Tengah,Sulawesi Tengah,72,2024,1,2024-01-01,1,,,105.88,2.97,0.08,1745.02,898.72,846.3,901.173,52.9,6.0,15611,80.1,102.1,9,2055.0,34.57,2.94,71.1,,2885.964,4.602398388,1.007767167,39.88844058,48786210.0,27280867.0,1525658,12.0,Kuning (Perlu perhatian),73.61,1.05,22.88,1.97,9.89,65.43,8.45,True,True,2024,matched,no_data,Database Bulan + Tahun + Triwulan + MAP,baseline-v1,2026-07-03,Data untuk PHK Dashboard.xlsx; MAP_composite_all.xlsx
Sulawesi Tengah,Sulawesi Tengah,72,2024,2,2024-02-01,1,,0.0,106.36,3.37,0.45,1490.92,907.97,582.95,880.905,52.7,6.0,15665,83.5,103.0,34,2055.0,34.57,2.94,71.1,,2885.964,4.602398388,1.007767167,39.88844058,48786210.0,27280867.0,1525658,12.0,Kuning (Perlu perhatian),73.61,1.05,22.88,1.97,9.89,65.43,8.45,True,True,2024,matched,reported,Database Bulan + Tahun + Triwulan + MAP,baseline-v1,2026-07-03,Data untuk PHK Dashboard.xlsx; MAP_composite_all.xlsx
Sulawesi Tengah,Sulawesi Tengah,72,2024,3,2024-03-01,1,,0.0,106.94,3.38,0.55,1608.53,800.49,808.04,858.478,54.2,6.0,15703,85.4,103.5,34,2055.0,34.57,2.94,71.1,,2885.964,4.602398388,1.007767167,39.88844058,48786210.0,27280867.0,1525658,12.0,Kuning (Perlu perhatian),73.61,1.05,22.88,1.97,9.89,65.43,8.45,True,True,2024,matched,reported,Database Bulan + Tahun + Triwulan + MAP,baseline-v1,2026-07-03,Data untuk PHK Dashboard.xlsx; MAP_composite_all.xlsx
Sulawesi Tengah,Sulawesi Tengah,72,2024,4,2024-04-01,2,,0.0,106.99,3.4,0.05,1707.34,861.15,846.19,928.115,52.9,6.25,16100,89.9,103.4,34,2055.0,34.57,2.94,71.1,,2885.964,4.602398388,1.007767167,39.88844058,52131730.0,34199076.7,1525658,12.0,Kuning (Perlu perhatian),73.61,1.05,22.88,1.97,9.89,65.43,8.45,True,True,2024,matched,reported,Database Bulan + Tahun + Triwulan + MAP,baseline-v1,2026-07-03,Data untuk PHK Dashboard.xlsx; MAP_composite_all.xlsx
Sulawesi Tengah,Sulawesi Tengah,72,2024,5,2024-05-01,2,1647.0,1647.0,107.07,3.1,0.07,1960.0,965.94,994.06,946.202,52.1,6.25,16084,81.7,103.3,34,2055.0,34.57,2.94,71.1,,2885.964,4.602398388,1.007767167,39.88844058,52131730.0,34199076.7,1525658,12.0,Kuning (Perlu perhatian),73.61,1.05,22.88,1.97,9.89,65.43,8.45,True,True,2024,matched,reported,Database Bulan + Tahun + Triwulan + MAP,baseline-v1,2026-07-03,Data untuk PHK Dashboard.xlsx; MAP_composite_all.xlsx
Sulawesi Tengah,Sulawesi Tengah,72,2024,6,2024-06-01,2,1812.0,165.0,107.26,2.82,0.18,1783.2,829.71,953.49,842.325,50.7,6.25,16329,82.2,103.3,34,2055.0,34.57,2.94,71.1,,2885.964,4.602398388,1.007767167,39.88844058,52131730.0,34199076.7,1525658,12.0,Kuning (Perlu perhatian),73.61,1.05,22.88,1.97,9.89,65.43,8.45,True,True,2024,matched,reported,Database Bulan + Tahun + Triwulan + MAP,baseline-v1,2026-07-03,Data untuk PHK Dashboard.xlsx; MAP_composite_all.xlsx
Sulawesi Tengah,Sulawesi Tengah,72,2024,7,2024-07-01,3,1812.0,0.0,107.02,2.45,-0.22,1787.11,1055.14,731.97,844.227,49.3,6.25,16262,85.2,103.2,34,2055.0,34.57,2.94,71.1,,2885.964,4.602398388,1.007767167,39.88844058,54933750.0,39685912.4,1598656,12.0,Kuning (Perlu perhatian),73.61,1.05,22.88,1.97,9.89,65.43,8.45,True,True,2024,matched,reported,Database Bulan + Tahun + Triwulan + MAP,baseline-v1,2026-07-03,Data untuk PHK Dashboard.xlsx; MAP_composite_all.xlsx
Sulawesi Tengah,Sulawesi Tengah,72,2024,8,2024-08-01,3,1812.0,0.0,106.75,2.14,-0.25,1689.65,894.65,795,837.845,48.9,6.25,15793,80.4,103.1,34,2055.0,34.57,2.94,71.1,,2885.964,4.602398388,1.007767167,39.88844058,54933750.0,39685912.4,1598656,12.0,Kuning (Perlu perhatian),73.61,1.05,22.88,1.97,9.89,65.43,8.45,True,True,2024,matched,reported,Database Bulan + Tahun + Triwulan + MAP,baseline-v1,2026-07-03,Data untuk PHK Dashboard.xlsx; MAP_composite_all.xlsx
Sulawesi Tengah,Sulawesi Tengah,72,2024,9,2024-09-01,3,1812.0,0.0,106.82,2.15,0.07,1916.79,841.76,1075.03,834.693,49.2,6.0,15341,74,102.9,34,2055.0,34.57,2.94,71.1,,2885.964,4.602398388,1.007767167,39.88844058,54933750.0,39685912.4,1598656,12.0,Kuning (Perlu perhatian),73.61,1.05,22.88,1.97,9.89,65.43,8.45,True,True,2024,matched,reported,Database Bulan + Tahun + Triwulan + MAP,baseline-v1,2026-07-03,Data untuk PHK Dashboard.xlsx; MAP_composite_all.xlsx
Sulawesi Tengah,Sulawesi Tengah,72,2024,10,2024-10-01,4,1812.0,0.0,106.83,1.91,0.01,1744.7,1024.64,720.06,841.139,49.2,6.0,15541,75.6,102.8,34,2055.0,34.57,2.94,71.1,,2885.964,4.602398388,1.007767167,39.88844058,56429850.0,41855693.4,1598656,12.0,Kuning (Perlu perhatian),73.61,1.05,22.88,1.97,9.89,65.43,8.45,True,True,2024,matched,reported,Database Bulan + Tahun + Triwulan + MAP,baseline-v1,2026-07-03,Data untuk PHK Dashboard.xlsx; MAP_composite_all.xlsx
Sulawesi Tengah,Sulawesi Tengah,72,2024,11,2024-11-01,4,1994.0,182.0,106.82,1.71,-0.01,1840.65,800.29,1040.36,859.716,49.6,6.0,15812,74.3,103.0,34,2055.0,34.57,2.94,71.1,,2885.964,4.602398388,1.007767167,39.88844058,56429850.0,41855693.4,1598656,12.0,Kuning (Perlu perhatian),73.61,1.05,22.88,1.97,9.89,65.43,8.45,True,True,2024,matched,reported,Database Bulan + Tahun + Triwulan + MAP,baseline-v1,2026-07-03,Data untuk PHK Dashboard.xlsx; MAP_composite_all.xlsx
Sulawesi Tengah,Sulawesi Tengah,72,2024,12,2024-12-01,4,2055.0,61.0,107.16,1.29,0.32,2063.33,915.91,1147.42,840.774,51.2,6.0,16024,73.9,103.4,34,2055.0,34.57,2.94,71.1,,2885.964,4.602398388,1.007767167,39.88844058,56429850.0,41855693.4,1598656,12.0,Kuning (Perlu perhatian),73.61,1.05,22.88,1.97,9.89,65.43,8.45,True,True,2024,matched,reported,Database Bulan + Tahun + Triwulan + MAP,baseline-v1,2026-07-03,Data untuk PHK Dashboard.xlsx; MAP_composite_all.xlsx
Sulawesi Tengah,Sulawesi Tengah,72,2025,1,2025-01-01,1,36.0,36.0,105.9,0.02,-1.18,1666.16,616.15,1050.01,891.216,51.9,5.75,16262,79.3,104.2,34,1650.0,35.43,2.92,72.4,,3073.5517,6.500001386,1.005703866,41.96563354,53024710.0,31124946.8,1595512,12.0,Kuning (Perlu perhatian),73.61,1.05,22.88,1.97,9.89,65.43,8.45,True,True,2024,matched,reported,Database Bulan + Tahun + Triwulan + MAP,baseline-v1,2026-07-03,Data untuk PHK Dashboard.xlsx; MAP_composite_all.xlsx
Sulawesi Tengah,Sulawesi Tengah,72,2025,2,2025-02-01,1,99.0,63.0,105.96,-0.38,0.06,1515.99,1231.19,284.8,925.437,53.6,5.75,16338,75.4,104.3,34,1650.0,35.43,2.92,72.4,,3073.5517,6.500001386,1.005703866,41.96563354,53024710.0,31124946.8,1595512,12.0,Kuning (Perlu perhatian),73.61,1.05,22.88,1.97,9.89,65.43,8.45,True,True,2024,matched,reported,Database Bulan + Tahun + Triwulan + MAP,baseline-v1,2026-07-03,Data untuk PHK Dashboard.xlsx; MAP_composite_all.xlsx
Sulawesi Tengah,Sulawesi Tengah,72,2025,3,2025-03-01,1,165.0,66.0,108.95,1.88,2.82,1870.51,783.5,1087.01,965.653,52.4,5.75,16456,72.7,105.1,34,1650.0,35.43,2.92,72.4,,3073.5517,6.500001386,1.005703866,41.96563354,53024710.0,31124946.8,1595512,12.0,Kuning (Perlu perhatian),73.61,1.05,22.88,1.97,9.89,65.43,8.45,True,True,2024,matched,reported,Database Bulan + Tahun + Triwulan + MAP,baseline-v1,2026-07-03,Data untuk PHK Dashboard.xlsx; MAP_composite_all.xlsx
Sulawesi Tengah,Sulawesi Tengah,72,2025,4,2025-04-01,2,253.0,88.0,110.17,2.97,1.12,1612.54,943.37,669.17,1016.221,46.7,5.75,16820,68.1,105.1,34,1650.0,35.43,2.92,72.4,,3073.5517,6.500001386,1.005703866,41.96563354,56278170.0,30462345.3,1595512,12.0,Kuning (Perlu perhatian),73.61,1.05,22.88,1.97,9.89,65.43,8.45,True,True,2024,matched,reported,Database Bulan + Tahun + Triwulan + MAP,baseline-v1,2026-07-03,Data untuk PHK Dashboard.xlsx; MAP_composite_all.xlsx
Sulawesi Tengah,Sulawesi Tengah,72,2025,5,2025-05-01,2,402.0,149.0,109.86,2.61,-0.28,1968.45,863.07,1105.38,1052.828,47.4,5.5,16441,64.5,104.6,34,1650.0,35.43,2.92,72.4,,3073.5517,6.500001386,1.005703866,41.96563354,56278170.0,30462345.3,1595512,12.0,Kuning (Perlu perhatian),73.61,1.05,22.88,1.97,9.89,65.43,8.45,True,True,2024,matched,reported,Database Bulan + Tahun + Triwulan + MAP,baseline-v1,2026-07-03,Data untuk PHK Dashboard.xlsx; MAP_composite_all.xlsx
Sulawesi Tengah,Sulawesi Tengah,72,2025,6,2025-06-01,2,529.0,127.0,109.91,2.47,0.05,1750.61,1119.84,630.77,1058.462,46.9,5.5,16311,71.4,104.7,34,1650.0,35.43,2.92,72.4,,3073.5517,6.500001386,1.005703866,41.96563354,56278170.0,30462345.3,1595512,12.0,Kuning (Perlu perhatian),73.61,1.05,22.88,1.97,9.89,65.43,8.45,True,True,2024,matched,reported,Database Bulan + Tahun + Triwulan + MAP,baseline-v1,2026-07-03,Data untuk PHK Dashboard.xlsx; MAP_composite_all.xlsx
Sulawesi Tengah,Sulawesi Tengah,72,2025,7,2025-07-01,3,798.0,269.0,110.97,3.69,0.96,1635.79,916.79,719,1106.903,49.2,5.25,16276,71,105.2,34,1650.0,35.43,2.92,72.4,,3073.5517,6.500001386,1.005703866,41.96563354,59210760.0,32089646.5,1652846,12.0,Kuning (Perlu perhatian),73.61,1.05,22.88,1.97,9.89,65.43,8.45,True,True,2024,matched,reported,Database Bulan + Tahun + Triwulan + MAP,baseline-v1,2026-07-03,Data untuk PHK Dashboard.xlsx; MAP_composite_all.xlsx
Sulawesi Tengah,Sulawesi Tengah,72,2025,8,2025-08-01,3,1076.0,278.0,111.04,4.02,0.06,1938.36,805.92,1132.44,1121.364,51.5,5.0,16309,67.9,105.2,34,1650.0,35.43,2.92,72.4,,3073.5517,6.500001386,1.005703866,41.96563354,59210760.0,32089646.5,1652846,12.0,Kuning (Perlu perhatian),73.61,1.05,22.88,1.97,9.89,65.43,8.45,True,True,2024,matched,reported,Database Bulan + Tahun + Triwulan + MAP,baseline-v1,2026-07-03,Data untuk PHK Dashboard.xlsx; MAP_composite_all.xlsx
Sulawesi Tengah,Sulawesi Tengah,72,2025,9,2025-09-01,3,1504.0,428.0,110.96,3.88,-0.07,2091.75,1064.33,1027.42,1099.133,50.4,4.75,16512,68,105.3,34,1650.0,35.43,2.92,72.4,,3073.5517,6.500001386,1.005703866,41.96563354,59210760.0,32089646.5,1652846,12.0,Kuning (Perlu perhatian),73.61,1.05,22.88,1.97,9.89,65.43,8.45,True,True,2024,matched,reported,Database Bulan + Tahun + Triwulan + MAP,baseline-v1,2026-07-03,Data untuk PHK Dashboard.xlsx; MAP_composite_all.xlsx
Sulawesi Tengah,Sulawesi Tengah,72,2025,10,2025-10-01,4,1592.0,88.0,111.02,3.92,0.05,2169.74,1019.06,1150.68,1066.622,51.2,4.75,16607,64.5,105.5,34,1650.0,35.43,2.92,72.4,,3073.5517,6.500001386,1.005703866,41.96563354,61751590.0,29030569.0,1652846,12.0,Kuning (Perlu perhatian),73.61,1.05,22.88,1.97,9.89,65.43,8.45,True,True,2024,matched,reported,Database Bulan + Tahun + Triwulan + MAP,baseline-v1,2026-07-03,Data untuk PHK Dashboard.xlsx; MAP_composite_all.xlsx
Sulawesi Tengah,Sulawesi Tengah,72,2025,11,2025-11-01,4,1638.0,46.0,110.56,3.5,-0.41,1756.53,847.72,908.81,1068.924,53.3,4.75,16703,63.8,105.4,34,1650.0,35.43,2.92,72.4,,3073.5517,6.500001386,1.005703866,41.96563354,61751590.0,29030569.0,1652846,12.0,Kuning (Perlu perhatian),73.61,1.05,22.88,1.97,9.89,65.43,8.45,True,True,2024,matched,reported,Database Bulan + Tahun + Triwulan + MAP,baseline-v1,2026-07-03,Data untuk PHK Dashboard.xlsx; MAP_composite_all.xlsx
Sulawesi Tengah,Sulawesi Tengah,72,2025,12,2025-12-01,4,1650.0,12.0,110.71,3.31,0.14,2339.6,1101.58,1238.02,1044.146,51.2,4.75,16699,62.5,106.3,27,1650.0,35.43,2.92,72.4,,3073.5517,6.500001386,1.005703866,41.96563354,61751590.0,29030569.0,1652846,12.0,Kuning (Perlu perhatian),73.61,1.05,22.88,1.97,9.89,65.43,8.45,True,True,2024,matched,reported,Database Bulan + Tahun + Triwulan + MAP,baseline-v1,2026-07-03,Data untuk PHK Dashboard.xlsx; MAP_composite_all.xlsx
Sulawesi Tenggara,Sulawesi Tenggara,74,2022,1,2022-01-01,1,,,97.21,,,400.19,202.2,197.99,594.167,53.7,3.5,14335,86.5,94.0,0,74.0,37.61,3.36,68.82,62.39,2678.8631,0.0,0.945929242,8.12094716,23949514.78,7516331.6,1231910,12.0,Kuning (Perlu perhatian),68.91,1.04,24.99,1.14,5.53,62.39,8.95,True,True,2022,matched,no_data,Database Bulan + Tahun + Triwulan + MAP,baseline-v1,2026-07-03,Data untuk PHK Dashboard.xlsx; MAP_composite_all.xlsx
Sulawesi Tenggara,Sulawesi Tenggara,74,2022,2,2022-02-01,1,,,97.11,,,314.15,74.57,239.58,617.577,51.2,3.5,14351,97.1,94.0,0,74.0,37.61,3.36,68.82,62.39,2678.8631,0.0,0.945929242,8.12094716,23949514.78,7516331.6,1231910,12.0,Kuning (Perlu perhatian),68.91,1.04,24.99,1.14,5.53,62.39,8.95,True,True,2022,matched,no_data,Database Bulan + Tahun + Triwulan + MAP,baseline-v1,2026-07-03,Data untuk PHK Dashboard.xlsx; MAP_composite_all.xlsx
Sulawesi Tenggara,Sulawesi Tenggara,74,2022,3,2022-03-01,1,,,97.25,,,411.54,451.22,-39.68,607.106,51.3,3.5,14349,117.2,94.7,0,74.0,37.61,3.36,68.82,62.39,2678.8631,0.0,0.945929242,8.12094716,23949514.78,7516331.6,1231910,12.0,Kuning (Perlu perhatian),68.91,1.04,24.99,1.14,5.53,62.39,8.95,True,True,2022,matched,no_data,Database Bulan + Tahun + Triwulan + MAP,baseline-v1,2026-07-03,Data untuk PHK Dashboard.xlsx; MAP_composite_all.xlsx
Sulawesi Tenggara,Sulawesi Tenggara,74,2022,4,2022-04-01,2,,,98.29,,,563.51,156.19,407.32,576.026,51.9,3.5,14369,104.6,95.6,0,74.0,37.61,3.36,68.82,62.39,2678.8631,0.0,0.945929242,8.12094716,25092115.99,743744.0,1231910,12.0,Kuning (Perlu perhatian),68.91,1.04,24.99,1.14,5.53,62.39,8.95,True,True,2022,matched,no_data,Database Bulan + Tahun + Triwulan + MAP,baseline-v1,2026-07-03,Data untuk PHK Dashboard.xlsx; MAP_composite_all.xlsx
Sulawesi Tenggara,Sulawesi Tenggara,74,2022,5,2022-05-01,2,,,99.11,,,678.17,208.68,469.49,606.333,50.8,3.5,14608,113.3,95.9,0,74.0,37.61,3.36,68.82,62.39,2678.8631,0.0,0.945929242,8.12094716,25092115.99,743744.0,1231910,12.0,Kuning (Perlu perhatian),68.91,1.04,24.99,1.14,5.53,62.39,8.95,True,True,2022,matched,no_data,Database Bulan + Tahun + Triwulan + MAP,baseline-v1,2026-07-03,Data untuk PHK Dashboard.xlsx; MAP_composite_all.xlsx
Sulawesi Tenggara,Sulawesi Tenggara,74,2022,6,2022-06-01,2,,,99.19,,,485.7,272.49,213.21,589.332,50.2,3.5,14689,122.7,96.6,0,74.0,37.61,3.36,68.82,62.39,2678.8631,0.0,0.945929242,8.12094716,25092115.99,743744.0,1231910,12.0,Kuning (Perlu perhatian),68.91,1.04,24.99,1.14,5.53,62.39,8.95,True,True,2022,matched,no_data,Database Bulan + Tahun + Triwulan + MAP,baseline-v1,2026-07-03,Data untuk PHK Dashboard.xlsx; MAP_composite_all.xlsx
Sulawesi Tenggara,Sulawesi Tenggara,74,2022,7,2022-07-01,3,1.0,,100.77,,,189.89,353.24,-163.35,609.869,51.3,3.5,14984,111.9,97.0,0,74.0,37.61,3.36,68.82,62.39,2678.8631,0.0,0.945929242,8.12094716,26065586.05,1908297.3,1335921,12.0,Kuning (Perlu perhatian),68.91,1.04,24.99,1.14,5.53,62.39,8.95,True,True,2022,matched,reported,Database Bulan + Tahun + Triwulan + MAP,baseline-v1,2026-07-03,Data untuk PHK Dashboard.xlsx; MAP_composite_all.xlsx
Sulawesi Tenggara,Sulawesi Tenggara,74,2022,8,2022-08-01,3,,,100.88,,,501.22,394.86,106.36,608.298,51.7,3.75,14851,100.4,96.9,0,74.0,37.61,3.36,68.82,62.39,2678.8631,0.0,0.945929242,8.12094716,26065586.05,1908297.3,1335921,12.0,Kuning (Perlu perhatian),68.91,1.04,24.99,1.14,5.53,62.39,8.95,True,True,2022,matched,no_data,Database Bulan + Tahun + Triwulan + MAP,baseline-v1,2026-07-03,Data untuk PHK Dashboard.xlsx; MAP_composite_all.xlsx
Sulawesi Tenggara,Sulawesi Tenggara,74,2022,9,2022-09-01,3,13.0,,102.09,,,553.02,160.41,392.61,591.262,53.7,4.25,14972,89.8,97.7,0,74.0,37.61,3.36,68.82,62.39,2678.8631,0.0,0.945929242,8.12094716,26065586.05,1908297.3,1335921,12.0,Kuning (Perlu perhatian),68.91,1.04,24.99,1.14,5.53,62.39,8.95,True,True,2022,matched,reported,Database Bulan + Tahun + Triwulan + MAP,baseline-v1,2026-07-03,Data untuk PHK Dashboard.xlsx; MAP_composite_all.xlsx
Sulawesi Tenggara,Sulawesi Tenggara,74,2022,10,2022-10-01,4,20.0,7.0,102.45,,,569.84,121.94,447.9,592.816,51.8,4.75,15417,93.3,97.7,34,74.0,37.61,3.36,68.82,62.39,2678.8631,0.0,0.945929242,8.12094716,27549209.8,2725199.0,1335921,12.0,Kuning (Perlu perhatian),68.91,1.04,24.99,1.14,5.53,62.39,8.95,True,True,2022,matched,reported,Database Bulan + Tahun + Triwulan + MAP,baseline-v1,2026-07-03,Data untuk PHK Dashboard.xlsx; MAP_composite_all.xlsx
Sulawesi Tenggara,Sulawesi Tenggara,74,2022,11,2022-11-01,4,21.0,1.0,102.62,,,497.67,204.02,293.65,576.306,50.3,5.25,15659,91.4,98.0,34,74.0,37.61,3.36,68.82,62.39,2678.8631,0.0,0.945929242,8.12094716,27549209.8,2725199.0,1335921,12.0,Kuning (Perlu perhatian),68.91,1.04,24.99,1.14,5.53,62.39,8.95,True,True,2022,matched,reported,Database Bulan + Tahun + Triwulan + MAP,baseline-v1,2026-07-03,Data untuk PHK Dashboard.xlsx; MAP_composite_all.xlsx
Sulawesi Tenggara,Sulawesi Tenggara,74,2022,12,2022-12-01,4,74.0,53.0,103.04,,,503.42,110.86,392.56,534.355,50.9,5.5,15615,80.9,98.7,34,74.0,37.61,3.36,68.82,62.39,2678.8631,0.0,0.945929242,8.12094716,27549209.8,2725199.0,1335921,12.0,Kuning (Perlu perhatian),68.91,1.04,24.99,1.14,5.53,62.39,8.95,True,True,2022,matched,reported,Database Bulan + Tahun + Triwulan + MAP,baseline-v1,2026-07-03,Data untuk PHK Dashboard.xlsx; MAP_composite_all.xlsx
Sulawesi Tenggara,Sulawesi Tenggara,74,2023,1,2023-01-01,1,15.0,15.0,102.89,,,369.37,249.26,120.11,598.692,51.3,5.75,15295,82.5,99.3,8,146.0,38.16,3.15,70.07,61.84,2871.79482,7.201999983,0.9984263996,8.695542426,25501070.0,675607.4,1282632,13.0,Kuning (Perlu perhatian),71.38,1.04,26.09,1.46,5.35,61.84,9.68,True,True,2023,matched,reported,Database Bulan + Tahun + Triwulan + MAP,baseline-v1,2026-07-03,Data untuk PHK Dashboard.xlsx; MAP_composite_all.xlsx
Sulawesi Tenggara,Sulawesi Tenggara,74,2023,2,2023-02-01,1,46.0,31.0,102.64,,,340.36,152.24,188.12,633.859,51.2,5.75,15126,82.6,99.6,34,146.0,38.16,3.15,70.07,61.84,2871.79482,7.201999983,0.9984263996,8.695542426,25501070.0,675607.4,1282632,13.0,Kuning (Perlu perhatian),71.38,1.04,26.09,1.46,5.35,61.84,9.68,True,True,2023,matched,reported,Database Bulan + Tahun + Triwulan + MAP,baseline-v1,2026-07-03,Data untuk PHK Dashboard.xlsx; MAP_composite_all.xlsx
Sulawesi Tenggara,Sulawesi Tenggara,74,2023,3,2023-03-01,1,64.0,18.0,103.25,,,431.76,255.36,176.4,624.904,51.9,5.75,15301,78.4,99.9,34,146.0,38.16,3.15,70.07,61.84,2871.79482,7.201999983,0.9984263996,8.695542426,25501070.0,675607.4,1282632,13.0,Kuning (Perlu perhatian),71.38,1.04,26.09,1.46,5.35,61.84,9.68,True,True,2023,matched,reported,Database Bulan + Tahun + Triwulan + MAP,baseline-v1,2026-07-03,Data untuk PHK Dashboard.xlsx; MAP_composite_all.xlsx
Sulawesi Tenggara,Sulawesi Tenggara,74,2023,4,2023-04-01,2,64.0,0.0,103.74,,,183.32,130.02,53.3,653.357,52.7,5.75,14867,84.6,100.0,34,146.0,38.16,3.15,70.07,61.84,2871.79482,7.201999983,0.9984263996,8.695542426,26309540.0,2000275.4,1282632,13.0,Kuning (Perlu perhatian),71.38,1.04,26.09,1.46,5.35,61.84,9.68,True,True,2023,matched,reported,Database Bulan + Tahun + Triwulan + MAP,baseline-v1,2026-07-03,Data untuk PHK Dashboard.xlsx; MAP_composite_all.xlsx
Sulawesi Tenggara,Sulawesi Tenggara,74,2023,5,2023-05-01,2,70.0,6.0,104.21,,,298.24,151.05,147.19,682.4,50.3,5.75,14811,75.5,100.2,34,146.0,38.16,3.15,70.07,61.84,2871.79482,7.201999983,0.9984263996,8.695542426,26309540.0,2000275.4,1282632,13.0,Kuning (Perlu perhatian),71.38,1.04,26.09,1.46,5.35,61.84,9.68,True,True,2023,matched,reported,Database Bulan + Tahun + Triwulan + MAP,baseline-v1,2026-07-03,Data untuk PHK Dashboard.xlsx; MAP_composite_all.xlsx
Sulawesi Tenggara,Sulawesi Tenggara,74,2023,6,2023-06-01,2,112.0,42.0,104.34,,,234.54,89.58,144.96,641.787,52.5,5.75,14932,74.8,100.3,34,146.0,38.16,3.15,70.07,61.84,2871.79482,7.201999983,0.9984263996,8.695542426,26309540.0,2000275.4,1282632,13.0,Kuning (Perlu perhatian),71.38,1.04,26.09,1.46,5.35,61.84,9.68,True,True,2023,matched,reported,Database Bulan + Tahun + Triwulan + MAP,baseline-v1,2026-07-03,Data untuk PHK Dashboard.xlsx; MAP_composite_all.xlsx
Sulawesi Tenggara,Sulawesi Tenggara,74,2023,7,2023-07-01,3,112.0,0.0,104.81,,,290.78,124.23,166.55,667.683,53.3,5.75,15040,80.1,100.5,34,146.0,38.16,3.15,70.07,61.84,2871.79482,7.201999983,0.9984263996,8.695542426,27347170.0,1812328.1,1351640,13.0,Kuning (Perlu perhatian),71.38,1.04,26.09,1.46,5.35,61.84,9.68,True,True,2023,matched,reported,Database Bulan + Tahun + Triwulan + MAP,baseline-v1,2026-07-03,Data untuk PHK Dashboard.xlsx; MAP_composite_all.xlsx
Sulawesi Tenggara,Sulawesi Tenggara,74,2023,8,2023-08-01,3,120.0,8.0,104.64,,,396.89,129.03,267.86,666.726,53.9,5.75,15245,86.1,100.5,34,146.0,38.16,3.15,70.07,61.84,2871.79482,7.201999983,0.9984263996,8.695542426,27347170.0,1812328.1,1351640,13.0,Kuning (Perlu perhatian),71.38,1.04,26.09,1.46,5.35,61.84,9.68,True,True,2023,matched,reported,Database Bulan + Tahun + Triwulan + MAP,baseline-v1,2026-07-03,Data untuk PHK Dashboard.xlsx; MAP_composite_all.xlsx
Sulawesi Tenggara,Sulawesi Tenggara,74,2023,9,2023-09-01,3,126.0,6.0,105.01,,,369.22,87.94,281.28,645.501,52.3,5.75,15354,"93,7",100.9,34,146.0,38.16,3.15,70.07,61.84,2871.79482,7.201999983,0.9984263996,8.695542426,27347170.0,1812328.1,1351640,13.0,Kuning (Perlu perhatian),71.38,1.04,26.09,1.46,5.35,61.84,9.68,True,True,2023,matched,reported,Database Bulan + Tahun + Triwulan + MAP,baseline-v1,2026-07-03,Data untuk PHK Dashboard.xlsx; MAP_composite_all.xlsx
Sulawesi Tenggara,Sulawesi Tenggara,74,2023,10,2023-10-01,4,134.0,8.0,105.19,,,491.31,125.74,365.57,641.682,51.5,6.0,15741,90.6,101.2,34,146.0,38.16,3.15,70.07,61.84,2871.79482,7.201999983,0.9984263996,8.695542426,28995200.0,2348757.7,1351640,13.0,Kuning (Perlu perhatian),71.38,1.04,26.09,1.46,5.35,61.84,9.68,True,True,2023,matched,reported,Database Bulan + Tahun + Triwulan + MAP,baseline-v1,2026-07-03,Data untuk PHK Dashboard.xlsx; MAP_composite_all.xlsx
Sulawesi Tenggara,Sulawesi Tenggara,74,2023,11,2023-11-01,4,138.0,4.0,105.15,,,434.9,169.7,265.2,612.563,51.7,6.0,15617,82.9,101.4,34,146.0,38.16,3.15,70.07,61.84,2871.79482,7.201999983,0.9984263996,8.695542426,28995200.0,2348757.7,1351640,13.0,Kuning (Perlu perhatian),71.38,1.04,26.09,1.46,5.35,61.84,9.68,True,True,2023,matched,reported,Database Bulan + Tahun + Triwulan + MAP,baseline-v1,2026-07-03,Data untuk PHK Dashboard.xlsx; MAP_composite_all.xlsx
Sulawesi Tenggara,Sulawesi Tenggara,74,2023,12,2023-12-01,4,146.0,8.0,105.45,,,458.84,183.51,275.33,580.746,52.2,6.0,15513,77.6,101.8,34,146.0,38.16,3.15,70.07,61.84,2871.79482,7.201999983,0.9984263996,8.695542426,28995200.0,2348757.7,1351640,13.0,Kuning (Perlu perhatian),71.38,1.04,26.09,1.46,5.35,61.84,9.68,True,True,2023,matched,reported,Database Bulan + Tahun + Triwulan + MAP,baseline-v1,2026-07-03,Data untuk PHK Dashboard.xlsx; MAP_composite_all.xlsx
Sulawesi Tenggara,Sulawesi Tenggara,74,2024,1,2024-01-01,1,72.0,72.0,105.42,2.46,-0.03,432.27,175.89,256.38,629.545,52.9,6.0,15611,80.1,102.1,9,1168.0,38.08,3.09,72.81,,2914.958,1.503003616,0.986552904,9.321148,26974380.0,1618263.4,1355014,14.0,Oranye (Risiko PHK),71.89,1.02,24.12,-0.22,5.4,61.92,9.47,True,True,2024,matched,reported,Database Bulan + Tahun + Triwulan + MAP,baseline-v1,2026-07-03,Data untuk PHK Dashboard.xlsx; MAP_composite_all.xlsx
Sulawesi Tenggara,Sulawesi Tenggara,74,2024,2,2024-02-01,1,72.0,0.0,105.62,2.9,0.19,295.7,225.0,70.7,656.967,52.7,6.0,15665,83.5,103.0,34,1168.0,38.08,3.09,72.81,,2914.958,1.503003616,0.986552904,9.321148,26974380.0,1618263.4,1355014,14.0,Oranye (Risiko PHK),71.89,1.02,24.12,-0.22,5.4,61.92,9.47,True,True,2024,matched,reported,Database Bulan + Tahun + Triwulan + MAP,baseline-v1,2026-07-03,Data untuk PHK Dashboard.xlsx; MAP_composite_all.xlsx
Sulawesi Tenggara,Sulawesi Tenggara,74,2024,3,2024-03-01,1,101.0,29.0,106.28,2.93,0.62,285.2,182.18,103.02,644.702,54.2,6.0,15703,85.4,103.5,34,1168.0,38.08,3.09,72.81,,2914.958,1.503003616,0.986552904,9.321148,26974380.0,1618263.4,1355014,14.0,Oranye (Risiko PHK),71.89,1.02,24.12,-0.22,5.4,61.92,9.47,True,True,2024,matched,reported,Database Bulan + Tahun + Triwulan + MAP,baseline-v1,2026-07-03,Data untuk PHK Dashboard.xlsx; MAP_composite_all.xlsx
Sulawesi Tenggara,Sulawesi Tenggara,74,2024,4,2024-04-01,2,101.0,0.0,106.78,2.93,0.47,319.41,106.42,212.99,668.634,52.9,6.25,16100,89.9,103.4,34,1168.0,38.08,3.09,72.81,,2914.958,1.503003616,0.986552904,9.321148,27766800.0,1480389.2,1355014,14.0,Oranye (Risiko PHK),71.89,1.02,24.12,-0.22,5.4,61.92,9.47,True,True,2024,matched,reported,Database Bulan + Tahun + Triwulan + MAP,baseline-v1,2026-07-03,Data untuk PHK Dashboard.xlsx; MAP_composite_all.xlsx
Sulawesi Tenggara,Sulawesi Tenggara,74,2024,5,2024-05-01,2,326.0,225.0,106.89,2.57,0.1,336.84,133.15,203.69,662.097,52.1,6.25,16084,81.7,103.3,34,1168.0,38.08,3.09,72.81,,2914.958,1.503003616,0.986552904,9.321148,27766800.0,1480389.2,1355014,14.0,Oranye (Risiko PHK),71.89,1.02,24.12,-0.22,5.4,61.92,9.47,True,True,2024,matched,reported,Database Bulan + Tahun + Triwulan + MAP,baseline-v1,2026-07-03,Data untuk PHK Dashboard.xlsx; MAP_composite_all.xlsx
Sulawesi Tenggara,Sulawesi Tenggara,74,2024,6,2024-06-01,2,348.0,22.0,106.79,2.35,-0.09,304.24,220.84,83.4,602.885,50.7,6.25,16329,82.2,103.3,34,1168.0,38.08,3.09,72.81,,2914.958,1.503003616,0.986552904,9.321148,27766800.0,1480389.2,1355014,14.0,Oranye (Risiko PHK),71.89,1.02,24.12,-0.22,5.4,61.92,9.47,True,True,2024,matched,reported,Database Bulan + Tahun + Triwulan + MAP,baseline-v1,2026-07-03,Data untuk PHK Dashboard.xlsx; MAP_composite_all.xlsx
Sulawesi Tenggara,Sulawesi Tenggara,74,2024,7,2024-07-01,3,354.0,6.0,106.62,1.73,-0.16,293.48,109.2,184.28,626.173,49.3,6.25,16262,85.2,103.2,34,1168.0,38.08,3.09,72.81,,2914.958,1.503003616,0.986552904,9.321148,28778910.0,1306842.8,1430889,14.0,Oranye (Risiko PHK),71.89,1.02,24.12,-0.22,5.4,61.92,9.47,True,True,2024,matched,reported,Database Bulan + Tahun + Triwulan + MAP,baseline-v1,2026-07-03,Data untuk PHK Dashboard.xlsx; MAP_composite_all.xlsx
Sulawesi Tenggara,Sulawesi Tenggara,74,2024,8,2024-08-01,3,927.0,573.0,106.33,1.62,-0.27,317.87,123.65,194.22,632.076,48.9,6.25,15793,80.4,103.1,34,1168.0,38.08,3.09,72.81,,2914.958,1.503003616,0.986552904,9.321148,28778910.0,1306842.8,1430889,14.0,Oranye (Risiko PHK),71.89,1.02,24.12,-0.22,5.4,61.92,9.47,True,True,2024,matched,reported,Database Bulan + Tahun + Triwulan + MAP,baseline-v1,2026-07-03,Data untuk PHK Dashboard.xlsx; MAP_composite_all.xlsx
Sulawesi Tenggara,Sulawesi Tenggara,74,2024,9,2024-09-01,3,1153.0,226.0,106.12,1.06,-0.2,276.02,114.58,161.44,630.508,49.2,6.0,15341,74,102.9,34,1168.0,38.08,3.09,72.81,,2914.958,1.503003616,0.986552904,9.321148,28778910.0,1306842.8,1430889,14.0,Oranye (Risiko PHK),71.89,1.02,24.12,-0.22,5.4,61.92,9.47,True,True,2024,matched,reported,Database Bulan + Tahun + Triwulan + MAP,baseline-v1,2026-07-03,Data untuk PHK Dashboard.xlsx; MAP_composite_all.xlsx
Sulawesi Tenggara,Sulawesi Tenggara,74,2024,10,2024-10-01,4,1156.0,3.0,105.94,0.71,-0.17,303.94,115.39,188.55,676.637,49.2,6.0,15541,75.6,102.8,34,1168.0,38.08,3.09,72.81,,2914.958,1.503003616,0.986552904,9.321148,30469400.0,1444698.2,1430889,14.0,Oranye (Risiko PHK),71.89,1.02,24.12,-0.22,5.4,61.92,9.47,True,True,2024,matched,reported,Database Bulan + Tahun + Triwulan + MAP,baseline-v1,2026-07-03,Data untuk PHK Dashboard.xlsx; MAP_composite_all.xlsx
Sulawesi Tenggara,Sulawesi Tenggara,74,2024,11,2024-11-01,4,1156.0,0.0,106.25,1.05,0.29,375.04,102.23,272.81,688.297,49.6,6.0,15812,74.3,103.0,34,1168.0,38.08,3.09,72.81,,2914.958,1.503003616,0.986552904,9.321148,30469400.0,1444698.2,1430889,14.0,Oranye (Risiko PHK),71.89,1.02,24.12,-0.22,5.4,61.92,9.47,True,True,2024,matched,reported,Database Bulan + Tahun + Triwulan + MAP,baseline-v1,2026-07-03,Data untuk PHK Dashboard.xlsx; MAP_composite_all.xlsx
Sulawesi Tenggara,Sulawesi Tenggara,74,2024,12,2024-12-01,4,1168.0,12.0,106.56,1.05,0.29,318.26,129.22,189.04,653.332,51.2,6.0,16024,73.9,103.4,34,1168.0,38.08,3.09,72.81,,2914.958,1.503003616,0.986552904,9.321148,30469400.0,1444698.2,1430889,14.0,Oranye (Risiko PHK),71.89,1.02,24.12,-0.22,5.4,61.92,9.47,True,True,2024,matched,reported,Database Bulan + Tahun + Triwulan + MAP,baseline-v1,2026-07-03,Data untuk PHK Dashboard.xlsx; MAP_composite_all.xlsx
Sulawesi Tenggara,Sulawesi Tenggara,74,2025,1,2025-01-01,1,53.0,53.0,105.01,-0.39,-1.45,309.07,87.69,221.38,686.051,51.9,5.75,16262,79.3,104.2,34,1409.0,38.87,3.31,71.67,,3104.43,6.499990737,0.9732597554,10.12486919,28501210.0,2434212.8,1383095,14.0,Oranye (Risiko PHK),71.89,1.02,24.12,-0.22,5.4,61.92,9.47,True,True,2024,matched,reported,Database Bulan + Tahun + Triwulan + MAP,baseline-v1,2026-07-03,Data untuk PHK Dashboard.xlsx; MAP_composite_all.xlsx
Sulawesi Tenggara,Sulawesi Tenggara,74,2025,2,2025-02-01,1,130.0,77.0,105.39,-0.22,0.36,280.53,109.91,170.62,671.959,53.6,5.75,16338,75.4,104.3,34,1409.0,38.87,3.31,71.67,,3104.43,6.499990737,0.9732597554,10.12486919,28501210.0,2434212.8,1383095,14.0,Oranye (Risiko PHK),71.89,1.02,24.12,-0.22,5.4,61.92,9.47,True,True,2024,matched,reported,Database Bulan + Tahun + Triwulan + MAP,baseline-v1,2026-07-03,Data untuk PHK Dashboard.xlsx; MAP_composite_all.xlsx
Sulawesi Tenggara,Sulawesi Tenggara,74,2025,3,2025-03-01,1,308.0,178.0,107.91,1.53,2.39,324.5,88.65,235.85,689.04,52.4,5.75,16456,72.7,105.1,34,1409.0,38.87,3.31,71.67,,3104.43,6.499990737,0.9732597554,10.12486919,28501210.0,2434212.8,1383095,14.0,Oranye (Risiko PHK),71.89,1.02,24.12,-0.22,5.4,61.92,9.47,True,True,2024,matched,reported,Database Bulan + Tahun + Triwulan + MAP,baseline-v1,2026-07-03,Data untuk PHK Dashboard.xlsx; MAP_composite_all.xlsx
Sulawesi Tenggara,Sulawesi Tenggara,74,2025,4,2025-04-01,2,412.0,104.0,108.87,1.96,0.89,317.79,181.47,136.32,741.948,46.7,5.75,16820,68.1,105.1,34,1409.0,38.87,3.31,71.67,,3104.43,6.499990737,0.9732597554,10.12486919,29403650.0,8276314.7,1383095,14.0,Oranye (Risiko PHK),71.89,1.02,24.12,-0.22,5.4,61.92,9.47,True,True,2024,matched,reported,Database Bulan + Tahun + Triwulan + MAP,baseline-v1,2026-07-03,Data untuk PHK Dashboard.xlsx; MAP_composite_all.xlsx
Sulawesi Tenggara,Sulawesi Tenggara,74,2025,5,2025-05-01,2,566.0,154.0,108.72,1.71,-0.14,307.43,70.01,237.42,761.191,47.4,5.5,16441,64.5,104.6,34,1409.0,38.87,3.31,71.67,,3104.43,6.499990737,0.9732597554,10.12486919,29403650.0,8276314.7,1383095,14.0,Oranye (Risiko PHK),71.89,1.02,24.12,-0.22,5.4,61.92,9.47,True,True,2024,matched,reported,Database Bulan + Tahun + Triwulan + MAP,baseline-v1,2026-07-03,Data untuk PHK Dashboard.xlsx; MAP_composite_all.xlsx
Sulawesi Tenggara,Sulawesi Tenggara,74,2025,6,2025-06-01,2,717.0,151.0,109.48,2.52,0.7,317.07,62.7,254.37,778.868,46.9,5.5,16311,71.4,104.7,34,1409.0,38.87,3.31,71.67,,3104.43,6.499990737,0.9732597554,10.12486919,29403650.0,8276314.7,1383095,14.0,Oranye (Risiko PHK),71.89,1.02,24.12,-0.22,5.4,61.92,9.47,True,True,2024,matched,reported,Database Bulan + Tahun + Triwulan + MAP,baseline-v1,2026-07-03,Data untuk PHK Dashboard.xlsx; MAP_composite_all.xlsx
Sulawesi Tenggara,Sulawesi Tenggara,74,2025,7,2025-07-01,3,976.0,259.0,110.59,3.72,1.01,296.32,103.27,193.05,800.002,49.2,5.25,16276,71,105.2,34,1409.0,38.87,3.31,71.67,,3104.43,6.499990737,0.9732597554,10.12486919,30405810.0,5129631.6,1434033,14.0,Oranye (Risiko PHK),71.89,1.02,24.12,-0.22,5.4,61.92,9.47,True,True,2024,matched,reported,Database Bulan + Tahun + Triwulan + MAP,baseline-v1,2026-07-03,Data untuk PHK Dashboard.xlsx; MAP_composite_all.xlsx
Sulawesi Tenggara,Sulawesi Tenggara,74,2025,8,2025-08-01,3,1091.0,115.0,110.32,3.75,-0.24,278.46,101.94,176.52,820.182,51.5,5.0,16309,67.9,105.2,34,1409.0,38.87,3.31,71.67,,3104.43,6.499990737,0.9732597554,10.12486919,30405810.0,5129631.6,1434033,14.0,Oranye (Risiko PHK),71.89,1.02,24.12,-0.22,5.4,61.92,9.47,True,True,2024,matched,reported,Database Bulan + Tahun + Triwulan + MAP,baseline-v1,2026-07-03,Data untuk PHK Dashboard.xlsx; MAP_composite_all.xlsx
Sulawesi Tenggara,Sulawesi Tenggara,74,2025,9,2025-09-01,3,1216.0,125.0,110.03,3.68,-0.26,356.16,180.07,176.09,805.539,50.4,4.75,16512,68,105.3,34,1409.0,38.87,3.31,71.67,,3104.43,6.499990737,0.9732597554,10.12486919,30405810.0,5129631.6,1434033,14.0,Oranye (Risiko PHK),71.89,1.02,24.12,-0.22,5.4,61.92,9.47,True,True,2024,matched,reported,Database Bulan + Tahun + Triwulan + MAP,baseline-v1,2026-07-03,Data untuk PHK Dashboard.xlsx; MAP_composite_all.xlsx
Sulawesi Tenggara,Sulawesi Tenggara,74,2025,10,2025-10-01,4,1314.0,98.0,109.39,3.26,-0.58,340.37,159.09,181.28,812.367,51.2,4.75,16607,64.5,105.5,34,1409.0,38.87,3.31,71.67,,3104.43,6.499990737,0.9732597554,10.12486919,32279540.0,7145178.7,1434033,14.0,Oranye (Risiko PHK),71.89,1.02,24.12,-0.22,5.4,61.92,9.47,True,True,2024,matched,reported,Database Bulan + Tahun + Triwulan + MAP,baseline-v1,2026-07-03,Data untuk PHK Dashboard.xlsx; MAP_composite_all.xlsx
Sulawesi Tenggara,Sulawesi Tenggara,74,2025,11,2025-11-01,4,1392.0,78.0,109.37,2.94,-0.02,268.1,150.72,117.38,809.59,53.3,4.75,16703,63.8,105.4,34,1409.0,38.87,3.31,71.67,,3104.43,6.499990737,0.9732597554,10.12486919,32279540.0,7145178.7,1434033,14.0,Oranye (Risiko PHK),71.89,1.02,24.12,-0.22,5.4,61.92,9.47,True,True,2024,matched,reported,Database Bulan + Tahun + Triwulan + MAP,baseline-v1,2026-07-03,Data untuk PHK Dashboard.xlsx; MAP_composite_all.xlsx
Sulawesi Tenggara,Sulawesi Tenggara,74,2025,12,2025-12-01,4,1409.0,17.0,109.61,2.86,0.22,328.08,280.42,47.66,796.94,51.2,4.75,16699,62.5,106.3,27,1409.0,38.87,3.31,71.67,,3104.43,6.499990737,0.9732597554,10.12486919,32279540.0,7145178.7,1434033,14.0,Oranye (Risiko PHK),71.89,1.02,24.12,-0.22,5.4,61.92,9.47,True,True,2024,matched,reported,Database Bulan + Tahun + Triwulan + MAP,baseline-v1,2026-07-03,Data untuk PHK Dashboard.xlsx; MAP_composite_all.xlsx
Sulawesi Utara,Sulawesi Utara,71,2022,1,2022-01-01,1,,,98.08,,,60.64,8.0,52.64,1332.442,53.7,3.5,14335,86.5,94.0,0,558.0,40.85,6.61,63.08,59.15,3165.876,0.0,0.9770567835,10.57216028,22633325.21,279909.3,1187077,12.0,Kuning (Perlu perhatian),73.26,0.98,31.74,3.93,5.42,59.15,10.82,True,True,2022,matched,no_data,Database Bulan + Tahun + Triwulan + MAP,baseline-v1,2026-07-03,Data untuk PHK Dashboard.xlsx; MAP_composite_all.xlsx
Sulawesi Utara,Sulawesi Utara,71,2022,2,2022-02-01,1,,,98.06,,,91.36,12.0,79.36,1343.721,51.2,3.5,14351,97.1,94.0,0,558.0,40.85,6.61,63.08,59.15,3165.876,0.0,0.9770567835,10.57216028,22633325.21,279909.3,1187077,12.0,Kuning (Perlu perhatian),73.26,0.98,31.74,3.93,5.42,59.15,10.82,True,True,2022,matched,no_data,Database Bulan + Tahun + Triwulan + MAP,baseline-v1,2026-07-03,Data untuk PHK Dashboard.xlsx; MAP_composite_all.xlsx
Sulawesi Utara,Sulawesi Utara,71,2022,3,2022-03-01,1,,,98.27,,,141.38,18.89,122.49,1347.887,51.3,3.5,14349,117.2,94.7,0,558.0,40.85,6.61,63.08,59.15,3165.876,0.0,0.9770567835,10.57216028,22633325.21,279909.3,1187077,12.0,Kuning (Perlu perhatian),73.26,0.98,31.74,3.93,5.42,59.15,10.82,True,True,2022,matched,no_data,Database Bulan + Tahun + Triwulan + MAP,baseline-v1,2026-07-03,Data untuk PHK Dashboard.xlsx; MAP_composite_all.xlsx
Sulawesi Utara,Sulawesi Utara,71,2022,4,2022-04-01,2,,,99.38,,,91.41,3.51,87.9,1425.743,51.9,3.5,14369,104.6,95.6,0,558.0,40.85,6.61,63.08,59.15,3165.876,0.0,0.9770567835,10.57216028,23791586.43,380157.5,1187077,12.0,Kuning (Perlu perhatian),73.26,0.98,31.74,3.93,5.42,59.15,10.82,True,True,2022,matched,no_data,Database Bulan + Tahun + Triwulan + MAP,baseline-v1,2026-07-03,Data untuk PHK Dashboard.xlsx; MAP_composite_all.xlsx
Sulawesi Utara,Sulawesi Utara,71,2022,5,2022-05-01,2,,,99.24,,,121.67,11.74,109.93,1462.856,50.8,3.5,14608,113.3,95.9,0,558.0,40.85,6.61,63.08,59.15,3165.876,0.0,0.9770567835,10.57216028,23791586.43,380157.5,1187077,12.0,Kuning (Perlu perhatian),73.26,0.98,31.74,3.93,5.42,59.15,10.82,True,True,2022,matched,no_data,Database Bulan + Tahun + Triwulan + MAP,baseline-v1,2026-07-03,Data untuk PHK Dashboard.xlsx; MAP_composite_all.xlsx
Sulawesi Utara,Sulawesi Utara,71,2022,6,2022-06-01,2,,,100.23,,,67.44,16.29,51.15,1467.405,50.2,3.5,14689,122.7,96.6,0,558.0,40.85,6.61,63.08,59.15,3165.876,0.0,0.9770567835,10.57216028,23791586.43,380157.5,1187077,12.0,Kuning (Perlu perhatian),73.26,0.98,31.74,3.93,5.42,59.15,10.82,True,True,2022,matched,no_data,Database Bulan + Tahun + Triwulan + MAP,baseline-v1,2026-07-03,Data untuk PHK Dashboard.xlsx; MAP_composite_all.xlsx
Sulawesi Utara,Sulawesi Utara,71,2022,7,2022-07-01,3,558.0,,100.22,,,15.48,135.74,-120.26,1474.594,51.3,3.5,14984,111.9,97.0,0,558.0,40.85,6.61,63.08,59.15,3165.876,0.0,0.9770567835,10.57216028,24383840.07,457870.1,1159965,12.0,Kuning (Perlu perhatian),73.26,0.98,31.74,3.93,5.42,59.15,10.82,True,True,2022,matched,reported,Database Bulan + Tahun + Triwulan + MAP,baseline-v1,2026-07-03,Data untuk PHK Dashboard.xlsx; MAP_composite_all.xlsx
Sulawesi Utara,Sulawesi Utara,71,2022,8,2022-08-01,3,,,100.11,,,88.17,12.56,75.61,1471.788,51.7,3.75,14851,100.4,96.9,0,558.0,40.85,6.61,63.08,59.15,3165.876,0.0,0.9770567835,10.57216028,24383840.07,457870.1,1159965,12.0,Kuning (Perlu perhatian),73.26,0.98,31.74,3.93,5.42,59.15,10.82,True,True,2022,matched,no_data,Database Bulan + Tahun + Triwulan + MAP,baseline-v1,2026-07-03,Data untuk PHK Dashboard.xlsx; MAP_composite_all.xlsx
Sulawesi Utara,Sulawesi Utara,71,2022,9,2022-09-01,3,558.0,,101.53,,,93.03,14.6,78.43,1451.087,53.7,4.25,14972,89.8,97.7,0,558.0,40.85,6.61,63.08,59.15,3165.876,0.0,0.9770567835,10.57216028,24383840.07,457870.1,1159965,12.0,Kuning (Perlu perhatian),73.26,0.98,31.74,3.93,5.42,59.15,10.82,True,True,2022,matched,reported,Database Bulan + Tahun + Triwulan + MAP,baseline-v1,2026-07-03,Data untuk PHK Dashboard.xlsx; MAP_composite_all.xlsx
Sulawesi Utara,Sulawesi Utara,71,2022,10,2022-10-01,4,558.0,0.0,101.46,,,82.06,12.32,69.74,1442.804,51.8,4.75,15417,93.3,97.7,34,558.0,40.85,6.61,63.08,59.15,3165.876,0.0,0.9770567835,10.57216028,25959400.18,448909.5,1159965,12.0,Kuning (Perlu perhatian),73.26,0.98,31.74,3.93,5.42,59.15,10.82,True,True,2022,matched,reported,Database Bulan + Tahun + Triwulan + MAP,baseline-v1,2026-07-03,Data untuk PHK Dashboard.xlsx; MAP_composite_all.xlsx
Sulawesi Utara,Sulawesi Utara,71,2022,11,2022-11-01,4,558.0,0.0,101.3,,,65.56,16.99,48.57,1362.663,50.3,5.25,15659,91.4,98.0,34,558.0,40.85,6.61,63.08,59.15,3165.876,0.0,0.9770567835,10.57216028,25959400.18,448909.5,1159965,12.0,Kuning (Perlu perhatian),73.26,0.98,31.74,3.93,5.42,59.15,10.82,True,True,2022,matched,reported,Database Bulan + Tahun + Triwulan + MAP,baseline-v1,2026-07-03,Data untuk PHK Dashboard.xlsx; MAP_composite_all.xlsx
Sulawesi Utara,Sulawesi Utara,71,2022,12,2022-12-01,4,558.0,0.0,102.13,,,81.92,11.69,70.23,1211.113,50.9,5.5,15615,80.9,98.7,34,558.0,40.85,6.61,63.08,59.15,3165.876,0.0,0.9770567835,10.57216028,25959400.18,448909.5,1159965,12.0,Kuning (Perlu perhatian),73.26,0.98,31.74,3.93,5.42,59.15,10.82,True,True,2022,matched,reported,Database Bulan + Tahun + Triwulan + MAP,baseline-v1,2026-07-03,Data untuk PHK Dashboard.xlsx; MAP_composite_all.xlsx
Sulawesi Utara,Sulawesi Utara,71,2023,1,2023-01-01,1,,,102.47,,,77.86,11.51,66.35,1313.562,51.3,5.75,15295,82.5,99.3,8,38.0,41.86,6.1,64.09,58.14,3385.145,6.926013527,1.031355207,10.72641948,23822430.0,639287.4,1229861,12.0,Kuning (Perlu perhatian),73.83,0.94,33.23,2.48,5.48,58.14,11.25,True,True,2023,matched,no_data,Database Bulan + Tahun + Triwulan + MAP,baseline-v1,2026-07-03,Data untuk PHK Dashboard.xlsx; MAP_composite_all.xlsx
Sulawesi Utara,Sulawesi Utara,71,2023,2,2023-02-01,1,,0.0,102.08,,,89.08,11.68,77.4,1346.35,51.2,5.75,15126,82.6,99.6,34,38.0,41.86,6.1,64.09,58.14,3385.145,6.926013527,1.031355207,10.72641948,23822430.0,639287.4,1229861,12.0,Kuning (Perlu perhatian),73.83,0.94,33.23,2.48,5.48,58.14,11.25,True,True,2023,matched,reported,Database Bulan + Tahun + Triwulan + MAP,baseline-v1,2026-07-03,Data untuk PHK Dashboard.xlsx; MAP_composite_all.xlsx
Sulawesi Utara,Sulawesi Utara,71,2023,3,2023-03-01,1,,0.0,102.9,,,67.92,18.08,49.84,1251.735,51.9,5.75,15301,78.4,99.9,34,38.0,41.86,6.1,64.09,58.14,3385.145,6.926013527,1.031355207,10.72641948,23822430.0,639287.4,1229861,12.0,Kuning (Perlu perhatian),73.83,0.94,33.23,2.48,5.48,58.14,11.25,True,True,2023,matched,reported,Database Bulan + Tahun + Triwulan + MAP,baseline-v1,2026-07-03,Data untuk PHK Dashboard.xlsx; MAP_composite_all.xlsx
Sulawesi Utara,Sulawesi Utara,71,2023,4,2023-04-01,2,,0.0,102.66,,,79.43,8.61,70.82,1286.702,52.7,5.75,14867,84.6,100.0,34,38.0,41.86,6.1,64.09,58.14,3385.145,6.926013527,1.031355207,10.72641948,25286890.0,549402.6,1229861,12.0,Kuning (Perlu perhatian),73.83,0.94,33.23,2.48,5.48,58.14,11.25,True,True,2023,matched,reported,Database Bulan + Tahun + Triwulan + MAP,baseline-v1,2026-07-03,Data untuk PHK Dashboard.xlsx; MAP_composite_all.xlsx
Sulawesi Utara,Sulawesi Utara,71,2023,5,2023-05-01,2,,0.0,102.67,,,58.27,17.52,40.75,1327.388,50.3,5.75,14811,75.5,100.2,34,38.0,41.86,6.1,64.09,58.14,3385.145,6.926013527,1.031355207,10.72641948,25286890.0,549402.6,1229861,12.0,Kuning (Perlu perhatian),73.83,0.94,33.23,2.48,5.48,58.14,11.25,True,True,2023,matched,reported,Database Bulan + Tahun + Triwulan + MAP,baseline-v1,2026-07-03,Data untuk PHK Dashboard.xlsx; MAP_composite_all.xlsx
Sulawesi Utara,Sulawesi Utara,71,2023,6,2023-06-01,2,10.0,10.0,102.88,,,81.24,8.62,72.62,1201.915,52.5,5.75,14932,74.8,100.3,34,38.0,41.86,6.1,64.09,58.14,3385.145,6.926013527,1.031355207,10.72641948,25286890.0,549402.6,1229861,12.0,Kuning (Perlu perhatian),73.83,0.94,33.23,2.48,5.48,58.14,11.25,True,True,2023,matched,reported,Database Bulan + Tahun + Triwulan + MAP,baseline-v1,2026-07-03,Data untuk PHK Dashboard.xlsx; MAP_composite_all.xlsx
Sulawesi Utara,Sulawesi Utara,71,2023,7,2023-07-01,3,23.0,13.0,103.15,,,76.06,10.48,65.58,1207.918,53.3,5.75,15040,80.1,100.5,34,38.0,41.86,6.1,64.09,58.14,3385.145,6.926013527,1.031355207,10.72641948,25700250.0,1078819.8,1250948,12.0,Kuning (Perlu perhatian),73.83,0.94,33.23,2.48,5.48,58.14,11.25,True,True,2023,matched,reported,Database Bulan + Tahun + Triwulan + MAP,baseline-v1,2026-07-03,Data untuk PHK Dashboard.xlsx; MAP_composite_all.xlsx
Sulawesi Utara,Sulawesi Utara,71,2023,8,2023-08-01,3,32.0,9.0,102.86,,,64.43,25.49,38.94,1178.271,53.9,5.75,15245,86.1,100.5,34,38.0,41.86,6.1,64.09,58.14,3385.145,6.926013527,1.031355207,10.72641948,25700250.0,1078819.8,1250948,12.0,Kuning (Perlu perhatian),73.83,0.94,33.23,2.48,5.48,58.14,11.25,True,True,2023,matched,reported,Database Bulan + Tahun + Triwulan + MAP,baseline-v1,2026-07-03,Data untuk PHK Dashboard.xlsx; MAP_composite_all.xlsx
Sulawesi Utara,Sulawesi Utara,71,2023,9,2023-09-01,3,32.0,0.0,102.92,,,68.93,16.28,52.65,1144.073,52.3,5.75,15354,"93,7",100.9,34,38.0,41.86,6.1,64.09,58.14,3385.145,6.926013527,1.031355207,10.72641948,25700250.0,1078819.8,1250948,12.0,Kuning (Perlu perhatian),73.83,0.94,33.23,2.48,5.48,58.14,11.25,True,True,2023,matched,reported,Database Bulan + Tahun + Triwulan + MAP,baseline-v1,2026-07-03,Data untuk PHK Dashboard.xlsx; MAP_composite_all.xlsx
Sulawesi Utara,Sulawesi Utara,71,2023,10,2023-10-01,4,32.0,0.0,104.22,,,79.56,20.62,58.94,1190.151,51.5,6.0,15741,90.6,101.2,34,38.0,41.86,6.1,64.09,58.14,3385.145,6.926013527,1.031355207,10.72641948,27260910.0,841382.2,1250948,12.0,Kuning (Perlu perhatian),73.83,0.94,33.23,2.48,5.48,58.14,11.25,True,True,2023,matched,reported,Database Bulan + Tahun + Triwulan + MAP,baseline-v1,2026-07-03,Data untuk PHK Dashboard.xlsx; MAP_composite_all.xlsx
Sulawesi Utara,Sulawesi Utara,71,2023,11,2023-11-01,4,34.0,2.0,105.12,,,66.05,25.56,40.49,1220.97,51.7,6.0,15617,82.9,101.4,34,38.0,41.86,6.1,64.09,58.14,3385.145,6.926013527,1.031355207,10.72641948,27260910.0,841382.2,1250948,12.0,Kuning (Perlu perhatian),73.83,0.94,33.23,2.48,5.48,58.14,11.25,True,True,2023,matched,reported,Database Bulan + Tahun + Triwulan + MAP,baseline-v1,2026-07-03,Data untuk PHK Dashboard.xlsx; MAP_composite_all.xlsx
Sulawesi Utara,Sulawesi Utara,71,2023,12,2023-12-01,4,38.0,4.0,106.81,,,79.8,19.91,59.89,1207.156,52.2,6.0,15513,77.6,101.8,34,38.0,41.86,6.1,64.09,58.14,3385.145,6.926013527,1.031355207,10.72641948,27260910.0,841382.2,1250948,12.0,Kuning (Perlu perhatian),73.83,0.94,33.23,2.48,5.48,58.14,11.25,True,True,2023,matched,reported,Database Bulan + Tahun + Triwulan + MAP,baseline-v1,2026-07-03,Data untuk PHK Dashboard.xlsx; MAP_composite_all.xlsx
Sulawesi Utara,Sulawesi Utara,71,2024,1,2024-01-01,1,,,106.37,3.81,-0.41,58.55,18.23,40.32,1218.655,52.9,6.0,15611,80.1,102.1,9,126.0,44.53,5.85,66.07,,3434.298,1.452020519,0.9945691506,10.60726005,25165610.0,646088.0,1257188,12.0,Kuning (Perlu perhatian),72.52,0.97,30.09,6.37,5.39,55.47,9.6,True,True,2024,matched,no_data,Database Bulan + Tahun + Triwulan + MAP,baseline-v1,2026-07-03,Data untuk PHK Dashboard.xlsx; MAP_composite_all.xlsx
Sulawesi Utara,Sulawesi Utara,71,2024,2,2024-02-01,1,,0.0,105.7,3.55,-0.63,70.11,14.58,55.53,1229.878,52.7,6.0,15665,83.5,103.0,34,126.0,44.53,5.85,66.07,,3434.298,1.452020519,0.9945691506,10.60726005,25165610.0,646088.0,1257188,12.0,Kuning (Perlu perhatian),72.52,0.97,30.09,6.37,5.39,55.47,9.6,True,True,2024,matched,reported,Database Bulan + Tahun + Triwulan + MAP,baseline-v1,2026-07-03,Data untuk PHK Dashboard.xlsx; MAP_composite_all.xlsx
Sulawesi Utara,Sulawesi Utara,71,2024,3,2024-03-01,1,,0.0,106.83,3.82,1.07,43.4,18.06,25.34,1181.461,54.2,6.0,15703,85.4,103.5,34,126.0,44.53,5.85,66.07,,3434.298,1.452020519,0.9945691506,10.60726005,25165610.0,646088.0,1257188,12.0,Kuning (Perlu perhatian),72.52,0.97,30.09,6.37,5.39,55.47,9.6,True,True,2024,matched,reported,Database Bulan + Tahun + Triwulan + MAP,baseline-v1,2026-07-03,Data untuk PHK Dashboard.xlsx; MAP_composite_all.xlsx
Sulawesi Utara,Sulawesi Utara,71,2024,4,2024-04-01,2,,0.0,107.01,4.24,0.17,78.39,20.03,58.36,1249.645,52.9,6.25,16100,89.9,103.4,34,126.0,44.53,5.85,66.07,,3434.298,1.452020519,0.9945691506,10.60726005,26583020.0,361455.1,1257188,12.0,Kuning (Perlu perhatian),72.52,0.97,30.09,6.37,5.39,55.47,9.6,True,True,2024,matched,reported,Database Bulan + Tahun + Triwulan + MAP,baseline-v1,2026-07-03,Data untuk PHK Dashboard.xlsx; MAP_composite_all.xlsx
Sulawesi Utara,Sulawesi Utara,71,2024,5,2024-05-01,2,27.0,27.0,106.93,4.15,-0.07,83.77,18.83,64.94,1213.367,52.1,6.25,16084,81.7,103.3,34,126.0,44.53,5.85,66.07,,3434.298,1.452020519,0.9945691506,10.60726005,26583020.0,361455.1,1257188,12.0,Kuning (Perlu perhatian),72.52,0.97,30.09,6.37,5.39,55.47,9.6,True,True,2024,matched,reported,Database Bulan + Tahun + Triwulan + MAP,baseline-v1,2026-07-03,Data untuk PHK Dashboard.xlsx; MAP_composite_all.xlsx
Sulawesi Utara,Sulawesi Utara,71,2024,6,2024-06-01,2,27.0,0.0,107.43,4.42,0.47,40.58,13.06,27.52,1148.333,50.7,6.25,16329,82.2,103.3,34,126.0,44.53,5.85,66.07,,3434.298,1.452020519,0.9945691506,10.60726005,26583020.0,361455.1,1257188,12.0,Kuning (Perlu perhatian),72.52,0.97,30.09,6.37,5.39,55.47,9.6,True,True,2024,matched,reported,Database Bulan + Tahun + Triwulan + MAP,baseline-v1,2026-07-03,Data untuk PHK Dashboard.xlsx; MAP_composite_all.xlsx
Sulawesi Utara,Sulawesi Utara,71,2024,7,2024-07-01,3,29.0,2.0,107.31,4.03,-0.11,82.87,19.24,63.63,1120.102,49.3,6.25,16262,85.2,103.2,34,126.0,44.53,5.85,66.07,,3434.298,1.452020519,0.9945691506,10.60726005,27040520.0,691970.2,1305834,12.0,Kuning (Perlu perhatian),72.52,0.97,30.09,6.37,5.39,55.47,9.6,True,True,2024,matched,reported,Database Bulan + Tahun + Triwulan + MAP,baseline-v1,2026-07-03,Data untuk PHK Dashboard.xlsx; MAP_composite_all.xlsx
Sulawesi Utara,Sulawesi Utara,71,2024,8,2024-08-01,3,78.0,49.0,107.27,4.29,-0.04,67.33,24.64,42.69,1086.261,48.9,6.25,15793,80.4,103.1,34,126.0,44.53,5.85,66.07,,3434.298,1.452020519,0.9945691506,10.60726005,27040520.0,691970.2,1305834,12.0,Kuning (Perlu perhatian),72.52,0.97,30.09,6.37,5.39,55.47,9.6,True,True,2024,matched,reported,Database Bulan + Tahun + Triwulan + MAP,baseline-v1,2026-07-03,Data untuk PHK Dashboard.xlsx; MAP_composite_all.xlsx
Sulawesi Utara,Sulawesi Utara,71,2024,9,2024-09-01,3,78.0,0.0,106.69,3.66,-0.54,60.33,10.31,50.02,1055.48,49.2,6.0,15341,74,102.9,34,126.0,44.53,5.85,66.07,,3434.298,1.452020519,0.9945691506,10.60726005,27040520.0,691970.2,1305834,12.0,Kuning (Perlu perhatian),72.52,0.97,30.09,6.37,5.39,55.47,9.6,True,True,2024,matched,reported,Database Bulan + Tahun + Triwulan + MAP,baseline-v1,2026-07-03,Data untuk PHK Dashboard.xlsx; MAP_composite_all.xlsx
Sulawesi Utara,Sulawesi Utara,71,2024,10,2024-10-01,4,125.0,47.0,106.91,2.58,0.21,89.01,19.38,69.63,1080.39,49.2,6.0,15541,75.6,102.8,34,126.0,44.53,5.85,66.07,,3434.298,1.452020519,0.9945691506,10.60726005,28785860.0,78038.1,1305834,12.0,Kuning (Perlu perhatian),72.52,0.97,30.09,6.37,5.39,55.47,9.6,True,True,2024,matched,reported,Database Bulan + Tahun + Triwulan + MAP,baseline-v1,2026-07-03,Data untuk PHK Dashboard.xlsx; MAP_composite_all.xlsx
Sulawesi Utara,Sulawesi Utara,71,2024,11,2024-11-01,4,126.0,1.0,107.35,2.12,0.41,66.16,19.31,46.85,1076.344,49.6,6.0,15812,74.3,103.0,34,126.0,44.53,5.85,66.07,,3434.298,1.452020519,0.9945691506,10.60726005,28785860.0,78038.1,1305834,12.0,Kuning (Perlu perhatian),72.52,0.97,30.09,6.37,5.39,55.47,9.6,True,True,2024,matched,reported,Database Bulan + Tahun + Triwulan + MAP,baseline-v1,2026-07-03,Data untuk PHK Dashboard.xlsx; MAP_composite_all.xlsx
Sulawesi Utara,Sulawesi Utara,71,2024,12,2024-12-01,4,126.0,0.0,107.28,0.44,-0.07,96.94,29.57,67.37,1079.285,51.2,6.0,16024,73.9,103.4,34,126.0,44.53,5.85,66.07,,3434.298,1.452020519,0.9945691506,10.60726005,28785860.0,78038.1,1305834,12.0,Kuning (Perlu perhatian),72.52,0.97,30.09,6.37,5.39,55.47,9.6,True,True,2024,matched,reported,Database Bulan + Tahun + Triwulan + MAP,baseline-v1,2026-07-03,Data untuk PHK Dashboard.xlsx; MAP_composite_all.xlsx
Sulawesi Utara,Sulawesi Utara,71,2025,1,2025-01-01,1,16.0,16.0,106.1,-0.25,-1.1,87.31,3.45,83.86,1129.341,51.9,5.75,16262,79.3,104.2,34,345.0,45.44,5.99,67.21,,3657.52737,6.5,1.069160148,11.04081141,26579520.0,1746569.9,1294920,12.0,Kuning (Perlu perhatian),72.52,0.97,30.09,6.37,5.39,55.47,9.6,True,True,2024,matched,reported,Database Bulan + Tahun + Triwulan + MAP,baseline-v1,2026-07-03,Data untuk PHK Dashboard.xlsx; MAP_composite_all.xlsx
Sulawesi Utara,Sulawesi Utara,71,2025,2,2025-02-01,1,61.0,45.0,105.54,-0.15,-0.53,101.26,21.13,80.13,1171.43,53.6,5.75,16338,75.4,104.3,34,345.0,45.44,5.99,67.21,,3657.52737,6.5,1.069160148,11.04081141,26579520.0,1746569.9,1294920,12.0,Kuning (Perlu perhatian),72.52,0.97,30.09,6.37,5.39,55.47,9.6,True,True,2024,matched,reported,Database Bulan + Tahun + Triwulan + MAP,baseline-v1,2026-07-03,Data untuk PHK Dashboard.xlsx; MAP_composite_all.xlsx
Sulawesi Utara,Sulawesi Utara,71,2025,3,2025-03-01,1,97.0,36.0,108.34,1.41,2.65,92.28,8.53,83.75,1163.466,52.4,5.75,16456,72.7,105.1,34,345.0,45.44,5.99,67.21,,3657.52737,6.5,1.069160148,11.04081141,26579520.0,1746569.9,1294920,12.0,Kuning (Perlu perhatian),72.52,0.97,30.09,6.37,5.39,55.47,9.6,True,True,2024,matched,reported,Database Bulan + Tahun + Triwulan + MAP,baseline-v1,2026-07-03,Data untuk PHK Dashboard.xlsx; MAP_composite_all.xlsx
Sulawesi Utara,Sulawesi Utara,71,2025,4,2025-04-01,2,137.0,40.0,109.44,2.27,1.02,88.05,16.84,71.21,1213.405,46.7,5.75,16820,68.1,105.1,34,345.0,45.44,5.99,67.21,,3657.52737,6.5,1.069160148,11.04081141,28081720.0,546462.7,1294920,12.0,Kuning (Perlu perhatian),72.52,0.97,30.09,6.37,5.39,55.47,9.6,True,True,2024,matched,reported,Database Bulan + Tahun + Triwulan + MAP,baseline-v1,2026-07-03,Data untuk PHK Dashboard.xlsx; MAP_composite_all.xlsx
Sulawesi Utara,Sulawesi Utara,71,2025,5,2025-05-01,2,197.0,60.0,108.57,1.53,-0.79,137.14,16.8,120.34,1273.793,47.4,5.5,16441,64.5,104.6,34,345.0,45.44,5.99,67.21,,3657.52737,6.5,1.069160148,11.04081141,28081720.0,546462.7,1294920,12.0,Kuning (Perlu perhatian),72.52,0.97,30.09,6.37,5.39,55.47,9.6,True,True,2024,matched,reported,Database Bulan + Tahun + Triwulan + MAP,baseline-v1,2026-07-03,Data untuk PHK Dashboard.xlsx; MAP_composite_all.xlsx
Sulawesi Utara,Sulawesi Utara,71,2025,6,2025-06-01,2,223.0,26.0,109.27,1.71,0.64,72.1,8.93,63.17,1248.619,46.9,5.5,16311,71.4,104.7,34,345.0,45.44,5.99,67.21,,3657.52737,6.5,1.069160148,11.04081141,28081720.0,546462.7,1294920,12.0,Kuning (Perlu perhatian),72.52,0.97,30.09,6.37,5.39,55.47,9.6,True,True,2024,matched,reported,Database Bulan + Tahun + Triwulan + MAP,baseline-v1,2026-07-03,Data untuk PHK Dashboard.xlsx; MAP_composite_all.xlsx
Sulawesi Utara,Sulawesi Utara,71,2025,7,2025-07-01,3,240.0,17.0,109.5,2.04,0.21,136.27,20.49,115.78,1279.407,49.2,5.25,16276,71,105.2,34,345.0,45.44,5.99,67.21,,3657.52737,6.5,1.069160148,11.04081141,28498610.0,991627.3,1339333,12.0,Kuning (Perlu perhatian),72.52,0.97,30.09,6.37,5.39,55.47,9.6,True,True,2024,matched,reported,Database Bulan + Tahun + Triwulan + MAP,baseline-v1,2026-07-03,Data untuk PHK Dashboard.xlsx; MAP_composite_all.xlsx
Sulawesi Utara,Sulawesi Utara,71,2025,8,2025-08-01,3,289.0,49.0,108.28,0.94,-1.11,76.38,12.19,64.19,1369.576,51.5,5.0,16309,67.9,105.2,34,345.0,45.44,5.99,67.21,,3657.52737,6.5,1.069160148,11.04081141,28498610.0,991627.3,1339333,12.0,Kuning (Perlu perhatian),72.52,0.97,30.09,6.37,5.39,55.47,9.6,True,True,2024,matched,reported,Database Bulan + Tahun + Triwulan + MAP,baseline-v1,2026-07-03,Data untuk PHK Dashboard.xlsx; MAP_composite_all.xlsx
Sulawesi Utara,Sulawesi Utara,71,2025,9,2025-09-01,3,302.0,13.0,108.36,1.57,0.07,133.87,17.76,116.11,1354.834,50.4,4.75,16512,68,105.3,34,345.0,45.44,5.99,67.21,,3657.52737,6.5,1.069160148,11.04081141,28498610.0,991627.3,1339333,12.0,Kuning (Perlu perhatian),72.52,0.97,30.09,6.37,5.39,55.47,9.6,True,True,2024,matched,reported,Database Bulan + Tahun + Triwulan + MAP,baseline-v1,2026-07-03,Data untuk PHK Dashboard.xlsx; MAP_composite_all.xlsx
Sulawesi Utara,Sulawesi Utara,71,2025,10,2025-10-01,4,332.0,30.0,108.49,1.48,0.12,103.8,15.37,88.43,1376.339,51.2,4.75,16607,64.5,105.5,34,345.0,45.44,5.99,67.21,,3657.52737,6.5,1.069160148,11.04081141,30499570.0,847092.4,1339333,12.0,Kuning (Perlu perhatian),72.52,0.97,30.09,6.37,5.39,55.47,9.6,True,True,2024,matched,reported,Database Bulan + Tahun + Triwulan + MAP,baseline-v1,2026-07-03,Data untuk PHK Dashboard.xlsx; MAP_composite_all.xlsx
Sulawesi Utara,Sulawesi Utara,71,2025,11,2025-11-01,4,344.0,12.0,108.05,0.65,-0.41,79.12,11.74,67.38,1387.27,53.3,4.75,16703,63.8,105.4,34,345.0,45.44,5.99,67.21,,3657.52737,6.5,1.069160148,11.04081141,30499570.0,847092.4,1339333,12.0,Kuning (Perlu perhatian),72.52,0.97,30.09,6.37,5.39,55.47,9.6,True,True,2024,matched,reported,Database Bulan + Tahun + Triwulan + MAP,baseline-v1,2026-07-03,Data untuk PHK Dashboard.xlsx; MAP_composite_all.xlsx
Sulawesi Utara,Sulawesi Utara,71,2025,12,2025-12-01,4,345.0,1.0,108.6,1.23,0.51,128.82,21.37,107.45,1398.907,51.2,4.75,16699,62.5,106.3,27,345.0,45.44,5.99,67.21,,3657.52737,6.5,1.069160148,11.04081141,30499570.0,847092.4,1339333,12.0,Kuning (Perlu perhatian),72.52,0.97,30.09,6.37,5.39,55.47,9.6,True,True,2024,matched,reported,Database Bulan + Tahun + Triwulan + MAP,baseline-v1,2026-07-03,Data untuk PHK Dashboard.xlsx; MAP_composite_all.xlsx
Sumatera Barat,Sumatera Barat,13,2022,1,2022-01-01,1,,,96.71,,,219.03,14.11,204.92,1072.193,53.7,3.5,14335,86.5,94.0,0,35.0,34.74,6.28,69.3,65.26,2512.539,1.1472435438867592,0.946069064,9.26393456,44522670.12,191244.4,2694607,16.0,Oranye (Risiko PHK),77.06,1.06,25.42,-1.38,4.36,65.26,8.58,True,True,2022,matched,no_data,Database Bulan + Tahun + Triwulan + MAP,baseline-v1,2026-07-03,Data untuk PHK Dashboard.xlsx; MAP_composite_all.xlsx
Sumatera Barat,Sumatera Barat,13,2022,2,2022-02-01,1,,,96.66,,,250.99,3.98,247.01,1109.833,51.2,3.5,14351,97.1,94.0,0,35.0,34.74,6.28,69.3,65.26,2512.539,1.1472435438867592,0.946069064,9.26393456,44522670.12,191244.4,2694607,16.0,Oranye (Risiko PHK),77.06,1.06,25.42,-1.38,4.36,65.26,8.58,True,True,2022,matched,no_data,Database Bulan + Tahun + Triwulan + MAP,baseline-v1,2026-07-03,Data untuk PHK Dashboard.xlsx; MAP_composite_all.xlsx
Sumatera Barat,Sumatera Barat,13,2022,3,2022-03-01,1,,,97.47,,,249.35,8.12,241.23,1096.5,51.3,3.5,14349,117.2,94.7,0,35.0,34.74,6.28,69.3,65.26,2512.539,1.1472435438867592,0.946069064,9.26393456,44522670.12,191244.4,2694607,16.0,Oranye (Risiko PHK),77.06,1.06,25.42,-1.38,4.36,65.26,8.58,True,True,2022,matched,no_data,Database Bulan + Tahun + Triwulan + MAP,baseline-v1,2026-07-03,Data untuk PHK Dashboard.xlsx; MAP_composite_all.xlsx
Sumatera Barat,Sumatera Barat,13,2022,4,2022-04-01,2,,,98.32,,,323.58,37.75,285.83,1180.956,51.9,3.5,14369,104.6,95.6,0,35.0,34.74,6.28,69.3,65.26,2512.539,1.1472435438867592,0.946069064,9.26393456,45188824.44,530855.2,2694607,16.0,Oranye (Risiko PHK),77.06,1.06,25.42,-1.38,4.36,65.26,8.58,True,True,2022,matched,no_data,Database Bulan + Tahun + Triwulan + MAP,baseline-v1,2026-07-03,Data untuk PHK Dashboard.xlsx; MAP_composite_all.xlsx
Sumatera Barat,Sumatera Barat,13,2022,5,2022-05-01,2,,,99.36,,,60.2,59.75,0.45,1240.648,50.8,3.5,14608,113.3,95.9,0,35.0,34.74,6.28,69.3,65.26,2512.539,1.1472435438867592,0.946069064,9.26393456,45188824.44,530855.2,2694607,16.0,Oranye (Risiko PHK),77.06,1.06,25.42,-1.38,4.36,65.26,8.58,True,True,2022,matched,no_data,Database Bulan + Tahun + Triwulan + MAP,baseline-v1,2026-07-03,Data untuk PHK Dashboard.xlsx; MAP_composite_all.xlsx
Sumatera Barat,Sumatera Barat,13,2022,6,2022-06-01,2,,,100.78,,,281.35,89.32,192.03,1171.013,50.2,3.5,14689,122.7,96.6,0,35.0,34.74,6.28,69.3,65.26,2512.539,1.1472435438867592,0.946069064,9.26393456,45188824.44,530855.2,2694607,16.0,Oranye (Risiko PHK),77.06,1.06,25.42,-1.38,4.36,65.26,8.58,True,True,2022,matched,no_data,Database Bulan + Tahun + Triwulan + MAP,baseline-v1,2026-07-03,Data untuk PHK Dashboard.xlsx; MAP_composite_all.xlsx
Sumatera Barat,Sumatera Barat,13,2022,7,2022-07-01,3,35.0,,101.86,,,55.47,305.49,-250.02,1202.527,51.3,3.5,14984,111.9,97.0,0,35.0,34.74,6.28,69.3,65.26,2512.539,1.1472435438867592,0.946069064,9.26393456,45931025.81,356878.6,2688164,16.0,Oranye (Risiko PHK),77.06,1.06,25.42,-1.38,4.36,65.26,8.58,True,True,2022,matched,reported,Database Bulan + Tahun + Triwulan + MAP,baseline-v1,2026-07-03,Data untuk PHK Dashboard.xlsx; MAP_composite_all.xlsx
Sumatera Barat,Sumatera Barat,13,2022,8,2022-08-01,3,,,100.73,,,331.19,58.8,272.39,1191.471,51.7,3.75,14851,100.4,96.9,0,35.0,34.74,6.28,69.3,65.26,2512.539,1.1472435438867592,0.946069064,9.26393456,45931025.81,356878.6,2688164,16.0,Oranye (Risiko PHK),77.06,1.06,25.42,-1.38,4.36,65.26,8.58,True,True,2022,matched,no_data,Database Bulan + Tahun + Triwulan + MAP,baseline-v1,2026-07-03,Data untuk PHK Dashboard.xlsx; MAP_composite_all.xlsx
Sumatera Barat,Sumatera Barat,13,2022,9,2022-09-01,3,35.0,,102.33,,,196.12,37.88,158.24,1152.257,53.7,4.25,14972,89.8,97.7,0,35.0,34.74,6.28,69.3,65.26,2512.539,1.1472435438867592,0.946069064,9.26393456,45931025.81,356878.6,2688164,16.0,Oranye (Risiko PHK),77.06,1.06,25.42,-1.38,4.36,65.26,8.58,True,True,2022,matched,reported,Database Bulan + Tahun + Triwulan + MAP,baseline-v1,2026-07-03,Data untuk PHK Dashboard.xlsx; MAP_composite_all.xlsx
Sumatera Barat,Sumatera Barat,13,2022,10,2022-10-01,4,35.0,0.0,101.83,,,274.72,51.59,223.13,1158.612,51.8,4.75,15417,93.3,97.7,34,35.0,34.74,6.28,69.3,65.26,2512.539,1.1472435438867592,0.946069064,9.26393456,46985822.13,341256.7,2688164,16.0,Oranye (Risiko PHK),77.06,1.06,25.42,-1.38,4.36,65.26,8.58,True,True,2022,matched,reported,Database Bulan + Tahun + Triwulan + MAP,baseline-v1,2026-07-03,Data untuk PHK Dashboard.xlsx; MAP_composite_all.xlsx
Sumatera Barat,Sumatera Barat,13,2022,11,2022-11-01,4,35.0,0.0,101.66,,,181.31,23.28,158.03,1122.64,50.3,5.25,15659,91.4,98.0,34,35.0,34.74,6.28,69.3,65.26,2512.539,1.1472435438867592,0.946069064,9.26393456,46985822.13,341256.7,2688164,16.0,Oranye (Risiko PHK),77.06,1.06,25.42,-1.38,4.36,65.26,8.58,True,True,2022,matched,reported,Database Bulan + Tahun + Triwulan + MAP,baseline-v1,2026-07-03,Data untuk PHK Dashboard.xlsx; MAP_composite_all.xlsx
Sumatera Barat,Sumatera Barat,13,2022,12,2022-12-01,4,35.0,0.0,102.28,,,194.49,20.23,174.26,1065.55,50.9,5.5,15615,80.9,98.7,34,35.0,34.74,6.28,69.3,65.26,2512.539,1.1472435438867592,0.946069064,9.26393456,46985822.13,341256.7,2688164,16.0,Oranye (Risiko PHK),77.06,1.06,25.42,-1.38,4.36,65.26,8.58,True,True,2022,matched,reported,Database Bulan + Tahun + Triwulan + MAP,baseline-v1,2026-07-03,Data untuk PHK Dashboard.xlsx; MAP_composite_all.xlsx
Sumatera Barat,Sumatera Barat,13,2023,1,2023-01-01,1,,,102.97,,,165.47,22.23,143.24,1172.417,51.3,5.75,15295,82.5,99.3,8,465.0,35.81,5.94,69.61,64.19,2742.476,9.151579339,0.9959902191,9.127777199,46660790.0,398817.3,2822543,13.0,Kuning (Perlu perhatian),74.33,1.0,27.03,3.07,4.62,64.19,8.63,True,True,2023,matched,no_data,Database Bulan + Tahun + Triwulan + MAP,baseline-v1,2026-07-03,Data untuk PHK Dashboard.xlsx; MAP_composite_all.xlsx
Sumatera Barat,Sumatera Barat,13,2023,2,2023-02-01,1,,0.0,103.43,,,222.44,26.23,196.21,1217.794,51.2,5.75,15126,82.6,99.6,34,465.0,35.81,5.94,69.61,64.19,2742.476,9.151579339,0.9959902191,9.127777199,46660790.0,398817.3,2822543,13.0,Kuning (Perlu perhatian),74.33,1.0,27.03,3.07,4.62,64.19,8.63,True,True,2023,matched,reported,Database Bulan + Tahun + Triwulan + MAP,baseline-v1,2026-07-03,Data untuk PHK Dashboard.xlsx; MAP_composite_all.xlsx
Sumatera Barat,Sumatera Barat,13,2023,3,2023-03-01,1,,0.0,103.47,,,189.55,49.24,140.31,1199.07,51.9,5.75,15301,78.4,99.9,34,465.0,35.81,5.94,69.61,64.19,2742.476,9.151579339,0.9959902191,9.127777199,46660790.0,398817.3,2822543,13.0,Kuning (Perlu perhatian),74.33,1.0,27.03,3.07,4.62,64.19,8.63,True,True,2023,matched,reported,Database Bulan + Tahun + Triwulan + MAP,baseline-v1,2026-07-03,Data untuk PHK Dashboard.xlsx; MAP_composite_all.xlsx
Sumatera Barat,Sumatera Barat,13,2023,4,2023-04-01,2,,0.0,103.28,,,157.79,46.17,111.62,1288.264,52.7,5.75,14867,84.6,100.0,34,465.0,35.81,5.94,69.61,64.19,2742.476,9.151579339,0.9959902191,9.127777199,47506180.0,157339.4,2822543,13.0,Kuning (Perlu perhatian),74.33,1.0,27.03,3.07,4.62,64.19,8.63,True,True,2023,matched,reported,Database Bulan + Tahun + Triwulan + MAP,baseline-v1,2026-07-03,Data untuk PHK Dashboard.xlsx; MAP_composite_all.xlsx
Sumatera Barat,Sumatera Barat,13,2023,5,2023-05-01,2,,0.0,103.46,,,157.05,28.0,129.05,1295.718,50.3,5.75,14811,75.5,100.2,34,465.0,35.81,5.94,69.61,64.19,2742.476,9.151579339,0.9959902191,9.127777199,47506180.0,157339.4,2822543,13.0,Kuning (Perlu perhatian),74.33,1.0,27.03,3.07,4.62,64.19,8.63,True,True,2023,matched,reported,Database Bulan + Tahun + Triwulan + MAP,baseline-v1,2026-07-03,Data untuk PHK Dashboard.xlsx; MAP_composite_all.xlsx
Sumatera Barat,Sumatera Barat,13,2023,6,2023-06-01,2,,0.0,103.73,,,248.81,34.5,214.31,1204.034,52.5,5.75,14932,74.8,100.3,34,465.0,35.81,5.94,69.61,64.19,2742.476,9.151579339,0.9959902191,9.127777199,47506180.0,157339.4,2822543,13.0,Kuning (Perlu perhatian),74.33,1.0,27.03,3.07,4.62,64.19,8.63,True,True,2023,matched,reported,Database Bulan + Tahun + Triwulan + MAP,baseline-v1,2026-07-03,Data untuk PHK Dashboard.xlsx; MAP_composite_all.xlsx
Sumatera Barat,Sumatera Barat,13,2023,7,2023-07-01,3,,0.0,104.22,,,226.45,27.02,199.43,1308.27,53.3,5.75,15040,80.1,100.5,34,465.0,35.81,5.94,69.61,64.19,2742.476,9.151579339,0.9959902191,9.127777199,47896620.0,461616.5,2844925,13.0,Kuning (Perlu perhatian),74.33,1.0,27.03,3.07,4.62,64.19,8.63,True,True,2023,matched,reported,Database Bulan + Tahun + Triwulan + MAP,baseline-v1,2026-07-03,Data untuk PHK Dashboard.xlsx; MAP_composite_all.xlsx
Sumatera Barat,Sumatera Barat,13,2023,8,2023-08-01,3,53.0,53.0,104.27,,,223.21,35.89,187.32,1350.786,53.9,5.75,15245,86.1,100.5,34,465.0,35.81,5.94,69.61,64.19,2742.476,9.151579339,0.9959902191,9.127777199,47896620.0,461616.5,2844925,13.0,Kuning (Perlu perhatian),74.33,1.0,27.03,3.07,4.62,64.19,8.63,True,True,2023,matched,reported,Database Bulan + Tahun + Triwulan + MAP,baseline-v1,2026-07-03,Data untuk PHK Dashboard.xlsx; MAP_composite_all.xlsx
Sumatera Barat,Sumatera Barat,13,2023,9,2023-09-01,3,53.0,0.0,104.53,,,185.95,18.54,167.41,1273.776,52.3,5.75,15354,"93,7",100.9,34,465.0,35.81,5.94,69.61,64.19,2742.476,9.151579339,0.9959902191,9.127777199,47896620.0,461616.5,2844925,13.0,Kuning (Perlu perhatian),74.33,1.0,27.03,3.07,4.62,64.19,8.63,True,True,2023,matched,reported,Database Bulan + Tahun + Triwulan + MAP,baseline-v1,2026-07-03,Data untuk PHK Dashboard.xlsx; MAP_composite_all.xlsx
Sumatera Barat,Sumatera Barat,13,2023,10,2023-10-01,4,53.0,0.0,104.52,,,193.53,43.11,150.42,1298.66,51.5,6.0,15741,90.6,101.2,34,465.0,35.81,5.94,69.61,64.19,2742.476,9.151579339,0.9959902191,9.127777199,49005750.0,836913.7,2844925,13.0,Kuning (Perlu perhatian),74.33,1.0,27.03,3.07,4.62,64.19,8.63,True,True,2023,matched,reported,Database Bulan + Tahun + Triwulan + MAP,baseline-v1,2026-07-03,Data untuk PHK Dashboard.xlsx; MAP_composite_all.xlsx
Sumatera Barat,Sumatera Barat,13,2023,11,2023-11-01,4,68.0,15.0,105.68,,,233.05,38.01,195.04,1295.04,51.7,6.0,15617,82.9,101.4,34,465.0,35.81,5.94,69.61,64.19,2742.476,9.151579339,0.9959902191,9.127777199,49005750.0,836913.7,2844925,13.0,Kuning (Perlu perhatian),74.33,1.0,27.03,3.07,4.62,64.19,8.63,True,True,2023,matched,reported,Database Bulan + Tahun + Triwulan + MAP,baseline-v1,2026-07-03,Data untuk PHK Dashboard.xlsx; MAP_composite_all.xlsx
Sumatera Barat,Sumatera Barat,13,2023,12,2023-12-01,4,465.0,397.0,105.96,,,163.35,30.64,132.71,1183.035,52.2,6.0,15513,77.6,101.8,34,465.0,35.81,5.94,69.61,64.19,2742.476,9.151579339,0.9959902191,9.127777199,49005750.0,836913.7,2844925,13.0,Kuning (Perlu perhatian),74.33,1.0,27.03,3.07,4.62,64.19,8.63,True,True,2023,matched,reported,Database Bulan + Tahun + Triwulan + MAP,baseline-v1,2026-07-03,Data untuk PHK Dashboard.xlsx; MAP_composite_all.xlsx
Sumatera Barat,Sumatera Barat,13,2024,1,2024-01-01,1,,,105.62,2.57,-0.32,133.79,37.04,96.75,1408.106,52.9,6.0,15611,80.1,102.1,9,671.0,37.45,5.75,70.28,,2811.499,2.516813274,1.014105504,8.973046836,48715910.0,316547.6,2907452,13.0,Kuning (Perlu perhatian),80.54,0.99,27.3,4.58,4.36,62.55,8.91,True,True,2024,matched,no_data,Database Bulan + Tahun + Triwulan + MAP,baseline-v1,2026-07-03,Data untuk PHK Dashboard.xlsx; MAP_composite_all.xlsx
Sumatera Barat,Sumatera Barat,13,2024,2,2024-02-01,1,1.0,1.0,106.86,3.32,1.17,159.43,56.03,103.4,1489.655,52.7,6.0,15665,83.5,103.0,34,671.0,37.45,5.75,70.28,,2811.499,2.516813274,1.014105504,8.973046836,48715910.0,316547.6,2907452,13.0,Kuning (Perlu perhatian),80.54,0.99,27.3,4.58,4.36,62.55,8.91,True,True,2024,matched,reported,Database Bulan + Tahun + Triwulan + MAP,baseline-v1,2026-07-03,Data untuk PHK Dashboard.xlsx; MAP_composite_all.xlsx
Sumatera Barat,Sumatera Barat,13,2024,3,2024-03-01,1,1.0,0.0,107.54,3.93,0.64,170.11,41.24,128.87,1498.468,54.2,6.0,15703,85.4,103.5,34,671.0,37.45,5.75,70.28,,2811.499,2.516813274,1.014105504,8.973046836,48715910.0,316547.6,2907452,13.0,Kuning (Perlu perhatian),80.54,0.99,27.3,4.58,4.36,62.55,8.91,True,True,2024,matched,reported,Database Bulan + Tahun + Triwulan + MAP,baseline-v1,2026-07-03,Data untuk PHK Dashboard.xlsx; MAP_composite_all.xlsx
Sumatera Barat,Sumatera Barat,13,2024,4,2024-04-01,2,1.0,0.0,107.22,3.81,-0.3,167.99,38.81,129.18,1643.45,52.9,6.25,16100,89.9,103.4,34,671.0,37.45,5.75,70.28,,2811.499,2.516813274,1.014105504,8.973046836,49750030.0,268915.9,2907452,13.0,Kuning (Perlu perhatian),80.54,0.99,27.3,4.58,4.36,62.55,8.91,True,True,2024,matched,reported,Database Bulan + Tahun + Triwulan + MAP,baseline-v1,2026-07-03,Data untuk PHK Dashboard.xlsx; MAP_composite_all.xlsx
Sumatera Barat,Sumatera Barat,13,2024,5,2024-05-01,2,5.0,4.0,107.77,4.17,0.51,101.39,33.77,67.62,1676.049,52.1,6.25,16084,81.7,103.3,34,671.0,37.45,5.75,70.28,,2811.499,2.516813274,1.014105504,8.973046836,49750030.0,268915.9,2907452,13.0,Kuning (Perlu perhatian),80.54,0.99,27.3,4.58,4.36,62.55,8.91,True,True,2024,matched,reported,Database Bulan + Tahun + Triwulan + MAP,baseline-v1,2026-07-03,Data untuk PHK Dashboard.xlsx; MAP_composite_all.xlsx
Sumatera Barat,Sumatera Barat,13,2024,6,2024-06-01,2,327.0,322.0,107.92,4.04,0.14,284.18,26.93,257.25,1589.19,50.7,6.25,16329,82.2,103.3,34,671.0,37.45,5.75,70.28,,2811.499,2.516813274,1.014105504,8.973046836,49750030.0,268915.9,2907452,13.0,Kuning (Perlu perhatian),80.54,0.99,27.3,4.58,4.36,62.55,8.91,True,True,2024,matched,reported,Database Bulan + Tahun + Triwulan + MAP,baseline-v1,2026-07-03,Data untuk PHK Dashboard.xlsx; MAP_composite_all.xlsx
Sumatera Barat,Sumatera Barat,13,2024,7,2024-07-01,3,342.0,15.0,106.76,2.44,-1.07,146.55,41.44,105.11,1574.643,49.3,6.25,16262,85.2,103.2,34,671.0,37.45,5.75,70.28,,2811.499,2.516813274,1.014105504,8.973046836,49968300.0,285365.5,2924753,13.0,Kuning (Perlu perhatian),80.54,0.99,27.3,4.58,4.36,62.55,8.91,True,True,2024,matched,reported,Database Bulan + Tahun + Triwulan + MAP,baseline-v1,2026-07-03,Data untuk PHK Dashboard.xlsx; MAP_composite_all.xlsx
Sumatera Barat,Sumatera Barat,13,2024,8,2024-08-01,3,363.0,21.0,106.59,2.22,-0.16,240.93,41.88,199.05,1548.107,48.9,6.25,15793,80.4,103.1,34,671.0,37.45,5.75,70.28,,2811.499,2.516813274,1.014105504,8.973046836,49968300.0,285365.5,2924753,13.0,Kuning (Perlu perhatian),80.54,0.99,27.3,4.58,4.36,62.55,8.91,True,True,2024,matched,reported,Database Bulan + Tahun + Triwulan + MAP,baseline-v1,2026-07-03,Data untuk PHK Dashboard.xlsx; MAP_composite_all.xlsx
Sumatera Barat,Sumatera Barat,13,2024,9,2024-09-01,3,419.0,56.0,106.12,1.52,-0.44,135.59,39.33,96.26,1487.931,49.2,6.0,15341,74,102.9,34,671.0,37.45,5.75,70.28,,2811.499,2.516813274,1.014105504,8.973046836,49968300.0,285365.5,2924753,13.0,Kuning (Perlu perhatian),80.54,0.99,27.3,4.58,4.36,62.55,8.91,True,True,2024,matched,reported,Database Bulan + Tahun + Triwulan + MAP,baseline-v1,2026-07-03,Data untuk PHK Dashboard.xlsx; MAP_composite_all.xlsx
Sumatera Barat,Sumatera Barat,13,2024,10,2024-10-01,4,498.0,79.0,106.24,1.65,0.11,243.82,43.12,200.7,1485.666,49.2,6.0,15541,75.6,102.8,34,671.0,37.45,5.75,70.28,,2811.499,2.516813274,1.014105504,8.973046836,50985730.0,962679.4,2924753,13.0,Kuning (Perlu perhatian),80.54,0.99,27.3,4.58,4.36,62.55,8.91,True,True,2024,matched,reported,Database Bulan + Tahun + Triwulan + MAP,baseline-v1,2026-07-03,Data untuk PHK Dashboard.xlsx; MAP_composite_all.xlsx
Sumatera Barat,Sumatera Barat,13,2024,11,2024-11-01,4,525.0,27.0,106.53,0.8,0.27,220.26,47.07,173.19,1467.419,49.6,6.0,15812,74.3,103.0,34,671.0,37.45,5.75,70.28,,2811.499,2.516813274,1.014105504,8.973046836,50985730.0,962679.4,2924753,13.0,Kuning (Perlu perhatian),80.54,0.99,27.3,4.58,4.36,62.55,8.91,True,True,2024,matched,reported,Database Bulan + Tahun + Triwulan + MAP,baseline-v1,2026-07-03,Data untuk PHK Dashboard.xlsx; MAP_composite_all.xlsx
Sumatera Barat,Sumatera Barat,13,2024,12,2024-12-01,4,671.0,146.0,106.9,0.89,0.35,173.56,28.94,144.62,1349.576,51.2,6.0,16024,73.9,103.4,34,671.0,37.45,5.75,70.28,,2811.499,2.516813274,1.014105504,8.973046836,50985730.0,962679.4,2924753,13.0,Kuning (Perlu perhatian),80.54,0.99,27.3,4.58,4.36,62.55,8.91,True,True,2024,matched,reported,Database Bulan + Tahun + Triwulan + MAP,baseline-v1,2026-07-03,Data untuk PHK Dashboard.xlsx; MAP_composite_all.xlsx
Sumatera Barat,Sumatera Barat,13,2025,1,2025-01-01,1,59.0,59.0,106.93,1.24,0.03,153.23,,153.23,1519.437,51.9,5.75,16262,79.3,104.2,34,627.0,35.67,5.62,71.34,,2994.19347,6.49811613,1.028420021,9.147298968,50930400.0,926404.1,2978187,13.0,Kuning (Perlu perhatian),80.54,0.99,27.3,4.58,4.36,62.55,8.91,True,True,2024,matched,reported,Database Bulan + Tahun + Triwulan + MAP,baseline-v1,2026-07-03,Data untuk PHK Dashboard.xlsx; MAP_composite_all.xlsx
Sumatera Barat,Sumatera Barat,13,2025,2,2025-02-01,1,133.0,74.0,106.76,-0.09,-0.16,272.1,,272.1,1590.443,53.6,5.75,16338,75.4,104.3,34,627.0,35.67,5.62,71.34,,2994.19347,6.49811613,1.028420021,9.147298968,50930400.0,926404.1,2978187,13.0,Kuning (Perlu perhatian),80.54,0.99,27.3,4.58,4.36,62.55,8.91,True,True,2024,matched,reported,Database Bulan + Tahun + Triwulan + MAP,baseline-v1,2026-07-03,Data untuk PHK Dashboard.xlsx; MAP_composite_all.xlsx
Sumatera Barat,Sumatera Barat,13,2025,3,2025-03-01,1,156.0,23.0,107.86,0.3,1.03,220.23,,220.23,1595.699,52.4,5.75,16456,72.7,105.1,34,627.0,35.67,5.62,71.34,,2994.19347,6.49811613,1.028420021,9.147298968,50930400.0,926404.1,2978187,13.0,Kuning (Perlu perhatian),80.54,0.99,27.3,4.58,4.36,62.55,8.91,True,True,2024,matched,reported,Database Bulan + Tahun + Triwulan + MAP,baseline-v1,2026-07-03,Data untuk PHK Dashboard.xlsx; MAP_composite_all.xlsx
Sumatera Barat,Sumatera Barat,13,2025,4,2025-04-01,2,193.0,37.0,109.77,2.38,1.77,149.36,0.11,149.25,1649.555,46.7,5.75,16820,68.1,105.1,34,627.0,35.67,5.62,71.34,,2994.19347,6.49811613,1.028420021,9.147298968,51708450.0,220149.9,2978187,13.0,Kuning (Perlu perhatian),80.54,0.99,27.3,4.58,4.36,62.55,8.91,True,True,2024,matched,reported,Database Bulan + Tahun + Triwulan + MAP,baseline-v1,2026-07-03,Data untuk PHK Dashboard.xlsx; MAP_composite_all.xlsx
Sumatera Barat,Sumatera Barat,13,2025,5,2025-05-01,2,267.0,74.0,108.69,0.85,-0.98,222.89,,222.89,1703.446,47.4,5.5,16441,64.5,104.6,34,627.0,35.67,5.62,71.34,,2994.19347,6.49811613,1.028420021,9.147298968,51708450.0,220149.9,2978187,13.0,Kuning (Perlu perhatian),80.54,0.99,27.3,4.58,4.36,62.55,8.91,True,True,2024,matched,reported,Database Bulan + Tahun + Triwulan + MAP,baseline-v1,2026-07-03,Data untuk PHK Dashboard.xlsx; MAP_composite_all.xlsx
Sumatera Barat,Sumatera Barat,13,2025,6,2025-06-01,2,321.0,54.0,108.41,0.45,-0.26,260.94,,260.94,1687.256,46.9,5.5,16311,71.4,104.7,34,627.0,35.67,5.62,71.34,,2994.19347,6.49811613,1.028420021,9.147298968,51708450.0,220149.9,2978187,13.0,Kuning (Perlu perhatian),80.54,0.99,27.3,4.58,4.36,62.55,8.91,True,True,2024,matched,reported,Database Bulan + Tahun + Triwulan + MAP,baseline-v1,2026-07-03,Data untuk PHK Dashboard.xlsx; MAP_composite_all.xlsx
Sumatera Barat,Sumatera Barat,13,2025,7,2025-07-01,3,381.0,60.0,109.1,2.19,0.64,314.68,,314.68,1748.726,49.2,5.25,16276,71,105.2,34,627.0,35.67,5.62,71.34,,2994.19347,6.49811613,1.028420021,9.147298968,51649410.0,678827.4,3018582,13.0,Kuning (Perlu perhatian),80.54,0.99,27.3,4.58,4.36,62.55,8.91,True,True,2024,matched,reported,Database Bulan + Tahun + Triwulan + MAP,baseline-v1,2026-07-03,Data untuk PHK Dashboard.xlsx; MAP_composite_all.xlsx
Sumatera Barat,Sumatera Barat,13,2025,8,2025-08-01,3,461.0,80.0,109.67,2.89,0.52,318.79,,318.79,1764.433,51.5,5.0,16309,67.9,105.2,34,627.0,35.67,5.62,71.34,,2994.19347,6.49811613,1.028420021,9.147298968,51649410.0,678827.4,3018582,13.0,Kuning (Perlu perhatian),80.54,0.99,27.3,4.58,4.36,62.55,8.91,True,True,2024,matched,reported,Database Bulan + Tahun + Triwulan + MAP,baseline-v1,2026-07-03,Data untuk PHK Dashboard.xlsx; MAP_composite_all.xlsx
Sumatera Barat,Sumatera Barat,13,2025,9,2025-09-01,3,514.0,53.0,110.6,4.22,0.85,181.71,,181.71,1730.674,50.4,4.75,16512,68,105.3,34,627.0,35.67,5.62,71.34,,2994.19347,6.49811613,1.028420021,9.147298968,51649410.0,678827.4,3018582,13.0,Kuning (Perlu perhatian),80.54,0.99,27.3,4.58,4.36,62.55,8.91,True,True,2024,matched,reported,Database Bulan + Tahun + Triwulan + MAP,baseline-v1,2026-07-03,Data untuk PHK Dashboard.xlsx; MAP_composite_all.xlsx
Sumatera Barat,Sumatera Barat,13,2025,10,2025-10-01,4,588.0,74.0,111.04,4.52,0.4,247.03,,247.03,1742.166,51.2,4.75,16607,64.5,105.5,34,627.0,35.67,5.62,71.34,,2994.19347,6.49811613,1.028420021,9.147298968,51849620.0,284580.4,3018582,13.0,Kuning (Perlu perhatian),80.54,0.99,27.3,4.58,4.36,62.55,8.91,True,True,2024,matched,reported,Database Bulan + Tahun + Triwulan + MAP,baseline-v1,2026-07-03,Data untuk PHK Dashboard.xlsx; MAP_composite_all.xlsx
Sumatera Barat,Sumatera Barat,13,2025,11,2025-11-01,4,607.0,19.0,110.77,3.98,-0.24,117.2,,117.2,1775.703,53.3,4.75,16703,63.8,105.4,34,627.0,35.67,5.62,71.34,,2994.19347,6.49811613,1.028420021,9.147298968,51849620.0,284580.4,3018582,13.0,Kuning (Perlu perhatian),80.54,0.99,27.3,4.58,4.36,62.55,8.91,True,True,2024,matched,reported,Database Bulan + Tahun + Triwulan + MAP,baseline-v1,2026-07-03,Data untuk PHK Dashboard.xlsx; MAP_composite_all.xlsx
Sumatera Barat,Sumatera Barat,13,2025,12,2025-12-01,4,627.0,20.0,112.41,5.15,1.48,321.29,,321.29,1758.235,51.2,4.75,16699,62.5,106.3,27,627.0,35.67,5.62,71.34,,2994.19347,6.49811613,1.028420021,9.147298968,51849620.0,284580.4,3018582,13.0,Kuning (Perlu perhatian),80.54,0.99,27.3,4.58,4.36,62.55,8.91,True,True,2024,matched,reported,Database Bulan + Tahun + Triwulan + MAP,baseline-v1,2026-07-03,Data untuk PHK Dashboard.xlsx; MAP_composite_all.xlsx
Sumatera Selatan,Sumatera Selatan,16,2022,1,2022-01-01,1,,,,,,355.12,84.07,271.05,2753.734,53.7,3.5,14335,86.5,94.0,0,160.0,36.72,4.63,69.31,63.28,3144.446,3.3299804049211446,1.195290978,18.42997127,82427260.72,5658843.3,4196311,11.0,Kuning (Perlu perhatian),83.66,0.84,19.91,2.47,5.23,63.28,6.24,True,True,2022,matched,no_data,Database Bulan + Tahun + Triwulan + MAP,baseline-v1,2026-07-03,Data untuk PHK Dashboard.xlsx; MAP_composite_all.xlsx
Sumatera Selatan,Sumatera Selatan,16,2022,2,2022-02-01,1,,,,,,438.11,61.2,376.91,2840.796,51.2,3.5,14351,97.1,94.0,0,160.0,36.72,4.63,69.31,63.28,3144.446,3.3299804049211446,1.195290978,18.42997127,82427260.72,5658843.3,4196311,11.0,Kuning (Perlu perhatian),83.66,0.84,19.91,2.47,5.23,63.28,6.24,True,True,2022,matched,no_data,Database Bulan + Tahun + Triwulan + MAP,baseline-v1,2026-07-03,Data untuk PHK Dashboard.xlsx; MAP_composite_all.xlsx
Sumatera Selatan,Sumatera Selatan,16,2022,3,2022-03-01,1,,,,,,644.52,89.62,554.9,2776.428,51.3,3.5,14349,117.2,94.7,0,160.0,36.72,4.63,69.31,63.28,3144.446,3.3299804049211446,1.195290978,18.42997127,82427260.72,5658843.3,4196311,11.0,Kuning (Perlu perhatian),83.66,0.84,19.91,2.47,5.23,63.28,6.24,True,True,2022,matched,no_data,Database Bulan + Tahun + Triwulan + MAP,baseline-v1,2026-07-03,Data untuk PHK Dashboard.xlsx; MAP_composite_all.xlsx
Sumatera Selatan,Sumatera Selatan,16,2022,4,2022-04-01,2,,,,,,699.04,77.65,621.39,2905.108,51.9,3.5,14369,104.6,95.6,0,160.0,36.72,4.63,69.31,63.28,3144.446,3.3299804049211446,1.195290978,18.42997127,86090889.66,4537939.7,4196311,11.0,Kuning (Perlu perhatian),83.66,0.84,19.91,2.47,5.23,63.28,6.24,True,True,2022,matched,no_data,Database Bulan + Tahun + Triwulan + MAP,baseline-v1,2026-07-03,Data untuk PHK Dashboard.xlsx; MAP_composite_all.xlsx
Sumatera Selatan,Sumatera Selatan,16,2022,5,2022-05-01,2,,,,,,618.92,66.29,552.63,3019.571,50.8,3.5,14608,113.3,95.9,0,160.0,36.72,4.63,69.31,63.28,3144.446,3.3299804049211446,1.195290978,18.42997127,86090889.66,4537939.7,4196311,11.0,Kuning (Perlu perhatian),83.66,0.84,19.91,2.47,5.23,63.28,6.24,True,True,2022,matched,no_data,Database Bulan + Tahun + Triwulan + MAP,baseline-v1,2026-07-03,Data untuk PHK Dashboard.xlsx; MAP_composite_all.xlsx
Sumatera Selatan,Sumatera Selatan,16,2022,6,2022-06-01,2,,,,,,591.04,94.71,496.33,2960.09,50.2,3.5,14689,122.7,96.6,0,160.0,36.72,4.63,69.31,63.28,3144.446,3.3299804049211446,1.195290978,18.42997127,86090889.66,4537939.7,4196311,11.0,Kuning (Perlu perhatian),83.66,0.84,19.91,2.47,5.23,63.28,6.24,True,True,2022,matched,no_data,Database Bulan + Tahun + Triwulan + MAP,baseline-v1,2026-07-03,Data untuk PHK Dashboard.xlsx; MAP_composite_all.xlsx
Sumatera Selatan,Sumatera Selatan,16,2022,7,2022-07-01,3,160.0,,,,,74.58,866.1,-791.52,2941.095,51.3,3.5,14984,111.9,97.0,0,160.0,36.72,4.63,69.31,63.28,3144.446,3.3299804049211446,1.195290978,18.42997127,88272380.82,3581744.4,4289704,11.0,Kuning (Perlu perhatian),83.66,0.84,19.91,2.47,5.23,63.28,6.24,True,True,2022,matched,reported,Database Bulan + Tahun + Triwulan + MAP,baseline-v1,2026-07-03,Data untuk PHK Dashboard.xlsx; MAP_composite_all.xlsx
Sumatera Selatan,Sumatera Selatan,16,2022,8,2022-08-01,3,,,,,,740.74,95.65,645.09,3016.455,51.7,3.75,14851,100.4,96.9,0,160.0,36.72,4.63,69.31,63.28,3144.446,3.3299804049211446,1.195290978,18.42997127,88272380.82,3581744.4,4289704,11.0,Kuning (Perlu perhatian),83.66,0.84,19.91,2.47,5.23,63.28,6.24,True,True,2022,matched,no_data,Database Bulan + Tahun + Triwulan + MAP,baseline-v1,2026-07-03,Data untuk PHK Dashboard.xlsx; MAP_composite_all.xlsx
Sumatera Selatan,Sumatera Selatan,16,2022,9,2022-09-01,3,160.0,,,,,676.1,98.21,577.89,2978.338,53.7,4.25,14972,89.8,97.7,0,160.0,36.72,4.63,69.31,63.28,3144.446,3.3299804049211446,1.195290978,18.42997127,88272380.82,3581744.4,4289704,11.0,Kuning (Perlu perhatian),83.66,0.84,19.91,2.47,5.23,63.28,6.24,True,True,2022,matched,reported,Database Bulan + Tahun + Triwulan + MAP,baseline-v1,2026-07-03,Data untuk PHK Dashboard.xlsx; MAP_composite_all.xlsx
Sumatera Selatan,Sumatera Selatan,16,2022,10,2022-10-01,4,160.0,0.0,,,,673.75,62.95,610.8,2944.523,51.8,4.75,15417,93.3,97.7,34,160.0,36.72,4.63,69.31,63.28,3144.446,3.3299804049211446,1.195290978,18.42997127,86713085.32,4360689.2,4289704,11.0,Kuning (Perlu perhatian),83.66,0.84,19.91,2.47,5.23,63.28,6.24,True,True,2022,matched,reported,Database Bulan + Tahun + Triwulan + MAP,baseline-v1,2026-07-03,Data untuk PHK Dashboard.xlsx; MAP_composite_all.xlsx
Sumatera Selatan,Sumatera Selatan,16,2022,11,2022-11-01,4,160.0,0.0,,,,635.35,49.92,585.43,2901.85,50.3,5.25,15659,91.4,98.0,34,160.0,36.72,4.63,69.31,63.28,3144.446,3.3299804049211446,1.195290978,18.42997127,86713085.32,4360689.2,4289704,11.0,Kuning (Perlu perhatian),83.66,0.84,19.91,2.47,5.23,63.28,6.24,True,True,2022,matched,reported,Database Bulan + Tahun + Triwulan + MAP,baseline-v1,2026-07-03,Data untuk PHK Dashboard.xlsx; MAP_composite_all.xlsx
Sumatera Selatan,Sumatera Selatan,16,2022,12,2022-12-01,4,160.0,0.0,,,,642.56,58.44,584.12,2792.316,50.9,5.5,15615,80.9,98.7,34,160.0,36.72,4.63,69.31,63.28,3144.446,3.3299804049211446,1.195290978,18.42997127,86713085.32,4360689.2,4289704,11.0,Kuning (Perlu perhatian),83.66,0.84,19.91,2.47,5.23,63.28,6.24,True,True,2022,matched,reported,Database Bulan + Tahun + Triwulan + MAP,baseline-v1,2026-07-03,Data untuk PHK Dashboard.xlsx; MAP_composite_all.xlsx
Sumatera Selatan,Sumatera Selatan,16,2023,1,2023-01-01,1,,,102.34,,,579.05,49.97,529.08,2921.119,51.3,5.75,15295,82.5,99.3,8,188.0,37.03,4.11,70.72,62.97,3404.17724,8.260000013,1.2299799,18.21811382,86634090.0,3531359.4,4290172,13.0,Kuning (Perlu perhatian),81.29,0.81,22.09,0.85,5.08,62.97,6.21,True,True,2023,matched,no_data,Database Bulan + Tahun + Triwulan + MAP,baseline-v1,2026-07-03,Data untuk PHK Dashboard.xlsx; MAP_composite_all.xlsx
Sumatera Selatan,Sumatera Selatan,16,2023,2,2023-02-01,1,,0.0,102.31,,,549.94,45.64,504.3,2996.961,51.2,5.75,15126,82.6,99.6,34,188.0,37.03,4.11,70.72,62.97,3404.17724,8.260000013,1.2299799,18.21811382,86634090.0,3531359.4,4290172,13.0,Kuning (Perlu perhatian),81.29,0.81,22.09,0.85,5.08,62.97,6.21,True,True,2023,matched,reported,Database Bulan + Tahun + Triwulan + MAP,baseline-v1,2026-07-03,Data untuk PHK Dashboard.xlsx; MAP_composite_all.xlsx
Sumatera Selatan,Sumatera Selatan,16,2023,3,2023-03-01,1,,0.0,102.65,,,641.19,61.96,579.23,2970.28,51.9,5.75,15301,78.4,99.9,34,188.0,37.03,4.11,70.72,62.97,3404.17724,8.260000013,1.2299799,18.21811382,86634090.0,3531359.4,4290172,13.0,Kuning (Perlu perhatian),81.29,0.81,22.09,0.85,5.08,62.97,6.21,True,True,2023,matched,reported,Database Bulan + Tahun + Triwulan + MAP,baseline-v1,2026-07-03,Data untuk PHK Dashboard.xlsx; MAP_composite_all.xlsx
Sumatera Selatan,Sumatera Selatan,16,2023,4,2023-04-01,2,,0.0,102.72,,,567.31,57.88,509.43,3058.059,52.7,5.75,14867,84.6,100.0,34,188.0,37.03,4.11,70.72,62.97,3404.17724,8.260000013,1.2299799,18.21811382,90582220.0,3253396.9,4290172,13.0,Kuning (Perlu perhatian),81.29,0.81,22.09,0.85,5.08,62.97,6.21,True,True,2023,matched,reported,Database Bulan + Tahun + Triwulan + MAP,baseline-v1,2026-07-03,Data untuk PHK Dashboard.xlsx; MAP_composite_all.xlsx
Sumatera Selatan,Sumatera Selatan,16,2023,5,2023-05-01,2,264.0,264.0,102.94,,,580.42,94.12,486.3,3159.896,50.3,5.75,14811,75.5,100.2,34,188.0,37.03,4.11,70.72,62.97,3404.17724,8.260000013,1.2299799,18.21811382,90582220.0,3253396.9,4290172,13.0,Kuning (Perlu perhatian),81.29,0.81,22.09,0.85,5.08,62.97,6.21,True,True,2023,matched,reported,Database Bulan + Tahun + Triwulan + MAP,baseline-v1,2026-07-03,Data untuk PHK Dashboard.xlsx; MAP_composite_all.xlsx
Sumatera Selatan,Sumatera Selatan,16,2023,6,2023-06-01,2,264.0,0.0,102.97,,,548.46,45.98,502.48,2970.25,52.5,5.75,14932,74.8,100.3,34,188.0,37.03,4.11,70.72,62.97,3404.17724,8.260000013,1.2299799,18.21811382,90582220.0,3253396.9,4290172,13.0,Kuning (Perlu perhatian),81.29,0.81,22.09,0.85,5.08,62.97,6.21,True,True,2023,matched,reported,Database Bulan + Tahun + Triwulan + MAP,baseline-v1,2026-07-03,Data untuk PHK Dashboard.xlsx; MAP_composite_all.xlsx
Sumatera Selatan,Sumatera Selatan,16,2023,7,2023-07-01,3,102.0,-162.0,103.58,,,544.87,68.6,476.27,3053.602,53.3,5.75,15040,80.1,100.5,34,188.0,37.03,4.11,70.72,62.97,3404.17724,8.260000013,1.2299799,18.21811382,92748710.0,11770052.7,4399659,13.0,Kuning (Perlu perhatian),81.29,0.81,22.09,0.85,5.08,62.97,6.21,True,True,2023,matched,reported,Database Bulan + Tahun + Triwulan + MAP,baseline-v1,2026-07-03,Data untuk PHK Dashboard.xlsx; MAP_composite_all.xlsx
Sumatera Selatan,Sumatera Selatan,16,2023,8,2023-08-01,3,104.0,2.0,103.36,,,505.6,142.79,362.81,3220.044,53.9,5.75,15245,86.1,100.5,34,188.0,37.03,4.11,70.72,62.97,3404.17724,8.260000013,1.2299799,18.21811382,92748710.0,11770052.7,4399659,13.0,Kuning (Perlu perhatian),81.29,0.81,22.09,0.85,5.08,62.97,6.21,True,True,2023,matched,reported,Database Bulan + Tahun + Triwulan + MAP,baseline-v1,2026-07-03,Data untuk PHK Dashboard.xlsx; MAP_composite_all.xlsx
Sumatera Selatan,Sumatera Selatan,16,2023,9,2023-09-01,3,116.0,12.0,103.94,,,462.0,123.87,338.13,3741.764,52.3,5.75,15354,"93,7",100.9,34,188.0,37.03,4.11,70.72,62.97,3404.17724,8.260000013,1.2299799,18.21811382,92748710.0,11770052.7,4399659,13.0,Kuning (Perlu perhatian),81.29,0.81,22.09,0.85,5.08,62.97,6.21,True,True,2023,matched,reported,Database Bulan + Tahun + Triwulan + MAP,baseline-v1,2026-07-03,Data untuk PHK Dashboard.xlsx; MAP_composite_all.xlsx
Sumatera Selatan,Sumatera Selatan,16,2023,10,2023-10-01,4,132.0,16.0,104.0,,,527.57,145.14,382.43,3755.966,51.5,6.0,15741,90.6,101.2,34,188.0,37.03,4.11,70.72,62.97,3404.17724,8.260000013,1.2299799,18.21811382,91002430.0,3974283.6,4399659,13.0,Kuning (Perlu perhatian),81.29,0.81,22.09,0.85,5.08,62.97,6.21,True,True,2023,matched,reported,Database Bulan + Tahun + Triwulan + MAP,baseline-v1,2026-07-03,Data untuk PHK Dashboard.xlsx; MAP_composite_all.xlsx
Sumatera Selatan,Sumatera Selatan,16,2023,11,2023-11-01,4,185.0,53.0,104.74,,,464.65,149.32,315.33,3745.972,51.7,6.0,15617,82.9,101.4,34,188.0,37.03,4.11,70.72,62.97,3404.17724,8.260000013,1.2299799,18.21811382,91002430.0,3974283.6,4399659,13.0,Kuning (Perlu perhatian),81.29,0.81,22.09,0.85,5.08,62.97,6.21,True,True,2023,matched,reported,Database Bulan + Tahun + Triwulan + MAP,baseline-v1,2026-07-03,Data untuk PHK Dashboard.xlsx; MAP_composite_all.xlsx
Sumatera Selatan,Sumatera Selatan,16,2023,12,2023-12-01,4,188.0,3.0,105.08,,,614.46,179.13,435.33,3523.089,52.2,6.0,15513,77.6,101.8,34,188.0,37.03,4.11,70.72,62.97,3404.17724,8.260000013,1.2299799,18.21811382,91002430.0,3974283.6,4399659,13.0,Kuning (Perlu perhatian),81.29,0.81,22.09,0.85,5.08,62.97,6.21,True,True,2023,matched,reported,Database Bulan + Tahun + Triwulan + MAP,baseline-v1,2026-07-03,Data untuk PHK Dashboard.xlsx; MAP_composite_all.xlsx
Sumatera Selatan,Sumatera Selatan,16,2024,1,2024-01-01,1,,,105.66,3.35,-0.08,441.35,221.43,219.92,3650.487,52.9,6.0,15611,80.1,102.1,9,715.0,37.66,3.86,70.82,,3456.874,1.54800283,1.197759481,18.13194834,91015660.0,4001043.5,4375447,12.0,Kuning (Perlu perhatian),84.08,0.83,20.92,1.71,5.03,62.34,5.97,True,True,2024,matched,no_data,Database Bulan + Tahun + Triwulan + MAP,baseline-v1,2026-07-03,Data untuk PHK Dashboard.xlsx; MAP_composite_all.xlsx
Sumatera Selatan,Sumatera Selatan,16,2024,2,2024-02-01,1,,0.0,105.67,3.15,0.01,445.47,228.53,216.94,3692.493,52.7,6.0,15665,83.5,103.0,34,715.0,37.66,3.86,70.82,,3456.874,1.54800283,1.197759481,18.13194834,91015660.0,4001043.5,4375447,12.0,Kuning (Perlu perhatian),84.08,0.83,20.92,1.71,5.03,62.34,5.97,True,True,2024,matched,reported,Database Bulan + Tahun + Triwulan + MAP,baseline-v1,2026-07-03,Data untuk PHK Dashboard.xlsx; MAP_composite_all.xlsx
Sumatera Selatan,Sumatera Selatan,16,2024,3,2024-03-01,1,,0.0,105.93,3.24,0.25,503.09,194.22,308.87,3696.001,54.2,6.0,15703,85.4,103.5,34,715.0,37.66,3.86,70.82,,3456.874,1.54800283,1.197759481,18.13194834,91015660.0,4001043.5,4375447,12.0,Kuning (Perlu perhatian),84.08,0.83,20.92,1.71,5.03,62.34,5.97,True,True,2024,matched,reported,Database Bulan + Tahun + Triwulan + MAP,baseline-v1,2026-07-03,Data untuk PHK Dashboard.xlsx; MAP_composite_all.xlsx
Sumatera Selatan,Sumatera Selatan,16,2024,4,2024-04-01,2,,0.0,106.39,3.12,0.43,426.33,167.85,258.48,3700.505,52.9,6.25,16100,89.9,103.4,34,715.0,37.66,3.86,70.82,,3456.874,1.54800283,1.197759481,18.13194834,95073400.0,5659827.5,4375447,12.0,Kuning (Perlu perhatian),84.08,0.83,20.92,1.71,5.03,62.34,5.97,True,True,2024,matched,reported,Database Bulan + Tahun + Triwulan + MAP,baseline-v1,2026-07-03,Data untuk PHK Dashboard.xlsx; MAP_composite_all.xlsx
Sumatera Selatan,Sumatera Selatan,16,2024,5,2024-05-01,2,,0.0,106.45,2.98,0.06,504.52,157.78,346.74,3848.233,52.1,6.25,16084,81.7,103.3,34,715.0,37.66,3.86,70.82,,3456.874,1.54800283,1.197759481,18.13194834,95073400.0,5659827.5,4375447,12.0,Kuning (Perlu perhatian),84.08,0.83,20.92,1.71,5.03,62.34,5.97,True,True,2024,matched,reported,Database Bulan + Tahun + Triwulan + MAP,baseline-v1,2026-07-03,Data untuk PHK Dashboard.xlsx; MAP_composite_all.xlsx
Sumatera Selatan,Sumatera Selatan,16,2024,6,2024-06-01,2,,0.0,106.42,2.48,-0.03,625.86,139.84,486.02,2501.15,50.7,6.25,16329,82.2,103.3,34,715.0,37.66,3.86,70.82,,3456.874,1.54800283,1.197759481,18.13194834,95073400.0,5659827.5,4375447,12.0,Kuning (Perlu perhatian),84.08,0.83,20.92,1.71,5.03,62.34,5.97,True,True,2024,matched,reported,Database Bulan + Tahun + Triwulan + MAP,baseline-v1,2026-07-03,Data untuk PHK Dashboard.xlsx; MAP_composite_all.xlsx
Sumatera Selatan,Sumatera Selatan,16,2024,7,2024-07-01,3,,0.0,106.11,1.87,-0.29,623.02,237.1,385.92,2512.537,49.3,6.25,16262,85.2,103.2,34,715.0,37.66,3.86,70.82,,3456.874,1.54800283,1.197759481,18.13194834,97418480.0,5024490.5,4480100,12.0,Kuning (Perlu perhatian),84.08,0.83,20.92,1.71,5.03,62.34,5.97,True,True,2024,matched,reported,Database Bulan + Tahun + Triwulan + MAP,baseline-v1,2026-07-03,Data untuk PHK Dashboard.xlsx; MAP_composite_all.xlsx
Sumatera Selatan,Sumatera Selatan,16,2024,8,2024-08-01,3,,0.0,105.91,1.8,-0.19,586.39,191.84,394.55,2502.982,48.9,6.25,15793,80.4,103.1,34,715.0,37.66,3.86,70.82,,3456.874,1.54800283,1.197759481,18.13194834,97418480.0,5024490.5,4480100,12.0,Kuning (Perlu perhatian),84.08,0.83,20.92,1.71,5.03,62.34,5.97,True,True,2024,matched,reported,Database Bulan + Tahun + Triwulan + MAP,baseline-v1,2026-07-03,Data untuk PHK Dashboard.xlsx; MAP_composite_all.xlsx
Sumatera Selatan,Sumatera Selatan,16,2024,9,2024-09-01,3,273.0,273.0,105.78,1.4,-0.12,611.2,165.57,445.63,2470.159,49.2,6.0,15341,74,102.9,34,715.0,37.66,3.86,70.82,,3456.874,1.54800283,1.197759481,18.13194834,97418480.0,5024490.5,4480100,12.0,Kuning (Perlu perhatian),84.08,0.83,20.92,1.71,5.03,62.34,5.97,True,True,2024,matched,reported,Database Bulan + Tahun + Triwulan + MAP,baseline-v1,2026-07-03,Data untuk PHK Dashboard.xlsx; MAP_composite_all.xlsx
Sumatera Selatan,Sumatera Selatan,16,2024,10,2024-10-01,4,277.0,4.0,105.87,1.09,0.09,646.06,110.62,535.44,2537.603,49.2,6.0,15541,75.6,102.8,34,715.0,37.66,3.86,70.82,,3456.874,1.54800283,1.197759481,18.13194834,95612100.0,21473459.1,4480100,12.0,Kuning (Perlu perhatian),84.08,0.83,20.92,1.71,5.03,62.34,5.97,True,True,2024,matched,reported,Database Bulan + Tahun + Triwulan + MAP,baseline-v1,2026-07-03,Data untuk PHK Dashboard.xlsx; MAP_composite_all.xlsx
Sumatera Selatan,Sumatera Selatan,16,2024,11,2024-11-01,4,557.0,280.0,106.48,0.73,0.58,642.88,176.84,466.04,2580.763,49.6,6.0,15812,74.3,103.0,34,715.0,37.66,3.86,70.82,,3456.874,1.54800283,1.197759481,18.13194834,95612100.0,21473459.1,4480100,12.0,Kuning (Perlu perhatian),84.08,0.83,20.92,1.71,5.03,62.34,5.97,True,True,2024,matched,reported,Database Bulan + Tahun + Triwulan + MAP,baseline-v1,2026-07-03,Data untuk PHK Dashboard.xlsx; MAP_composite_all.xlsx
Sumatera Selatan,Sumatera Selatan,16,2024,12,2024-12-01,4,715.0,158.0,107.01,1.2,0.5,666.88,105.51,561.37,2619.39,51.2,6.0,16024,73.9,103.4,34,715.0,37.66,3.86,70.82,,3456.874,1.54800283,1.197759481,18.13194834,95612100.0,21473459.1,4480100,12.0,Kuning (Perlu perhatian),84.08,0.83,20.92,1.71,5.03,62.34,5.97,True,True,2024,matched,reported,Database Bulan + Tahun + Triwulan + MAP,baseline-v1,2026-07-03,Data untuk PHK Dashboard.xlsx; MAP_composite_all.xlsx
Sumatera Selatan,Sumatera Selatan,16,2025,1,2025-01-01,1,223.0,223.0,106.63,0.92,-0.36,543.43,132.93,410.5,2685.363,51.9,5.75,16262,79.3,104.2,34,1537.0,36.87,3.69,69.88,,3681.571,6.500005496,1.221062634,17.99595779,95769570.0,3963480.0,4492327,12.0,Kuning (Perlu perhatian),84.08,0.83,20.92,1.71,5.03,62.34,5.97,True,True,2024,matched,reported,Database Bulan + Tahun + Triwulan + MAP,baseline-v1,2026-07-03,Data untuk PHK Dashboard.xlsx; MAP_composite_all.xlsx
Sumatera Selatan,Sumatera Selatan,16,2025,2,2025-02-01,1,351.0,128.0,106.19,0.49,-0.41,645.99,65.02,580.97,2727.172,53.6,5.75,16338,75.4,104.3,34,1537.0,36.87,3.69,69.88,,3681.571,6.500005496,1.221062634,17.99595779,95769570.0,3963480.0,4492327,12.0,Kuning (Perlu perhatian),84.08,0.83,20.92,1.71,5.03,62.34,5.97,True,True,2024,matched,reported,Database Bulan + Tahun + Triwulan + MAP,baseline-v1,2026-07-03,Data untuk PHK Dashboard.xlsx; MAP_composite_all.xlsx
Sumatera Selatan,Sumatera Selatan,16,2025,3,2025-03-01,1,418.0,67.0,107.81,1.77,1.53,575.54,60.38,515.16,2717.12,52.4,5.75,16456,72.7,105.1,34,1537.0,36.87,3.69,69.88,,3681.571,6.500005496,1.221062634,17.99595779,95769570.0,3963480.0,4492327,12.0,Kuning (Perlu perhatian),84.08,0.83,20.92,1.71,5.03,62.34,5.97,True,True,2024,matched,reported,Database Bulan + Tahun + Triwulan + MAP,baseline-v1,2026-07-03,Data untuk PHK Dashboard.xlsx; MAP_composite_all.xlsx
Sumatera Selatan,Sumatera Selatan,16,2025,4,2025-04-01,2,550.0,132.0,109.31,2.74,1.39,463.36,106.56,356.8,2814.194,46.7,5.75,16820,68.1,105.1,34,1537.0,36.87,3.69,69.88,,3681.571,6.500005496,1.221062634,17.99595779,100223840.0,4596673.3,4492327,12.0,Kuning (Perlu perhatian),84.08,0.83,20.92,1.71,5.03,62.34,5.97,True,True,2024,matched,reported,Database Bulan + Tahun + Triwulan + MAP,baseline-v1,2026-07-03,Data untuk PHK Dashboard.xlsx; MAP_composite_all.xlsx
Sumatera Selatan,Sumatera Selatan,16,2025,5,2025-05-01,2,647.0,97.0,108.93,2.33,-0.35,504.85,65.53,439.32,2871.485,47.4,5.5,16441,64.5,104.6,34,1537.0,36.87,3.69,69.88,,3681.571,6.500005496,1.221062634,17.99595779,100223840.0,4596673.3,4492327,12.0,Kuning (Perlu perhatian),84.08,0.83,20.92,1.71,5.03,62.34,5.97,True,True,2024,matched,reported,Database Bulan + Tahun + Triwulan + MAP,baseline-v1,2026-07-03,Data untuk PHK Dashboard.xlsx; MAP_composite_all.xlsx
Sumatera Selatan,Sumatera Selatan,16,2025,6,2025-06-01,2,741.0,94.0,109.02,2.44,0.08,464.33,83.92,380.41,2949.309,46.9,5.5,16311,71.4,104.7,34,1537.0,36.87,3.69,69.88,,3681.571,6.500005496,1.221062634,17.99595779,100223840.0,4596673.3,4492327,12.0,Kuning (Perlu perhatian),84.08,0.83,20.92,1.71,5.03,62.34,5.97,True,True,2024,matched,reported,Database Bulan + Tahun + Triwulan + MAP,baseline-v1,2026-07-03,Data untuk PHK Dashboard.xlsx; MAP_composite_all.xlsx
Sumatera Selatan,Sumatera Selatan,16,2025,7,2025-07-01,3,838.0,97.0,109.17,2.88,0.14,502.7,96.16,406.54,2992.722,49.2,5.25,16276,71,105.2,34,1537.0,36.87,3.69,69.88,,3681.571,6.500005496,1.221062634,17.99595779,102479440.0,2843548.3,4492574,12.0,Kuning (Perlu perhatian),84.08,0.83,20.92,1.71,5.03,62.34,5.97,True,True,2024,matched,reported,Database Bulan + Tahun + Triwulan + MAP,baseline-v1,2026-07-03,Data untuk PHK Dashboard.xlsx; MAP_composite_all.xlsx
Sumatera Selatan,Sumatera Selatan,16,2025,8,2025-08-01,3,1122.0,284.0,109.13,3.04,-0.04,551.48,90.4,461.08,2993.509,51.5,5.0,16309,67.9,105.2,34,1537.0,36.87,3.69,69.88,,3681.571,6.500005496,1.221062634,17.99595779,102479440.0,2843548.3,4492574,12.0,Kuning (Perlu perhatian),84.08,0.83,20.92,1.71,5.03,62.34,5.97,True,True,2024,matched,reported,Database Bulan + Tahun + Triwulan + MAP,baseline-v1,2026-07-03,Data untuk PHK Dashboard.xlsx; MAP_composite_all.xlsx
Sumatera Selatan,Sumatera Selatan,16,2025,9,2025-09-01,3,1328.0,206.0,109.42,3.44,0.27,566.26,77.12,489.14,2976.372,50.4,4.75,16512,68,105.3,34,1537.0,36.87,3.69,69.88,,3681.571,6.500005496,1.221062634,17.99595779,102479440.0,2843548.3,4492574,12.0,Kuning (Perlu perhatian),84.08,0.83,20.92,1.71,5.03,62.34,5.97,True,True,2024,matched,reported,Database Bulan + Tahun + Triwulan + MAP,baseline-v1,2026-07-03,Data untuk PHK Dashboard.xlsx; MAP_composite_all.xlsx
Sumatera Selatan,Sumatera Selatan,16,2025,10,2025-10-01,4,1475.0,147.0,109.56,3.49,0.13,521.24,65.4,455.84,3013.332,51.2,4.75,16607,64.5,105.5,34,1537.0,36.87,3.69,69.88,,3681.571,6.500005496,1.221062634,17.99595779,100912970.0,4547962.1,4492574,12.0,Kuning (Perlu perhatian),84.08,0.83,20.92,1.71,5.03,62.34,5.97,True,True,2024,matched,reported,Database Bulan + Tahun + Triwulan + MAP,baseline-v1,2026-07-03,Data untuk PHK Dashboard.xlsx; MAP_composite_all.xlsx
Sumatera Selatan,Sumatera Selatan,16,2025,11,2025-11-01,4,1513.0,38.0,109.58,2.91,0.02,486.74,119.74,367,3056.275,53.3,4.75,16703,63.8,105.4,34,1537.0,36.87,3.69,69.88,,3681.571,6.500005496,1.221062634,17.99595779,100912970.0,4547962.1,4492574,12.0,Kuning (Perlu perhatian),84.08,0.83,20.92,1.71,5.03,62.34,5.97,True,True,2024,matched,reported,Database Bulan + Tahun + Triwulan + MAP,baseline-v1,2026-07-03,Data untuk PHK Dashboard.xlsx; MAP_composite_all.xlsx
Sumatera Selatan,Sumatera Selatan,16,2025,12,2025-12-01,4,1537.0,24.0,110.12,2.91,0.49,508.38,129.67,378.71,2981.637,51.2,4.75,16699,62.5,106.3,27,1537.0,36.87,3.69,69.88,,3681.571,6.500005496,1.221062634,17.99595779,100912970.0,4547962.1,4492574,12.0,Kuning (Perlu perhatian),84.08,0.83,20.92,1.71,5.03,62.34,5.97,True,True,2024,matched,reported,Database Bulan + Tahun + Triwulan + MAP,baseline-v1,2026-07-03,Data untuk PHK Dashboard.xlsx; MAP_composite_all.xlsx
Sumatera Utara,Sumatera Utara,12,2022,1,2022-01-01,1,,,97.81,,,930.98,529.29,401.69,5849.697,53.7,3.5,14335,86.5,94.0,0,70.0,40.93,6.16,69.53,59.07,2522.60994,0.9276917112469647,0.9791060462,17.41308787,138944039.5,3615213.1,7314577,15.0,Oranye (Risiko PHK),81.47,1.02,29.26,0.64,4.73,59.07,10.01,True,True,2022,matched,no_data,Database Bulan + Tahun + Triwulan + MAP,baseline-v1,2026-07-03,Data untuk PHK Dashboard.xlsx; MAP_composite_all.xlsx
Sumatera Utara,Sumatera Utara,12,2022,2,2022-02-01,1,,,97.74,,,837.08,473.42,363.66,5838.889,51.2,3.5,14351,97.1,94.0,0,70.0,40.93,6.16,69.53,59.07,2522.60994,0.9276917112469647,0.9791060462,17.41308787,138944039.5,3615213.1,7314577,15.0,Oranye (Risiko PHK),81.47,1.02,29.26,0.64,4.73,59.07,10.01,True,True,2022,matched,no_data,Database Bulan + Tahun + Triwulan + MAP,baseline-v1,2026-07-03,Data untuk PHK Dashboard.xlsx; MAP_composite_all.xlsx
Sumatera Utara,Sumatera Utara,12,2022,3,2022-03-01,1,,,98.35,,,1117.66,563.96,553.7,5713.448,51.3,3.5,14349,117.2,94.7,0,70.0,40.93,6.16,69.53,59.07,2522.60994,0.9276917112469647,0.9791060462,17.41308787,138944039.5,3615213.1,7314577,15.0,Oranye (Risiko PHK),81.47,1.02,29.26,0.64,4.73,59.07,10.01,True,True,2022,matched,no_data,Database Bulan + Tahun + Triwulan + MAP,baseline-v1,2026-07-03,Data untuk PHK Dashboard.xlsx; MAP_composite_all.xlsx
Sumatera Utara,Sumatera Utara,12,2022,4,2022-04-01,2,,,98.55,,,1274.83,528.58,746.25,5678.744,51.9,3.5,14369,104.6,95.6,0,70.0,40.93,6.16,69.53,59.07,2522.60994,0.9276917112469647,0.9791060462,17.41308787,142507864.06,6737396.5,7314577,15.0,Oranye (Risiko PHK),81.47,1.02,29.26,0.64,4.73,59.07,10.01,True,True,2022,matched,no_data,Database Bulan + Tahun + Triwulan + MAP,baseline-v1,2026-07-03,Data untuk PHK Dashboard.xlsx; MAP_composite_all.xlsx
Sumatera Utara,Sumatera Utara,12,2022,5,2022-05-01,2,,,99.1,,,748.67,531.63,217.04,5824.278,50.8,3.5,14608,113.3,95.9,0,70.0,40.93,6.16,69.53,59.07,2522.60994,0.9276917112469647,0.9791060462,17.41308787,142507864.06,6737396.5,7314577,15.0,Oranye (Risiko PHK),81.47,1.02,29.26,0.64,4.73,59.07,10.01,True,True,2022,matched,no_data,Database Bulan + Tahun + Triwulan + MAP,baseline-v1,2026-07-03,Data untuk PHK Dashboard.xlsx; MAP_composite_all.xlsx
Sumatera Utara,Sumatera Utara,12,2022,6,2022-06-01,2,,,100.82,,,1242.66,499.04,743.62,5620.976,50.2,3.5,14689,122.7,96.6,0,70.0,40.93,6.16,69.53,59.07,2522.60994,0.9276917112469647,0.9791060462,17.41308787,142507864.06,6737396.5,7314577,15.0,Oranye (Risiko PHK),81.47,1.02,29.26,0.64,4.73,59.07,10.01,True,True,2022,matched,no_data,Database Bulan + Tahun + Triwulan + MAP,baseline-v1,2026-07-03,Data untuk PHK Dashboard.xlsx; MAP_composite_all.xlsx
Sumatera Utara,Sumatera Utara,12,2022,7,2022-07-01,3,70.0,,101.04,,,591.42,1226.7,-635.28,5849.406,51.3,3.5,14984,111.9,97.0,0,70.0,40.93,6.16,69.53,59.07,2522.60994,0.9276917112469647,0.9791060462,17.41308787,145706309.62,2909647.0,7197374,15.0,Oranye (Risiko PHK),81.47,1.02,29.26,0.64,4.73,59.07,10.01,True,True,2022,matched,reported,Database Bulan + Tahun + Triwulan + MAP,baseline-v1,2026-07-03,Data untuk PHK Dashboard.xlsx; MAP_composite_all.xlsx
Sumatera Utara,Sumatera Utara,12,2022,8,2022-08-01,3,,,100.54,,,1339.26,511.97,827.29,5843.455,51.7,3.75,14851,100.4,96.9,0,70.0,40.93,6.16,69.53,59.07,2522.60994,0.9276917112469647,0.9791060462,17.41308787,145706309.62,2909647.0,7197374,15.0,Oranye (Risiko PHK),81.47,1.02,29.26,0.64,4.73,59.07,10.01,True,True,2022,matched,no_data,Database Bulan + Tahun + Triwulan + MAP,baseline-v1,2026-07-03,Data untuk PHK Dashboard.xlsx; MAP_composite_all.xlsx
Sumatera Utara,Sumatera Utara,12,2022,9,2022-09-01,3,70.0,,101.67,,,1133.04,528.06,604.98,5417.903,53.7,4.25,14972,89.8,97.7,0,70.0,40.93,6.16,69.53,59.07,2522.60994,0.9276917112469647,0.9791060462,17.41308787,145706309.62,2909647.0,7197374,15.0,Oranye (Risiko PHK),81.47,1.02,29.26,0.64,4.73,59.07,10.01,True,True,2022,matched,reported,Database Bulan + Tahun + Triwulan + MAP,baseline-v1,2026-07-03,Data untuk PHK Dashboard.xlsx; MAP_composite_all.xlsx
Sumatera Utara,Sumatera Utara,12,2022,10,2022-10-01,4,70.0,0.0,101.06,,,1054.34,455.93,598.41,5445.284,51.8,4.75,15417,93.3,97.7,34,70.0,40.93,6.16,69.53,59.07,2522.60994,0.9276917112469647,0.9791060462,17.41308787,146370553.01,6325198.2,7197374,15.0,Oranye (Risiko PHK),81.47,1.02,29.26,0.64,4.73,59.07,10.01,True,True,2022,matched,reported,Database Bulan + Tahun + Triwulan + MAP,baseline-v1,2026-07-03,Data untuk PHK Dashboard.xlsx; MAP_composite_all.xlsx
Sumatera Utara,Sumatera Utara,12,2022,11,2022-11-01,4,70.0,0.0,100.91,,,1012.11,506.19,505.92,5413.884,50.3,5.25,15659,91.4,98.0,34,70.0,40.93,6.16,69.53,59.07,2522.60994,0.9276917112469647,0.9791060462,17.41308787,146370553.01,6325198.2,7197374,15.0,Oranye (Risiko PHK),81.47,1.02,29.26,0.64,4.73,59.07,10.01,True,True,2022,matched,reported,Database Bulan + Tahun + Triwulan + MAP,baseline-v1,2026-07-03,Data untuk PHK Dashboard.xlsx; MAP_composite_all.xlsx
Sumatera Utara,Sumatera Utara,12,2022,12,2022-12-01,4,70.0,0.0,102.39,,,826.85,482.78,344.07,5163.11,50.9,5.5,15615,80.9,98.7,34,70.0,40.93,6.16,69.53,59.07,2522.60994,0.9276917112469647,0.9791060462,17.41308787,146370553.01,6325198.2,7197374,15.0,Oranye (Risiko PHK),81.47,1.02,29.26,0.64,4.73,59.07,10.01,True,True,2022,matched,reported,Database Bulan + Tahun + Triwulan + MAP,baseline-v1,2026-07-03,Data untuk PHK Dashboard.xlsx; MAP_composite_all.xlsx
Sumatera Utara,Sumatera Utara,12,2023,1,2023-01-01,1,,,103.21,,,803.39,486.34,317.05,5286.833,51.3,5.75,15295,82.5,99.3,8,1247.0,41.48,5.89,71.06,58.52,2710.49393,7.448000066,1.038271103,17.15538878,145711170.0,6246732.8,7461156,13.0,Kuning (Perlu perhatian),80.25,0.96,29.1,1.34,5.01,58.52,8.97,True,True,2023,matched,no_data,Database Bulan + Tahun + Triwulan + MAP,baseline-v1,2026-07-03,Data untuk PHK Dashboard.xlsx; MAP_composite_all.xlsx
Sumatera Utara,Sumatera Utara,12,2023,2,2023-02-01,1,,0.0,103.29,,,910.63,376.18,534.45,5416.544,51.2,5.75,15126,82.6,99.6,34,1247.0,41.48,5.89,71.06,58.52,2710.49393,7.448000066,1.038271103,17.15538878,145711170.0,6246732.8,7461156,13.0,Kuning (Perlu perhatian),80.25,0.96,29.1,1.34,5.01,58.52,8.97,True,True,2023,matched,reported,Database Bulan + Tahun + Triwulan + MAP,baseline-v1,2026-07-03,Data untuk PHK Dashboard.xlsx; MAP_composite_all.xlsx
Sumatera Utara,Sumatera Utara,12,2023,3,2023-03-01,1,,0.0,102.86,,,897.53,516.57,380.96,5152.062,51.9,5.75,15301,78.4,99.9,34,1247.0,41.48,5.89,71.06,58.52,2710.49393,7.448000066,1.038271103,17.15538878,145711170.0,6246732.8,7461156,13.0,Kuning (Perlu perhatian),80.25,0.96,29.1,1.34,5.01,58.52,8.97,True,True,2023,matched,reported,Database Bulan + Tahun + Triwulan + MAP,baseline-v1,2026-07-03,Data untuk PHK Dashboard.xlsx; MAP_composite_all.xlsx
Sumatera Utara,Sumatera Utara,12,2023,4,2023-04-01,2,,0.0,102.53,,,684.42,392.01,292.41,5273.016,52.7,5.75,14867,84.6,100.0,34,1247.0,41.48,5.89,71.06,58.52,2710.49393,7.448000066,1.038271103,17.15538878,149901510.0,4595272.2,7461156,13.0,Kuning (Perlu perhatian),80.25,0.96,29.1,1.34,5.01,58.52,8.97,True,True,2023,matched,reported,Database Bulan + Tahun + Triwulan + MAP,baseline-v1,2026-07-03,Data untuk PHK Dashboard.xlsx; MAP_composite_all.xlsx
Sumatera Utara,Sumatera Utara,12,2023,5,2023-05-01,2,,0.0,102.72,,,820.45,534.19,286.26,5249.11,50.3,5.75,14811,75.5,100.2,34,1247.0,41.48,5.89,71.06,58.52,2710.49393,7.448000066,1.038271103,17.15538878,149901510.0,4595272.2,7461156,13.0,Kuning (Perlu perhatian),80.25,0.96,29.1,1.34,5.01,58.52,8.97,True,True,2023,matched,reported,Database Bulan + Tahun + Triwulan + MAP,baseline-v1,2026-07-03,Data untuk PHK Dashboard.xlsx; MAP_composite_all.xlsx
Sumatera Utara,Sumatera Utara,12,2023,6,2023-06-01,2,74.0,74.0,103.29,,,905.68,476.45,429.23,4785.566,52.5,5.75,14932,74.8,100.3,34,1247.0,41.48,5.89,71.06,58.52,2710.49393,7.448000066,1.038271103,17.15538878,149901510.0,4595272.2,7461156,13.0,Kuning (Perlu perhatian),80.25,0.96,29.1,1.34,5.01,58.52,8.97,True,True,2023,matched,reported,Database Bulan + Tahun + Triwulan + MAP,baseline-v1,2026-07-03,Data untuk PHK Dashboard.xlsx; MAP_composite_all.xlsx
Sumatera Utara,Sumatera Utara,12,2023,7,2023-07-01,3,76.0,2.0,103.73,,,894.29,566.56,327.73,4974.878,53.3,5.75,15040,80.1,100.5,34,1247.0,41.48,5.89,71.06,58.52,2710.49393,7.448000066,1.038271103,17.15538878,152906630.0,4014021.6,7549537,13.0,Kuning (Perlu perhatian),80.25,0.96,29.1,1.34,5.01,58.52,8.97,True,True,2023,matched,reported,Database Bulan + Tahun + Triwulan + MAP,baseline-v1,2026-07-03,Data untuk PHK Dashboard.xlsx; MAP_composite_all.xlsx
Sumatera Utara,Sumatera Utara,12,2023,8,2023-08-01,3,90.0,14.0,103.79,,,904.77,482.53,422.24,4960.089,53.9,5.75,15245,86.1,100.5,34,1247.0,41.48,5.89,71.06,58.52,2710.49393,7.448000066,1.038271103,17.15538878,152906630.0,4014021.6,7549537,13.0,Kuning (Perlu perhatian),80.25,0.96,29.1,1.34,5.01,58.52,8.97,True,True,2023,matched,reported,Database Bulan + Tahun + Triwulan + MAP,baseline-v1,2026-07-03,Data untuk PHK Dashboard.xlsx; MAP_composite_all.xlsx
Sumatera Utara,Sumatera Utara,12,2023,9,2023-09-01,3,90.0,0.0,104.04,,,863.32,462.76,400.56,5001.103,52.3,5.75,15354,"93,7",100.9,34,1247.0,41.48,5.89,71.06,58.52,2710.49393,7.448000066,1.038271103,17.15538878,152906630.0,4014021.6,7549537,13.0,Kuning (Perlu perhatian),80.25,0.96,29.1,1.34,5.01,58.52,8.97,True,True,2023,matched,reported,Database Bulan + Tahun + Triwulan + MAP,baseline-v1,2026-07-03,Data untuk PHK Dashboard.xlsx; MAP_composite_all.xlsx
Sumatera Utara,Sumatera Utara,12,2023,10,2023-10-01,4,104.0,14.0,103.99,,,940.71,473.64,467.07,4917.144,51.5,6.0,15741,90.6,101.2,34,1247.0,41.48,5.89,71.06,58.52,2710.49393,7.448000066,1.038271103,17.15538878,153716630.0,3101745.6,7549537,13.0,Kuning (Perlu perhatian),80.25,0.96,29.1,1.34,5.01,58.52,8.97,True,True,2023,matched,reported,Database Bulan + Tahun + Triwulan + MAP,baseline-v1,2026-07-03,Data untuk PHK Dashboard.xlsx; MAP_composite_all.xlsx
Sumatera Utara,Sumatera Utara,12,2023,11,2023-11-01,4,1035.0,931.0,104.65,,,863.91,557.45,306.46,4814.009,51.7,6.0,15617,82.9,101.4,34,1247.0,41.48,5.89,71.06,58.52,2710.49393,7.448000066,1.038271103,17.15538878,153716630.0,3101745.6,7549537,13.0,Kuning (Perlu perhatian),80.25,0.96,29.1,1.34,5.01,58.52,8.97,True,True,2023,matched,reported,Database Bulan + Tahun + Triwulan + MAP,baseline-v1,2026-07-03,Data untuk PHK Dashboard.xlsx; MAP_composite_all.xlsx
Sumatera Utara,Sumatera Utara,12,2023,12,2023-12-01,4,1247.0,212.0,105.02,,,749.76,496.17,253.59,4624.234,52.2,6.0,15513,77.6,101.8,34,1247.0,41.48,5.89,71.06,58.52,2710.49393,7.448000066,1.038271103,17.15538878,153716630.0,3101745.6,7549537,13.0,Kuning (Perlu perhatian),80.25,0.96,29.1,1.34,5.01,58.52,8.97,True,True,2023,matched,reported,Database Bulan + Tahun + Triwulan + MAP,baseline-v1,2026-07-03,Data untuk PHK Dashboard.xlsx; MAP_composite_all.xlsx
Sumatera Utara,Sumatera Utara,12,2024,1,2024-01-01,1,,,105.44,2.16,0.4,718.1,449.4,268.7,5014.111,52.9,6.0,15611,80.1,102.1,9,761.0,42.65,5.6,71.36,,2809.915,3.668005632,1.017952,17.09020232,152816100.0,3930196.4,7592278,12.0,Kuning (Perlu perhatian),78.83,0.98,29.56,2.81,5.03,57.35,9.14,True,True,2024,matched,no_data,Database Bulan + Tahun + Triwulan + MAP,baseline-v1,2026-07-03,Data untuk PHK Dashboard.xlsx; MAP_composite_all.xlsx
Sumatera Utara,Sumatera Utara,12,2024,2,2024-02-01,1,,0.0,105.87,2.5,0.41,731.28,454.39,276.89,5115.095,52.7,6.0,15665,83.5,103.0,34,761.0,42.65,5.6,71.36,,2809.915,3.668005632,1.017952,17.09020232,152816100.0,3930196.4,7592278,12.0,Kuning (Perlu perhatian),78.83,0.98,29.56,2.81,5.03,57.35,9.14,True,True,2024,matched,reported,Database Bulan + Tahun + Triwulan + MAP,baseline-v1,2026-07-03,Data untuk PHK Dashboard.xlsx; MAP_composite_all.xlsx
Sumatera Utara,Sumatera Utara,12,2024,3,2024-03-01,1,508.0,508.0,106.63,3.67,0.72,861.44,456.8,404.64,5143.804,54.2,6.0,15703,85.4,103.5,34,761.0,42.65,5.6,71.36,,2809.915,3.668005632,1.017952,17.09020232,152816100.0,3930196.4,7592278,12.0,Kuning (Perlu perhatian),78.83,0.98,29.56,2.81,5.03,57.35,9.14,True,True,2024,matched,reported,Database Bulan + Tahun + Triwulan + MAP,baseline-v1,2026-07-03,Data untuk PHK Dashboard.xlsx; MAP_composite_all.xlsx
Sumatera Utara,Sumatera Utara,12,2024,4,2024-04-01,2,508.0,0.0,106.59,3.96,-0.04,714.65,434.26,280.39,5394.295,52.9,6.25,16100,89.9,103.4,34,761.0,42.65,5.6,71.36,,2809.915,3.668005632,1.017952,17.09020232,157315560.0,6074545.3,7592278,12.0,Kuning (Perlu perhatian),78.83,0.98,29.56,2.81,5.03,57.35,9.14,True,True,2024,matched,reported,Database Bulan + Tahun + Triwulan + MAP,baseline-v1,2026-07-03,Data untuk PHK Dashboard.xlsx; MAP_composite_all.xlsx
Sumatera Utara,Sumatera Utara,12,2024,5,2024-05-01,2,535.0,27.0,107.1,4.26,0.48,858.23,501.66,356.57,5456.654,52.1,6.25,16084,81.7,103.3,34,761.0,42.65,5.6,71.36,,2809.915,3.668005632,1.017952,17.09020232,157315560.0,6074545.3,7592278,12.0,Kuning (Perlu perhatian),78.83,0.98,29.56,2.81,5.03,57.35,9.14,True,True,2024,matched,reported,Database Bulan + Tahun + Triwulan + MAP,baseline-v1,2026-07-03,Data untuk PHK Dashboard.xlsx; MAP_composite_all.xlsx
Sumatera Utara,Sumatera Utara,12,2024,6,2024-06-01,2,539.0,4.0,106.75,3.35,-0.33,881.9,456.2,425.7,5299.2,50.7,6.25,16329,82.2,103.3,34,761.0,42.65,5.6,71.36,,2809.915,3.668005632,1.017952,17.09020232,157315560.0,6074545.3,7592278,12.0,Kuning (Perlu perhatian),78.83,0.98,29.56,2.81,5.03,57.35,9.14,True,True,2024,matched,reported,Database Bulan + Tahun + Triwulan + MAP,baseline-v1,2026-07-03,Data untuk PHK Dashboard.xlsx; MAP_composite_all.xlsx
Sumatera Utara,Sumatera Utara,12,2024,7,2024-07-01,3,539.0,0.0,105.87,2.06,-0.82,959.31,565.79,393.52,5363.358,49.3,6.25,16262,85.2,103.2,34,761.0,42.65,5.6,71.36,,2809.915,3.668005632,1.017952,17.09020232,160851480.0,6244682.2,7723364,12.0,Kuning (Perlu perhatian),78.83,0.98,29.56,2.81,5.03,57.35,9.14,True,True,2024,matched,reported,Database Bulan + Tahun + Triwulan + MAP,baseline-v1,2026-07-03,Data untuk PHK Dashboard.xlsx; MAP_composite_all.xlsx
Sumatera Utara,Sumatera Utara,12,2024,8,2024-08-01,3,539.0,0.0,105.72,1.86,-0.14,1014.26,501.62,512.64,5128.778,48.9,6.25,15793,80.4,103.1,34,761.0,42.65,5.6,71.36,,2809.915,3.668005632,1.017952,17.09020232,160851480.0,6244682.2,7723364,12.0,Kuning (Perlu perhatian),78.83,0.98,29.56,2.81,5.03,57.35,9.14,True,True,2024,matched,reported,Database Bulan + Tahun + Triwulan + MAP,baseline-v1,2026-07-03,Data untuk PHK Dashboard.xlsx; MAP_composite_all.xlsx
Sumatera Utara,Sumatera Utara,12,2024,9,2024-09-01,3,539.0,0.0,105.5,1.4,-0.21,972.7,456.45,516.25,5048.966,49.2,6.0,15341,74,102.9,34,761.0,42.65,5.6,71.36,,2809.915,3.668005632,1.017952,17.09020232,160851480.0,6244682.2,7723364,12.0,Kuning (Perlu perhatian),78.83,0.98,29.56,2.81,5.03,57.35,9.14,True,True,2024,matched,reported,Database Bulan + Tahun + Triwulan + MAP,baseline-v1,2026-07-03,Data untuk PHK Dashboard.xlsx; MAP_composite_all.xlsx
Sumatera Utara,Sumatera Utara,12,2024,10,2024-10-01,4,638.0,99.0,105.64,1.59,0.13,1024.46,523.87,500.59,5069.354,49.2,6.0,15541,75.6,102.8,34,761.0,42.65,5.6,71.36,,2809.915,3.668005632,1.017952,17.09020232,161551590.0,11052323.3,7723364,12.0,Kuning (Perlu perhatian),78.83,0.98,29.56,2.81,5.03,57.35,9.14,True,True,2024,matched,reported,Database Bulan + Tahun + Triwulan + MAP,baseline-v1,2026-07-03,Data untuk PHK Dashboard.xlsx; MAP_composite_all.xlsx
Sumatera Utara,Sumatera Utara,12,2024,11,2024-11-01,4,638.0,0.0,106.21,1.49,0.54,939.87,437.09,502.78,5051.089,49.6,6.0,15812,74.3,103.0,34,761.0,42.65,5.6,71.36,,2809.915,3.668005632,1.017952,17.09020232,161551590.0,11052323.3,7723364,12.0,Kuning (Perlu perhatian),78.83,0.98,29.56,2.81,5.03,57.35,9.14,True,True,2024,matched,reported,Database Bulan + Tahun + Triwulan + MAP,baseline-v1,2026-07-03,Data untuk PHK Dashboard.xlsx; MAP_composite_all.xlsx
Sumatera Utara,Sumatera Utara,12,2024,12,2024-12-01,4,761.0,123.0,107.25,2.12,0.98,984.41,557.68,426.73,4579.024,51.2,6.0,16024,73.9,103.4,34,761.0,42.65,5.6,71.36,,2809.915,3.668005632,1.017952,17.09020232,161551590.0,11052323.3,7723364,12.0,Kuning (Perlu perhatian),78.83,0.98,29.56,2.81,5.03,57.35,9.14,True,True,2024,matched,reported,Database Bulan + Tahun + Triwulan + MAP,baseline-v1,2026-07-03,Data untuk PHK Dashboard.xlsx; MAP_composite_all.xlsx
Sumatera Utara,Sumatera Utara,12,2025,1,2025-01-01,1,200.0,200.0,107.32,1.78,0.07,975.25,504.07,471.18,4775.597,51.9,5.75,16262,79.3,104.2,34,1969.0,42.74,5.32,72.29,,2992.559,6.499983096,1.063051097,16.91897753,159947950.0,6734943.0,7699108,12.0,Kuning (Perlu perhatian),78.83,0.98,29.56,2.81,5.03,57.35,9.14,True,True,2024,matched,reported,Database Bulan + Tahun + Triwulan + MAP,baseline-v1,2026-07-03,Data untuk PHK Dashboard.xlsx; MAP_composite_all.xlsx
Sumatera Utara,Sumatera Utara,12,2025,2,2025-02-01,1,417.0,217.0,106.64,0.73,-0.63,1077.48,387.19,690.29,4970.224,53.6,5.75,16338,75.4,104.3,34,1969.0,42.74,5.32,72.29,,2992.559,6.499983096,1.063051097,16.91897753,159947950.0,6734943.0,7699108,12.0,Kuning (Perlu perhatian),78.83,0.98,29.56,2.81,5.03,57.35,9.14,True,True,2024,matched,reported,Database Bulan + Tahun + Triwulan + MAP,baseline-v1,2026-07-03,Data untuk PHK Dashboard.xlsx; MAP_composite_all.xlsx
Sumatera Utara,Sumatera Utara,12,2025,3,2025-03-01,1,570.0,153.0,107.37,0.69,0.68,989.31,470.32,518.99,4993.571,52.4,5.75,16456,72.7,105.1,34,1969.0,42.74,5.32,72.29,,2992.559,6.499983096,1.063051097,16.91897753,159947950.0,6734943.0,7699108,12.0,Kuning (Perlu perhatian),78.83,0.98,29.56,2.81,5.03,57.35,9.14,True,True,2024,matched,reported,Database Bulan + Tahun + Triwulan + MAP,baseline-v1,2026-07-03,Data untuk PHK Dashboard.xlsx; MAP_composite_all.xlsx
Sumatera Utara,Sumatera Utara,12,2025,4,2025-04-01,2,717.0,147.0,108.82,2.09,1.35,878.43,480.37,398.06,5514.076,46.7,5.75,16820,68.1,105.1,34,1969.0,42.74,5.32,72.29,,2992.559,6.499983096,1.063051097,16.91897753,164692330.0,5563381.9,7699108,12.0,Kuning (Perlu perhatian),78.83,0.98,29.56,2.81,5.03,57.35,9.14,True,True,2024,matched,reported,Database Bulan + Tahun + Triwulan + MAP,baseline-v1,2026-07-03,Data untuk PHK Dashboard.xlsx; MAP_composite_all.xlsx
Sumatera Utara,Sumatera Utara,12,2025,5,2025-05-01,2,897.0,180.0,108.29,1.11,-0.49,1006.3,499.68,506.62,5660.114,47.4,5.5,16441,64.5,104.6,34,1969.0,42.74,5.32,72.29,,2992.559,6.499983096,1.063051097,16.91897753,164692330.0,5563381.9,7699108,12.0,Kuning (Perlu perhatian),78.83,0.98,29.56,2.81,5.03,57.35,9.14,True,True,2024,matched,reported,Database Bulan + Tahun + Triwulan + MAP,baseline-v1,2026-07-03,Data untuk PHK Dashboard.xlsx; MAP_composite_all.xlsx
Sumatera Utara,Sumatera Utara,12,2025,6,2025-06-01,2,1077.0,180.0,108.08,1.25,-0.19,1026.28,530.13,496.15,5694.098,46.9,5.5,16311,71.4,104.7,34,1969.0,42.74,5.32,72.29,,2992.559,6.499983096,1.063051097,16.91897753,164692330.0,5563381.9,7699108,12.0,Kuning (Perlu perhatian),78.83,0.98,29.56,2.81,5.03,57.35,9.14,True,True,2024,matched,reported,Database Bulan + Tahun + Triwulan + MAP,baseline-v1,2026-07-03,Data untuk PHK Dashboard.xlsx; MAP_composite_all.xlsx
Sumatera Utara,Sumatera Utara,12,2025,7,2025-07-01,3,1304.0,227.0,108.9,2.86,0.76,1228.16,551.37,676.79,5822.392,49.2,5.25,16276,71,105.2,34,1969.0,42.74,5.32,72.29,,2992.559,6.499983096,1.063051097,16.91897753,168171200.0,8276361.7,7976273,12.0,Kuning (Perlu perhatian),78.83,0.98,29.56,2.81,5.03,57.35,9.14,True,True,2024,matched,reported,Database Bulan + Tahun + Triwulan + MAP,baseline-v1,2026-07-03,Data untuk PHK Dashboard.xlsx; MAP_composite_all.xlsx
Sumatera Utara,Sumatera Utara,12,2025,8,2025-08-01,3,1488.0,184.0,110.39,4.42,1.37,1195.96,546.71,649.25,5751.403,51.5,5.0,16309,67.9,105.2,34,1969.0,42.74,5.32,72.29,,2992.559,6.499983096,1.063051097,16.91897753,168171200.0,8276361.7,7976273,12.0,Kuning (Perlu perhatian),78.83,0.98,29.56,2.81,5.03,57.35,9.14,True,True,2024,matched,reported,Database Bulan + Tahun + Triwulan + MAP,baseline-v1,2026-07-03,Data untuk PHK Dashboard.xlsx; MAP_composite_all.xlsx
Sumatera Utara,Sumatera Utara,12,2025,9,2025-09-01,3,1704.0,216.0,111.11,5.32,0.65,1062.35,560.66,501.69,5690.501,50.4,4.75,16512,68,105.3,34,1969.0,42.74,5.32,72.29,,2992.559,6.499983096,1.063051097,16.91897753,168171200.0,8276361.7,7976273,12.0,Kuning (Perlu perhatian),78.83,0.98,29.56,2.81,5.03,57.35,9.14,True,True,2024,matched,reported,Database Bulan + Tahun + Triwulan + MAP,baseline-v1,2026-07-03,Data untuk PHK Dashboard.xlsx; MAP_composite_all.xlsx
Sumatera Utara,Sumatera Utara,12,2025,10,2025-10-01,4,1905.0,201.0,110.89,4.97,-0.2,1191.71,504.49,687.22,5803.656,51.2,4.75,16607,64.5,105.5,34,1969.0,42.74,5.32,72.29,,2992.559,6.499983096,1.063051097,16.91897753,168392700.0,9903902.3,7976273,12.0,Kuning (Perlu perhatian),78.83,0.98,29.56,2.81,5.03,57.35,9.14,True,True,2024,matched,reported,Database Bulan + Tahun + Triwulan + MAP,baseline-v1,2026-07-03,Data untuk PHK Dashboard.xlsx; MAP_composite_all.xlsx
Sumatera Utara,Sumatera Utara,12,2025,11,2025-11-01,4,1956.0,51.0,110.42,3.96,-0.42,882.14,451.76,430.38,5809.385,53.3,4.75,16703,63.8,105.4,34,1969.0,42.74,5.32,72.29,,2992.559,6.499983096,1.063051097,16.91897753,168392700.0,9903902.3,7976273,12.0,Kuning (Perlu perhatian),78.83,0.98,29.56,2.81,5.03,57.35,9.14,True,True,2024,matched,reported,Database Bulan + Tahun + Triwulan + MAP,baseline-v1,2026-07-03,Data untuk PHK Dashboard.xlsx; MAP_composite_all.xlsx
Sumatera Utara,Sumatera Utara,12,2025,12,2025-12-01,4,1969.0,13.0,112.25,4.66,1.66,1048.82,585.96,462.86,5667.195,51.2,4.75,16699,62.5,106.3,27,1969.0,42.74,5.32,72.29,,2992.559,6.499983096,1.063051097,16.91897753,168392700.0,9903902.3,7976273,12.0,Kuning (Perlu perhatian),78.83,0.98,29.56,2.81,5.03,57.35,9.14,True,True,2024,matched,reported,Database Bulan + Tahun + Triwulan + MAP,baseline-v1,2026-07-03,Data untuk PHK Dashboard.xlsx; MAP_composite_all.xlsx
