province_name_std,province_name,year,phk_y,lab_formal_share_pct_y,lab_formal_share_2019_pct_y,lab_formal_share_chg_vs2019_y,lab_contract_workers_y,lab_formal_workers_y,lab_contract_share_pct_y,lab_contract_share_2019_pct_y,lab_contract_share_chg_vs2019_y,lab_working_pop_y,lab_tpt_pct_y,lab_tpt_male_pct_y,lab_tpt_female_pct_y,lab_tpak_pct_y,lab_tpak_male_pct_y,lab_tpak_female_pct_y,lab_self_employed_y,lab_employee_count_y,lab_unpaid_family_y,lab_underemployed_workers_y,lab_full_time_share_pct_y,lab_part_time_share_pct_y,lab_underemp_share_pct_y,emp_agri_y,emp_mining_y,emp_manuf_y,emp_electricity_y,emp_water_waste_y,emp_construction_y,emp_trade_y,emp_transport_y,emp_accom_food_y,emp_info_comm_y,emp_finance_y,emp_real_estate_y,emp_business_svc_y,emp_public_admin_y,emp_education_y,emp_health_y,emp_other_svc_y,emp_share_agri_pct_y,emp_share_mining_pct_y,emp_share_manuf_pct_y,emp_share_electricity_pct_y,emp_share_water_waste_pct_y,emp_share_construction_pct_y,emp_share_trade_pct_y,emp_share_transport_pct_y,emp_share_accom_food_pct_y,emp_share_info_comm_pct_y,emp_share_finance_pct_y,emp_share_real_estate_pct_y,emp_share_business_svc_pct_y,emp_share_public_admin_pct_y,emp_share_education_pct_y,emp_share_health_pct_y,emp_share_other_svc_pct_y,lab_working_hours_y,wage_ump_idr_y,wage_ump_growth_pct_y,wage_avg_employee_idr_y,wage_kaitz_index_y,lab_nonagri_informal_share_pct_y,lab_informal_share_pct_y,lab_job_seekers_y,lab_vacancies_registered_y,lab_placements_registered_y,bpjstk_active_pu_y,bpjstk_active_bpu_y,bpjstk_phk_y,bpjstk_jht_phk_y,bpjstk_jkp_phk_y,growth_lab_working_pop_y,growth_lab_employee_count_y,growth_lab_unpaid_family_y,growth_lab_formal_share_pct_y,growth_lab_contract_share_pct_y,growth_lab_full_time_share_pct_y,growth_lab_part_time_share_pct_y,growth_lab_underemp_share_pct_y,growth_lab_working_hours_y,growth_lab_tpt_pct_y,growth_lab_tpt_male_pct_y,growth_lab_tpt_female_pct_y,growth_lab_tpak_pct_y,growth_lab_tpak_male_pct_y,growth_lab_tpak_female_pct_y,growth_wage_avg_employee_y,growth_bpjstk_active_pu_y,growth_bpjstk_active_bpu_y,growth_bpjstk_phk_y,growth_bpjstk_jht_phk_y,growth_bpjstk_jkp_phk_y,lag1_phk_y,lag1_lab_formal_share_pct_y,lag1_lab_contract_share_pct_y,lag1_wage_ump_growth_pct_y,lag1_bpjstk_active_pu_y,lag1_bpjstk_active_bpu_y,lag1_bpjstk_phk_y,lag1_bpjstk_jht_phk_y,lag1_bpjstk_jkp_phk_y,ind_firms_medium_y,ind_firms_large_y,ind_firms_total_y,ind_workers_medium_y,ind_workers_large_y,ind_workers_prod_y,ind_workers_nonprod_y,ind_workers_total_y,ind_prod_workers_wage_cost_y,ind_prod_workers_other_cost_y,ind_prod_workers_total_cost_y,ind_nonprod_workers_wage_cost_y,ind_nonprod_workers_other_cost_y,ind_nonprod_workers_total_cost_y,ind_laborcost_total_y,ind_input_y,ind_output_y,ind_va_mkt_y,ind_va_fc_y,ind_firms_pmdn_y,ind_firms_pma_y,ind_workers_per_firm_y,ind_prod_worker_share_y,ind_workers_per_input_y,ind_workers_per_output_y,ind_workers_per_va_mkt_y,ind_workers_per_va_fc_y,ind_laborcost_share_input_y,ind_laborcost_share_output_y,ind_laborcost_share_va_mkt_y,ind_laborcost_share_va_fc_y,ind_laborcost_per_wkr_y,ind_output_per_wkr_y,ind_va_mkt_per_wkr_y,ind_va_fc_per_wkr_y,ind_input_share_output_y,ind_va_mkt_share_output_y,ind_va_fc_share_output_y,ind_prod_laborcost_share_y,ind_nonprod_laborcost_share_y,ind_prod_wage_per_wkr_y,ind_nonprod_wage_per_wkr_y,ind_firms_pmdn_share_y,ind_firms_pma_share_y,growth_ind_output_y,growth_ind_input_y,growth_ind_va_mkt_y,growth_ind_va_fc_y,growth_ind_workers_total_y,growth_ind_firms_total_y,growth_ind_laborcost_total_y,growth_ind_labor_prod_market_y,growth_ind_labor_prod_fc_y,diffgr_input_minus_output_y,diffgr_laborcost_minus_output_y,macro_pdrb_real_idr_billion_y,macro_pdrb_real_idr_million_y,macro_pdrb_manuf_idr_million_y,macro_pdrb_manuf_share_pct_y,macro_pdrb_manuf_growth_pct_y,macro_pmi_manuf_nat_y,fin_fdi_y,macro_pdrb_per_wkr_y,macro_pdrb_per_wkr_growth_pct_y,macro_icor_y,price_inflation_yoy_q4_pct_y,price_inflation_yoy_avg_pct_y,price_producer_index_y,price_cpi_index_y,price_producer_change_pct_y,price_consumer_change_pct_y,trade_export_value_bps_y,trade_export_value_y,trade_import_value_y,trade_balance_y,fin_npl_y,macro_bi_rate_avg_pct_nat_y,macro_fx_idr_usd_nat_y,macro_consumer_conf_y
Aceh,Aceh,2022,84,38.55,.2570319181580747,38.29296808,396068,923270.187,.4698571926819257,.4923717204127449,-.02251452773,2394994,6.17,5.68,7.02,63.5,81.06,46.15,604272,842954,300164,250455,61.5,28.04,10.46,969992,21670,175231,5769,3586,158823,320127,75172,118304,9444,10724,870,26719,159044,176663,66276,96580,40.50081128,.9048039368999999,7.316552776,.2408774302,.1497289764,6.631457114,13.3665053,3.1387135,4.939636591999999,.394322491,.4477673013,.0363257695,1.115618661,6.640684695,7.376344158,2.767272068,4.032577952,38,3166460,.0451496367650037,2327990,1.360169073,44.13,61.45,11600,1553,1549,315935,56888,1448,3939,,,,,,,,,,,,,,,,,,,,,,,,,,,,,,,,57,30,87,1849,8755,7168,3436,10604,397366109,34909199,432275308,193818007,11138177,204956184,637231492,10652661077,21273885572,10621224495,10379820664,81,6,121.8850575,.6759713316,9.95432026200e-07,4.98451491800e-07,9.98378294800e-07,1.02159761200e-06,.05981899615,.02995369557,.05999604775,.06139137781,60093.5017,2006213.275,1001624.339,978858.9838,.5007388538000001,.4992611462,.4879137207,.6783646342,.3216353658,55436.12012,56408.03463,.9310344828,.06896551724,,,,,,,,,,,,140971.7,140971700,6472363.2,4.591250017,4.19,51.8,127.6,.05886098253,2.75,6.02,5.94,4.48,130.8,163.1,10,4.2,745.8,692.5,167.3,525.2,605.4,4,14875.93,119.9
Sumatera Utara,Sumatera Utara,2022,70,40.93,.2982261123041561,40.63177389,1158119,2945885.178,.431827325596787,.4053852430586213,.02644208254,7197374,6.16,5.9,6.55,69.53,83.89,55.37,1442845,2681903,1119422,491786,68.93000000000001,24.24,6.83,2493755,32908,720482,16080,18074,435285,1304741,316982,542897,42634,57805,14570,90623,312989,366511,107116,323922,34.64812305,.4572223147,10.01034544,.2234148177,.2511193666,6.047830778,18.12801447,4.404134063,7.542987206,.5923549339,.8031401452999999,.2024349436,1.259112004,4.348655496,5.092287826,1.488265026,4.50055812,42,2522609.94,.9276917112469647,2576442,.9791060462,46.45,59.07,27722,1526,1368,1201977,282555,10740,25807,,,,,,,,,,,,,,,,,,,,,,,,,,,,,,,,832,432,1264,32479,138586,137378,33767,171145,6546111198,439161312,6985272510,2301046792,153495166,2454541958,9439814468,196870314607,288425631608,91555317001,89561384425,1178,86,135.3995253,.8026994654,8.69328625500e-07,5.93376528500e-07,1.86930705500e-06,1.91092401100e-06,.0479494051,.03272876414,.1031050383,.1054004974,55156.82297,1685270.569,534957.5915,523307.0462,.6825687215,.3174312785,.3105181184,.7399798517,.2600201483,47650.36031,68144.8394,.9319620253000001,.06803797468,,,,,,,,,,,,573528.8,573528800,99869073.90000001,17.41308787,1.98,51.8,1316.1,.07968584097,2.37,6.02,6.12,4.84,130.8,163.1,10,4.2,12717,12108.9,6837.5,5271.4,5638.3,4,14875.93,119.9
Sumatera Barat,Sumatera Barat,2022,35,34.74,.2394215723556658,34.50057843,429172,933868.1736,.5104924218093926,.4631708452267423,.04732157658,2688164,6.28,6.2,6.39,69.3,82.58,56.28,653862,840702,387302,233244,65.73999999999999,25.58,8.68,939746,38347,230775,7828,4751,117992,543335,89098,212594,18413,23335,1388,32739,122595,169700,55036,80492,34.9586558,1.426512668,8.584855685999999,.2912024713,.1767377288,4.389315533,20.21212247,3.314455517,7.908520462,.6849656493999999,.8680645972000001,.05163375449,1.217894444,4.560547645,6.312858888,2.047345326,2.994311359,39,2512539,1.147243543886759,2655767,.946069064,52.38,65.26000000000001,20304,1907,1725,373923,111406,2681,7889,,,,,,,,,,,,,,,,,,,,,,,,,,,,,,,,136,60,196,4139,12644,13030,3753,16783,586601645,34221055,620822700,199240416,19188839,218429255,839251955,40419965393,64948317682,24528352289,24215698280,179,17,85.62755102,.7763808616,4.15215595500e-07,2.58405461400e-07,6.84228594000e-07,6.93062814300e-07,.02076330217,.01292184286,.03421558632,.034657351,50006.0749,3869887.248,1461499.868,1442870.66,.6223404522,.3776595478,.3728456586,.7397333975,.2602666025,45019.31274,53088.30695,.9132653061,.08673469388,,,,,,,,,,,,182628.3,182628300,16918566.2,9.263934559999999,1.75,51.8,95.59999999999999,.06793793087,.22,6.02,5.88,4.55,130.8,163.1,10,4.2,2868.4,2617.8,710.3,1907.5,1147,4,14875.93,119.9
Riau,Riau,2022,916,45.98,.2951957942129361,45.68480421,649948,1457073.554,.5087022437129156,.5086516805716477,.00005056314127,3168929,4.37,3.72,5.68,63.86,83.59,43.28,694008,1277659,334746,235115,63.61,28.97,7.42,1266219,34966,230084,6679,18642,164959,568587,93309,179718,18560,30956,9593,58862,130044,191647,54396,111708,39.95731681,1.103401181,7.260623384000001,.2107652144,.5882744611999999,5.205512651,17.9425604,2.94449639,5.6712536,.5856868361999999,.9768600054,.3027205722,1.857472982,4.103720847,6.047689929,1.716542087,3.525102645,40,2938564.01,1.730963891639718,2889691,1.016912884,44.3,54.02,16477,555,420,593002,173909,4751,10388,,,,,,,,,,,,,,,,,,,,,,,,,,,,,,,,150,236,386,7827,74441,63748,18520,82268,4266561754,554351386,4820913140,1557667859,336737446,1894405305,6715318445,413662869319,591999174685,178336305366,176663812892,344,42,213.1295337,.7748820927,1.98876926400e-07,1.38966410000e-07,4.61308199900e-07,4.65675446800e-07,.01623379554,.01134345913,.03765536373,.0380118505,81627.34531999999,7195983.55,2167748.157,2147418.351,.698755821,.301244179,.2984190189,.7178979194,.2821020806,66928.55860999999,84107.3358,.8911917098,.1088082902,,,,,,,,,,,,529533,529533000,170116902.3,32.12583584,4.73,51.8,2748.7,.1671015665,3.89,6.02,5.67,4.23,130.8,163.1,10,4.2,22596,20690.9,4899.4,15791.5,1795.1,4,14875.93,119.9
Jambi,Jambi,2022,92,40.02,.2759322751972263,39.74406772,299736,719487.1638,.4765952575165643,.4280089302184268,.0485863273,1797819,4.59,4.33,5.05,67.84,86.17,48.97,440747,628911,257486,134140,61.86,30.68,7.46,862275,56641,94420,1520,4093,85331,260547,62670,90857,4866,16043,2139,19974,74381,91169,26537,44356,47.96228096,3.150539626,5.251919131,.08454688709,.2276647427,4.74636212,14.49239328,3.485890404,5.053734553,.2706612846,.8923590195000001,.1189774944,1.111012844,4.137290795,5.071088914,1.476066278,2.46721166,39,2649034.24,.7175264895171978,2520767,1.050884211,44.76,59.98,11203,978,870,268570,112330,1925,3123,,,,,,,,,,,,,,,,,,,,,,,,,,,,,,,,103,90,193,4344,23509,22318,5535,27853,1223247536,81227879,1304475415,448817027,48993694,497810721,1802286136,37826829189,62457166353,24630337164,24425409709,178,15,144.3160622,.8012781388,7.36329229700e-07,4.45953629100e-07,1.13084119900e-06,1.14032887600e-06,.04764571006,.02885635454,.07317342528,.07378734512,64707.07414,2242385.608,884297.4604,876939.996,.6056443383,.3943556617,.3910745737,.7237892968,.2762107032,54809.90841,81087.08708,.9222797927,.07772020725,,,,,,,,,,,,161731.9,161731900,16213293.3,10.02479616,3.12,51.8,39.2,.08996005716,2.15,6.02,5.36,3.97,130.8,163.1,10,4.2,3001.9,2719.4,310.1,2409.3,907.1,4,14875.93,119.9
Sumatera Selatan,Sumatera Selatan,2022,160,36.72,.2567971384458774,36.46320286,649448,1575179.309,.441787836426776,.4018773507434917,.03991048568,4289704,4.63,4.53,4.8,69.31,84.95,53.32,1012639,1470045,785338,303829,64.54000000000001,28.38,7.08,1992257,75036,267855,12971,8130,201842,694992,133528,193235,23012,25256,4843,57558,194644,195620,58745,150180,46.44276155,1.749211601,6.244137125,.3023751755,.1895235662,4.705266377,16.20139758,3.112755565,4.504623163000001,.53644727,.5887585717,.1128982326,1.341770901,4.537469252,4.560221405,1.369441808,3.500940857,41,3144446,3.329980404921145,2630695,1.195290978,45.1,63.28,23589,1212,1119,573899,95170,4681,16715,,,,,,,,,,,,,,,,,,,,,,,,,,,,,,,,172,139,311,6958,64350,46106,22690,68796,3059524810,383126877,3442651687,1372343204,215366011,1587709215,5030360902,89734205396,183833254610,94099049214,92936472024,284,27,221.2090032,.670184313,7.66664168900e-07,3.74230441300e-07,7.31101967300e-07,7.40247596000e-07,.05605845485,.02736371563,.05345814803,.05412687605,73119.96195,2672150.337,1367798.262,1350899.355,.4881282529,.5118717471000001,.5055476618,.6843746908,.3156253092,66358.49586,60482.29193,.9131832797,.08681672026,,,,,,,,,,,,343503.6,343503600,63307614.8,18.42997127,4.39,51.8,1226.3,.08007629431,2.53,6.02,5.34,4.05,130.8,163.1,10,4.2,7583.3,6789.8,1704.8,5085,2902.5,4,14875.93,119.9
Bengkulu,Bengkulu,2022,26,32.46,.2419356614939451,32.21806434,172272,336771.2016,.5785968341612341,.4958819697129185,.08271486445,1037496,3.59,3.39,3.91,69.81,84.72,54.36,225584,297741,181804,83167,63.06,28.92,8.02,499641,11121,53218,2605,4169,45823,165220,28769,36180,5769,8766,1705,10074,66540,50633,19352,27911,48.15835435,1.071907747,5.129465559,.2510853054,.4018328745,4.416691727,15.92488067,2.772926353,3.48724236,.5560503366,.8449189201999999,.164337983,.9709916954,6.413518703,4.880307972000001,1.865260203,2.690227239,38,2238094.31,1.04263250564334,2737834,.8174689590000001,47.72,67.54000000000001,4246,664,662,117043,24826,834,1958,,,,,,,,,,,,,,,,,,,,,,,,,,,,,,,,39,35,74,1488,4940,5264,1164,6428,250451827,7680719,258132546,53961108,780743,54741851,312874397,11430107228,17116441144,5686333916,5584631012,65,9,86.86486486,.8189172371,5.62374426700e-07,3.75545357000e-07,1.13042956900e-06,1.15101606300e-06,.02737283131,.01827917348,.05502216395,.05602418429,48673.67719,2662794.204,884619.4642,868797.6061,.6677852675,.3322147325,.3262729071,.8250356964,.1749643036,47578.23461,46358.34021,.8783783784,.1216216216,,,,,,,,,,,,49916.1,49916100,2863150.6,5.735926084,3.08,51.8,52.2,.04811208911,2.73,6.02,5.89,4.42,130.8,163.1,10,4.2,311.2,5418.9,22.4,5396.5,391.9,4,14875.93,119.9
Lampung,Lampung,2022,30,28.49,.2095568125573569,28.28044319,462137,1250131.513,.407159118541569,.408210168902352,-.001051050361,4387966,4.52,4.1,5.24,70.06,85.84,53.54,878210,1135028,807884,303546,63.38,29.7,6.92,1914133,17131,409629,4742,20707,216667,865967,147397,183528,18878,27928,2577,37241,120485,191652,63328,145976,43.6223298,.3904086768,9.335281995999999,.1080682941,.4719042946000001,4.937754759,19.73504353,3.359119009,4.182530129,.430222112,.6364680127,.0587288051,.8487075788999999,2.745805232,4.367672858,1.443219934,3.326734984,40,2440486.18,.3488735412288406,2322728,1.050698222,55.67,71.51000000000001,15790,928,866,467278,95808,3193,11782,,,,,,,,,,,,,,,,,,,,,,,,,,,,,,,,289,127,416,10608,49857,48628,11837,60465,1900350146,69056397,1969406543,576905524,32071632,608977156,2578383699,52285233457,79891922824,27606689367,27070434111,388,28,145.3485577,.8042338543000001,1.15644506100e-06,7.56834957300e-07,2.19023002700e-06,2.23361767100e-06,.04931380293,.03227339646,.09339706275,.09524722391,42642.58164,1321292.034,456573.0483,447704.1943,.6544495565,.3455504435,.3388381848,.7638143787,.2361856213,39079.34001,48737.47774,.9326923077,.06730769231,,,,,,,,,,,,257534.2,257534200,46589527,18.09061748,.4,51.8,247.8,.05869101994,1.82,6.02,5.12,3.8,130.8,163.1,10,4.2,5601.1,288.8,2706.4,-2417.6,2968.5,4,14875.93,119.9
Bangka Belitung,Bangka Belitung,2022,380,50.37,.3520311029007684,50.0179689,144140,368190.5964,.4434421993059486,.3679990680094234,.0754431313,730972,4.77,4.33,5.62,67.38,86.02,47.55,206869,325048,59517,24598,74.93000000000001,21.7,3.37,183099,138969,50185,2012,254,33381,128709,15143,36734,5849,6771,551,7933,40359,37193,16265,27565,25.04870228,19.01153533,6.865516052999999,.2752499412,.03474825301,4.566659188,17.60792479,2.071625179,5.025363489,.8001674483,.9263008706,.07537908429,1.085267288,5.521278517,5.088156591000001,2.22511943,3.771006277,41,3264884,1.079259586600074,2969146,1.099603724,43.49,49.63,4483,532,501,105071,49780,780,1560,,,,,,,,,,,,,,,,,,,,,,,,,,,,,,,,67,43,110,2668,11621,12086,2203,14289,600383912,45933461,646317373,126200136,4380611,130580747,776898120,21574166843,49270238495,27696071652,27136704101,99,11,129.9,.8458254601,6.62319898800e-07,2.90012803600e-07,5.15921542200e-07,5.26556207700e-07,.03601057346,.01576810147,.02805084164,.02862905226,54370.36322,3448123.626,1938279.211,1899132.487,.4378742117,.5621257883,.5507727368000001,.831920372,.168079628,49675.98147,57285.58148,.9,.1,,,,,,,,,,,,57804.2,57804200,12484719.3,21.59829095,5.14,51.8,129.7,.079078542,.18,6.02,4.98,3.68,130.8,163.1,10,4.2,2634.4,2510.2,206.6,2303.6,466.1,4,14875.93,119.9
Kepulauan Riau,Kepulauan Riau,2022,863,63.68,.4182589631706473,63.26174104,472030,736138.8896,.6754420859531285,.6034253042464346,.07201678171,1155997,,7.78,9.029999999999999,68.94,80.02,50.68,228843,698846,76616,57246,79.31999999999999,15.73,4.95,90120,9630,297852,3976,1692,82574,201209,73239,117832,10787,17249,13137,30991,59649,52821,18953,74286,7.795867982,.8330471446,25.76581081,.3439455293,.1463671619,7.143098122,17.40566801,6.335570075,10.19310604,.9331339095,1.4921319,1.136421634,2.68088931,5.159961488,4.569302515,1.639537127,6.426141244,44,3050172,1.487692399832312,4155520,.7340048899,32.57,36.32,11382,414,320,310171,87054,4036,13680,,,,,,,,,,,,,,,,,,,,,,,,,,,,,,,,408,249,657,16544,150239,136253,30530,166783,9665342982,777284513,10442627495,2309612411,340304548,2649916959,13092544454,101760034034,191481513754,89721479720,88241194262,323,334,253.8554033,.8169477705,1.63898333500e-06,8.71013586300e-07,1.85889711700e-06,1.89008094700e-06,.1286609677,.06837497885,.1459243037,.1483722491,78500.47339,1148087.717,537953.3869,529077.8692,.5314352913,.4685647087,.4608340123,.7976010723,.2023989277,70936.73521,75650.58667,.4916286149,.5083713851,,,,,,,,,,,,190111.1,190111100,79348156.2,41.73778185,4.55,51.8,934,.1644563956,-1.14,6.02,5.83,4.29,130.8,163.1,10,4.2,18217,18260.6,16715.5,1545.1,1234.1,4,14875.93,119.9
DKI Jakarta,DKI Jakarta,2022,1655,63.12,.4167439955217326,62.703256,1858151,3077164.382,.6356656054855742,.5620147559420254,.07365084954,4875102,7.18,7.5,6.65,63.08,80.02,46.62,1183102,2923158,242452,131936,81.81,15.48,2.71,25474,17005,500278,14533,18719,218962,1177618,598473,603860,125605,209146,94734,278664,202342,207039,120537,462113,.5225326568000001,.3488132146,10.26189811,.2981065832,.3839714533,4.491434231,24.15576125,12.27611238,12.38661263,2.576458913,4.290084597,1.94322088,5.716065018,4.150518287,4.246864989000001,2.472502114,9.479042695,44,4641854,5.110007184818755,5255824,.8831829224,36.82,36.88,36647,919,499,1735860,362562,18116,49475,,,,,,,,,,,,,,,,,,,,,,,,,,,,,,,,1134,475,1609,45692,204332,199411,50613,250024,11123576269,523340072,11646916341,4314758321,251690746,4566449067,16213365408,281738511256,491567212461,209828701205,208718425904,1487,122,155.390926,.7975674335,8.87432814500e-07,5.08626274600e-07,1.19156244400e-06,1.19790094700e-06,.05754756542,.03298300822,.07726953136,.07768056576,64847.2363,1966080.106,839234.2383,834793.5634,.5731434157999999,.4268565842,.4245979402,.718352794,.281647206,55782.15981,85250.00139999999,.9241765071,.07582349285,,,,,,,,,,,,1953489,1953489000,228741590.5,11.70938718,5.88,51.8,3744.1,.4007073083,2.27,6.02,5.89,4.31,130.8,163.1,10,4.2,11502.7,19962.9,100108.1,-80145.2,77566,4,14875.93,119.9
Jawa Barat,Jawa Barat,2022,4629,45.39,.2991639406436535,45.09083606,5740015,10645120.62,.5829651132853645,.6147618594690685,-.03179674618,23452568,8.31,8.550000000000001,7.89,66.15000000000001,83.93000000000001,48.01,5139406,9846241,2077898,1318780,73.88,20.5,5.62,3585851,147242,4522840,58362,149206,1710514,5439021,1218505,2148541,260602,352782,136561,503286,566135,1024834,333273,1295013,15.2898011,.6278289013,19.28505228,.2488512132,.6362032507000001,7.293504063,23.1915797,5.195614399,9.161218507000001,1.111187483,1.504236125,.5822859143000001,2.14597395,2.413957397,4.369815706,1.421051204,5.521838802,42,1841487.31,1.719884365430573,3533613,.5211344055,48.57,54.61,292753,7624,6979,4203172,988063,46782,159117,,,,,,,,,,,,,,,,,,,,,,,,,,,,,,,,5422,3292,8714,218730,1675154,1621420,272463,1893883,84854901379,4609404736,89464306115,22038333959,1820909372,23859243331,113323549446,1048762806704,2010401338411,961638531707,954400094642,7489,1225,217.3379619,.8561352523,1.80582586300e-06,9.42042249900e-07,1.96943335500e-06,1.98437008800e-06,.1080545083,.05636862018,.117844227,.1187379906,59836.6158,1061523.515,507760.2638,503938.2552,.5216683787,.4783316213,.4747311278,.7894590891,.2105409109,52333.69601,80885.60266999999,.8594216204,.1405783796,,,,,,,,,,,,1589984.9,1589984900,683420247.4,42.9828137,7,51.8,6534.5,.06779576974,.33,6.02,5.87,4.27,130.8,163.1,10,4.2,38546.6,35808.3,8661.1,27147.2,17681.7,4,14875.93,119.9
Jawa Tengah,Jawa Tengah,2022,467,39.84,.2746682160271102,39.56533178,3097275,7326758.866,.4574995945350713,.4335325933419932,.02396700119,18390459,5.57,5.75,5.31,70.84,83.73999999999999,58.31,3922691,6770006,2261830,991581,71.41,23.2,5.39,4557468,84993,4025810,27545,57093,1482142,3565465,512175,1405347,103731,201499,17209,177173,357097,749980,249877,815855,24.78169794,.4621581223,21.89075324,.1497787521,.3104490214,8.059298574,19.38758027,2.785003898,7.641717915,.5640479119999999,1.095671402,.09357569596,.9633962915000001,1.941751427,4.078092885,1.358731721,4.436294929,42,1812935.43,.7757905494756301,2200716,.8237934518,49.99,60.16,111970,12269,11639,3128875,544331,19204,77386,,,,,,,,,,,,,,,,,,,,,,,,,,,,,,,,2936,1483,4419,101848,1070684,1047281,125251,1172532,37852635657,2029117558,39881753215,7086941006,764390117,7851331123,47733084338,313227608019,634748049891,321520441872,313952880091,3973,446,265.3387644,.8931790348,3.74338650200e-06,1.84724001900e-06,3.64683499800e-06,3.73473879200e-06,.1523910508,.07520004882,.1484604962,.1520390077,40709.40865,541348.1678000001,274210.3771,267756.3428,.4934676177,.5065323823,.4946102318,.8355159481,.1644840519,36143.72423,56581.91157,.8990721883,.1009278117,,,,,,,,,,,,1050278.1,1050278100,346169652.5,32.95980869,3.88,51.8,2362,.05710994489,2.14,6.02,5.63,4.09,130.8,163.1,10,4.2,11740.2,12362.9,14428.6,-2065.7,16130.5,4,14875.93,119.9
DI Yogyakarta,DI Yogyakarta,2022,113,46.62,.3417692404175603,46.27823076,466370,1044815.272,.4847009034682664,.4678059389603624,.01689496451,2241131,4.06,3.9,4.27,72.59999999999999,82.22,63.38,468305,962181,269489,106775,67.06,28.18,4.76,402044,6939,387207,1568,7272,159070,444742,100671,225614,22693,24400,4693,52282,67735,141321,53210,139670,17.93933509,.309620455,17.27730329,.06996467409,.3244790242,7.097755553,19.84453385,4.491973026,10.06697065,1.0125691,1.088736,.2094031987,2.332839981,3.022357908,6.305789354000001,2.374247645,6.232121192,40,1840915.53,4.301163172804536,2462583,.7475547138999999,44.19,53.38,13310,1825,1704,364326,63441,2086,8253,,,,,,,,,,,,,,,,,,,,,,,,,,,,,,,,425,132,557,14437,65329,68730,11036,79766,2282222594,158259089,2440481683,568953912,56467038,625420950,3065902633,9267062908,22600612278,13333549370,13168113764,503,54,143.2064632,.8616453125,8.60747367200e-06,3.52937340900e-06,5.98235306900e-06,6.05751145800e-06,.3308386555,.1356557334,.2299389718,.2328277753,38436.20882,283336.4125,167158.3052,165084.2936,.4100359227,.5899640773,.5826441161,.7960075629,.2039924371,33205.62482,51554.35955,.9030520646,.09694793537,,,,,,,,,,,,112901.3,112901300,12890389.8,11.41739714,1.76,51.8,113.9,.05037693022,4.55,6.02,6.29,4.59,130.8,163.1,10,4.2,581.6,536,63,473,1320.4,4,14875.93,119.9
Jawa Timur,Jawa Timur,2022,3574,36.14,.2634464237926189,35.87655358,3713936,7811044.09,.5146705815933224,.4599136071285951,.05475697446,21613293,5.49,5.74,5.13,71.23,85.76000000000001,57.28,4436795,7216142,3108951,1246057,66.2,28.03,5.77,6766440,108273,3221241,43101,69351,1396816,4340444,705855,1556876,126854,204139,37368,285802,462128,998127,313930,976548,31.30684436,.5009555925,14.90398062,.1994189409,.3208719745,6.462763448,20.08228917,3.265837371,7.203326211999999,.5869258330999999,.9445066978000001,.1728935984,1.322343615,2.138165619,4.618116268,1.452485746,4.518274934,41,1891567.12,1.219516241070323,2638752,.7168415675000001,50.73,63.86,95978,8497,8073,2919531,633773,26691,58254,,,,,,,,,,,,,,,,,,,,,,,,,,,,,,,,4535,1763,6298,159337,814816,803823,170320,974143,36540371120,1649052621,38189423741,11201234381,731213480,11932447861,50121871602,584879871386,1041827274222,456947402836,447184958620,5914,384,154.6749762,.8251591399,1.66554372600e-06,9.35033113600e-07,2.13184929800e-06,2.17838945900e-06,.0856960105,.04810957905,.1096884921,.1120830892,51452.27303,1069480.84,469076.309,459054.737,.5613981183,.4386018817,.42923138,.761931319,.238068681,45458.23038,65765.81952,.9390282629,.06097173706,,,,,,,,,,,,1757874.9,1757874900,536394033.2,30.51377736,6.27,51.8,3134,.08133304351,2.53,6.02,6.13,4.5,130.8,163.1,10,4.2,24963.2,25898.6,31946.5,-6047.9,19233.8,4,14875.93,119.9
Banten,Banten,2022,3703,52.04,.3493072466712147,51.69069275,2002153,3091497.607,.6760588443653855,.7154727790199276,-.03941393465,5940618,8.09,7.39,9.35,64.72,81.69,47.17,1302970,2961507,473435,271703,76.98,18.45,4.57,670880,38623,1368588,22227,56523,353551,1240325,410961,461408,71074,116204,70604,211101,141346,283139,93029,331035,11.29310116,.6501512132,23.03780516,.3741529922,.9514666656,5.951417849,20.87872003,6.917815620999999,7.767003366,1.196407512,1.956092784,1.188495877,3.553519179,2.379314745,4.766153959,1.565981856,5.572400043,42,2501203.11,1.633751585851456,4370278,.5723212825,42.5,47.96,58778,1473,1265,1412620,354431,20709,50271,,,,,,,,,,,,,,,,,,,,,,,,,,,,,,,,2269,1557,3826,108033,708364,687697,128700,816397,37163271204,1894329577,39057600781,10173136678,983149570,11156286248,50213887029,625806114712,1087303142410,461497027698,458588270958,3384,442,213.3813382,.8423561086,1.30455261000e-06,7.50845802000e-07,1.76901897700e-06,1.78023960000e-06,.08023872865,.04618204903,.1088065232,.1094966666,61506.70204,1331831.379,565285.0607,561722.1413,.5755580852,.4244419148,.4217667117,.7778246834,.2221753166,54040.18224,79045.35103000001,.8844746472,.1155253528,,,,,,,,,,,,484129.4,484129400,160639459.5,33.18109983,3.6,51.8,3410.7,.08149478724,.75,6.02,5.08,3.75,130.8,163.1,10,4.2,14084.2,14565.5,17688.7,-3123.2,3754.2,4,14875.93,119.9
Bali,Bali,2022,706,46.57,.365449580638601,46.20455042,630921,1214112.499,.554390204253786,.5137708365603929,.04061936769,2607070,4.8,5.17,4.35,76.86,84.06,69.62,449057,1138045,362084,102339,66.40000000000001,29.67,3.93,518584,6250,403698,6480,8928,176488,553557,85949,314733,16943,62632,3559,51297,125737,97073,60284,114878,19.89144902,.2397327268,15.48473957,.2485548911,.3424534055,6.769591917,21.23291665,3.296766101,12.07228805,.6498866544,2.402390423,.1365134039,1.96761115,4.822923819000001,3.723451998,2.312327632,4.40640259,42,2516971,.9210505212510043,3002534,.8382822642,43.45,53.43,11851,1066,978,449550,161362,3667,8597,,,,,,,,,,,,,,,,,,,,,,,,,,,,,,,,359,66,425,12253,16412,22524,6141,28665,838582662,93708837,932291499,363984991,37071302,401056293,1333347792,5171132885,11396155395,6225022510,5990907704,375,50,67.44705882,.7857666143000001,5.54327274800e-06,2.51532196700e-06,4.60480262600e-06,4.78475072800e-06,.2578444263,.1169997903,.2141916419,.2225618984,46514.83663,397563.4186,217164.5739,208997.3035,.453761177,.546238823,.5256955084,.6992110419999999,.300788958,37230.62786,59271.28986,.8823529412,.1176470588,,,,,,,,,,,,150830.8,150830800,10240402.1,6.789330893,5.56,51.8,449.5,.05785452635,-1.81,6.02,6.51,4.67,130.8,163.1,10,4.2,617,574.7,115.7,459,2406.5,4,14875.93,119.9
Nusa Tenggara Barat,Nusa Tenggara Barat,2022,396,24.64,.1929054624556164,24.44709454,388630,669800.208,.6228803508119579,.5278463680434473,.09503398277,2718345,2.89,3.61,1.91,70.93000000000001,83.27,59.16,544562,623924,470125,361473,61.4,25.3,13.3,939781,40748,274744,4500,7905,168178,599230,76649,130054,11814,28698,1388,25834,111588,148439,39835,108960,34.57180748,1.499000311,10.10703204,.1655419014,.2908019402,6.186779088000001,22.04392746,2.8196936,4.784308099,.4346026718,1.055715886,.05106047981,.9503576625,4.10499771,5.460638734,1.465413698,4.00832124,38,3016738,.5309910277378833,2218414,1.359862496,63.17,75.36,14393,1809,1757,287204,87690,2353,4297,,,,,,,,,,,,,,,,,,,,,,,,,,,,,,,,194,18,212,5632,3452,7560,1524,9084,156855095,10504974,167360069,50583692,3666257,54249949,221610018,3437989190,5065948264,1627959074,1599891485,212,,42.8490566,.8322324967,2.64224216500e-06,1.79314898700e-06,5.57999285400e-06,5.67788508500e-06,.0644591957,.04374502195,.1361275118,.1385156556,24395.64267,557678.1444,179211.699,176121.916,.6786467233,.3213532767,.3158128354,.7552008276,.2447991724,20748.02844,33191.39895,1,0,,,,,,,,,,,,102073.7,102073700,4530839,4.438791775,1.98,51.8,704.6,.03754994307,4.56,6.02,5.5,4.04,130.8,163.1,10,4.2,3099.8,2746.9,563.6,2183.3,973.4,4,14875.93,119.9
Nusa Tenggara Timur,Nusa Tenggara Timur,2022,62,24.76,.1818550517411689,24.57814495,449672,721826.5468,.6556897054534849,.6016084038340213,.05408130162,2915293,3.54,3.82,3.22,75.23,82.84999999999999,67.87,700707,685800,702912,364493,52.44,35.06,12.5,1438901,26739,333352,4169,4498,122888,321427,127627,35697,6450,24599,1436,23259,149320,181982,53436,59513,49.35699431,.9171976881999999,11.4345968,.1430044939,.1542898089,4.215288137,11.025547,4.377844697,1.224473835,.2212470582,.8437916875,.04925748458,.7978271824000001,5.121955152,6.242322813,1.832954698,2.041407159,40,2434328.19,1.443078696568861,2100927,1.15869242,52.98,75.23999999999999,6132,478,450,293801,106266,1816,3167,,,,,,,,,,,,,,,,,,,,,,,,,,,,,,,,74,2,76,1217,249,1111,355,1466,21982282,1061162,23043444,8192927,340357,8533284,31576728,152049601,297338342,145288741,140809687,74,2,19.28947368,.7578444747999999,9.64159057500e-06,4.93041021900e-06,.00001009025193,.00001041121553,.207673863,.1061979689,.2173377495,.2242511057,21539.3779,202822.8799,99105.55321,96050.26398,.5113689677,.4886310323,.4735672031,.7297603476,.2702396524,19786.0324,23078.66761,.9736842105,.02631578947,,,,,,,,,,,,72711.3,72711300,877992.3,1.207504611,6.67,51.8,73.3,.02494133523,-.72,6.02,6.65,4.76,130.8,163.1,10,4.2,66.59999999999999,61.7,26.7,35,779,4,14875.93,119.9
Kalimantan Barat,Kalimantan Barat,2022,1131,41.23,.2614628505189088,40.96853715,488240,1054466.733,.4996602343155154,.4171413941658826,.08251884015,2557523,5.11,5.11,5.1,68.97,85.01000000000001,52.51,575269,977144,361740,184287,64.13,28.66,7.21,1237003,82800,124005,7592,3643,140750,365010,82779,130779,9056,14803,3707,22598,98454,122432,36841,75271,48.36722876,3.237507541,4.848636747,.2968497253,.1424425118,5.503371817000001,14.27201241,3.236686434,5.113502401,.3540926123,.5788022239,.144944933,.8835893167,3.849584148,4.787131924000001,1.440495354,2.943121137,40,2922516,.6672523074719834,2645920,1.104536796,41.39,58.77,11022,293,205,398535,90514,3473,4417,,,,,,,,,,,,,,,,,,,,,,,,,,,,,,,,110,121,231,5654,36823,33688,8789,42477,1978450892,101213727,2079664619,544614423,70121595,614736018,2694400637,58518737534,99859406113,41340668579,40481560388,196,35,183.8831169,.7930880241,7.25870068100e-07,4.25368041500e-07,1.02748701100e-06,1.04929255700e-06,.04604338286,.02698194133,.06517554577,.06655871491,63431.98995,2350905.34,973248.3127,953023.0569,.5860112714,.4139887286,.4053855512,.7718468406,.2281531594,58728.65388,61965.45944,.8484848485000001,.1515151515,,,,,,,,,,,,148368.9,148368900,23649170.5,15.93943913,4.04,51.8,745.5,.05801273341,1.98,6.02,5.24,3.88,130.8,163.1,10,4.2,2959.9,2696.4,605,2091.4,1403.1,4,14875.93,119.9
Kalimantan Tengah,Kalimantan Tengah,2022,37,48.5,.3348053932140992,48.16519461,351078,652070.375,.5757850092990759,.5578728405712585,.01791216873,1344475,4.26,3.95,4.86,67.23,85.17,47.68,323876,609738,146250,72306,70.77,23.85,5.38,535714,96980,52860,3611,1986,63415,212667,37266,57171,3916,8957,1263,16457,115591,73777,25255,37589,39.84559029,7.213224493,3.931646182,.2685806728,.1477156511,4.716710984,15.81784712,2.771788244,4.252291787,.2912661076,.6662079994,.09394001376,1.224046561,8.597482289,5.48742074,1.878428383,2.795812492,41,2906473.32,1.008696735742546,3195306,.9096071926,40.98,51.5,10402,694,682,273755,64090,2109,3359,,,,,,,,,,,,,,,,,,,,,,,,,,,,,,,,53,113,166,2913,23996,20034,6875,26909,914074533,122279683,1036354216,295055315,75574342,370629657,1406983873,88356775052,117149731180,28792956128,26492267636,135,31,162.1024096,.7445092720000001,3.04549368000e-07,2.29697496800e-07,9.34568853600e-07,1.01573033900e-06,.01592389347,.01201013318,.04886555819,.05310922766,52286.73949,4353552.015,1070012.12,984513.272,.7542208946,.2457791054,.2261402341,.7365786033,.2634213967,45626.16217,42917.13673,.813253012,.186746988,,,,,,,,,,,,109094.7,109094700,16913219.7,15.50324599,4.63,51.8,548.3,.08114297402,6.61,6.02,5.53,4.09,130.8,163.1,10,4.2,5852.4,6151.9,8082.4,-1930.5,530,4,14875.93,119.9
Kalimantan Selatan,Kalimantan Selatan,2022,1199,42.7,.2935952646019737,42.40640474,428936,893380.075,.5106204666743648,.5197419644334758,-.009121497759,2092225,4.74,4.87,4.52,67.55,82.97,51.9,540516,840029,270706,141470,59.98,33.26,6.76,678086,86667,170244,6687,4563,113680,388261,80610,152999,8333,16273,4179,31306,95825,114424,35162,104926,32.40980296,4.142336508000001,8.136983355,.3196118964,.2180931783,5.433450035,18.55732534,3.852836096,7.31274122,.3982841234,.7777844160999999,.1997395118,1.496301784,4.580052337,5.469010264,1.680603186,5.015043793,41,3014497.22,1.110845119334584,2898486,1.040024765,43.37,57.3,10290,980,886,303362,73548,2785,7537,,,,,,,,,,,,,,,,,,,,,,,,,,,,,,,,139,82,221,5355,28813,26553,7615,34168,1812444514,344704802,2157149316,907561936,83301234,990863170,3148012486,35544211184,54570103776,19025892592,18471265702,200,21,154.6063348,.7771306486,9.61281707000e-07,6.26130383400e-07,1.79586843700e-06,1.84979202600e-06,.08856610911,.05768749312,.1654593849,.170427546,92133.35536,1597111.443,556833.6628,540601.3142,.6513495252,.3486504748,.3384869081,.6852416646,.3147583354,68257.61737000001,119180.8189,.9049773756,.09502262443,,,,,,,,,,,,142339.2,142339200,17855337,12.54421621,3.31,51.8,208.1,.06803245349,5.97,6.02,7.08,5.2,130.8,163.1,10,4.2,16204.3,14830.4,2929,11901.4,1498.5,4,14875.93,119.9
Kalimantan Timur,Kalimantan Timur,2022,3082,55.74,.3704286028511062,55.3695714,597300,973733.208,.6526520751451339,.6269550199676329,.02569705518,1746920,5.71,5.12,6.9,64.73,82.73999999999999,45.17,418152,915189,139675,84090,73.69,21.5,4.81,349451,130564,131400,7544,9333,105395,350429,104347,132798,10973,20760,8776,55065,111964,100599,42318,75204,20.00383532,7.473954159,7.521809813999999,.4318457628,.5342545738000001,6.033189843000001,20.05981957,5.973198544000001,7.601836375,.6281340874,1.188377258,.5023698852999999,3.152119158000001,6.40922309,5.758649509,2.422434914,4.304948137,45,3310723,0,3963732,.835253998,36.54,44.26,13617,1784,1661,556716,169532,7686,12271,,,,,,,,,,,,,,,,,,,,,,,,,,,,,,,,146,136,282,6365,47798,44213,9950,54163,2631810910,235162571,2866973481,751637142,132246916,883884058,3750857539,126713253928,198219772570,71506518642,66550701901,249,33,192.0673759,.8162952569,4.27445419600e-07,2.73247210900e-07,7.57455418500e-07,8.13860687500e-07,.02960114607,.01892272143,.05245476371,.05636090127,69251.2885,3659689.688,1320209.712,1228711.517,.6392563783,.3607436217,.335741995,.7643514719,.2356485281,59525.72569,75541.42131000001,.8829787234000001,.1170212766,,,,,,,,,,,,506158.9,506158900,99658389.5,19.68915088,3.57,51.8,1266.2,.2897436059,2.9,6.02,4.44,3.29,130.8,163.1,10,4.2,36464.9,33601.2,8272.4,25328.8,3248.7,4,14875.93,119.9
Kalimantan Utara,Kalimantan Utara,2022,238,51,.3416840191107829,50.65831598,113248,180531.84,.6767822246657862,.5872660507646925,.0895161739,353984,4.33,4.79,3.44,67.62,83.67,49.3,76378,167333,41101,21907,69.45999999999999,24.35,6.19,118121,12723,26732,1168,704,17930,52020,14146,22676,5947,4069,312,4091,31062,22126,12054,8103,33.36902233,3.594230248,7.551753752,.3299584162,.1988790454,5.065200687,14.69557946,3.996225818,6.405939251,1.680019436,1.149486982,.08813957693,1.155701953,8.77497288,6.250564997,3.405238655,2.289086512,42,2390739,3.777730800434625,3427759,.6974641449,33.73,49,2370,404,394,79825,41331,989,660,,,,,,,,,,,,,,,,,,,,,,,,,,,,,,,,17,21,38,717,16130,12963,3884,16847,642119452,6826698,648946150,214014265,6740820,220755085,869701235,6459824565,9726954415,3267129850,3241844864,31,7,443.3421053,.7694545023,2.60796556200e-06,1.73199125700e-06,5.15651375200e-06,5.19673232600e-06,.1346323304,.08941146405,.2661973276,.2682735515,51623.50775,577370.1202,193929.4741,192428.6142,.6641158465,.3358841535,.3332846774,.7461713562,.2538286438,49534.78763,55101.51004,.8157894737,.1842105263,,,,,,,,,,,,66528.39999999999,66528399.99999999,5768312.1,8.670450665000001,3.83,51.8,430.5,.1879418279,.63,6.02,4.87,3.65,130.8,163.1,10,4.2,2569.9,2288.7,447.1,1841.6,,4,14875.93,119.9
Sulawesi Utara,Sulawesi Utara,2022,558,40.85,.2742045150895425,40.57579548,263305,473845.7025,.59904127914384,.5228042414827823,.07623703766,1159965,6.61,6.08,7.6,63.08,80.77,44.79,360403,439544,93486,72754,71.87,21.86,6.27,281769,38989,125474,3931,3608,84651,205681,76287,66853,5129,15742,585,14951,106127,58923,23035,48230,24.29116396,3.361222106,10.81705051,.3388895355,.3110438677,7.29772019,17.7316557,6.576663951,5.76336355,.4421685137,1.357109913,.05043255615,1.2889182,9.149155362,5.079722233,1.98583578,4.157884074,41,3165876,0,3240217,.9770567835,49.43,59.15,5730,306,237,359195,270998,2520,4941,,,,,,,,,,,,,,,,,,,,,,,,,,,,,,,,80,28,108,2969,10214,11132,2051,13183,536578398,49802192,586380590,119531784,34925863,154457647,740838237,15650072989,21623211407,5973138418,5854550027,98,10,122.0648148,.844420845,8.42360288600e-07,6.09668922500e-07,2.20704746400e-06,2.25175290000e-06,.04733768574,.03426124931,.1240283056,.1265405938,56196.48312,1640234.5,453094.0164,444098.4622,.7237626592,.2762373408,.2707530309,.791509618,.208490382,48201.43712,58279.75817,.9074074074,.09259259259,,,,,,,,,,,,96768.2,96768200,10230489.2,10.57216028,7.31,51.8,105.1,.08342337915,2.41,6.02,5.6,4.1,130.8,163.1,10,4.2,1119.8,1000.1,274.3,725.8,1399.5,4,14875.93,119.9
Sulawesi Tengah,Sulawesi Tengah,2022,35,32.13,.2435618678153864,31.88643813,279988,509684.616,.6000522925123123,.5513618459125954,.0486904466,1586320,3,2.81,3.32,69.98999999999999,85.83,53.71,397661,466606,263874,120813,65.45999999999999,26.92,7.62,689616,27779,133238,5295,2529,70991,246081,42346,63021,6536,10769,592,12605,119392,81237,31367,42926,43.47269151,1.751159917,8.399188058,.3337914166,.1594255888,4.475200464,15.51269605,2.669448787,3.972779767,.4120227949,.6788668112,.03731907812,.7946063846000001,7.526350295,5.121097887,1.977343789,2.706011397,39,2710595.92,6.213969346851528,2605724,1.040246749,49.37,67.87,14100,968,864,229939,103164,1675,2568,,,,,,,,,,,,,,,,,,,,,,,,,,,,,,,,66,28,94,2505,52480,46478,8707,55185,7013824368,94899557,7108723925,631616905,11408970,643025875,7751749800,244052217771,323290535349,79238317578,70975041726,64,30,587.0744681,.8422216182,2.26119641500e-07,1.70697852100e-07,6.96443358300e-07,7.77526841200e-07,.03176266895,.02397765772,.09782829869,.1092179675,140468.4208,5858304.527,1435866.949,1286129.233,.7549005959,.2450994041,.2195394977,.9170476484,.08295235161,150906.3292,72541.27770999999,.6808510638,.3191489362,,,,,,,,,,,,172624.8,172624800,56659016.1,32.82206039,29.9,51.8,7486,.1088209189,10.7,6.02,5.35,3.92,130.8,163.1,10,4.2,18956.3,17471.8,3549.4,13922.4,825.8,4,14875.93,119.9
Sulawesi Selatan,Sulawesi Selatan,2022,191,36.45,.2390613184835699,36.21093868,753208,1586905.425,.5218102160653766,.5007938715207731,.02101634454,4353650,4.51,4.91,3.9,66.18000000000001,82.91,50.46,994371,1443452,738968,271017,63.99,29.78,6.23,1677393,28437,356510,13680,12047,262156,780174,196263,182275,30665,44251,6495,55342,233622,255670,95820,122850,38.52843017,.6531760707000001,8.188761154,.3142191035,.2767103465,6.021522171,17.91999816,4.50801052,4.186716893,.7043515211,1.016411517,.1491851665,1.271163277,5.366118085,5.872543728,2.200911879,2.821770239,41,2800580,.4214676713426968,2876952,.9734538498,44.89,63.55,44397,2762,2649,729690,208050,4960,9249,,,,,,,,,,,,,,,,,,,,,,,,,,,,,,,,384,82,466,12721,29330,34855,7196,42051,1686859556,50945897,1737805453,527889386,10634491,538523877,2276329330,36524401561,76140726128,39616324567,39110405196,441,25,90.23819742000001,.828874462,1.15131249800e-06,5.52279997000e-07,1.06145636800e-06,1.07518702000e-06,.06232352161,.02989634386,.05745937703,.05820265269,54132.58496,1810675.754,942101.8422,930070.7521,.4796959974,.5203040026,.5136594722,.7634244439,.2365755561,48396.48705,73358.72513000001,.9463519312999999,.05364806867,,,,,,,,,,,,360912.82,360912820,48363155.6,13.40023211,9.73,51.8,469,.08289890552,.43,6.02,5.55,4.09,130.8,163.1,10,4.2,2559.7,2469.9,1243.3,1226.6,4265,4,14875.93,119.9
Sulawesi Tenggara,Sulawesi Tenggara,2022,74,37.61,.2491125735694555,37.36088743,352621,502439.8881,.7649692707192148,.5868441037932564,.1781251669,1335921,3.36,3.36,3.36,68.81999999999999,82.91,54.94,336223,460961,216756,108742,63.52,28.34,8.140000000000001,438501,33974,119588,4737,2869,88796,247446,55477,61089,6414,10922,1307,8885,106493,82681,37496,29246,32.82387207,2.543114451,8.951726936,.3545868356,.214758208,6.646800222,18.52250245,4.152715617,4.572800338,.4801182106,.8175633139999999,.09783512648,.6650842378,7.971504303000001,6.189063575,2.806752795,2.189201308,40,2678863.1,0,2831991,.9459292419999999,45.98,62.39,9505,1658,1550,170454,57273,1571,1991,,,,,,,,,,,,,,,,,,,,,,,,,,,,,,,,122,12,134,3449,23830,25819,1460,27279,890695265,21472164,912167429,398345606,42805471,441151077,1353318506,20061482100,51939586825,31878104725,30084502525,130,4,203.5746269,.9464789765,1.35976992400e-06,5.25206334300e-07,8.55728414100e-07,9.06745922700e-07,.06745855063,.0260556271,.04245291612,.04498390841,49610.26819,1904013.594,1168595.063,1102844.772,.3862464707,.6137535293,.5792210598,.6740227263,.3259772737,34497.66703,272839.4562,.9701492537,.02985074627,,,,,,,,,,,,102656.4,102656400,8336672,8.12094716,16.83,51.8,877.9,.07684316662,4.83,6.02,7.39,5.43,130.8,163.1,10,4.2,5831.7,5668.3,2710.7,2957.6,592,4,14875.93,119.9
Gorontalo,Gorontalo,2022,171,35.03,.2691987886875738,34.76080121,120089,215171.775,.612143053757302,.5179013287234764,.09424172503,614250,2.58,2.28,3.07,68.91,85.3,52.64,151566,196178,78170,37481,70.8,23.1,6.1,204305,15810,56602,2036,551,30493,114273,28065,28813,4956,6123,257,4823,49236,33009,13284,21614,33.26088726,2.573870574,9.214814815,.3314611315,.0897028897,4.964265364,18.603663,4.568986569,4.690761091,.8068376068000001,.9968253967999999,.04183964184,.7851851852,8.015628816000001,5.373870574000001,2.162637363,3.518762719,41,2207212,1.068234882546363,2551301,.8651319464,52.03,64.97,2283,523,513,89438,64828,741,1704,,,,,,,,,,,,,,,,,,,,,,,,,,,,,,,,22,7,29,889,4228,4465,652,5117,97603980,6012114,103616094,24353234,2131727,26484961,130101055,1108921915,2728975105,1620053190,1618465450,27,2,176.4482759,.8725815908,4.61439162700e-06,1.87506290900e-06,3.15853827000e-06,3.16163684600e-06,.1173221065,.04767396183,.08030665647,.08038543856,25425.25992,533315.4397,316602.1477,316291.8605,.4063510557,.5936489443,.5930671360999999,.7964277769,.2035722231,21859.79395,37351.58589,.9310344828,.06896551724,,,,,,,,,,,,30282.2,30282200,1332268.4,4.399509943,7.79,51.8,102.9,.0492994709,-1.93,6.02,5.74,4.22,130.8,163.1,10,4.2,52,52,32.6,19.4,641.7,4,14875.93,119.9
Sulawesi Barat,Sulawesi Barat,2022,34,22.75,.1910767503582826,22.55892325,103671,166507.705,.6554610691366611,.5286198049159432,.1268412642,731902,2.34,2.55,2.03,73,87.70999999999999,58.22,151389,158165,163350,95410,50.85,36.11,13.04,367695,4120,54269,907,606,35242,114746,23035,16384,3633,4621,132,2765,37801,38849,14679,12418,50.23828327,.5629168932,7.414790505,.1239236947,.08279797022,4.815125522,15.677782,3.147279281,2.238551063,.4963779304,.6313686804999999,.01803520143,.3777828179,5.164762496,5.307951064,2.005596378,1.696675238,36,1975000,1.28205128205127,2340502,.8438360659,57.15,77.25,3762,306,286,84461,47063,278,507,,,,,,,,,,,,,,,,,,,,,,,,,,,,,,,,17,10,27,847,1889,2490,246,2736,108852019,336766,109188785,12263879,102868,12366747,121555532,12675309015,14422098600,1746789585,1746186971,24,3,101.3333333,.9100877193,2.15852725700e-07,1.89708868000e-07,1.56630198800e-06,1.56684252300e-06,.009589946238,.008428421922,.06958796471,.06961197971,44428.19152,5271234.868,638446.4857,638226.2321,.8788810399,.1211189601,.121077176,.8982625735000001,.1017374265,43715.67028,49853.16667,.8888888889,.1111111111,,,,,,,,,,,,33643,33643000,3580179.5,10.64167732,-.64,51.8,28.3,.0459665365,-4.04,6.02,6.78,4.97,130.8,163.1,10,4.2,472.2,411.2,67.40000000000001,343.8,191.1,4,14875.93,119.9
Maluku,Maluku,2022,195,36.7,.2252191282985857,36.47478087,165158,296845.748,.5891346222444175,.6433663495846929,-.05423172734,808844,6.88,5.03,9.65,65.45999999999999,78.33,52.47,264482,280340,116614,95439,58.46,29.74,11.8,271247,15856,86975,1450,1828,34808,110583,60191,29997,3044,7038,380,5776,79210,60513,17078,22870,33.53514398,1.960328568,10.75300058,.1792681902,.2260015528,4.30342563,13.67173398,7.441608023,3.708626138,.3763395661,.8701307050999999,.04698062914,.7141055630000001,9.792988512000001,7.481417925000001,2.11140838,2.827492075,41,2619312.83,.5509422213998647,2719294,.9632326736,48.04,63.3,7493,1045,1039,116024,66863,1758,1354,,,,,,,,,,,,,,,,,,,,,,,,,,,,,,,,31,7,38,1159,3058,2516,1701,4217,189319132,1004400,190323532,206906332,264692,207171024,397494556,2271623633,5263056064,2991432431,2979949035,37,1,110.9736842,.5966326773,1.85638146200e-06,8.01245502400e-07,1.40969254600e-06,1.41512487300e-06,.1749825764,.07552542689,.1328776649,.1333897162,94260.03225,1248056.928,709374.539,706651.4193,.4316168411,.5683831589,.5662012714,.4788078959,.5211921041000001,75246.0779,121638.0553,.9736842105,.02631578947,,,,,,,,,,,,33575.1,33575100,2019621.7,6.015236589,12.29,51.8,73.40000000000001,.04150998215,4.06,6.02,6.54,4.81,130.8,163.1,10,4.2,129.4,133.5,185.7,-52.2,288.8,4,14875.93,119.9
Maluku Utara,Maluku Utara,2022,8,34.37,.23737246349438,34.13262754,120834,201053.5016,.6540158153682946,.6221106372042682,.03190517816,584968,3.98,3.8,4.31,64.88,82.29000000000001,46.87,168100,184757,82405,54281,60.78,29.94,9.279999999999999,166716,19597,116038,1257,1195,30214,70357,37177,15499,955,3692,,3717,57378,37071,11223,12882,28.50002051,3.350097783,19.83664064,.2148835492,.2042846788,5.165068858,12.02749552,6.35539038,2.649546642,.1632567935,.6311456353,,.6354193734,9.808741675,6.337269731,1.918566486,2.202171743,39,2862231,5.169922800777499,2938081,.9741838295,54.29,65.63,9719,488,418,86515,18548,2574,1021,,,,,,,,,,,,,,,,,,,,,,,,,,,,,,,,14,15,29,505,32134,18865,13774,32639,2711669381,142145671,2853815052,1242308260,41346478,1283654738,4137469790,31119974932,77750629451,46630654519,46626094115,13,16,1125.482759,.5779895217,1.04881189900e-06,4.19790813700e-07,6.99947284400e-07,7.00015744800e-07,.1329522212,.05321461471,.08872853775,.08873721611,126764.6003,2382138.835,1428679.02,1428539.297,.4002536719,.5997463280999999,.5996876738,.6897488554,.3102511446,143740.757,90192.26514,.4482758621,.5517241379,,,,,,,,,,,,40248.4,40248400,10326441.9,25.65677617,76.73999999999999,51.8,4487.5,.06880444742,19.52,6.02,5.21,3.84,130.8,163.1,10,4.2,8200.200000000001,7947.8,4243,3704.8,168.8,4,14875.93,119.9
Papua Barat,Papua Barat,2022,124,39.72,.3085771926663496,39.41142281,115944,193716.426,.6208713532964915,.627131623408013,-.006260270112,487705,5.37,5.94,4.41,68.55,80.88,54.63,118867,186744,83932,59963,58.46,29.25,12.29,188481,8859,20375,1336,523,29170,69746,28440,15477,2907,4051,,5075,59758,25092,12136,16245,38.64921228,1.816593564,4.178021658,.273955187,.1072444332,5.98149162,14.30185514,5.831800538,3.17365601,.5960985993,.8306829809,,1.040660609,12.25375304,5.14527212,2.488562986,3.331139231,38,3200000,2.086390608052071,3283235,.9746484793,38.02,60.28,2095,581,575,100883,253377,755,830,,,,,,,,,,,,,,,,,,,,,,,,,,,,,,,,30,13,43,1180,14705,10835,5050,15885,526746960,11078390,537825350,282100906,14561041,296661947,834487297,5623106758,15184433578,9561326820,9194598584,39,4,369.4186047,.682090022,2.82495081200e-06,1.04613714600e-06,1.66138029800e-06,1.72764475300e-06,.1484032463,.05495676165,.0872773531,.0907584262,52533.03727,955897.6127000001,601909.1483,578822.6997,.3703204818,.6296795182,.6055279268,.6444979473,.3555020527,48615.31703,55861.56554,.9069767442,.09302325581,,,,,,,,,,,,62530.5,62530500,19299248.3,30.86373578,2.92,51.8,71.8,.1282137768,1.16,6.02,6.12,4.49,130.8,163.1,10,4.2,2730.1,2463,297.2,2165.8,585.2,4,14875.93,119.9
Papua Barat Daya,Papua Barat Daya,2022,,,,,,0,,,,,,,,,,,,,,,,,,,,,,,,,,,,,,,,,,,,,,,,,,,,,,,,,,,,,,,,,,,,,,,,,,,,,,,,,,,,,,,,,,,,,,,,,,,,,,,,,,,,,,,,,,,,,,,,,,,,,,,,,,,,,,,,,,,,,,,,,,,,,,,,,,,,,,,,,,,,,,,,,,,,,,,,,,,,,,,
Papua,Papua,2022,76,15.89,.1588095805772882,15.73119042,210754,307434.4763,.7107245712127446,.700126994644139,.01059757657,1934767,2.83,3.34,2.12,77.75,85.48999999999999,69.09,408941,296534,622882,113204,54.69,39.46,5.85,1383238,13771,30598,3226,1572,42372,131153,66707,37869,2649,5457,3063,12844,109928,50303,22990,17027,71.49377677,.7117652927,1.581482421,.1667384238,.08125009368,2.190031151,6.778749068999999,3.447805343,1.957289948,.1369157113,.2820494664,.1583136367,.6638525466,5.681717747,2.599951312,1.188256777,.8800542908,43,3561932,1.28620581795434,3954382,.900755668,45.83,84.11,1783,255,213,138863,83197,887,1107,,,,,,,,,,,,,,,,,,,,,,,,,,,,,,,,29,11,40,1176,3420,3927,669,4596,201196455,6833369,208029824,40376904,2389874,42766778,250796602,2040177007,3809770506,1769593499,1216074564,38,2,114.9,.8544386423,2.25274571000e-06,1.20637187800e-06,2.59720664800e-06,3.77937351500e-06,.1229288445,.06582984503,.1417255444,.2062345595,54568.45126,828931.7898,385029.0468,264594.1175,.5355117858,.4644882142,.3191989024,.8294762463000001,.1705237537,51234.13675,60354.11659,.95,.05,,,,,,,,,,,,,,2855820,,.08,51.8,1260.5,0,6.32,6.02,5.53,4.1,130.8,163.1,10,4.2,6323.5,5959.4,843.1,5116.3,951.6,4,14875.93,119.9
Papua Selatan,Papua Selatan,2022,,,,,,0,,,,,,,,,,,,,,,,,,,,,,,,,,,,,,,,,,,,,,,,,,,,,,,,,,,,,,,,,,,,,,,,,,,,,,,,,,,,,,,,,,,,,,,,,,,,,,,,,,,,,,,,,,,,,,,,,,,,,,,,,,,,,,,,,,,,,,,,,,,,,,,,,,,,,,,,,,,,,,,,,,,,,,,,,,,,,,,
Papua Tengah,Papua Tengah,2022,,,,,,0,,,,,,,,,,,,,,,,,,,,,,,,,,,,,,,,,,,,,,,,,,,,,,,,,,,,,,,,,,,,,,,,,,,,,,,,,,,,,,,,,,,,,,,,,,,,,,,,,,,,,,,,,,,,,,,,,,,,,,,,,,,,,,,,,,,,,,,,,,,,,,,,,,,,,,,,,,,,,,,,,,,,,,,,,,,,,,,
Papua Pegunungan,Papua Pegunungan,2022,,,,,,0,,,,,,,,,,,,,,,,,,,,,,,,,,,,,,,,,,,,,,,,,,,,,,,,,,,,,,,,,,,,,,,,,,,,,,,,,,,,,,,,,,,,,,,,,,,,,,,,,,,,,,,,,,,,,,,,,,,,,,,,,,,,,,,,,,,,,,,,,,,,,,,,,,,,,,,,,,,,,,,,,,,,,,,,,,,,,,,
Aceh,Aceh,2023,195,40.14,,39.88296808,405796,982364.2830000001,.4616333198338194,,-.03073840058,2447345,6.03,4.64,8.31,64.77,80.56999999999999,49.05,626676,879044,283389,256697,60.6,28.91,10.49,946649,23448,176000,4998,5435,178702,358557,84418,136548,9379,12515,1495,24597,160113,174250,63201,87040,38.68065189,.9580994915,7.191466671000001,.2042213092,.2220773941,7.301872029,14.65085634,3.449370645,5.579434040000001,.3832316245,.5113704852000001,.0610866061,1.005048328,6.542314221999999,7.119960610000001,2.582431165,3.556507154,38,3413666,7.807014774,2594530,1.315716527,44.52,59.86,13977,1147,1446,363301,96820,1892,2019,739,2.185850988,4.281372412,-5.588611559,1.59,,-.9,.87,.03,0,-.14,-1.04,1.29,1.27,-.49,2.9,11.4493619,14.99232437,70.19406553,30.66298343,-48.74333587,,84,38.55,,.04514963677,315935,56888,1448,3939,,,,101,,,6555,2690,9245,396453063,22376745,418829808,166967045,5750172,172717217,591547025,13502673148,24136750980,10634077832,10351005530,92,9,91.53465346999999,.7090319091,6.84679240800e-07,3.83025868200e-07,8.69374866900e-07,8.93149943100e-07,.04380962336,.02450814633,.05562748687,.05714874978,63985.61655,2610789.722,1150251.794,1119632.832,.5594238081,.4405761919,.4288483375,.7080245362000001,.2919754638,60481.01648,62069.53346,.9108910891000001,.08910891089,13.45718157,26.7539918,.1210155854,-.2776072433,-12.81591852,16.09195402,-7.169210495,14.83864243,14.38142269,13.29681023,-20.62639206,146932.5,146932500,6371290,4.336201998,-1.56,51.3,248.6,.06003751004,2,6.33,3.13,3.67,132.15,169.1,1.032110092,3.678724709,609.2,609.2,148,461.2,655.5,5.81,14875.93,124.4
Sumatera Utara,Sumatera Utara,2023,1247,41.48,,41.18177389,1096942,3131547.948,.3857287582147515,,-.01965648484,7549537,5.89,5.58,6.33,71.06,84.40000000000001,57.81,1678211,2843817,1152216,507793,67.09,26.18,6.73,2559037,51392,677302,17980,17150,447205,1442126,361377,605080,34228,62854,15176,106069,285562,388171,117837,360991,33.89660849000001,.6807304872,8.971437586,.2381603004,.2271662487,5.923608295,19.10217805,4.786743876,8.014796139,.4533787966,.8325543672,.2010189499,1.404973577,3.782510106,5.141653058,1.560850685,4.781630979,41,2710493.93,7.448000066,2610584,1.038271103,47.19,58.52,52542,5896,7473,1384255,579853,16345,15945,10388,4.892937341,6.037280245,2.92954757,.55,,-1.84,1.94,-.1,-1,-.27,-.32,-.22,1.53,.51,2.44,1.325160823,15.16484924,105.2177452,52.18808194,-38.21443794,,70,40.93,,.9276917112,1201977,282555,10740,25807,,,,1246,,,174782,49236,224018,9617862948,780795464,10398658412,3740814858,519717760,4260532617,14659191029,239692596346,336357971287,96665374941,90494181761,1199,47,179.7897271,.7802140899,9.34605421300e-07,6.66010676500e-07,2.31745855400e-06,2.47549616600e-06,.06115829714,.04358211275,.1516488302,.1619904257,65437.55872,1501477.432,431507.1777,403959.4218,.7126116126000001,.2873883874,.2690412878,.7093610003,.2906389997,55027.76572,75977.22921999999,.9622792937,.03772070626,16.61861306,21.75151791,5.581388506,1.041517326,30.89368664,-1.424050633,55.29109262,-19.33805883,-22.80642411,5.13290485,38.67247956,602235.9,602235900,103315910,17.15538878,3.44,51.3,1181.3,.0797712363,.11,6.33,2.72,3.64,132.15,169.1,1.032110092,3.678724709,10238.9,10238.9,5820.8,4418.1,5037.9,5.81,14875.93,124.4
Sumatera Barat,Sumatera Barat,2023,465,35.81,,35.57057843,442236,1018767.643,.493018920931643,,.0298480757,2844925,5.94,5.31,6.84,69.61,82.20999999999999,56.94,694094,896996,363308,279045,64.65000000000001,25.54,9.81,964493,35487,245568,6365,6666,130223,529285,110681,237846,24953,23674,1977,44776,140148,187278,55009,100496,33.90222941,1.247379105,8.631791698999999,.2237317328,.2343119766,4.577379017,18.60453263,3.890471629,8.360360994000001,.8771057233,.8321484749,.06949216587,1.573890349,4.926245859,6.582880041,1.933583486,3.532465706,39,2742476,9.151579339,2753517,.9959902191,51.54,64.19,36285,20516,5534,404050,239627,3582,3539,3665,5.831526648,6.696070665,-6.19516553,1.07,,-1.09,-.04,1.13,0,-.34,-.89,.45,.31,-.37,.66,3.680669276,8.057006389,115.093442,33.60686311,-55.14006845,,35,34.74,,1.147243544,373923,111406,2681,7889,,,,212,,,18812,5776,24588,955692619,191998981,1147691600,413730235,94700868,508431103,1656122703,42332517621,68243082279,25910564658,25382838175,203,9,115.9811321,.7650886611,5.80830089500e-07,3.60300255800e-07,9.48956548200e-07,9.68686000800e-07,.03912176256,.02426799388,.06391688969,.06524576533,67354.91714999999,2775462.92,1053789.03,1032326.264,.6203195431,.3796804569,.3719474169,.6929991346,.3070008654,50802.28679,71629.19581,.9575471698,.04245283019,5.072902139,4.731701795,5.635161925,4.819765598,46.50539236,8.163265306,97.33319573,-27.89674139,-28.45330543,-.3412003442,92.26029359,191069.3,191069300,17440380,9.127777199000001,3.09,51.3,120.7,.06716145417,-1.14,6.33,2.68,3.53,132.15,169.1,1.032110092,3.678724709,2366.7,2366.7,399.6,1967.1,1257.2,5.81,15254.41,124.4
Riau,Riau,2023,4063,47.87,,47.57480421,567868,1437217.286,.4600166389755446,,-.0486350416,3002334,4.23,3.63,5.4,64.45,83.77,44.27,688343,1234451,308472,241033,65.06999999999999,26.9,8.029999999999999,1146960,43021,236877,5638,15181,179126,523429,102891,207327,25171,27018,5176,48681,117133,165758,43194,109753,38.20227863,1.432918523,7.889761765,.1877872349,.5056399455,5.966224944,17.43406963,3.427033768,6.9055275,.8383810729,.8998998778999999,.1723992068,1.621438521,3.901398046,5.520971351,1.438680706,3.655589285,41,3191662.53,8.613000061999999,3011040,1.059986759,43.08,52.13,25052,773,2902,619922,254906,6901,6408,1591,-5.257138926,-3.381810013,-7.848936208,1.89,,1.46,-2.07,.61,1,-.14,-.09,-.28,.59,.18,.99,4.199376335,4.539613694,46.57435785,45.25363081,-38.31343858,,916,45.98,,1.730963892,593002,173909,4751,10388,,,,388,,,67907,35016,102923,3806429922,205486354,4011916276,2200924640,107833767,2308758407,6320674683,368809110228,557698133495,188889023267,186276022264,332,56,265.2654639,.6597844991,2.79068486000e-07,1.84549658400e-07,5.44886082900e-07,5.52529513700e-07,.01713806549,.01133350518,.03346237158,.03393176753,61411.68333,5418595.78,1835245.992,1809858.071,.6613059791,.3386940209,.3340086887,.6347291195,.3652708805,56053.57212,62854.82751,.8556701031,.1443298969,-5.794102873,-10.84307111,5.917313292,5.44096112,25.10696747,.518134715,-5.87676914,-15.3385975,-15.71935341,-5.04896824,-.08266626633,551828.5,551828500,176290050,31.94652868,3.63,51.3,2042.3,.1837998371,9.99,6.33,2.84,3.41,132.15,169.1,1.032110092,3.678724709,18956.8,18956.8,2335.9,16620.9,1987.7,5.81,15254.41,124.4
Jambi,Jambi,2023,331,40.27,,39.99406772,284600,725771.7128,.4477320781312928,,.01972314791,1802264,4.53,3.64,6.05,68.75,85.27,51.68,455085,635648,238950,166946,59.34,31.4,9.26,814402,60352,85245,4622,7071,81584,272341,63408,97651,5382,15964,1541,23457,97079,91432,30119,50614,45.18771945,3.348676997,4.72988419,.2564552141,.392339857,4.526750798,15.11104921,3.518241501,5.418240613,.2986243969,.8857747811000001,.08550356663,1.301529632,5.386502754,5.073174628999999,1.67117581,2.8083566,38,2943033.08,11.0983405,2668478,1.102888268,45.37,59.73,23224,4554,5470,300622,214514,2207,2512,1794,.2472440218,1.071216754,-7.198837995,.25,,-2.52,.72,1.8,-1,-.06,-.6899999999999999,1,.91,-.9,2.71,5.859764111,11.9343188,90.9676845,14.64935065,-19.56452129,,92,40.02,,.7175264895,268570,112330,1925,3123,,,,193,,,17155,6331,23486,821532146,37732148,859264294,400671035,8002764,408673799,1267938093,40472068541,66391447353,25919378812,24452737882,183,10,121.6891192,.7304351529000001,5.80301448500e-07,3.53750384100e-07,9.06117394600e-07,9.60465045400e-07,.03132871975,.01909791311,.04891853706,.05185260232,53986.97492,2826852.055,1103609.76,1041162.304,.6095976237,.3904023763,.3683115651,.6776863151,.3223136849,47888.78729,63287.16396,.9481865285,.0518134715,6.29916666,6.993024287,5.233552588,.1118841949,-15.67874197,0,-29.64834675,24.80073832,18.72674404,.693857626,-35.94751341,169259,169259000,16892880,9.980491435999999,4.16,51.3,45.1,.09391465401,4.4,6.33,2.6,3.22,132.15,169.1,1.032110092,3.678724709,2192.8,2192.8,78.59999999999999,2114.2,957.3,5.81,15254.41,124.4
Sumatera Selatan,Sumatera Selatan,2023,188,37.03,,36.77320286,627687,1629193.728,.4211519687601692,,.01927461802,4399659,4.11,3.96,4.34,70.72,85.39,55.54,1063720,1490405,757671,372104,65.62,25.92,8.460000000000001,1967142,88052,273151,14527,12033,221873,718902,196805,224071,19000,27427,6257,55821,155351,205081,69728,144438,44.71123785,2.001336922,6.208458428,.3301846802,.2734984689,5.042959011,16.33994816,4.473187581,5.092917428000001,.4318516503,.6233892218,.1422155672,1.26875742,3.530978196,4.661293068,1.584850099,3.282936246,42,3404177.24,8.260000013000001,2767669,1.2299799,47.28,62.97,48174,4629,8172,679919,197422,9064,9184,3636,2.56323047,1.384991616,-3.522941714,.31,,1.08,-2.46,1.38,1,-.52,-.57,-.46,1.41,.44,2.22,5.206760951,18.47363386,107.4414206,93.63383892,-45.05533952,,160,36.72,,3.329980405,573899,95170,4681,16715,,,,316,,,40988,14457,55445,2465355038,349648576,2815003614,1197514512,150147034,1347661546,4162665160,83866412250,179216061686,95349649436,93252960804,295,21,175.4588608,.7392551177,6.61110908600e-07,3.09375172500e-07,5.81491388000e-07,5.94565572200e-07,.04963447283,.02322707642,.04365684808,.04463842353,75077.37686,3232321.43,1719715.925,1681900.276,.4679625892,.5320374108,.520338188,.6762503122,.3237496878,60148.21504,82832.84997,.9335443038,.0664556962,-2.511620073,-6.539081859,1.329025354,.34054314,-19.40665155,1.607717042,-17.24917474,25.72876956,24.50226361,-4.027461785,-14.73755467,360967.5,360967500,65761470,18.21811382,3.69,51.3,1478.6,.08204442662,2.45,6.33,2.93,3.29,132.15,169.1,1.032110092,3.678724709,6585.5,6585.5,1164.4,5421.1,3259.8,5.81,15254.41,124.4
Bengkulu,Bengkulu,2023,25,32.23,,31.98806434,173228,344736.9145,.558695469879829,,.06281350017,1069615,3.42,3.06,3.99,70.91,84.98999999999999,56.22,232544,310058,179072,99534,63.41,27.28,9.31,484033,15420,59845,2198,2015,48586,173448,30147,52419,5335,8476,1610,10802,67950,56976,18287,32068,45.2530116,1.441640216,5.595003810000001,.2054945004,.1883855406,4.542382072,16.21592816,2.818490765,4.900735311,.4987775975,.7924346610999999,.1505214493,1.009896084,6.352753093,5.326776457,1.709680586,2.998088097,38,2418280,8.050853317,2740734,.8823475755,49.03,67.77,8227,1499,1479,135440,85305,1157,1283,1736,3.095819165,4.136816898,-1.502717212,-.23,,.35,-1.64,1.29,0,-.17,-.33,.08,1.1,.27,1.86,.1059231495,15.71815487,243.6115363,38.72901679,-34.47395301,,26,32.46,,1.042632506,117043,24826,834,1958,,,,76,,,5826,1443,7269,238882229,4094138,242976367,99339424,3643995,102983419,345959786,13443108460,18568642002,5125533542,4790941919,69,7,95.64473683999999,.8014857614999999,5.40723153500e-07,3.91466430300e-07,1.41819382100e-06,1.51723818000e-06,.02573510338,.01863139943,.06749732163,.07221122523,47593.86243,2554497.455,705122.2372,659092.2987,.7239683149,.2760316851,.2580125094,.7023254633,.2976745367,41002.78562,68842.28967,.9078947368,.09210526316,8.484245328,17.61139412,-9.862248371,-14.21202388,13.08338519,2.702702703,10.5746553,-20.29089731,-24.13741773,9.12714879,2.090409971,52051.6,52051600,2915700,5.601556917,1.83,51.3,76.09999999999999,.04866386504,1.13,6.33,3.09,3.57,132.15,169.1,1.032110092,3.678724709,246.4,4645.8,,4645.8,538.6,5.81,15254.41,124.4
Lampung,Lampung,2023,75,29.33,,29.12044319,493408,1377823.091,.3940939580161756,,-.01411621089,4697658,4.23,3.34,5.77,70.04000000000001,87.3,52.01,1032382,1252006,801985,399557,62.85,28.64,8.51,1987969,37008,409675,8344,14431,261032,890458,191404,240011,20324,37146,5731,40190,144674,195710,48976,164575,42.31829988,.7877968128,8.720834935000001,.1776204228,.3071956281,5.556641203,18.95536031,4.074455825,5.109162906,.4326411161,.7907344468,.121996961,.8555326930999999,3.079704823,4.166118521,1.04256206,3.503341452,40,2633284.59,7.900000073,2424538,1.086097471,55.57,70.67,42725,2850,5465,564393,168497,4885,5987,2905,7.057757512,10.30617747,-.7301790851,.84,,-.53,-1.06,1.59,0,-.29,-.76,.53,-.02,1.46,-1.53,4.383208021,20.78313124,75.86944723000001,52.99091763,-49.18519776,,30,28.49,,.3488735412,467278,95808,3193,11782,,,,410,,,50650,13204,63854,1902524285,67217397,1969741682,589697104,65743978,655441082,2625182764,54474510407,79119815576,24645305169,24086293945,397,13,155.7414634,.7932157735000001,1.17218125500e-06,8.07054459600e-07,2.59091942900e-06,2.65105126400e-06,.04819102998,.03317983927,.1065185741,.1089907302,41112.26805,1239073.755,385963.3722,377208.8506,.6885065392,.3114934608,.304428085,.7503255427,.2496744573,37562.17739,44660.48955,.9682926829,.03170731707,-.9664396859,4.187180214,-10.72705299,-11.02361401,5.604895394,-1.442307692,1.815054331,-15.46514328,-15.74596456,5.1536199,2.781494017,269240.5,269240500,47257570,17.55217733,1.4,51.3,220.6,.0573137721,-2.35,6.33,2.89,3.38,132.15,169.1,1.032110092,3.678724709,4645.8,246.4,2153.9,-1907.5,1935.4,5.81,15254.41,124.4
Bangka Belitung,Bangka Belitung,2023,207,48.93,,48.5779689,144399,366884.4795,.4378540153068032,,.0698549473,749815,4.56,3.25,6.9,68.34,85.38,50.31,218634,329788,65011,40111,72.34999999999999,22.3,5.35,188091,124027,53823,4516,2502,36683,125487,16849,47807,5998,5080,1541,7770,46431,40976,14371,27863,25.08498763,16.54101345,7.178170615,.6022818961999999,.3336823083,4.892273427,16.73572815,2.247087615,6.375839374,.7999306495999999,.6775004500999999,.2055173609,1.03625561,6.192327441,5.464814654,1.916606096,3.715983276,41,3498479,7.154771808,3221747,1.085895013,44.77,51.07,5497,620,930,118592,89001,703,981,272,2.577800518,1.458246167,9.230976024,-1.44,,-2.58,.6,1.98,0,-.21,-1.08,1.28,.96,-.64,2.76,8.507530448000001,12.86844134,78.78867015,-9.871794872000001,-37.11538462,,380,50.37,,1.079259587,105071,49780,780,1560,,,,138,,,13364,4599,17963,886847682,46407211,933254893,312248153,18447706,330695859,1263950752,30474586241,55847549225,25372962984,24784448823,133,5,130.1666667,.7439737238,5.89441965100e-07,3.21643478500e-07,7.07958310200e-07,7.24768992400e-07,.04147556728,.02263216147,.04981486604,.05099773495,70364.12359,3109032.412,1412512.553,1379749.976,.5456745491,.4543254509,.4437875819,.7383633354,.2616366646,66360.94597,67894.79300000001,.9637681159,.03623188406,13.3494599,41.25498548,-8.387863439,-8.668168652,25.71208622,25.45454545,62.69195657,-27.12543454,-27.3484085,27.90552558,49.34249667,60336.3,60336300,12724000,21.08846582,1.92,51.3,72.5,.08046824883,1.76,6.33,2.53,3.22,132.15,169.1,1.032110092,3.678724709,2034.7,2034.7,19.5,2015.2,470.8,5.81,15254.41,124.4
Kepulauan Riau,Kepulauan Riau,2023,683,66.33,,65.91174104,396909,676138.8348,.6224373460212116,,.01901204177,1019356,,5.95,8.23,68.68000000000001,84.92,51.95,205557,637669,62859,48892,80.98,14.22,4.8,85171,11497,257178,4907,5076,78903,167687,63396,91889,9384,12817,8117,28894,56550,53048,21257,63585,8.355373393000001,1.127868968,25.2294586,.481382363,.497961458,7.740475359,16.45028822,6.219220763,9.014416946000001,.9205812297,1.257362492,.7962870675000001,2.834534745,5.547620262,5.204070021,2.085336232,6.237761881,45,3279194,7.508494603,4651057,.7050427462,29.45,33.67,22146,250,3183,294533,113122,4031,3878,4653,-11.82018638,-8.754003028,-17.95577947,2.65,,1.66,-1.51,-.15,1,0,-1.83,-.8,-.26,4.9,1.27,11.9247892,-5.041735043,29.94463207,-.1238850347,-71.65204678000001,,863,63.68,,1.4876924,310171,87054,4036,13680,,,,704,,,188273,16191,204464,14778850334,3120278976,17899129310,1971690844,457059805,2428750649,20327879959,107092234381,201257572770,94165338389,91058550658,83,621,290.4318182,.9208124658,1.90923273900e-06,1.01593195800e-06,2.17132974300e-06,2.24541241300e-06,.189816564,.1010042985,.2158743366,.2232396608,99420.33785,984317.8885999999,460547.2767,445352.4858,.5321153033,.4678846967,.452447823,.8805212027,.1194787973,78496.91849,121776.9652,.1178977273,.8821022727,5.105484506,5.239975004,4.952948483,3.192790419,22.5928302,7.153729072,55.26302034,-14.3889995,-15.8247752,.1344904979,50.15753584,199912.8,199912800,81302960,40.66921178,2.48,51.3,764.1,.1961167639,19.3,6.33,2.79,3.38,132.15,169.1,1.032110092,3.678724709,17729,17789.3,17900.3,-111,1517.9,5.81,15254.41,124.4
DKI Jakarta,DKI Jakarta,2023,2413,63.77,,63.353256,1873472,3234884.385,.6145487026054827,,.05253394666,5072737,6.53,7.76,4.55,65.20999999999999,80.25,50.12,1162880,3048533,284951,150130,84.26000000000001,12.78,2.96,23705,15157,562017,15361,18207,227719,1177577,602062,621697,130859,193337,132359,236137,251415,267247,129393,468488,.4673019713,.2987933339,11.07916693,.3028148315,.3589186666,4.489075621,23.213839,11.86858298,12.25565213,2.579652759,3.811295559,2.609222595,4.65502154,4.956200174,5.268299934,2.550753173,9.235408813999999,44,4901797.824,5.6,5532624,.8859806529000001,36.12,36.23,85385,12802,15816,1684807,519032,20615,24989,15582,4.053966461,4.289025773,17.52883045,.65,,2.45,-2.7,.25,0,-.65,.26,-2.1,2.13,.23,3.5,5.266538606,-2.941078198,43.15675664,13.79443586,-49.49166246,,1655,63.12,,5.110007185,1735860,362562,18116,49475,,,,1512,,,169712,49593,219305,11517169936,520548894,12037718830,4878498267,494558414,5373056681,17410775511,223826589064,448335786672,224509197608,217948279382,1383,129,145.0429894,.773862885,9.79798695600e-07,4.89153457100e-07,9.76819668600e-07,1.00622496600e-06,.07778689558,.03883423101,.07755038857,.07988489545,79390.6911,2044348.221,1023730.41,993813.5445,.4992387307,.5007612693,.486127331,.6913947528,.3086052472,67863.0264,98370.70286,.9146825397,.08531746032,-8.794611335999999,-20.55520274,6.996419612,4.422155561,-12.2864205,-6.028589186,7.385327308,21.98387094,19.04901859,-11.76059141,16.17993864,2050474.5,2050474500,232990980,11.36278359,1.86,51.3,4830,.4042146281,.87,6.33,1.83,2.6,132.15,169.1,1.032110092,3.678724709,11076.4,11076.4,100956.2,-89879.8,69457.3,5.81,15254.41,124.4
Jawa Barat,Jawa Barat,2023,19217,44.85,,44.55083606,5161326,10541363.7,.5284035031932557,,-.08635835628,23503598,7.44,8.09,6.25,66.48999999999999,84.63,47.98,5465649,9767774,2139242,1486113,74.34,19.34,6.32,3603172,121346,4439057,69190,132613,1785412,5359329,1187049,2276859,250391,323583,139256,511159,539896,1092869,333422,1338995,15.33029964,.5162869106,18.88671258,.2943804604,.564224252,7.596334825,22.80216416,5.050499077,9.687278518000001,1.065330508,1.376738149,.5924880096999999,2.174811703,2.29707809,4.64979447,1.418599825,5.69697882,42,1986670.17,7.884000026,3674236,.5407029298,49.23,55.15,542150,35546,73925,4373889,1343349,58749,78987,78383,.2175881123,-.7969234147000001,2.952214209,-.54,,.46,-1.16,.7,0,-.87,-.46,-1.64,.34,.7,-.03,3.979581239,4.061622984,35.9578286,25.58035142,-50.35916967,,4629,45.39,,1.719884365,4203172,988063,46782,159117,,,,8699,,,1698768,372127,2070895,94682984672,6292315916,100975300588,28440900934,3336069386,31776970319,132752270907,975448726600,1978958563180,1003509836580,988547095048,6736,1963,238.0612714,.8203061961,2.12301779000e-06,1.04645697900e-06,2.06365191900e-06,2.09488754800e-06,.1360935406,.06708188508,.1322879618,.1342902848,64103.81546,955605.4571,484577.8451,477352.5915,.492910132,.507089868,.499528951,.7606295538,.2393704462,55736.26574,76427.94243,.7743418784,.2256581216,-1.564004889,-6.99053014,4.354162556,3.577849646,9.346511902,-.1721367914,17.14446958,-4.565622861,-5.275579582,-5.426525251,18.70847447,1669406.4,1669406400,715811270,42.87819131,4.74,51.3,8283.700000000001,.07102769542,4.77,6.33,2.48,3.17,132.15,169.1,1.032110092,3.678724709,36632.4,36632.4,5956.7,30675.7,18276.5,5.81,15254.41,124.4
Jawa Tengah,Jawa Tengah,2023,9435,39.61,,39.33533178,3256746,7917593.388,.4445047112029519,,.01097211786,19988875,5.13,5.43,4.69,71.72,84.52,58.92,4639252,7326685,2284516,1279171,70.48999999999999,23.11,6.4,4883060,116667,4184724,37229,49805,1740953,3662695,600410,1708443,101105,222871,16704,256611,351803,820862,267908,967025,24.42888857,.5836596607,20.93526524,.1862486008,.2491635973,8.70960972,18.32366754,3.00372082,8.546969252,.5058063548,1.114975205,.08356648386,1.283769097,1.759993997,4.106594293000001,1.340285534,4.837816034999999,42,1958169.69,8.011000148999999,2321344,.8435499823,50.39,60.39,218013,35191,48250,3598758,772149,32070,39009,24302,8.691550331,8.222725357,1.002993152,-.23,,-.92,-.09,1.01,0,-.44,-.32,-.62,.88,.78,.61,5.481306993,15.01763413,41.85284321,66.99645907,-49.59165741,,467,39.84,,.7757905495,3128875,544331,19204,77386,,,,4465,,,1156288,163027,1319315,41601067935,2069485521,43670553456,10201021742,1253057337,11454079079,55124632535,392711015649,736919391466,344208375817,335042528382,4182,283,295.4792833,.8764305719,3.35950596600e-06,1.79031114600e-06,3.83289627100e-06,3.93775383200e-06,.1403694583,.07480415521,.1601490156,.1645302547,41782.76798,558562.1262000001,260899.312,253951.8829,.5329090538,.4670909462,.4546528864,.7922148674,.2077851326,35978.11958,62572.59069,.9366181411,.0633818589,16.09636163,25.37560726,7.056451469,6.717456545,12.51846431,1.040959493,15.48516778,-4.854325802,-5.155605176,9.279245623,-.6111938525,1102437.5,1102437500,361111030,32.75569182,4.31,51.3,1563.7,.05515255361,-3.42,6.33,2.88,3.42,132.15,169.1,1.032110092,3.678724709,10229.2,10229.2,14497.4,-4268.2,16063.7,5.81,15254.41,124.4
DI Yogyakarta,DI Yogyakarta,2023,928,46.22,,45.87823076,421302,988973.9620000001,.4593404412830943,,-.008465497677,2139710,3.69,4.05,3.24,74.08,83.76000000000001,64.75,462700,917189,270941,120289,67.2,27.18,5.62,420457,6841,294033,841,9553,148904,445522,80453,237067,21136,27788,3867,65827,66277,143118,45753,122273,19.65018624,.3197162232,13.74172201,.03930439172,.4464623711,6.959073893000001,20.82160667,3.759995513,11.07939861,.9877974118,1.298680662,.1807254254,3.076444939,3.097475826,6.688663417,2.138280421,5.714465979000001,40,1981782.39,7.652000198,2705601,.7324740011999999,43.2,53.78,18992,2047,3773,395214,101920,3156,4126,1946,-4.525438272,-4.676043281,.5387975019,-.4,,.14,-1,.86,0,-.37,.15,-1.03,1.48,1.54,1.37,9.868418648,8.478121243,60.65320534,51.29434324,-50.0060584,,113,46.62,,4.301163173,364326,63441,2086,8253,,,,568,,,69200,14321,83521,2166976931,200247240,2367224171,814331118,80125722,894456840,3261681011,9071864515,22510625181,13438760666,13211584019,521,47,147.0440141,.8285341411,9.20659693100e-06,3.71029233200e-06,6.21493321300e-06,6.32180061700e-06,.3595381088,.1448951766,.2427069796,.2468803897,39052.22652,269520.5419,160902.7749,158182.7806,.4030036679,.5969963321,.586904358,.7257681432,.2742318568,31314.69553,56862.72732,.9172535211,.08274647887,-.3981622086,-2.10636741,.7890719349,.3301175535,4.707519495,1.97486535,6.385668478,-3.742279044,-4.180599409,-1.708205202,6.783830687,118625.6,118625600,13441250,11.33081729,4.26,51.3,46,.05544003627,10.05,6.33,3.17,3.79,132.15,169.1,1.032110092,3.678724709,472.3,472.3,8.1,464.2,1453.3,5.81,15254.41,124.4
Jawa Timur,Jawa Timur,2023,2498,36.89,,36.62655358,3636945,8375201.995,.4758503287433646,,.01593672161,22703177,4.88,4.94,4.8,72.56,85.90000000000001,59.46,4879286,7643044,3199941,1302671,67.23999999999999,27.02,5.74,7149540,113629,3451630,31196,78581,1506425,4336018,734446,1770123,128194,231066,38490,303491,451558,1033229,285499,1060062,31.49136352,.5004982342000001,15.20329071,.1374080817,.3461233641,6.635304829999999,19.0987279,3.234992178,7.796807469,.5646522511000001,1.017769451,.1695357438,1.336777668,1.988963923,4.551032659,1.257528847,4.669223166,42,2040244.3,7.860000231,2654068,.7687234464,50.08,63.11,220388,51163,56171,3301045,1036429,27630,29439,24239,5.042655925,5.915931255,2.926710649,.75,,1.04,-1.01,-.03,1,-.61,-.8,-.33,1.33,.14,2.18,.5804258983,13.06764682,63.53315777,3.518039789,-49.46441446,,3574,36.14,,1.219516241,2919531,633773,26691,58254,,,,6285,,,1090043,247520,1337563,53450495397,3423241326,56873736723,19295654069,1738327935,21033982004,77907718727,729035208939,1209083535078,480048326139,467200631293,5944,341,212.8182975,.8149470343,1.83470288300e-06,1.10626186000e-06,2.78630905900e-06,2.86293063500e-06,.1068641374,.06443534832,.1622914079,.1667543096,58246.01811,903945.1114000001,358897.7313,349292.4306,.6029651284000001,.3970348716,.3864088938,.7300141456,.2699858544,49035.21732,77955.93919,.9457438345,.05425616547,16.05412576,24.64699926,5.055488478,4.475927083,37.30663773,-.2064147348,55.43657137,-23.48841235,-23.91050512,8.592873492000001,39.38244561,1844808.7,1844808700,558448650,30.27135822,4.08,51.3,4741,.08125773322,-.09,6.33,2.99,3.61,132.15,169.1,1.032110092,3.678724709,22425.4,22425.4,28485.6,-6060.2,18124.3,5.81,15254.41,124.4
Banten,Banten,2023,11140,53.69,,53.34069275,1686945,2961892.606,.599762575870484,,-.1157102031,5516656,7.52,7.1,8.279999999999999,64.44,82.16,46.16,1236312,2812688,421898,281657,78.29000000000001,16.6,5.11,662474,42566,1158479,10582,31428,390743,1186369,361655,479502,56224,90709,55116,156921,132356,311989,78511,311032,12.00861536,.7715906158,20.99965994,.191819102,.5696929444,7.082968378,21.50521983,6.555692434,8.69189596,1.019168134,1.644275083,.9990835028,2.844494926,2.399207056,5.655400663,1.423162873,5.638053197000001,43,2661280.11,6.400000038,4378058,.6078677144,40.48,46.31,125510,7697,14729,1448863,582058,30187,29173,50719,-7.136664906,-5.025110526,-10.88576045,1.65,,1.31,-1.85,.54,1,-.57,-.29,-1.07,-.28,.47,-1.01,.1780207117,2.565658139,64.22321975,45.76754068,-41.96853056,,3703,52.04,,1.633751586,1412620,354431,20709,50271,,,,3783,,,653281,166758,820039,41693104252,2372244073,44065348325,16304288816,1283360402,17587649218,61652997543,592929745499,1025621225071,432691479572,421384349468,3262,521,216.7694951,.7966462571,1.38302894400e-06,7.99553460800e-07,1.89520487200e-06,1.94605946100e-06,.1039802742,.06011283312,.1424872004,.1463106013,75183.00659,1250698.107,527647.4406,513858.9134,.5781176627,.4218823373,.4108576726,.7147316445,.2852683555,63821.0881,97772.15376,.8622786149,.1377213851,-5.67292735,-5.253443269,-6.241762438,-8.112706723000001,.4461064899,-1.123889179,22.7807708,-6.658166415,-8.520801365000001,.4194840802,28.45369815,507425.7,507425700,169934380,33.48950989,5.82,51.3,4451.6,.09198066727,12.87,6.33,2.52,3.05,132.15,169.1,1.032110092,3.678724709,12141.9,12141.9,16493.7,-4351.8,3685.7,5.81,15254.41,124.4
Bali,Bali,2023,145,47.65,,47.28455042,631495,1247389.324,.5418674194807813,,.02809658292,2617816,2.69,3.15,2.15,77.08,83.55,70.63,478358,1165405,349354,67408,73.89,23.54,2.57,495732,6093,384323,5202,18255,174496,559836,99521,357657,12649,55658,4629,46330,114436,109176,49101,124722,18.93685423,.2327512705,14.68105474,.1987152649,.6973370167999999,6.665709124999999,21.38561305,3.801680485,13.66241936,.48318904,2.126123456,.17682679,1.769795891,4.37143023,4.170499378,1.875647486,4.764353186,43,2713672.28,7.814999855,3380840,.8026621430999999,42.9,52.35,20047,1794,2425,551350,267730,2339,2172,476,.4121868611,2.40412286,-3.515758774,1.08,,7.49,-6.13,-1.36,1,-2.11,-2.02,-2.2,.22,-.51,1.01,12.59955757,22.64486709,65.91886565999999,-36.21488956,-74.73537279999999,,706,46.57,,.9210505213,449550,161362,3667,8597,,,,446,,,28231,7753,35984,1021994951,85810766,1107805717,505224624,72300279,577524903,1685330620,6683521207,13474392871,6790871664,6510109613,401,45,80.68161435,.7845431303,5.38398830300e-06,2.67054704000e-06,5.29887793200e-06,5.52740309100e-06,.2521620816,.1250765534,.2481758901,.2588789929,46835.55525,374455.1154,188719.1992,180916.7856,.4960165012,.5039834988,.4831467863,.6573224885,.3426775115,36201.16011,65165.04888,.8991031390000001,.100896861,18.23630342,29.24675029,9.089913379,8.666498211,25.53287982,4.941176471,26.39842584,-13.0985336,-13.43582783,11.01044687,8.162122416000001,159464.3,159464300,10478810,6.571257642,2.26,51.3,808.5,.06091501465,5.28,6.33,3.14,3.71,132.15,169.1,1.032110092,3.678724709,581,581,113.2,467.8,1857.6,5.81,15254.41,124.4
Nusa Tenggara Barat,Nusa Tenggara Barat,2023,90,27.7,,27.50709454,446219,801356.014,.6087239441231038,,.08087757608,2892982,2.8,3.29,2.14,73.31,84.18000000000001,62.54,616072,733040,453693,371157,62.04,25.13,12.83,970339,31806,357998,7828,7549,181985,529876,85416,162035,14366,37167,4100,36068,111169,202171,41229,111880,33.54113506,1.099419215,12.37470541,.2705858522,.260941824,6.290568002,18.31591071,2.952524419,5.600968136,.4965810365,1.284729736,.1417222783,1.246741252,3.842713159,6.988325541,1.42513849,3.867289876,38,3251702.67,7.788699914,2344661,1.386854078,59.65,72.3,52854,2667,3011,337664,200296,2865,1942,211,6.424386897,17.48866849,-3.495240627,3.06,,.64,-.17,-.47,0,-.09,-.32,.23,2.38,.91,3.38,5.69086744,17.56939318,128.4137302,21.75945601,-54.80567838,,396,24.64,,.5309910277,287204,87690,2353,4297,,,,209,,,6203,2436,8639,143622054,8824188,152446242,51752977,1460722,53213698,205659940,3799299439,5276702148,1477402709,1410994313,,,41.33492823,.7180229193,2.27384025400e-06,1.63719682400e-06,5.84742396100e-06,6.12263275600e-06,.05413101634,.03897508979,.1392037112,.1457553288,23805.98912,610800.1097,171015.4774,163328.4307,.7200140035,.2799859965,.2674007881,.7412539457,.2587460543,23153.64404,21245.06445,0,0,4.160206007,10.50934802,-9.248166456,-11.80687401,-4.89872303,-1.41509434,-7.197363253,-4.57348583,-7.263993928,6.349142017,-11.35756926,103906.2,103906200,4644520,4.469916136,2.51,51.3,468.4,.03591664241,-4.35,6.33,3.35,3.7,132.15,169.1,1.032110092,3.678724709,2050.6,2050.6,597.8,1452.8,802.5,5.81,15254.41,124.4
Nusa Tenggara Timur,Nusa Tenggara Timur,2023,108,25.49,,25.30814495,455066,738420.0649,.6514949999642088,,.04988659613,2896901,3.14,2.95,3.36,75.72,83.03,68.52,708400,698495,713462,310805,52.2,37.07,10.73,1421199,22086,273926,5229,8475,119612,339376,148043,45297,7243,26302,1566,26428,164922,178976,56186,52035,49.05928784,.7624009242999999,9.455828832,.1805032343,.2925540086,4.128964021,11.71513973,5.110392105,1.563636452,.2500258034,.9079357562,.05405776725,.9122852317,5.693049227,6.178188347,1.939520888,1.796229833,40,2608601.75,7.1590002,2339851,1.114858061,51.68,74.51000000000001,14640,3196,4976,362631,155706,1779,1452,137,-.6308799836,1.851122776,1.500899117,.73,,-.24,2.01,-1.77,0,-.4,-.87,.14,.49,.18,.65,11.37231327,23.42742196,46.52475862,-2.037444934,-54.15219451,,62,24.76,,1.443078697,293801,106266,1816,3167,,,,77,,,1834,804,2638,45555806,1250879,46806685,27254561,532484,27787045,74593730,174524137,342401246,167877109,155142303,,,34.25974026,.6952236543,.00001511538774,7.70441121600e-06,.00001571387556,.00001700374398,.4274121121,.2178547271,.4443353263,.4808084485,28276.62244,129795.7718,63638.02464,58810.57733,.5097064891999999,.4902935108,.4531008716,.6274881951,.3725118049,24839.58888,33898.70771,0,0,15.1554299,14.78105556,15.54722537,10.17871448,79.94542973999999,1.315789474,136.2300806,-35.78762987,-38.7710404,-.3743743458,121.0746507,75246.7,75246700,944420,1.25509823,7.33,51.3,124.3,.02597489524,4.18,6.33,3.51,4.06,132.15,169.1,1.032110092,3.678724709,74.09999999999999,74.09999999999999,70.3,3.8,805.8,5.81,15254.41,124.4
Kalimantan Barat,Kalimantan Barat,2023,459,40.31,,40.04853715,418703,1118701.26,.4063243293076427,,-.01081706486,2775245,5.05,5.09,4.98,69.42,84.84999999999999,53.11,623168,1030465,436263,188229,65.76000000000001,27.46,6.78,1318010,81696,138174,6819,4430,180309,408159,80530,151127,9598,17286,2910,22012,103938,121767,40239,88241,47.49166289999999,2.943740102,4.978803673,.2457080366,.1596255466,6.497048008,14.70713396,2.901725794,5.445537241,.34584334,.6228639273,.1048556073,.7931551989,3.745182858,4.387612625,1.449926043,3.179575137,41,3181013,8.845015733,2796615,1.137451169,42.2,59.69,21996,3011,4051,424365,153588,5742,4918,3173,8.51300262,5.456821103,20.60126057,-.92,,1.63,-1.2,-.43,1,-.06,-.02,-.12,.45,-.16,.6,5.695372498,6.481237532,69.68424774,65.33256550999999,11.34254019,,1131,41.23,,.6672523075,398535,90514,3473,4417,,,,244,,,40122,87,40209,2194010479,78159224,2272169703,631070750,66165248,697235998,2969405701,62664321948,101241353117,38577031169,36981115011,222,22,164.7909836,.9978363053,6.41656986800e-07,3.97159843900e-07,1.04230415800e-06,1.08728468500e-06,.0473859065,.02932996853,.07697341167,.08029519121,73849.28004,2517877.916,959412.8471,919722.3260999999,.6189597434,.3810402566,.3652767755,.7651934198,.2348065802,54683.47737,7253686.782,.9098360656,.09016393443,1.383892673,7.084200016,-6.685033177,-8.647011981,-5.339360124,5.627705628,10.20653945,-1.421576121,-3.494220894,5.700307344,8.822646778999999,154980.8,154980800,24255610,15.65071931,2.57,51.3,490.5,.05584400657,-3.74,6.33,2.74,3.22,132.15,169.1,1.032110092,3.678724709,2124.2,2124.2,457.2,1667,1300.7,5.81,15254.41,124.4
Kalimantan Tengah,Kalimantan Tengah,2023,405,48.14,,47.80519461,322017,649829.825,.5333305729688548,,-.0245422676,1349875,4.1,3.78,4.71,67.18000000000001,84.84999999999999,48.13,346718,603785,143737,82522,70.43000000000001,23.46,6.11,485968,135522,61738,3552,2910,64004,219959,44850,70113,6096,7657,1521,14978,85172,78702,22637,44496,36.00096305,10.03959626,4.573608667,.2631354755,.2155755163,4.741476062999999,16.29476803,3.322529864,5.194036485,.4515973701,.5672377072,.1126770997,1.109584221,6.309621260999999,5.830317622,1.67697009,3.296305213,42,3149977.65,8.377999837000001,3323457,.9478015362,43.63,51.86,17299,1407,1608,276160,108540,2863,2005,1030,.4016437643,-.9763209772,-1.718290598,-.36,,-.34,-.39,.73,1,-.16,-.17,-.15,-.05,-.32,.45,4.010601802,.8785227667,69.3555937,35.75154101,-40.30961596,,37,48.5,,1.008696736,273755,64090,2109,3359,,,,167,,,16227,4676,20903,758355340,78853959,837209299,332693974,22196476,354890450,1192099749,90216360691,121617893181,31401532490,28846604477,134,33,125.1676647,.7763000526,2.31698550500e-07,1.71874380100e-07,6.65668148700e-07,7.24626013300e-07,.01321378672,.009802009538,.03796310735,.04132547905,57030.07937,5818202.803,1502250.035,1380022.221,.7418017064,.2581982936,.2371904637,.7022980247,.2977019753,46734.16775,71149.26732,.8023952096,.1976047904,3.814060823,2.104632766,9.059772642,8.886883045999999,-22.31967,.6024096386,-15.27267854,40.39560934,40.17304386,-1.709428057,-19.08673936,113611.5,113611500,17882650,15.74017595,5.87,51.3,697.6,.08416445967,3.72,6.33,2.82,3.39,132.15,169.1,1.032110092,3.678724709,4992.1,4992.1,72.7,4919.4,605.7,5.81,15254.41,124.4
Kalimantan Selatan,Kalimantan Selatan,2023,2284,44.75,,44.45640474,427311,930657.2475000001,.4888699991648352,,-.03087196527,2079681,4.31,4.91,3.34,69.76000000000001,85.52,53.75,550667,874079,239978,134706,64.03,29.49,6.48,612834,96475,173061,5669,7857,102504,398211,82747,174554,12796,16938,5283,32497,99430,124206,35133,99486,29.4676924,4.638932606,8.321516616999999,.2725898828,.3777983258,4.928832835,19.14769621,3.978831369,8.393306473000001,.6152866713999999,.8144518317999999,.2540293439,1.562595417,4.781021705,5.972358261,1.689345626,4.783714424999999,40,3201396.047,6.199999979,3066884,1.043859516,43.8,55.25,15215,523,1594,364703,177199,4845,3472,1614,-.5995531073,4.053431489,-11.35105982,2.05,,4.05,-3.77,-.28,-1,-.43,.04,-1.18,2.21,2.55,1.85,5.809860734,20.22039675,140.929733,73.96768401999999,-53.93392597,,1199,42.7,,1.110845119,303362,73548,2785,7537,,,,228,,,25644,8424,34068,1350692965,75648945,1426341910,572457941,78367401,650825341,2077167251,40511535114,61872089987,21360554873,19119250404,220,8,149.4210526,.7527298344,8.40945669000e-07,5.50619835300e-07,1.59490238900e-06,1.78186902100e-06,.05127347668,.03357195872,.09724313171,.1086427139,60971.21202,1816135.082,626997.6187,561208.4773,.6547626745,.3452373255,.3090125193,.6866764866,.3133235134,52670.91581,67955.59604,.9649122807,.0350877193,13.38092784,13.97505744,12.27097373,3.508068762,-.2926715055,3.167420814,-34.0165498,12.60052337,3.811896602,.5941295966,-47.39747764,149226.1,149226100,18395030,12.32695219,3.01,51.3,327.9,.07175432194,5.47,6.33,3.33,4.1,132.15,169.1,1.032110092,3.678724709,13249.9,13249.9,1419.6,11830.3,1537.4,5.81,15254.41,124.4
Kalimantan Timur,Kalimantan Timur,2023,2010,55.33,,54.9595714,678860,1022108.324,.7057138223687767,,.0787588024,1847295,5.31,4.79,6.31,65.56999999999999,82.81999999999999,46.86,442091,961948,154295,63649,77.63,18.92,3.45,354868,154128,124353,5830,7751,118658,364685,112540,148164,10446,24282,12966,71738,113037,99131,44519,80199,19.2101424,8.343442709,6.731626513,.3155965885,.4195864764,6.423337908,19.74156808,6.092150956,8.020592271,.5654754655000001,1.314462498,.7018911434999999,3.883407902,6.119055159,5.366278802,2.409956179,4.341428954,46,3485000,5.264016349,4068893,.8564983154,36.76,44.67,16921,575,2231,539280,297979,6999,6258,945,5.745826941,5.109217877,10.4671559,-.41,,3.94,-2.58,-1.36,1,-.4,-.33,-.59,.84,.08,1.69,2.653080481,-3.131938008,75.76563717000001,-8.93832943,-49.00171135,,3082,55.74,,0,556716,169532,7686,12271,,,,287,,,31072,24540,55612,2133366946,161920615,2295287561,2008710846,187402956,2196113802,4491401363,147177728700,229277417166,82099688466,76016664768,264,23,193.7700348,.558728332,3.77856082500e-07,2.42553325500e-07,6.77371632500e-07,7.31576427000e-07,.03051685471,.01958937526,.05470667973,.05908443072,80763.16915,4122804.739,1476294.477,1366911.184,.6419198651,.3580801349,.3315488534,.5110404026000001,.4889595974,68658.82292999999,81854.5577,.9198606271999999,.08013937282,15.66828788,16.15022434,14.81427152,14.223686,2.675258017,1.773049645,19.74332046,11.8227251,11.2475276,.4819364581,4.075032585,537630,537630000,104363860,19.41183714,4.71,51.3,1332.7,.2910363532,.45,6.33,2.52,2.81,132.15,169.1,1.032110092,3.678724709,27937.7,27937.7,5570.8,22366.9,2263.5,5.81,15254.41,124.4
Kalimantan Utara,Kalimantan Utara,2023,1937,48.62,,48.27831598,96681,180997.674,.5839705722465843,,-.003295478518,372270,4.01,4.22,3.64,70.34999999999999,85.18000000000001,53.6,69897,165558,46346,19695,72.69,22.02,5.29,123199,10491,24510,1657,2345,19512,59498,16274,25209,1598,3494,1056,7431,33268,21503,10180,11045,33.09399092,2.818115884,6.583931017999999,.445107046,.6299191447,5.24135708,15.98248583,4.371558278,6.771697961000001,.429258334,.9385660945000001,.2836650818,1.99613184,8.936524565999999,5.776183952999999,2.734574368,2.966932603,43,2599546,8.733993966,3599653,.7221657199,36.93,51.38,4557,1557,1720,94876,79466,853,521,159,5.165770204,-1.060759085,12.76124668,-2.38,,3.23,-2.33,-.9,1,-.32,-.57,.2,2.73,1.51,4.3,5.01476329,18.8549953,92.26730541000001,-13.7512639,-21.06060606,,238,51,,3.7777308,79825,41331,989,660,,,,40,,,9144,1642,10786,510721770,17554005,528275775,91930617,2971855,94902472,623178247,6924941356,10457630485,3532689129,3294979823,28,12,269.65,.8477656220999999,1.55755831600e-06,1.03139999200e-06,3.05319817500e-06,3.27346465800e-06,.08999040063,.05959076943,.1764033642,.1891296094,57776.58511,969555.9508,327525.4153,305486.7257,.6621902893,.3378097107,.3150790064,.8477121555,.1522878445,55853.21194,55986.97747,.7,.3,7.511868966,7.20014586,8.128213177999999,1.6390346,-35.97673176,5.263157895,-28.34570978,68.88893078,58.75327424,-.3117231053,-35.85757874,69831.5,69831500,5879460,8.4194955,1.67,51.3,1272.1,.1875829371,-.21,6.33,2.74,3.05,132.15,169.1,1.032110092,3.678724709,1955.8,1954.5,682.2,1272.3,,5.81,15254.41,124.4
Sulawesi Utara,Sulawesi Utara,2023,38,41.86,,41.58579548,268828,523646.8328,.5490599756951891,,.02625573421,1250948,6.1,5.42,7.32,64.09,80.93000000000001,46.53,396471,489615,95653,75696,71.59,22.36,6.05,285522,40506,140759,6007,2192,87590,225420,88203,81550,8501,18460,3637,17629,96192,63686,28147,56947,22.82444994,3.238024282,11.25218634,.4801958195,.1752271078,7.001889767,18.01993368,7.050892603,6.519055947999999,.6795646182,1.475680844,.2907395032,1.409251224,7.689528262000001,5.091018971,2.250053559,4.55230753,41,3385145,6.926013527,3282230,1.031355207,49.55,58.14,10521,1803,2191,351870,248683,2325,2576,310,7.843598729,11.39157855,2.317994138,1.01,,-.28,.5,-.22,0,-.51,-.66,-.28,1.01,.16,1.74,1.29661069,-2.039282284,-8.234378113,-7.738095238,-47.8648047,,558,40.85,,0,359195,270998,2520,4941,,,,110,,,13025,3121,16146,481199926,23636781,504836707,190858925,24309911,215168836,720005543,26314959813,32750623666,6435663853,6249073976,96,14,146.7818182,.8067013502,6.13567344000e-07,4.92998245300e-07,2.50883209100e-06,2.58374281700e-06,.02736107325,.02198448342,.1118774317,.115217958,44593.43138,2028404.785,398591.8403,387035.4252,.8034949222,.1965050778,.1908077855,.7011566951,.2988433049,36944.33213,61153.13201,.8727272726999999,.1272727273,51.46049793,68.14592387,7.74342402,6.738757841,22.47591595,1.851851852,-2.812043569,-12.02888896,-12.84918589,16.68542593,-54.2725415,102070.5,102070500,10948510,10.72641948,7.01,51.3,203.7,.08159451872,-2.19,6.33,2.6,3.13,132.15,169.1,1.032110092,3.678724709,888.6,888.6,194.4,694.2,1239.7,5.81,15254.41,124.4
Sulawesi Tengah,Sulawesi Tengah,2023,2610,33.9,,33.65643813,263677,524490.291,.5525514512813313,,.001189605369,1547169,2.95,2.62,3.52,69.84999999999999,85.42,53.4,401283,477199,258122,118784,66.08,26.24,7.68,627840,32632,134905,5382,2257,81465,228242,42778,82674,5884,11332,338,13036,119285,81256,29314,48549,40.57992372,2.109142569,8.719474085,.347861158,.1458793448,5.265423493,14.75223457,2.764920962,5.343566217,.3803075165,.7324345304,.02184635292,.8425711735000001,7.709888189,5.251914949,1.894686359,3.137924816,40,2758984.54,1.785165382,2648195,1.041835869,48.24,66.09999999999999,22509,2332,5835,263542,151380,2398,1460,170,-2.468039235,2.270223701,-2.179828251,1.77,,.62,-.68,.06,1,-.05,-.19,.2,-.14,-.41,-.31,1.629911687,14.61387585,46.73723392,43.1641791,-43.14641745,,35,32.13,,6.213969347,229939,103164,1675,2568,,,,120,,,61699,29568,91267,8022800345,657204047,8680004392,2194075966,107569321,2301645287,10981649679,303154518551,387348546719,84194028168,75013023661,75,45,760.5583333,.6760274798,3.01057693100e-07,2.35619833300e-07,1.08400799900e-06,1.21668205800e-06,.03622459507,.02835082195,.1304326437,.1463965741,120324.4292,4244124.894,922502.4178000001,821907.4108,.7826401341,.2173598659,.1936576871,.7904098788,.2095901212,130031.2865,74204.40902000001,.625,.375,19.81437882,24.21707179,6.254184518,5.689298431,65.38370934,27.65957447,41.66671993,-35.75293181,-36.09449271,4.402692967,21.85234111,193181.4,193181400,71086180,36.79763166,25.53,51.3,7244.1,.1248612143,14.74,6.33,2.9,3.33,132.15,169.1,1.032110092,3.678724709,19385.9,19385.9,9163.700000000001,10222.2,833.4,5.81,15254.41,124.4
Sulawesi Selatan,Sulawesi Selatan,2023,766,37.23,,36.99093868,792783,1671992.971,.5166763339177133,,.0158824624,4490983,4.33,4.39,4.25,65.66,82.22,49.62,1068775,1534390,745800,318329,62.33,30.58,7.09,1609771,31083,404871,12818,10842,331868,787203,219872,218697,25450,45137,4711,57110,241929,272251,100489,116881,35.84451333,.6921201884,9.015197786,.2854163554,.2414170795,7.389651664000001,17.52852327,4.895854648999999,4.869691112,.5666910785,1.005058358,.1048990833,1.271659234,5.38699434,6.062169463,2.237572487,2.602570529,41,2989350,6.740389491,2969920,1.006542264,46.11,62.77,66960,5629,12969,847000,279736,7545,5786,1970,3.154433636,6.300036302,.9245325914,.78,,-1.66,.8,.86,0,-.18,-.52,.35,-.52,-.6899999999999999,-.84,3.231475534,16.0766901,34.45614035,52.11693548,-37.44188561,,191,36.45,,.4214676713,729690,208050,4960,9249,,,,504,,,26225,7888,34113,1258410203,121074420,1379484623,450926237,44909402,495835638,1875320261,38374388780,79229740365,40855351585,40301094723,477,27,67.68452381,.7687685047,8.88952269600e-07,4.30558018300e-07,8.34970173500e-07,8.46453433400e-07,.04886905878,.02366939804,.04590145937,.04653273748,54973.77132,2322567.36,1197647.571,1181399.898,.4843432353,.5156567647,.5086611988999999,.7355994876,.2644005124,47985.13643,57166.1051,.9464285714,.05357142857,4.056980271,5.065071952,3.127566809,3.04443158,-18.87707783,8.154506438,-17.61647859,27.12506411,27.02258354,1.008091681,-21.67345886,377207.79,377207790,50444820,13.37321798,4.26,51.3,336.7,.08399225515,1.31,6.33,3.01,3.42,132.15,169.1,1.032110092,3.678724709,2341.5,2341.5,1085.2,1256.3,4066.3,5.81,15254.41,124.4
Sulawesi Tenggara,Sulawesi Tenggara,2023,146,38.16,,37.91088743,320399,515785.824,.6795673153401559,,.09272321155,1351640,3.15,2.68,3.87,70.06999999999999,84.15000000000001,55.64,341905,471475,218403,139524,63.62,26.06,10.32,416507,33657,130838,4436,2619,96965,253499,56497,55199,10372,17272,1573,13148,110742,84865,36627,26824,30.81493593,2.490086118,9.679944363999999,.3281938978,.1937646119,7.17387766,18.75491995,4.179885177,4.083853689,.7673640909999999,1.27785505,.1163771418,.9727442218,8.193157940999999,6.278668876,2.709819183,1.9845521,40,2871794.82,7.201999983,2876321,.9984263996,47.39,61.84,16318,1982,3512,208716,122059,2385,1675,370,1.176641433,2.280887103,.7598405580000001,.55,,.1,-2.28,2.18,0,-.21,-.68,.51,1.25,1.24,.7,1.565329833,22.44711183,113.117874,51.81413113,-15.8714214,,74,37.61,,0,170454,57273,1571,1991,,,,141,,,28393,7847,36240,1005466391,36502827,1041969218,739472349,433902656,1173375006,2215344224,24952415154,57845546441,32893131287,31491383923,138,3,257.0212766,.7834713024,1.45236442100e-06,6.26495940100e-07,1.10174977500e-06,1.15079096200e-06,.08878275751,.03829757622,.06734975168,.07034762999,61129.80751,1596179.538,907647.1106,868967.5475,.4313627702,.5686372298,.5444046406,.4703419029,.5296580971,35412.47459,94236.31311,.9787234043,.02127659574,11.37082518,24.37971945,3.184086917,4.676432315,32.84944463,5.223880597,63.6971795,-22.33005775,-21.20672193,13.00889427,52.32635432,108153,108153000,9404490,8.695542425999999,12.81,51.3,448.3,.08001612855,4.13,6.33,3.05,4.38,132.15,169.1,1.032110092,3.678724709,4298.3,4299.6,1847.7,2451.9,637.5,5.81,15254.41,124.4
Gorontalo,Gorontalo,2023,483,36.27,,36.00080121,122713,229052.6667,.5735914143349943,,.05569008561,631521,3.06,2.79,3.46,70.79000000000001,85.34,56.07,177780,213938,75207,52564,68.88,22.8,8.32,188127,16706,65246,1128,1047,31190,106154,42626,41825,4381,5560,,6966,51177,33055,11887,24446,29.78950819,2.645359378,10.33156459,.1786163881,.1657902113,4.938869808,16.80925892,6.749735954999999,6.622899318,.6937219823,.8804141112999999,,1.103051205,8.103768521000001,5.23418857,1.882281033,3.870971828,41,2371407,7.439022622,2570181,.9226614779,51.72,63.73,3574,306,437,106885,113325,422,564,196,2.811721612,9.053002885,-3.790456697,1.24,,-1.92,-.3,2.22,0,.48,.51,.39,1.88,.04,3.43,.7400146043,19.50736823,74.80872463,-43.04993252,-66.90140845000001,,171,35.03,,1.068234883,89438,64828,741,1704,,,,27,,,4741,1032,5773,315905617,2274836,318180453,58286071,4960,58291031,376471484,1167969226,2790700540,1622731314,1563966612,,,213.8148148,.821236792,4.94276721600e-06,2.06865620900e-06,3.55758217700e-06,3.69125527100e-06,.3223299686,.1349021432,.2319986561,.2407158063,65212.45176,483405.6019,281089.7824,270910.5512,.4185218762,.5814781238,.5604207938,.8451648173,.1548351827,66632.69710999999,56478.75097,0,0,2.261854089,5.324749218,.1653108686,-3.367315502,12.82001173,-6.896551724,189.3685097,-11.21671649,-14.34792195,3.062895129,187.1066556,31643.8,31643800,1338400,4.229580518,.3,51.3,33.8,.05010728068,1.64,6.33,3.14,3.53,132.15,169.1,1.032110092,3.678724709,55.2,55.2,36,19.2,783.9,5.81,15254.41,124.4
Sulawesi Barat,Sulawesi Barat,2023,9,26.65,,26.45892325,111445,198011.3655,.6034328721877792,,.07481306727,743007,2.27,2.36,2.13,71.05,86.28,55.4,168252,184685,150415,77408,51.79,37.79,10.42,358508,6499,45807,2552,2391,45051,113743,20112,25884,1763,3339,,4900,50811,36421,12964,12262,48.2509586,.8746889328999999,6.165083236,.3434691732,.3218004676,6.063334531000001,15.3084695,2.706838563,3.48368185,.2372790566,.4493901134,,.6594823466999999,6.838562759,4.901838071999999,1.744801866,1.650320926,37,2123994,7.544,2367534,.8971334731,52.7,73.34999999999999,8178,1636,2202,108965,44749,420,361,46,1.517279636,16.76729997,-7.918579737,3.9,,.9399999999999999,1.68,-2.62,1,-.07,-.19,.1,-1.95,-1.43,-2.82,1.1549659,29.01220682,-4.916813633,51.07913669,-28.79684418,,34,22.75,,1.282051282,84461,47063,278,507,,,,34,,,2192,393,2585,102920629,2743109,105663738,19825474,2271065,22096539,127760277,14221706617,16215396584,1993689967,1992867795,30,4,76.02941176,.8479690522,1.81764402100e-07,1.59416390900e-07,1.29659076500e-06,1.29712568300e-06,.008983470159,.007878948648,.06408231927,.0641087569,49423.70484,6272880.69,771253.3721,770935.3172,.877049571,.122950429,.1228997259,.8270468761999999,.1729531238,46952.8417,50446.49873,.8823529412,.1176470588,12.43437612,12.20007812,14.13452336,14.12682766,-5.519005848,25.92592593,5.104453,20.80156902,20.79342378,-.234297996,-7.329923118,35402.5,35402500,4102270,11.58751501,14.46,51.3,24.3,.04764759955,3.68,6.33,3.18,4.11,132.15,169.1,1.032110092,3.678724709,472.7,472.7,13.1,459.6,263.2,5.81,15254.41,124.4
Maluku,Maluku,2023,73,34.58,,34.35478087,165650,295055.2332,.5921231358755487,,-.05124321371,853254,6.31,5.74,7.13,63.6,74.34,52.68,246493,279756,145912,88991,64.88,24.69,10.43,269604,12201,94023,2145,1227,36111,141204,58641,36064,2709,6783,671,7540,75240,62617,18628,27846,31.5971563,1.429937627,11.01934477,.251390559,.1438024316,4.23215127,16.54888228,6.872631127000001,4.226642946,.3174904542,.7949567185999999,.07864012357,.8836759042,8.818007299,7.338611949,2.183171717,3.263506529,42,2812827,7.387974731,2865989,.9814507313,52.17,65.42,11093,168,1018,134997,76347,1152,688,123,5.490551948,-.2083184704,25.12391308,-2.12,,6.42,-5.05,-1.37,1,-.57,.71,-2.52,-1.86,-3.99,.21,5.394598745,16.35265118,14.18422745,-34.47098976,-49.18759232,,195,36.7,,.5509422214,116024,66863,1758,1354,,,,38,,,3047,737,3784,106469475,2336642,108806117,37771609,1138366,38909976,147716093,2427198889,5169030872,2741831983,2527264528,,,99.57894736999999,.8052325581000001,1.55899873600e-06,7.32052118400e-07,1.38009915400e-06,1.49727104500e-06,.06085866868,.02857713499,.05387496167,.0584490034,39037.02246,1366022.958,724585.6192,667881.7463,.4695655625,.5304344375,.4889242472,.7365894588,.2634105412,34942.39416,51250.48711,0,0,-1.786513213,6.848636972,-8.343843752,-15.19101507,-10.26796301,0,-62.83820979,2.144294634,-5.486392852,8.635150185000001,-61.05169658,35322.9,35322900,2350160,6.653360851,16.37,51.3,106.3,.04139787215,-.27,6.33,3.38,3.97,132.15,169.1,1.032110092,3.678724709,121.7,121.7,303.3,-181.6,336.2,5.81,15254.41,124.4
Maluku Utara,Maluku Utara,2023,160,33.92,,33.68262754,135321,215289.9008,.679414378454911,,.05730374125,634699,4.31,3.94,4.94,67.77,82.13,52.48,184364,199173,101935,46459,66.73,25.95,7.32,160825,18611,161700,1392,727,30716,69791,34673,18447,2325,3927,,4324,60257,42971,13877,10136,25.33878264,2.932256077,25.47664326,.2193165579,.1145424839,4.839459334,10.9959209,5.462904463,2.906417058,.3663153715,.6187184792,,.6812678136,9.493791544999999,6.770295841,2.186390714,1.596977465,40,2976720,3.999991615,3267084,.9111244155,56.18,66.08,22890,168,2177,113377,51019,1145,879,6,8.50149068,7.80268136,23.7000182,-.45,,5.95,-3.99,-1.96,1,.33,.14,.63,2.89,-.16,5.61,11.19788733,31.04895105,175.064697,-55.51670552,-13.9079334,,8,34.37,,5.169922801,86515,18548,2574,1021,,,,35,,,26821,206,27027,2318320342,1379428,2319699770,6377360,198171,6575531,2326275301,33183745946,80684448842,47500702896,47296448132,14,21,772.2,.9923779924,8.14465010800e-07,3.34971613300e-07,5.68981054000e-07,5.71438259500e-07,.07010285411,.02883176789,.04897349216,.04918498942,86072.27221,2985327.592,1757527.765,1749970.331,.4112780892,.5887219108,.586190385,.9971733651,.00282663492,86436.76007999999,30958.05825,.4,.6,3.773370597,6.631660271,1.865829219,1.437722867,-17.19415423,20.68965517,-43.77541302,23.01767861,22.50067846,2.858289674,-47.54878361,48929.4,48929400,14877800,30.40666757,41.32,51.3,4998.2,.07709071544,11.05,6.33,3.52,3.3,132.15,169.1,1.032110092,3.678724709,10200.1,10200.1,3158.8,7041.3,220.5,5.81,15254.41,124.4
Papua Barat,Papua Barat,2023,15,41.45,,41.14142281,136137,232486.0035,.6159933756855079,,-.01113824772,560883,4.18,3.7,4.94,67.23999999999999,79.20999999999999,53.82,153403,221004,86602,43796,67.15000000000001,25.04,7.81,199599,9623,24920,2671,212,33538,87555,34430,17661,3152,4470,627,7435,71704,31965,14010,17311,35.58656618,1.715687585,4.44299435,.4762133992000001,.03779754423,5.979500181,15.61020748,6.138535131,3.148785041,.561971035,.7969576543,.11178802,1.325588403,12.78412788,5.699049534,2.497847145,3.086383435,41,3282000,2.5625,3540427,.9270068271,38.71,58.55,2693,374,474,104128,172416,660,416,28,15.00456218,18.34597095,3.181146643,1.73,,8.69,-4.21,-4.48,3,-1.19,-2.24,.53,-1.31,-1.67,-.8100000000000001,7.83349349,3.216597445,-31.95278182,-12.58278146,-49.87951807,,124,39.72,,2.086390608,100883,253377,755,830,,,,62,,,3457,1679,5136,165354772,5415945,170770717,94563052,2775079,97338131,268108848,2958136228,5206087613,2247951385,2220869106,,,82.83870967999999,.6730919003,1.73622835600e-06,9.86537373500e-07,2.28474691900e-06,2.31260815200e-06,.0906343817,.05149910411,.1192680811,.1207224898,52201.8785,1013646.342,437685.2385,432412.2091,.5682071544,.4317928456,.4265908051,.636945473,.363054527,47831.86925,56321.05539,0,0,-65.71431139000001,-47.3932053,-76.48912722,-75.84593731,-67.66761095,44.18604651,-67.87142849,-27.28383681,-25.29453158,18.3211061,-2.15711709,40965.9,40965900,16121080,39.35243703,-16.47,51.3,28.8,.07303822722,-9.65,6.33,2.94,3.7,132.15,169.1,1.032110092,3.678724709,3078.7,3078.7,21.8,3056.9,529.1,5.81,15254.41,124.4
Papua Barat Daya,Papua Barat Daya,2023,,,,,,0,,,,,6.58,6.67,6.43,,,,,,,,,,,,,,,,,,,,,,,,,,,,,,,,,,,,,,,,,,,,,,3864696,,3650773,1.058596631,,,,,,,,,,,,,,,,,,,,,,,,,,,,,,,,,,,,,,,,,,,,,,,,,,,,,,,,,,,,,,,,,,,,,,,,,,,,,,,,,,,,,,,,,,,,,,,,24009.1,24009100,4946490,20.60256319,5.46,51.3,93,,,6.33,3.1,2.42,132.15,169.1,,,,,,0,,5.81,15254.41,124.4
Papua,Papua,2023,7,15.57,,15.41119042,245486,381301.0479,.6719531823108843,,-.02817381233,2448947,6.9,6.22,8.119999999999999,77.2,86.64,66.27,499190,365332,858768,107570,58.18,37.43,4.39,1666431,16763,37576,3818,2243,52174,291017,92273,38758,3480,9778,1751,20661,113326,48496,23090,27312,68.04683808999999,.6844982762,1.534373753,.1559037415,.09159038558,2.130466686,11.88335231,3.767864311,1.582639396,.1421018911,.399273647,.07150011821,.8436687278,4.627539918,1.980279688,.9428542145,1.115254842,42,3864696,8.499993824000001,4012358,.9631981992,53.28,84.43000000000001,3278,664,777,146271,98533,922,687,36,26.5758099,23.20071223,37.87009418,-.32,,3.49,-2.03,-1.46,-1,4.07,2.88,6,-.55,1.15,-2.82,1.46612037,5.334754398,18.43335697,3.945885006,-37.9403794,,76,15.89,,1.286205818,138863,83197,887,1107,,,,56,,,24062,17307,41369,1229194719,80491561,1309686280,1207670178,14248079,1221918257,2531604537,4722085853,11452294784,6730208931,6638241816,47,9,738.7321429,.5816432593999999,8.76074711200e-06,3.61228913300e-06,6.14676311300e-06,6.23192121400e-06,.5361199724,.2210565293,.3761554155,.3813667244,61195.6909,276832.7681,162687.2521,160464.1595,.4123266072,.5876733928,.5796429398,.5173344655,.4826655345,51084.47839,69779.29034000001,.8392857143,.1607142857,200.6032717,131.4547138,280.3251388,445.8745716,800.1087903,40,909.4253737,-57.74675874,-39.35460053,-69.14855784,708.822102,49549.8,49549800,1417990,2.861747172,-50.35,51.3,8.300000000000001,.02023310427,-16.87,6.33,3.58,3.83,132.15,169.1,1.032110092,3.678724709,6405.7,6405.7,660,5745.7,987.7,5.81,15254.41,124.4
Papua Selatan,Papua Selatan,2023,,,,,,0,,,,,3.38,3.17,3.75,,,,,,,,,,,,,,,,,,,,,,,,,,,,,,,,,,,,,,,,,,,,,,3864696,,3416347,1.131236376,,,,,,,,,,,,,,,,,,,,,,,,,,,,,,,,,,,,,,,,,,,,,,,,,,,,,,,,,,,,,,,,,,,,,,,,,,,,,,,,,,,,,,,,,,,,,,,,18137.8,18137800,1116650,6.156479838,.8100000000000001,51.3,86.3,,,6.33,4.25,3.09,132.15,169.099999999999,,,,,,0,,5.81,15254.41,124.4
Papua Tengah,Papua Tengah,2023,,,,,,0,,,,,2.13,2.23,1.97,,,,,,,,,,,,,,,,,,,,,,,,,,,,,,,,,,,,,,,,,,,,,,3864696,,5742393,.6730114082999999,,,,,,,,,,,,,,,,,,,,,,,,,,,,,,,,,,,,,,,,,,,,,,,,,,,,,,,,,,,,,,,,,,,,,,,,,,,,,,,,,,,,,,,,,,,,,,,,101066.1,101066100,241690,.2391405229,1.81,51.3,968,,,6.33,5.12,3.66,132.15,169.099999999999,,,,,,0,,5.81,15254.41,124.4
Papua Pegunungan,Papua Pegunungan,2023,,,,,,0,,,,,1.02,1.53,.37,,,,,,,,,,,,,,,,,,,,,,,,,,,,,,,,,,,,,,,,,,,,,,3282000,,4723867,.6947697723,,,,,,,,,,,,,,,,,,,,,,,,,,,,,,,,,,,,,,,,,,,,,,,,,,,,,,,,,,,,,,,,,,,,,,,,,,,,,,,,,,,,,,,,,,,,,,,,13172.5,13172500,113590,.8623268172,2.3,51.3,0,,,6.33,4.87,3.47,132.15,169.099999999999,,,,,,0,,5.81,15254.41,124.4
Aceh,Aceh,2024,486,39.83,,39.57296808,465924,999077.3982000001,.5210529670754879,,.02868124666,2508354,5.75,4.71,7.43,65.11,80.68000000000001,49.62,645318,894197,279264,345908,58.33,27.88,13.79,951092,25771,181345,6090,6385,179387,384194,80200,141645,12924,12018,2116,32837,160335,178845,63526,89644,37.91697663,1.027406817,7.22964143,.2427886973,.2545493977,7.151582273,15.31657812,3.197315849,5.646930218,.5152382798,.479118976,.08435810894,1.309105493,6.392040357999999,7.129974477000001,2.53257714,3.573817731,38,3460672,1.376994703,2624922,1.318390413,45.92,,8164,6885,6201,424544,71992,2701,1944,1323,2.492864717,1.723804497,-1.455596371,-.31,,-2.27,-1.03,3.3,0,-.28,.07,-.88,.34,.11,.57,1.171387496,16.85737171,-25.64346209,42.7589852,-3.714710253,79.02571042,195,40.14,,7.807014774,363301,96820,1892,2019,739,,,,,,,,,,,,,,,,,,,,,,,,,,,,,,,,,,,,,,,,,,,,,,,,,,,,,,,,153780.5,153780500,6559190,4.265293714,,51.9,,.06130733541,1.63,,2.17,2.64,132.18,172.7,.0227014756,2.1289178,697.3,692.3,469.8,222.5,693.8,6.1,15849.92,124.5
Sumatera Utara,Sumatera Utara,2024,761,42.65,,42.35177389,1338303,3294014.746,.4461383269066845,,.04075308385,7723364,5.6,5.42,5.85,71.36,84.25,58.54,1677410,2999749,1171806,673070,66.20999999999999,25.08,8.710000000000001,2562383,46614,706007,22383,35004,467802,1533428,334591,644797,44528,66757,9637,130008,262468,385549,131491,339917,33.1770327,.6035452945000001,9.141185111,.2898089485,.453222197,6.056972066,19.85440541,4.332192552,8.348654808999999,.5765363383,.8643513371,.1247772344,1.683307947,3.398363718,4.991982768,1.702509425,4.401152140000001,42,2809915,3.668005632,2760361,1.017952,46.13,,18042,9312,5868,1615791,622009,17730,10554,15250,2.30248557,5.48319389,1.700202045,1.17,,-.88,-1.1,1.98,1,-.29,-.16,-.48,.3,-.15,.73,5.737298627,16.72639795,7.270118461,8.473539309,-33.80997178,46.80400462,1247,41.48,,7.448000066,1384255,579853,16345,15945,10388,,,,,,,,,,,,,,,,,,,,,,,,,,,,,,,,,,,,,,,,,,,,,,,,,,,,,,,,632534.7,632534700,108101460,17.09020232,,51.9,,.0818988591,2.12,,2.12,2.77,132.18,172.7,.0227014756,2.1289178,10660.6,10660.6,5795.2,4865.4,5138.6,6.1,15849.92,124.5
Sumatera Barat,Sumatera Barat,2024,671,37.45,,37.21057843,506146,1095319.999,.5174221816036892,,.05425133638,2924753,5.75,4.9,6.97,70.28,82.75,57.75,668142,978207,374153,325063,64.01000000000001,24.88,11.11,972401,47762,260570,8580,7703,146117,548991,99651,244274,17529,22359,3537,47872,133779,203869,57410,102349,33.24728618,1.633026789,8.909128395,.2933581058,.2633726677,4.995874865,18.77050814,3.407159511,8.351953138999999,.5993326616,.7644748121,.1209332891,1.63678779,4.574027277,6.970468959,1.962900799,3.499406617,39,2811499,2.516813274,2772393,1.014105504,49.47,,11521,10674,5180,452601,220243,3475,2121,3188,2.805979068,9.053663561,2.985070519,1.64,,-.64,-.66,1.3,0,-.19,-.41,.13,.67,.54,.8100000000000001,.685523278,12.01608712,-8.089238692,-2.987158012,-40.06781577,-13.01500682,465,35.81,,9.151579339,404050,239627,3582,3539,3665,,,,,,,,,,,,,,,,,,,,,,,,,,,,,,,,,,,,,,,,,,,,,,,,,,,,,,,,199420,199420000,17894050,8.973046836,,51.9,,.0681835355,2.67,,.89,1.67,132.18,172.7,.0227014756,2.1289178,2177.6,2177.6,475.6,1702,1518.2,6.1,15849.92,124.5
Riau,Riau,2024,1153,49.93,,49.63480421,672904,1577471.943,.4992988043315342,,-.00935287624,3159367,3.7,3.21,4.62,66.33,84.8,47.05,681879,1347698,345175,288273,63.36,27.52,9.119999999999999,1142134,48899,256671,8442,13194,166402,573829,108281,227449,19008,25287,10301,61961,138345,190374,52364,116426,36.1507226,1.547746748,8.124127396,.2672054244,.4176153008,5.266941130999999,18.16278387,3.427300469,7.199195282,.6016395056,.8003818486000001,.3260463251,1.961183997,4.378883492,6.025700718,1.657420616,3.685105276,40,3294625,3.225982353,3139242,1.04949698,43.33,,7338,6241,2908,730554,304169,5340,3467,4807,5.23036411,9.173875674,11.89832465,2.06,,-1.71,.62,1.09,-1,-.53,-.42,-.78,1.88,1.03,2.78,4.257731548,17.84611612,19.3259476,-22.61991016,-45.89575531,202.1370207,4063,47.87,,8.613000061999999,619922,254906,6901,6408,1591,,,,,,,,,,,,,,,,,,,,,,,,,,,,,,,,,,,,,,,,,,,,,,,,,,,,,,,,571233.6,571233600,182856230,32.01076232,,51.9,,.1808063451,1.51,,1.25,1.94,132.18,172.7,.0227014756,2.1289178,18181,18181,1959,16222,2297.9,6.1,15849.92,124.5
Jambi,Jambi,2024,323,41.65,,41.37406772,334767,763555.7055,.5053994604313832,,.07739053021,1833267,4.48,2.68,7.62,68.87,86.04000000000001,51.17,436009,662381,242481,154465,66.02,25.55,8.43,805191,69166,89248,3199,3844,84989,305101,54674,103439,9034,17419,3122,18767,97680,92464,27365,48565,43.92109824,3.772827417,4.868248868999999,.1744972227,.2096803139,4.635931373,16.64247488,2.982326088,5.642331423,.4927814661000001,.9501616513,.1702970707,1.023691584,5.328192784,5.043673398,1.492690372,2.649095849,40,3037121,3.196971201,2831081,1.072777854,45.86,,6211,2960,2374,326890,207289,2761,1833,1895,1.720225228,4.205629531,1.477715003,1.38,,6.68,-5.85,-.83,2,-.05,-.96,1.57,.12,.77,-.51,6.093473508,8.737883455,-3.36807854,25.10194835,-27.03025478,5.629877369,331,40.27,,11.0983405,300622,214514,2207,2512,1794,,,,,,,,,,,,,,,,,,,,,,,,,,,,,,,,,,,,,,,,,,,,,,,,,,,,,,,,176868.4,176868400,17691810,10.00281,,51.9,,.09647716345,-1.63,,1.43,2.62,132.18,172.7,.0227014756,2.1289178,2340.7,2340.7,51.4,2289.3,1001.3,6.1,15849.92,124.5
Sumatera Selatan,Sumatera Selatan,2024,715,37.66,,37.40320286,713384,1687205.66,.4542461249083878,,.05236877416,4480100,3.86,3.75,4.02,70.81999999999999,85.79000000000001,55.35,988205,1570479,815358,440287,62.3,27.87,9.83,2029165,84301,267439,14626,13997,221979,755936,174791,227472,29229,28371,8646,45724,155412,212572,66199,144241,45.29285061,1.881676748,5.969487288,.3264659271,.3124260619,4.954777795,16.87319479,3.901497734,5.077386665,.6524184728,.6332671146,.1929867637,1.020602219,3.468940425,4.744804803,1.477623267,3.219593313,41,3456874,1.54800283,2886117,1.197759481,45.49,,17730,12239,7282,744097,198806,6634,4404,5578,1.828346242,5.372633613,7.613726802,.63,,-3.32,1.95,1.37,-1,-.25,-.21,-.32,.1,.4,-.19,4.279702522,9.439065535999999,.7010363587,-26.80935569,-52.04703833,53.41034103,188,37.03,,8.260000013000001,679919,197422,9064,9184,3636,,,,,,,,,,,,,,,,,,,,,,,,,,,,,,,,,,,,,,,,,,,,,,,,,,,,,,,,379119.6,379119600,68741770,18.13194834,,51.9,,.08462302181,2.74,,1.2,1.85,132.18,172.7,.0227014756,2.1289178,6723,6723,2097.2,4625.8,3026,6.1,15849.92,124.5
Bengkulu,Bengkulu,2024,109,33.99,,33.74806434,209764,374309.4366,.634182178780577,,.1383002091,1101234,3.11,2.93,3.38,71.70999999999999,85.09999999999999,57.74,228256,330763,190876,110666,61.83,28.12,10.05,489326,12217,55892,2295,4822,51869,172582,30592,50661,6303,7949,2499,15507,71056,67632,22315,37717,44.43433457,1.109391828,5.075397236000001,.2084025738,.4378724231,4.710079783,15.67169194,2.777974527,4.600384659,.5723579185,.7218266054,.2269272471,1.408147587,6.452397946,6.141474018999999,2.026363153,3.424975981,39,2507079,3.671990009,2839093,.8830563141,48.42,,3387,1277,1001,174398,87589,667,441,292,2.956110376,6.677782866,6.591761973,1.76,,-1.58,.84,.74,1,-.31,-.13,-.61,.8,.11,1.52,3.588783151,28.76402835,2.677451498,-42.35090752,-65.62743570000001,-83.17972349999999,25,32.23,,8.050853317,135440,85305,1157,1283,1736,,,,,,,,,,,,,,,,,,,,,,,,,,,,,,,,,,,,,,,,,,,,,,,,,,,,,,,,54454.7,54454700,2959000,5.433874395,,51.9,,.04944880016,3.14,,.84,1.51,132.18,172.7,.0227014756,2.1289178,194.4,5588.3,2.1,5586.2,528,6.1,15849.92,124.5
Lampung,Lampung,2024,143,30.86,,30.65044319,608221,1477449.965,.4557918867049303,,.0475817178,4787589,4.19,3.62,5.12,70.41,85.61,54.58,1012029,1334427,840343,461017,60.5,29.87,9.630000000000001,1942346,42379,415003,9866,17098,251326,939789,195598,254298,26012,39209,5457,44703,149616,206299,57603,190987,40.57044161,.8851845887000001,8.668308829000001,.206074498,.3571317421,5.249531654,19.62969252,4.085521961,5.311608829,.5433214922999999,.8189717204,.1139822153,.9337267672999999,3.125080286,4.309037388,1.203173455,3.989210436,40,2726104,3.524852967,2517788,1.082737705,54.92,,31259,9539,7716,710444,148208,6035,3129,4839,1.914379463,6.583115416,4.782882473,1.53,,-2.35,1.23,1.12,0,-.04,.28,-.65,.37,-1.69,2.57,3.846093565,25.87753569,-12.04116394,23.54145343,-47.73676299,66.57487091,75,29.33,,7.900000073,564393,168497,4885,5987,2905,,,,,,,,,,,,,,,,,,,,,,,,,,,,,,,,,,,,,,,,,,,,,,,,,,,,,,,,281557.2,281557200,51493880,18.28895869,,51.9,,.05880981012,1.61,,1.57,3.05,132.18,172.7,.0227014756,2.1289178,5588.3,194.4,2104,-1909.6,1691.3,6.1,15849.92,124.5
Bangka Belitung,Bangka Belitung,2024,1908,48.86,,48.5079689,155748,374308.6424,.4588894585182173,,.09089039051,766084,4.63,3.96,5.84,68.87,86.2,50.57,210040,339402,75946,56786,70.54000000000001,22.05,7.41,190833,117204,61247,2971,2923,34299,135400,13850,52647,8110,7866,1335,9997,47574,35322,13820,30686,24.91019262,15.29910558,7.99481519,.3878164797,.3815508482,4.477185270000001,17.67430203,1.80789574,6.872222889,1.058630646,1.026780353,.1742628746,1.304948282,6.210023966,4.61072154,1.80397972,4.005565969,41,3640000,4.045215078,3264692,1.114959696,44.76,,1647,1311,678,145963,38625,2025,1660,2152,2.169735201,2.915206132,16.82023042,-.07,,-1.81,-.25,2.06,0,.07,.71,-1.06,.53,.82,.26,1.332972453,23.07997167,-56.60161122,188.0512091,69.21508665,691.1764706,207,48.93,,7.154771808,118592,89001,703,981,272,,,,,,,,,,,,,,,,,,,,,,,,,,,,,,,,,,,,,,,,,,,,,,,,,,,,,,,,60801.9,60801900,12223710,20.10415793,,51.9,,.07936714512,2.61,,.75,1.33,132.18,172.7,.0227014756,2.1289178,1701.2,1701.2,12.9,1688.3,300.9,6.1,15849.92,124.5
Kepulauan Riau,Kepulauan Riau,2024,654,68.45,,68.03174104,440547,718100.0514999999,.6544870290201718,,.05106172477,1049087,6.39,6.02,7,69.17,85.73,52.15,182722,673118,60529,41054,82.28,13.81,3.91,74235,11882,248072,6966,3704,84255,174014,67739,113512,7335,13780,6968,30996,60432,69753,20212,55232,7.076152883000001,1.132603874,23.64646593,.6640059404,.3530689066,8.031269094000001,16.58718486,6.456947803,10.82007498,.6991793817,1.313523092,.6641965824,2.954569068,5.760437409,6.648924254999999,1.92662763,5.264768318,44,3402492,3.760009319,4911036,.6928257093,28.63,,7837,8745,4696,344393,120620,3245,1904,4072,2.916645411,5.55915373,-3.706708665,2.12,,1.3,-.41,-.89,-1,6.39,.07,-1.23,.49,.8100000000000001,.2,5.589675637,16.92849358,6.628242075,-19.49888365,-50.90252708,-12.48656781,683,66.33,,7.508494603,294533,113122,4031,3878,4653,,,,,,,,,,,,,,,,,,,,,,,,,,,,,,,,,,,,,,,,,,,,,,,,,,,,,,,,209939.1,209939100,87616700,41.73434105,,51.9,,.2001160056,-1.37,,2.09,2.75,132.18,172.7,.0227014756,2.1289178,19325.5,19004.4,17342.1,1662.3,1978.4,6.1,15849.92,124.5
DKI Jakarta,DKI Jakarta,2024,17085,63.69,,63.273256,1933348,3253141.898,.6318673794512404,,.06985262351,5107775,6.21,6.23,6.17,65.09999999999999,79.95,50.24,1173975,3059737,283914,203223,82.15000000000001,13.87,3.98,22000,9763,571665,8557,26822,241346,1177588,604685,649129,132167,169879,142610,233513,251421,266855,129466,470309,.4307159184,.1911399778,11.19205525,.1675289143,.5251210165,4.725071093,23.0548135,11.83852069,12.70864515,2.587565036,3.325890432,2.792018051,4.571716648,4.922319405000001,5.2244862,2.534684868,9.207707856999999,44,5067381,3.378009089,5806940,.8726422178,36.14,,35030,61030,25984,1742826,585925,19662,12897,21059,.6907119372,.3675210339,-.3639222182,-.08,,-2.11,1.09,1.02,0,-.32,-1.53,1.62,-.11,-.3,.12,4.958153672,3.443658532,12.88803003,-4.622847441,-48.38929129,35.14953151,2413,63.77,,5.6,1684807,519032,20615,24989,15582,,,,,,,,,,,,,,,,,,,,,,,,,,,,,,,,,,,,,,,,,,,,,,,,,,,,,,,,2151198.8,2151198800,235645990,10.95417076,,51.9,,.4211616213,2.04,,1.48,2.25,132.18,172.7,.0227014756,2.1289178,13770.6,13769.6,109998.8,-96229.2,69824,6.1,15849.92,124.5
Jawa Barat,Jawa Barat,2024,10661,45.61,,45.31083606,5777853,11136643.87,.5588617926126999,,-.05590006686,24417110,6.75,7.12,6.13,67.70999999999999,84.51000000000001,50.59,5277180,10338608,2217666,1886634,72.76000000000001,19.51,7.73,3660646,136281,4576000,70061,132727,1873033,5483870,1247857,2392397,258580,334938,156267,522517,571635,1127519,384456,1488326,14.99213461,.5581373062,18.74095665,.2869340393,.5435819391000001,7.670985633000001,22.45912805,5.11058434,9.798035066000001,1.059011488,1.37173482,.6399897449,2.13996251,2.341124728,4.617741412,1.574535234,6.095422431,42,2057495,3.565001935,3774498,.5451042761,48.7,,296636,148663,74952,5119031,1482391,46884,33219,63998,3.886690029,5.844054131,3.665971405,.76,,-1.58,.17,1.41,0,-.6899999999999999,-.97,-.12,1.22,-.12,2.61,2.728784977,17.03614335,10.35040038,-20.19608844,-57.94371226,-18.35219372,19217,44.85,,7.884000026,4373889,1343349,58749,78987,78383,,,,,,,,,,,,,,,,,,,,,,,,,,,,,,,,,,,,,,,,,,,,,,,,,,,,,,,,1752124.2,1752124200,741041460,42.29388876,,51.9,,.07175804999,4.19,,1.64,2.39,132.18,172.7,.0227014756,2.1289178,37884.8,37884.8,5236.9,32647.9,18330.1,6.1,15849.92,124.5
Jawa Tengah,Jawa Tengah,2024,13130,40.36,,40.08533178,3666192,8419658.215,.4698816027019468,,.03634900936,20861393,4.78,4.83,4.71,73.73999999999999,85.66,61.82,4539388,7802374,2672660,1559730,70.78,21.74,7.48,5327955,125095,4360982,33662,75475,1764098,3766358,647465,1716105,114719,249698,29671,248666,414523,787115,251824,947982,25.53978538,.5996483552,20.904558,.1613602697,.3617927144,8.456280939999999,18.05420185,3.103651803,8.226224394999999,.5499105453000001,1.196938287,.1422292366,1.19199135,1.987034135,3.773070188,1.207129361,4.544193190000001,42,2036947,4.023007322,2405447,.8468060198,48.73,,179414,131741,65325,4412360,872958,29272,19972,33392,4.365018041,6.492554272,16.99020712,.75,,.29,-1.37,1.08,0,-.35,-.6,.02,2.02,1.14,2.9,3.623030451,22.60785527,13.05564082,-8.724664796000001,-48.80155861,37.40432886,9435,39.61,,8.011000148999999,3598758,772149,32070,39009,24302,,,,,,,,,,,,,,,,,,,,,,,,,,,,,,,,,,,,,,,,,,,,,,,,,,,,,,,,1156998.9,1156998900,373837730,32.31098405,,51.9,,.05546124844,1.02,,1.67,2.59,132.18,172.7,.0227014756,2.1289178,11424.7,11365.2,15208.1,-3842.9,17552,6.1,15849.92,124.5
DI Yogyakarta,DI Yogyakarta,2024,2699,46.88,,46.53823076,498329,1023282.107,.5260863690012436,,.05828043004,2182769,3.48,4.06,2.78,74.78,83.27,66.59,454282,947238,294481,121124,69.08,25.37,5.55,423637,5611,373479,3267,8236,138580,430550,86081,227695,21458,28211,5923,62708,74966,131777,37339,123251,19.40823788,.2570588092,17.11033096,.1496722741,.3773189009,6.348816572,19.7249457,3.943660552,10.43147488,.9830632559,1.292440932,.2713525801,2.872864696,3.434444964,6.037148228,1.710625357,5.64654345,41,2125898,7.272019911,2829890,.7512299065,42.88,,11376,24313,9141,435353,94952,2817,1798,2725,2.012375509,3.276205886,8.688238398999999,.66,,1.88,-1.81,-.07,1,-.21,.01,-.46,.7,-.49,1.84,4.593766782,10.15626977,-6.836734694,-10.74144487,-56.42268541,40.03083248,928,46.22,,7.652000198,395214,101920,3156,4126,1946,,,,,,,,,,,,,,,,,,,,,,,,,,,,,,,,,,,,,,,,,,,,,,,,,,,,,,,,124590.4,124590400,13950280,11.19691405,,51.9,,.05707905876,.5600000000000001,,1.28,2.3,132.18,172.7,.0227014756,2.1289178,546.9,546.9,23.9,523,1635.8,6.1,15849.92,124.5
Jawa Timur,Jawa Timur,2024,5327,38.51,,38.24655358,4219487,8996363.460999999,.5104353163535293,,.05052170922,23361110,4.19,4.46,3.8,73.45,86.52,60.64,4743683,8266448,3354702,1648862,66.37,26.57,7.06,7350485,117921,3543790,45643,92967,1525938,4353436,754594,1860332,109346,232327,45549,368539,463138,1130792,330900,1035413,31.46462219,.5047748159000001,15.16961309,.1953802709,.3979562615,6.531958456000001,18.63539875,3.230129048,7.963371603,.4680685122,.9945032577999999,.1949778927,1.577574867,1.982517098,4.840489172,1.416456667,4.432208059,42,2165244.3,6.126717276,2713383,.7979869778999999,48.52,,76620,64669,28001,3938403,1055868,26896,16371,24299,2.897977671,8.156488436,4.836370421,1.62,,-.87,-.45,1.32,0,-.6899999999999999,-.48,-1,.89,.62,1.18,2.234871149,19.30776466,1.87557469,-2.656532754,-44.39009477,.2475349643,2498,36.89,,7.860000231,3301045,1036429,27630,29439,24239,,,,,,,,,,,,,,,,,,,,,,,,,,,,,,,,,,,,,,,,,,,,,,,,,,,,,,,,1935810.2,1935810200,588598820,30.40581251,,51.9,,.08286464984,2.96,,1.51,2.62,132.18,172.7,.0227014756,2.1289178,25984.6,25719,30426.8,-4707.8,16759.4,6.1,15849.92,124.5
Banten,Banten,2024,13042,53.79,,53.44069275,2105789,3118702.782,.7038991765626891,,-.01157360246,5797923,6.68,6.38,7.2,66.17,82.95,48.9,1171097,2991606,486279,392678,77.83,15.4,6.77,772067,48821,1248185,16367,30343,402320,1209364,376177,485215,46509,99132,70343,151884,135867,305649,79026,320654,13.3162686,.8420429178000001,21.52814034,.2822907445,.5233425832,6.939036616999999,20.85857298,6.488133768,8.368772748,.8021665690000001,1.709784694,1.213244812,2.619627753,2.343373653,5.271698158,1.363005338,5.530497732,43,2727812,2.499995763,4392768,.6209779345999999,39.28,,40044,34045,11422,1592129,732981,21446,16134,48207,5.098505326,6.361103684,15.25984954,.1,,-.46,-1.2,1.66,0,-.84,-.72,-1.08,1.73,.79,2.74,.3359937214,9.88816748,25.92920293,-28.95617319,-44.69543756,-4.952779037,11140,53.69,,6.400000038,1448863,582058,30187,29173,50719,,,,,,,,,,,,,,,,,,,,,,,,,,,,,,,,,,,,,,,,,,,,,,,,,,,,,,,,531735.2,531735199.9999999,178397540,33.55007154,,51.9,,.0917113249,1.98,,1.88,2.56,132.18,172.7,.0227014756,2.1289178,12229.4,12229.4,15014.1,-2784.7,4160.4,6.1,15849.92,124.5
Bali,Bali,2024,73,49.32,,48.95455042,711079,1314585.637,.5786102366016975,,.06483940004,2665421,1.79,1.94,1.62,77.11,83.77,70.48999999999999,490709,1228943,344518,62582,74.48,23.17,2.35,480420,4238,385901,3642,9853,200275,538267,107848,381510,17806,74204,5056,48496,114961,115856,50471,126617,18.02416954,.1589992725,14.47805056,.1366388274,.3696601775,7.513822394,20.19444583,4.046190077,14.31331111,.6680370568,2.783950453,.1896886083,1.819449911,4.313052235,4.34663042,1.893547023,4.75035651,43,2813672,3.685033036,3403265,.8267566587,41.71,,8356,6860,1822,615055,350541,2072,1114,713,1.818500613,5.452010245,-1.384269251,1.67,,.59,-.37,-.22,0,-.9,-1.21,-.53,.03,.22,-.14,.6632966955,11.55436655,30.93078848,-11.41513467,-48.71086556,49.78991597,145,47.65,,7.814999855,551350,267730,2339,2172,476,,,,,,,,,,,,,,,,,,,,,,,,,,,,,,,,,,,,,,,,,,,,,,,,,,,,,,,,168198.7,168198700,11022250,6.553112479,,51.9,,.06310398995,-.29,,2.34,2.97,132.18,172.7,.0227014756,2.1289178,632.9,632.9,156.8,476.1,1549.9,6.1,15849.92,124.5
Nusa Tenggara Barat,Nusa Tenggara Barat,2024,205,29.49,,29.29709454,496717,915826.4001,.5889703746302016,,.06112400659,3105549,2.73,2.83,2.6,77.23,86.47,68.04000000000001,605418,843365,546191,472913,59.46,25.31,15.23,1122821,44512,315835,6561,11599,193835,586653,83394,177575,15689,36843,2944,32071,121797,177010,59128,117282,36.15531425,1.433305351,10.17002147,.2112669934,.3734927383,6.241569526,18.89047637,2.685322305,5.717990603,.5051924797,1.186360286,.09479805342,1.032699854,3.921915256,5.699797363,1.903946774,3.776530333,39,3361653,3.381315611,2365102,1.421356457,55.77,,36463,22859,1927,465695,209194,2774,1134,385,7.347677932,15.05033832,20.38779527,1.79,,-2.58,.18,2.4,1,-.07,-.46,.46,3.92,2.29,5.5,.8718104664,37.91668641,4.442425211,-3.176265271,-41.60659114,82.46445498,90,27.7,,7.788699914,337664,200296,2865,1942,211,,,,,,,,,,,,,,,,,,,,,,,,,,,,,,,,,,,,,,,,,,,,,,,,,,,,,,,,109415.2,109415200,4839220,4.422804144,,51.9,,.03523216024,3.6,,1.28,2.25,132.18,172.7,.0227014756,2.1289178,2563.7,2563.7,919.2,1644.5,1132.1,6.1,15849.92,124.5
Nusa Tenggara Timur,Nusa Tenggara Timur,2024,27,26.68,,26.49814495,516057,806926.4616,.6803095857688627,,.07870118193,3024462,3.02,2.91,3.16,77.5,84.7,70.40000000000001,697371,758562,787201,450670,49.66,35.44,14.9,1509501,17473,276822,7187,7572,117691,362357,128272,44308,7551,26558,1300,20327,161090,202791,65923,67739,49.90973601,.5777225833999999,9.152768326999999,.2376290395,.2503585762,3.891303643,11.98087462,4.241150988,1.464987823,.2496642378,.8781065856,.04298285116,.6720864736,5.326236534,6.705027208,2.179660383,2.239704119,39,2702616,3.604009313,2370111,1.140290898,49.69,,8679,3345,2599,472976,144916,2205,869,251,4.403360695,8.599488901000001,10.33537876,1.19,,-2.54,-1.63,4.17,-1,-.12,-.04,-.2,1.78,1.67,1.88,1.293244741,30.42900359,-6.929726536,23.9460371,-40.15151515,83.21167883,108,25.49,,7.1590002,362631,155706,1779,1452,137,,,,,,,,,,,,,,,,,,,,,,,,,,,,,,,,,,,,,,,,,,,,,,,,,,,,,,,,78161.60000000001,78161600,1005910,1.286961884,,51.9,,.02584314169,-1.91,,1.19,2.12,132.18,172.7,.0227014756,2.1289178,84.8,84.8,82.3,2.5,1284,6.1,15849.92,124.5
Kalimantan Barat,Kalimantan Barat,2024,786,43.98,,43.71853715,543547,1259376.536,.4677644770699048,,.0506230829,2863521,4.86,5.07,4.5,70.44,86.05,53.95,641195,1162010,387328,236179,62.92,28.83,8.25,1318123,77480,145012,5874,4817,176890,408815,80823,180560,12060,31556,4153,22228,121715,133733,46618,93064,46.03154648,2.705759797,5.064115123,.2051320734,.1682194753,6.17735997,14.27665451,2.822504183,6.305523864,.4211598239,1.10199995,.1450312395,.7762471447,4.250536315000001,4.670229413,1.627995744,3.249984896,41,3261616,2.533878359,2904061,1.123122414,39.49,,5937,5985,2979,526621,189908,5308,2524,2373,3.180836287,12.76559611,-11.21685772,3.67,,-2.84,1.37,1.47,0,-.19,-.02,-.48,1.02,1.2,.84,3.842001849,24.09623791,23.64768081,-7.558342041,-48.67832452,-25.21273243,459,40.31,,8.845015733,424365,153588,5742,4918,3173,,,,,,,,,,,,,,,,,,,,,,,,,,,,,,,,,,,,,,,,,,,,,,,,,,,,,,,,162574.5,162574500,25034600,15.39884791,,51.9,,.05677433481,-.64,,1.71,2.24,132.18,172.7,.0227014756,2.1289178,2112.3,2112.3,706.6,1405.7,1598,6.1,15849.92,124.5
Kalimantan Tengah,Kalimantan Tengah,2024,825,50.67,,50.33519461,361047,710532.7425000001,.550856844687746,,-.007015995884,1402275,4.01,3.3,5.35,68.70999999999999,86.5,49.6,338458,655428,131085,82601,72.13,21.98,5.89,493439,136447,72659,4026,3701,70805,223586,36413,80532,6507,11901,2825,19213,92897,78098,23250,45976,35.18846161,9.730402381999999,5.18150862,.2871048831,.2639282594,5.049294896,15.94451873,2.596708919,5.742953415000001,.4640316628,.8486923036,.2014583445,1.370130681,6.624734806,5.569378332,1.658020003,3.278672158,42,3282812,4.216993413,3384610,.9699232703,42.29,,12015,4762,2875,326584,124891,2663,1759,731,3.881840911,8.553210166,-8.802187328,2.53,,1.7,-1.48,-.22,0,-.09,-.48,.64,1.53,1.65,1.47,1.84004186,18.2589803,15.06449235,-6.985679357,-12.26932668,-29.02912621,405,48.14,,8.377999837000001,276160,108540,2863,2005,1030,,,,,,,,,,,,,,,,,,,,,,,,,,,,,,,,,,,,,,,,,,,,,,,,,,,,,,,,118682.3,118682300,17829340,15.0227456,,51.9,,.08463553868,1.67,,1.03,1.56,132.18,172.7,.0227014756,2.1289178,4023.5,4023.5,56.5,3967,794.5,6.1,15849.92,124.5
Kalimantan Selatan,Kalimantan Selatan,2024,864,46.44,,46.14640474,497424,988835.7744,.5388012413277657,,.01905927689,2129276,4.2,4.55,3.65,70.22,84.70999999999999,55.52,507614,923205,281925,162023,65.12,27.27,7.61,621668,96183,163201,4964,5979,108830,412546,86484,182198,12928,12234,4146,37306,115328,130697,38764,95820,29.19621505,4.517169216,7.664624032000001,.2331308858,.2807996709,5.111126975,19.37494247,4.061662274,8.556805224,.6071547324,.5745614941,.1947140718,1.752050932,5.416301128,6.138095766,1.820524911,4.500121168,42,3360858,4.981012991,3239646,1.037415199,41.19,,6817,4684,2782,450288,254013,4509,2384,1333,2.384740737,5.620315784,17.47951896,1.69,,1.09,-2.22,1.13,2,-.11,-.36,.31,.46,-.8100000000000001,1.77,5.63314426,23.4670403,43.3490031,-6.93498452,-31.33640553,-17.41016109,2284,44.75,,6.199999979,364703,177199,4845,3472,1614,,,,,,,,,,,,,,,,,,,,,,,,,,,,,,,,,,,,,,,,,,,,,,,,,,,,,,,,156770,156770000,19284690,12.301263,,51.9,,.07362596488,.5600000000000001,,1.95,2.59,132.18,172.7,.0227014756,2.1289178,11661,11661,2060.2,9600.799999999999,1573.8,6.1,15849.92,124.5
Kalimantan Timur,Kalimantan Timur,2024,699,57.68,,57.3095714,703665,1140014.63,.6609926373199018,,.03403761735,1976447,5.14,4.72,5.91,67.06999999999999,83.75,49.07,445260,1064558,179449,91044,75.44,19.95,4.61,352381,168391,138773,10007,5526,147736,383988,126036,163467,13651,21604,12898,64380,121846,118148,40837,86778,17.82901338,8.519884419,7.021336773000001,.5063125902,.2795926225,7.474827304,19.42819615,6.376897534,8.270750493,.6906838382,1.093072569,.6525851692,3.257360304,6.164900956,5.977797532999999,2.066182397,4.390605971,45,3545000,1.721664275,4400771,.8055406655,35.89,,4949,4551,1971,609182,379666,9532,4955,2968,6.991411767,10.66689676,16.30253735,2.35,,-2.19,1.03,1.16,-1,-.17,-.07,-.4,1.5,.93,2.21,8.156469094,12.96209761,27.4136768,36.19088441,-20.82134867,214.0740741,2010,55.33,,5.264016349,539280,297979,6999,6258,945,,,,,,,,,,,,,,,,,,,,,,,,,,,,,,,,,,,,,,,,,,,,,,,,,,,,,,,,570824,570824000,104526590,18.31152685,,51.9,,.2888132088,2.6,,1.47,2.14,132.18,172.7,.0227014756,2.1289178,25460.9,25460.9,4998.2,20462.7,2096,6.1,15849.92,124.5
Kalimantan Utara,Kalimantan Utara,2024,1413,49.59,,49.24831598,107950,187629.2199,.6165224592364145,,.02925640847,378361,3.9,4,3.7,70.34999999999999,86.51000000000001,52.14,78697,175095,48092,25453,70.37,22.9,6.73,120683,12125,27192,1447,2462,17963,64547,14262,25959,1123,1539,1761,6159,33406,21477,10968,15288,31.89625781,3.204611469,7.186787222,.3824389934,.6507013144,4.747582335000001,17.05963352,3.769415981,6.860907969,.296806489,.4067543959,.4654285193,1.627810477,8.829134080999999,5.676324991,2.898818853,4.040585578,43,2736698,5.275998194,3748909,.7299985141999999,37.64,,2405,1652,1231,69647,77032,340,195,52,1.636178043,5.760518972,3.76731541,.97,,-2.32,.88,1.44,0,-.11,-.22,.06,0,1.33,-1.46,4.146399667,-26.59155108,-3.062945159,-60.14067995,-62.57197697,-67.29559748,1937,48.62,,8.733993966,94876,79466,853,521,159,,,,,,,,,,,,,,,,,,,,,,,,,,,,,,,,,,,,,,,,,,,,,,,,,,,,,,,,73134.39999999999,73134400,6188510,8.461831914999999,,51.9,,.1932926491,-.76,,1.29,1.87,132.18,172.7,.0227014756,2.1289178,1571.9,1586.2,914.3,671.9,,6.1,15849.92,124.5
Sulawesi Utara,Sulawesi Utara,2024,126,44.53,,44.25579548,333361,581487.8802,.6173351851851852,,.0945309437,1305834,5.85,5.29,6.81,66.06999999999999,81.91,49.59,357806,540000,114405,86468,71.56999999999999,21.81,6.62,330661,42241,125389,3248,1865,79978,232790,92973,78560,10617,18834,4274,16025,108062,70328,32088,57901,25.32182498,3.234790946,9.602215901999999,.2487299305,.1428206035,6.12466822,17.82692134,7.11981768,6.016078612999999,.8130436180999999,1.442296647,.3273004072,1.227185079,8.275324428999999,5.385676893,2.457280175,4.434024539,41,3434298,1.452020519,3453051,.9945691506,46.03,,2515,2266,1278,404214,169111,2902,1328,581,4.38755248,10.29073864,19.60419433,2.67,,-.02,-.55,.57,0,-.25,-.13,-.51,1.98,.98,3.06,5.204418947,14.8759485,-31.9973621,24.8172043,-48.44720497,87.41935484,38,41.86,,6.926013527,351870,248683,2325,2576,310,,,,,,,,,,,,,,,,,,,,,,,,,,,,,,,,,,,,,,,,,,,,,,,,,,,,,,,,107575,107575000,11410760,10.60726005,,51.9,,.08238030255,2.89,,.44,1.52,132.18,172.7,.0227014756,2.1289178,839.5,837.4,225.2,612.2,1144.9,6.1,15849.92,124.5
Sulawesi Tengah,Sulawesi Tengah,2024,2055,34.57,,34.32643813,329871,552655.3792,.6596140348772338,,.108252189,1598656,2.94,2.6,3.5,71.09999999999999,85.94,55.47,386658,500097,269066,142237,67.81,23.29,8.9,648910,33260,135159,7158,3135,86992,242156,42934,82407,6452,11837,1274,18252,114831,83794,30098,50007,40.59097142,2.080497618,8.454539313,.4477511109,.1961022259,5.44157092,15.14747388,2.68563093,5.154767505,.4035890148,.740434465,.07969194123,1.141709036,7.182971196,5.241527883,1.882706473,3.128065075,41,2885964,4.602398388,2863721,1.007767167,47.86,,11196,13818,6454,321716,140619,8346,1685,687,3.327820038,4.798417432,4.239855572,.67,,1.73,-2.95,1.22,1,-.01,-.02,-.02,1.25,.52,2.07,8.138600065,22.07390093,-7.108600872,248.0400334,15.4109589,304.1176471,2610,33.9,,1.785165382,263542,151380,2398,1460,170,,,,,,,,,,,,,,,,,,,,,,,,,,,,,,,,,,,,,,,,,,,,,,,,,,,,,,,,212281.5,212281500,84675780,39.88844058,,51.9,,.132787479,.96,,1.29,1.95,132.18,172.7,.0227014756,2.1289178,21337.2,21337.2,10796.4,10540.8,868,6.1,15849.92,124.5
Sulawesi Selatan,Sulawesi Selatan,2024,482,39.5,,39.26093868,888984,1848966.56,.5297319651026083,,.02893809358,4680928,4.19,3.76,4.85,67.38,82.52,52.68,1021034,1678177,777763,371300,63.07,29,7.93,1656816,33173,399615,14935,10311,323767,850605,219864,235267,31750,51208,9214,69781,250413,277546,112062,134601,35.39503278,.7086842609,8.537089226999999,.3190606649,.220276834,6.916726769,18.17171723,4.697017344,5.026076026,.678284306,1.09397111,.1968413101,1.490751407,5.349644344,5.929294362,2.394012469,2.875519555,41,3025100,1.195912155,2992571,1.010869918,44.11,,22471,7908,4266,983493,334857,9454,4786,2110,4.229474928,9.370955233,4.285733441,2.27,,.74,-1.58,.84,0,-.14,-.63,.6,1.72,.3,3.06,.7626804762,16.11487603,19.7046501,25.30152419,-17.28309713,7.106598985,766,37.23,,6.740389491,847000,279736,7545,5786,1970,,,,,,,,,,,,,,,,,,,,,,,,,,,,,,,,,,,,,,,,,,,,,,,,,,,,,,,,396141.74,396141740,52887140,13.35055983,,51.9,,.08462888983,6.35,,1.23,1.89,132.18,172.7,.0227014756,2.1289178,2059.3,2059.3,1109.5,949.8,4753.4,6.1,15849.92,124.5
Sulawesi Tenggara,Sulawesi Tenggara,2024,1168,38.08,,37.83088743,329859,544882.5312,.6644020343421119,,.07755793055,1430889,3.09,2.52,3.9,72.81,85.03,60.3,334074,496475,273711,123190,63.14,28.25,8.609999999999999,479731,32440,135465,6340,3710,88664,269444,50273,56676,5594,14536,1985,14037,114948,85253,40720,31073,33.52677951,2.267122048,9.467191375000001,.4430811894,.2592793711,6.196427536,18.83053123,3.513410195000001,3.960894241,.3909457687,1.015871951,.1387249465,.9809985260999999,8.033327533,5.958044265,2.845783286,2.171587034,40,2914958,1.503003616,2954690,.986552904,46.46,,8230,3482,2342,280585,100032,4345,2289,845,5.863173626,5.302508086,25.32382797,-.08,,-.48,2.19,-1.71,0,-.06,-.16,.03,2.74,.88,4.66,2.724626354,34.43387186,-18.04619078,82.1802935,36.65671642,128.3783784,146,38.16,,7.201999983,208716,122059,2385,1675,370,,,,,,,,,,,,,,,,,,,,,,,,,,,,,,,,,,,,,,,,,,,,,,,,,,,,,,,,113989.5,113989500,10625130,9.321148000000001,,51.9,,.07966341205,.76,,1.05,1.63,132.18,172.7,.0227014756,2.1289178,3858.3,3858.3,1737.7,2120.6,647.7,6.1,15849.92,124.5
Gorontalo,Gorontalo,2024,87,38.55,,38.28080121,125325,243706.932,.557738693914607,,.03983736519,632184,3.13,2.63,3.9,69.95,84.5,55.23,170080,224702,77150,53686,70.62,20.89,8.49,190768,18637,58062,1560,1360,34837,109741,37603,40790,5114,8339,,7359,49247,33655,8889,26156,30.17922315,2.948346588,9.185324869,.2467897557,.2151500434,5.511163281,17.36086832,5.948740502000001,6.452919317,.8090274426999999,1.319217803,,1.164183213,7.79080455,5.324172582,1.406227012,4.13784157,42,2444067,3.064003775,2605876,.9379061014,51.17,,1797,1257,221,123230,132629,505,250,167,.1049846323,5.031364227,2.583536107,2.28,,1.74,-1.91,.17,1,.07,-.16,.44,-.84,-.84,-.84,1.388812695,15.29213641,17.03419369,19.66824645,-55.67375887,-14.79591837,483,36.27,,7.439022622,106885,113325,422,564,196,,,,,,,,,,,,,,,,,,,,,,,,,,,,,,,,,,,,,,,,,,,,,,,,,,,,,,,,32951.9,32951900,1381610,4.192808305,,51.9,,.05212390696,-.44,,-.79,2.94,132.18,172.7,.0227014756,2.1289178,60.1,60.1,27.7,32.4,744.7,6.1,15849.92,124.5
Sulawesi Barat,Sulawesi Barat,2024,14,27.92,,27.72892325,121052,211495.9544,.6126516420614716,,.08403183715,757507,2.68,2.04,3.69,71.40000000000001,85.95,56.46,170250,197587,152265,91611,53.41,34.5,12.09,351028,1598,63768,2667,2996,35366,121752,18606,26903,1960,4886,713,5062,42516,48319,15035,14332,46.33990181,.2109551463,8.41814003,.3520759544,.3955078963,4.668735734,16.07272276,2.456214926,3.551518336,.2587434836,.6450105412,.09412454274,.6682446499,5.612621402,6.378686929999999,1.98480014,1.891995718,37,2186826,2.958200447,2443110,.8950992792,52.62,,3727,1434,1168,127900,55356,724,269,61,1.951529393,6.985949048,1.229930526,1.27,,1.62,-3.29,1.67,0,.41,-.32,1.56,.35,-.33,1.06,3.192182245,17.37713945,23.70332298,72.38095238,-25.48476454,32.60869565,9,26.65,,7.544,108965,44749,420,361,46,,,,,,,,,,,,,,,,,,,,,,,,,,,,,,,,,,,,,,,,,,,,,,,,,,,,,,,,37087.4,37087400,4033130,10.87466363,,51.9,,.04895981159,4.02,,1.49,2.25,132.18,172.7,.0227014756,2.1289178,433.8,433.8,3.8,430,293.9,6.1,15849.92,124.5
Maluku,Maluku,2024,257,34.96,,34.73478087,202342,317336.4648,.6738219720936428,,.03045562251,907713,6.11,6.05,6.2,66.52,76.62,56.25,278567,300290,156872,110030,63.69,24.19,12.12,288342,18111,105403,4631,1933,36208,144819,56530,40112,3954,9304,944,9417,74514,67871,20160,25460,31.76576737,1.995234176,11.6119302,.5101832848,.2129527725,3.988926015,15.95427189,6.227739385,4.419017905,.4356002393,1.024993583,.1039976292,1.037442452,8.208982355,7.477143106000001,2.220966319,2.804851313,42,2949953,4.875024308,2925208,1.008459228,52.31,,4221,1401,457,140048,51589,1132,580,53,6.382507436,7.339967686,7.51137672,.38,,-1.19,-.5,1.69,0,-.2,.31,-.93,2.92,2.28,3.57,2.066267526,3.741564627,-32.4282552,-1.736111111,-15.69767442,-56.91056911,73,34.58,,7.387974731,134997,76347,1152,688,123,,,,,,,,,,,,,,,,,,,,,,,,,,,,,,,,,,,,,,,,,,,,,,,,,,,,,,,,37210.1,37210100,2444100,6.56837794,,51.9,,.04099324346,2.76,,1.28,1.92,132.18,172.7,.0227014756,2.1289178,95,95,467.2,-372.2,428.9,6.1,15849.92,124.5
Maluku Utara,Maluku Utara,2024,17,35.24,,35.00262754,164870,233108.3712,.7669656314545691,,.1448549943,661488,4.03,3.92,4.2,69.13,82.40000000000001,54.98,184027,214964,109590,60433,62.88,27.98,9.140000000000001,169480,16028,163130,2972,2222,27653,79978,30106,22426,1034,4132,195,5457,62278,42161,17238,14998,25.62102412,2.423022035,24.66106717,.4492900854,.3359093438,4.18042353,12.09061994,4.551254141999999,3.390235348,.1563142491,.6246522991,.02947899282,.8249582759,9.414834433999999,6.373660596,2.605942965,2.267312483,40,3200000,7.500873445,3456786,.92571539,54.86,,13519,8513,7767,144288,54725,1737,854,35,4.220740855,7.928283452,7.509687546,1.32,,-3.85,2.03,1.82,0,-.28,-.02,-.74,1.36,.27,2.5,5.806462276,27.26390714,7.263960485,51.70305677,-2.844141069,483.3333333,160,33.92,,3.999991615,113377,51019,1145,879,6,,,,,,,,,,,,,,,,,,,,,,,,,,,,,,,,,,,,,,,,,,,,,,,,,,,,,,,,55740.9,55740900,18662810,33.4813575,,51.9,,.08426592773,-.98,,1.5,2.26,132.18,172.7,.0227014756,2.1289178,11077.1,11077.1,4221.6,6855.5,356.4,6.1,15849.92,124.5
Papua Barat,Papua Barat,2024,,37.13,,36.82142281,74972,107705.5901,.7253693508906025,,.09823772748,290077,4.13,4.06,4.25,71.25,81.42,59.8,69555,103357,56138,31620,62.89,26.21,10.9,120703,2172,14626,455,158,16674,44287,12005,5572,1110,1148,122,2887,41921,13891,7215,5131,41.61067579,.7487667068,5.042109509,.156854904,.05446829635,5.748128945,15.26732557,4.138556314,1.920869286,.3826570187,.3957569887,.04205779845,.9952529846000001,14.45168007,4.78872851,2.487270621,1.768840687,38,3393000,3.382084095,3392758,1.000071328,39.87,,542,195,32,127068,183242,732,434,122,-48.28208379,-53.23297316,-35.1770167,-4.32,,-4.26,1.17,3.09,-3,-.05,.36,-.6899999999999999,4.01,2.21,5.98,-4.170937573,22.03057775,6.278999629,10.90909091,4.326923077,335.7142857,15,41.45,,2.5625,104128,172416,660,416,28,,,,,,,,,,,,,,,,,,,,,,,,,,,,,,,,,,,,,,,,,,,,,,,,,,,,,,,,49486.2,49486200,21425310,43.29552481,,51.9,,.1705967726,9.119999999999999,,2.53,3.55,132.18,172.7,.0227014756,2.1289178,3626.4,3626.4,14.6,3611.8,486.1,6.1,15849.92,124.5
Papua Barat Daya,Papua Barat Daya,2024,,43.04,,43.04,85610,128149.448,.6910273795686427,,.6910273796,297745,6.48,5.65,7.81,67.81,79.64,54.72,84623,123888,44966,40850,66.59,19.69,13.72,85324,11434,24000,1584,409,15439,49797,18961,14239,2073,3187,270,4403,32082,17526,6182,10835,28.65673647,3.840198828,8.060588759,.5319988581,.1373658668,5.185309577,16.7247141,6.368200977000001,4.782280139,.696233354,1.070379016,.09068162354,1.478782179,10.77499202,5.886244941,2.076273321,3.639019967,44,4024270,4.129018169,3739328,1.076201392,41.45,,1104,972,531,,,,,,,,,,,,,,,,,,,,,,,,,,,,,,,,,,,,,,,,,,,,,,,,,,,,,,,,,,,,,,,,,,,,,,,,,,,,,,,,,,,,,,,,,,,24873.7,24873700,5175590,20.80747939,,51.9,,.08354027775,47.26,,1.87,2.64,132.18,172.7,.0227014756,2.1289178,50.7,50.7,27.4,23.3,,6.1,15849.92,124.5
Papua,Papua,2024,,42.72,,42.56119042,143483,195995.9424,.7552253575244622,,.05509836288,458792,6.48,5.72,7.68,68.40000000000001,79.01000000000001,56.45,144019,189987,64949,38630,68.48,23.1,8.42,135007,2803,24418,1539,612,25413,81317,34558,21781,3963,7756,301,5873,66916,21294,12071,13170,29.4266247,.6109522398,5.322237528,.3354461281,.1333937819,5.539111406,17.72415386,7.532389405000001,4.747467262,.8637901271,1.690526426,.06560707249,1.280100786,14.58525868,4.641318942,2.631039774,2.870581876,43,4024270,4.129018169,4151674,.9693126194,41.22,,1897,385,217,210124,102392,776,429,51,-81.26574401000001,-47.99606933,-92.4369562,27.15,,10.3,-14.33,4.03,1,-.42,-.5,-.44,-8.800000000000001,-7.63,-9.82,3.472172722,43.65390269,3.916454386,-15.835141,-37.55458515,41.66666667,7,15.57,,8.499993824000001,146271,98533,922,687,36,,,,,,,,,,,,,,,,,,,,,,,,,,,,,,,,,,,,,,,,,,,,,,,,,,,,,,,,51587.2,51587200,1492630,2.893411544,,51.9,,.1124413678,,,1.75,2.69,132.18,172.7,.0227014756,2.1289178,89.59999999999999,89.59999999999999,7.3,82.3,1095.5,6.1,15849.92,124.5
Papua Selatan,Papua Selatan,2024,,33.16,,33.16,46684,75135.9176,.649652101308099,,.6496521013,226586,4.05,3.53,4.84,71.67,82.39,59.7,73630,71860,41906,16070,64.08,28.83,7.09,114282,590,9787,501,438,9463,35944,6703,6507,927,946,,1491,20788,9935,3981,4253,50.44761098,.2604442561,4.320284635,.2211569022,.1933467528,4.177261009,15.8667938,2.958911608,2.872391143,.4092064837,.4175936715999999,,.6581735353,9.176466434,4.385616414,1.757336582,1.877405799,39,4024270,4.129018169,3639485,1.105725123,40.68,,406,311,217,,,,,,,,,,,,,,,,,,,,,,,,,,,,,,,,,,,,,,,,,,,,,,,,,,,,,,,,,,,,,,,,,,,,,,,,,,,,,,,,,,,,,,,,,,,19061.5,19061500,1156990,6.069774152,,51.9,,.08412479147,51.36,,1.78,2.64,132.18,172.7,.0227014756,2.1289178,.2,.2,,.2,,6.1,15849.92,124.5
Papua Tengah,Papua Tengah,2024,,12.98,,12.98,65729,101061.7608,.6731425060166931,,.673142506,778596,2.75,2.68,2.87,73.13,85.03,59.32,257024,97645,228631,45444,55.99,38.17,5.84,559524,14500,9455,1007,811,21170,76271,30072,10028,982,2534,547,7647,19337,11117,6399,7195,71.86319990999999,1.862326547,1.214365345,.1293353678,.1041618503,2.718996758,9.795966071999999,3.862336822,1.287959352,.1261244599,.3254576186,.07025466352,.9821524898999999,2.483572995,1.427826498,.8218639704999999,.9240992761000001,44,4024270,4.129018169,5071157,.7935605228,55.4,,139,197,80,,,,,,,,,,,,,,,,,,,,,,,,,,,,,,,,,,,,,,,,,,,,,,,,,,,,,,,,,,,,,,,,,,,,,,,,,,,,,,,,,,,,,,,,,,,105472.5,105472500,252680,.239569556,,51.9,,.1354649908,,,3.27,4.6,132.18,172.7,.0227014756,2.1289178,5460.4,5460.4,448.1,5012.3,,6.1,15849.92,124.5
Papua Pegunungan,Papua Pegunungan,2024,,4.24,,4.24,33706,42756.9232,.8406744151244575,,.8406744151,1008418,1.32,1.43,1.18,88.22,90.37,85.70999999999999,78836,40094,511493,59363,47.28,46.83,5.89,891643,0,1491,0,0,1374,64602,8091,2357,893,975,287,1333,24290,5185,1571,4326,88.4199806,0,.1478553536,0,0,.1362530221,6.406272002000001,.8023458525999999,.2337324403,.08855454782,.09668609644,.02846042018,.1321872477,2.408723367,.5141717026,.1557885718,.4289887725,37,3393500,3.397318708,4089877,.8297315543,64.84999999999999,,30,191,17,,,,,,,,,,,,,,,,,,,,,,,,,,,,,,,,,,,,,,,,,,,,,,,,,,,,,,,,,,,,,,,,,,,,,,,,,,,,,,,,,,,,,,,,,,,13798.8,13798800,117590,.8521755515,,51.9,,.01368361136,,,5.36,4.07,132.18,172.7,.0227014756,2.1289178,,,,0,,6.1,15849.92,124.5
Aceh,Aceh,2025,429,36.09,,35.83296808,475304,924383.6361,.5865785345903179,,.0942068141775731,2561329,5.64,4.48,7.52,65.31999999999999,80.68000000000001,50.01,558579,810299,295312,354307,58.75,27.42,13.83,987571,30091,183389,6954,4316,171426,366315,78245,158788,9446,10507,1154,36851,157655,190715,72184,95722,38.5569757,1.174819791,7.159915809,.2714996785,.1685062715,6.692853593000001,14.30175507,3.054859411,6.19943787,.3687929196,.4102167273,.04505473526,1.438745276,6.155203022,7.445939198,2.818224445,3.737200492,38,3685616,6.500009247,2837520,1.298886351,,,,,,337420,63910,1567,1470,1575,2.111942732,-9.382496250999999,5.746533746,-3.74,,.42,-.46,.04,0,-.11,-.23,.09,.21,0,.39,8.099212091,,,,,,486,39.83,,1.376994703,424544,71992,2701,1944,1323,,,,,,,,,,,,,,,,,,,,,,,,,,,,,,,,,,,,,,,,,,,,,,,,,,,,,,,,158340.4,158340400,6863090,4.334389707,,51.1,,.06181962567,,,6.71,3.11,135.74,176,2.693297019,1.910828025,,649.2,577.6,71.59999999999999,934.5,5.27,16447.52,120.9
Sumatera Utara,Sumatera Utara,2025,1969,42.74,,42.44177389,1291027,3409059.08,.4213277453366913,,.0159425022780699,7976273,5.32,5.05,5.7,72.29000000000001,84.84999999999999,59.8,1556369,3064187,1121105,721739,66.89,24.06,9.050000000000001,2594523,39410,720974,24326,41036,480376,1586184,360102,666398,47314,64243,13886,123341,277222,421703,133348,381887,32.52801152,.4940904104,9.038983495,.3049795312,.5144758711,6.022562167,19.88628022,4.514664932000001,8.354754155999998,.5931843105,.8054262937,.1740913331,1.546348777,3.475583145,5.286967986,1.671808375,4.787787478999999,42,2992559,6.499983096,2815066,1.063051097,,,,,,1397515,667358,9095,6930,7657,3.274596406,2.148113059,-4.326740092,.09,,.68,-1.02,.34,0,-.28,-.37,-.15,.93,.6,1.26,1.981806003,,,,,,761,42.65,,3.668005632,1615791,622009,17730,10554,15250,,,,,,,,,,,,,,,,,,,,,,,,,,,,,,,,,,,,,,,,,,,,,,,,,,,,,,,,661204.2,661204200,111868990,16.91897753,,51.1,,.08289638532,,,4.66,2.82,135.74,176,2.693297019,1.910828025,,12562.2,6072.7,6489.5,5512.7,5.27,16447.52,120.9
Sumatera Barat,Sumatera Barat,2025,627,35.67,,35.43057843,487818,1076728.199,.5106844049144493,,.047513559687707,3018582,5.62,5.18,6.24,71.34,83.20999999999999,59.4,667330,955224,402310,322787,63.15,26.16,10.69,1075246,49927,238583,8651,9685,144113,531878,96446,267215,20379,30630,4123,49757,139080,197409,61696,93764,35.62089749,1.653988528,7.903810464999999,.2865915188,.3208460131,4.774195301,17.6201276,3.195076364,8.852335302,.6751183170999999,1.014714856,.1365873115,1.648356745,4.607461384,6.539792525,2.04387358,3.106226698,39,2994193.47,6.49811613,2911450,1.028420021,,,,,,396055,201160,2512,1545,2491,3.208099966,-2.349502713,7.525530999,-1.78,,-.86,1.28,-.42,0,-.13,.28,-.73,1.06,.46,1.65,5.015775181,,,,,,671,37.45,,2.516813274,452601,220243,3475,2121,3188,,,,,,,,,,,,,,,,,,,,,,,,,,,,,,,,,,,,,,,,,,,,,,,,,,,,,,,,206137.9,206137900,18856050,9.147298967999999,,51.1,,.06828964726,,,5.15,2.34,135.74,176,2.693297019,1.910828025,,2779.4,.1,2779.3,1688.8,5.27,16447.52,120.9
Riau,Riau,2025,2546,48,,47.70480421,679638,1541245.92,.5130307506844682,,.0043790701128206,3210929,4.16,3.81,4.8,66.55,84.68000000000001,47.68,669245,1324751,319842,288416,64.83,26.19,8.98,1104591,43330,260947,12309,15874,185243,586849,117501,231148,29275,31351,11262,70311,124935,195998,58785,131220,34.40097866,1.349453694,8.126838057999999,.3833470002,.4943740581,5.769140333,18.27661091,3.659408227,7.198788886,.9117299074999999,.9763840932000001,.3507396146,2.189740103,3.890930008,6.104090125,1.830778569,4.086667753,40,3508776.22,6.50001806,3144261,1.115930331,,,,,,639222,237495,6094,3598,5302,1.632035784,-1.702681164,-7.33917578,-1.93,,1.47,-1.33,-.14,0,.46,.6,.18,.22,-.12,.63,.1598793594,,,,,,1153,49.93,,3.225982353,730554,304169,5340,3467,4807,,,,,,,,,,,,,,,,,,,,,,,,,,,,,,,,,,,,,,,,,,,,,,,,,,,,,,,,598610.4,598610400,194543850,32.49924325,,51.1,,.1864290366,,,4.88,2.59,135.74,176,2.693297019,1.910828025,,21446.6,1638,19808.6,2275.3,5.27,16447.52,120.9
Jambi,Jambi,2025,303,42.73,,42.45406772,320575,791301.4872,.4789383651181379,,.050929434899711,1851864,4.26,4.04,4.63,68.37,85.59999999999999,50.63,383545,669345,230336,171689,63.69,27.04,9.27,802899,72649,96568,3689,5988,83322,308735,60787,103467,9788,14703,2314,20791,81848,106118,30900,47298,43.35626158,3.923020265,5.214637792,.1992046932,.3233498788,4.499358484,16.67158063,3.282476467,5.587181348,.5285485327,.7939567916,.1249551803,1.122706635,4.419763006,5.730334409,1.668589054,2.554075245,39,3234535,6.500037371,2975646,1.087002621,,,,,,290867,199805,1527,913,1618,1.014418522,1.051358659,-5.008639852,1.08,,-2.33,1.49,.84,-1,-.22,1.36,-2.99,-.5,-.44,-.54,5.106353368,,,,,,323,41.65,,3.196971201,326890,207289,2761,1833,1895,,,,,,,,,,,,,,,,,,,,,,,,,,,,,,,,,,,,,,,,,,,,,,,,,,,,,,,,185582.2,185582200,18594590,10.01959778,,51.1,,.1002137306,,,3.71,2.07,135.74,176,2.693297019,1.910828025,,2043.8,76.40000000000001,1967.4,1020.6,5.27,16447.52,120.9
Sumatera Selatan,Sumatera Selatan,2025,1537,36.87,,36.61320286,720283,1656412.034,.4734371374617045,,.0715597867182128,4492574,3.69,3.56,3.91,69.88,84.81999999999999,54.46,928231,1521391,775858,403373,61.85,29.17,8.98,2030483,89197,267964,8983,14031,247680,743368,170452,234924,23241,28080,5652,52100,146765,207544,71621,150489,45.1964286,1.985431959,5.964598468,.1999521878,.3123153898,5.513097837,16.54659445,3.794083303,5.229162614,.5173203601999999,.6250314407999999,.1258076105,1.159691527,3.266835449,4.619712441,1.594208576,3.349727795,41,3681571,6.500005496,3015055,1.221062634,,,,,,706415,198909,4741,3009,3777,.278431285,-3.125670576,-4.844497754,-.79,,-.45,1.3,-.85,0,-.17,-.19,-.11,-.9399999999999999,-.97,-.89,4.467525052,,,,,,715,37.66,,1.54800283,744097,198806,6634,4404,5578,,,,,,,,,,,,,,,,,,,,,,,,,,,,,,,,,,,,,,,,,,,,,,,,,,,,,,,,399385.8,399385800,71873300,17.99595779,,51.1,,.08889910328,,,2.91,2.45,135.74,176,2.693297019,1.910828025,,6334.3,1092.8,5241.5,2898.2,5.27,16447.52,120.9
Bengkulu,Bengkulu,2025,535,34.83,,34.58806434,194385,388470.8322,.5757218551284368,,.0798398854155182,1115334,3.41,3.01,4.02,71.78,84.84,58.17,216722,337637,183071,108332,59.88,30.41,9.710000000000001,500148,9831,54691,2769,3596,48684,186636,32420,48118,7287,10393,1470,16681,69401,71580,18778,32851,44.84289011,.8814399990999999,4.903553554,.2482664386,.322414631,4.364970493,16.73364212,2.906752596,4.314223363,.6533468898,.9318284926,.1317990844,1.495605801,6.222440991,6.417808477,1.683621229,2.945395729,37,2670039.39,6.500010171,2935681,.9095127809,,,,,,135765,48290,1138,638,605,1.280381826,2.078225194,-4.089042101,.84,,-1.95,2.29,-.34,-2,.3,.08,.64,.07,-.26,.43,3.402072422,,,,,,109,33.99,,3.671990009,174398,87589,667,441,292,,,,,,,,,,,,,,,,,,,,,,,,,,,,,,,,,,,,,,,,,,,,,,,,,,,,,,,,57066.8,57066800,3237550,5.673263614,,51.1,,.05116565979,,,2.77,1.09,135.74,176,2.693297019,1.910828025,,6637.7,,6637.7,493.1,5.27,16447.52,120.9
Lampung,Lampung,2025,800,35.28,,35.07044319,609966,1712271.406,.3993186327877202,,-.0088915361146317,4853377,4.21,3.72,5.03,70.44,86.40000000000001,53.85,942056,1527517,796881,548051,58.39,30.32,11.29,1998315,23761,444421,5015,13164,261968,940533,165441,259874,25511,40131,7492,62206,149310,227540,55729,172966,41.17370235,.4895766391,9.156943712,.1033301143,.2712338234,5.397643744,19.37893965,3.408781144,5.354498528,.525634007,.8268675605,.154366743,1.281705501,3.076414628,4.688281994,1.148252032,3.563827825,40,2893070,6.12471131,2520619,1.14776172,,,,,,591265,118754,3129,1925,3111,1.374136335,14.46988108,-5.171935745,4.42,,-2.11,.45,1.66,0,.02,.1,-.09,.03,.79,-.73,.1124399671,,,,,,143,30.86,,3.524852967,710444,148208,6035,3129,4839,,,,,,,,,,,,,,,,,,,,,,,,,,,,,,,,,,,,,,,,,,,,,,,,,,,,,,,,296420.7,296420700,54750300,18.47047119,,51.1,,.06107514417,,,1.25,1.52,135.74,176,2.693297019,1.910828025,,104.7,2054.7,-1950,1934.6,5.27,16447.52,120.9
Bangka Belitung,Bangka Belitung,2025,271,48.71,,48.3579689,160100,382725.6733,.4664048662254125,,.098405798215989,785723,4.45,3.74,5.68,69.38,85.86,52.02,219045,343264,73190,58004,69.8,22.82,7.38,210661,104570,64977,3067,2366,34848,135783,17303,51640,7657,7989,2889,10711,49003,36451,15668,30140,26.81110264,13.30876148,8.269708281,.3903411253,.301123933,4.43515081,17.28128106,2.202175576,6.572290744000001,.9745164645000001,1.016770541,.3676868311,1.363203063,6.236676284,4.639166729,1.994086975,3.835957456,41,3876600,6.5,3202690,1.210419991,,,,,,118897,38071,685,453,663,2.563556999,1.13788369,-3.628894214,-.15,,-.74,.77,-.03,0,-.18,-.22,-.16,.51,-.34,1.45,-1.899168436,,,,,,1908,48.86,,4.045215078,145963,38625,2025,1660,2152,,,,,,,,,,,,,,,,,,,,,,,,,,,,,,,,,,,,,,,,,,,,,,,,,,,,,,,,63291.2,63291200,12752620,20.14912026,,51.1,,.08055154297,,,2.77,1.4,135.74,176,2.693297019,1.910828025,,2036.7,5.9,2030.8,374.1,5.27,16447.52,120.9
Kepulauan Riau,Kepulauan Riau,2025,3265,65.75,,65.33174104,427982,691673.5625,.6576012218375811,,.0541759175911465,1051975,6.45,6.4,6.54,68.23,83.94,52.12,173609,650823,81787,52705,80.29000000000001,14.7,5.01,78745,8113,254173,7567,4502,77538,174369,66713,114348,8137,12766,7280,32221,71273,63746,16268,54216,7.485444046,.771216046,24.16150574,.7193136719000001,.4279569381,7.370707478999999,16.5753939,6.34169063,10.86984006,.773497469,1.213526937,.6920316547000001,3.062905487,6.775161006999999,6.059649707,1.546424582,5.153734642,45,3623654,6.500000588,4768990,.7598367789,,,,,,300316,131492,3497,1945,3008,.2752869876,-3.312197861,35.12035553,-2.7,,-1.99,.89,1.1,1,.06,.38,-.46,-.9399999999999999,-1.79,-.03,-2.892383603,,,,,,654,68.45,,3.760009319,344393,120620,3245,1904,4072,,,,,,,,,,,,,,,,,,,,,,,,,,,,,,,,,,,,,,,,,,,,,,,,,,,,,,,,224504.7,224504700,94202860,41.9603064,,51.1,,.2134125811,,,3.47,2.34,135.74,176,2.693297019,1.910828025,,23414.2,22208.1,1206.1,1918.2,5.27,16447.52,120.9
DKI Jakarta,DKI Jakarta,2025,6311,63.37,,62.953256,1908442,3249907.637,.6189975923716161,,.0569828364295907,5128464,6.05,6.21,5.79,64.75,79.66,49.94,1211853,3083117,250615,165170,83.44,13.34,3.22,19721,10049,571301,9831,31603,242205,1180200,606435,649979,130027,169583,141223,234379,250963,269046,129657,482262,.3845400884,.1959456087,11.13980716,.1916948232,.6162273928000001,4.722759095,23.01273832,11.82488558,12.67395072,2.535398513,3.306701578,2.753709493,4.570159798,4.893531475,5.246132175,2.528183877,9.403634305000001,43,5396761,6.500004638,5903603,.9141470048,,,,,,1724821,465202,13335,9137,16410,.4050491652,.7641179618,-11.7285516,-.32,,1.29,-.53,-.76,-1,-.16,-.02,-.38,-.35,-.29,-.3,1.664611654,,,,,,17085,63.69,,3.378009089,1742826,585925,19662,12897,21059,,,,,,,,,,,,,,,,,,,,,,,,,,,,,,,,,,,,,,,,,,,,,,,,,,,,,,,,2263237,2263237000,239531410,10.58357609,,51.1,,.4413089377,,,2.63,1.81,135.74,176,2.693297019,1.910828025,,17510.3,117396.4,-99886.10000000001,67591.10000000001,5.27,16447.52,120.9
Jawa Barat,Jawa Barat,2025,18815,45.05,,44.75083606,5581355,11040336.83,.5420600584933106,,-.0727018009757578,24506852,6.77,6.92,6.51,66.98999999999999,84.41,49.27,5651481,10296562,2249203,2046174,72.08,19.57,8.35,3734138,132121,4589399,66802,136932,1868643,5560055,1250989,2450684,242261,339581,131996,479997,562116,1154462,327289,1479387,15.23711817,.5391186106,18.72700337,.2725849897,.5587498549,7.624981781,22.68775688,5.104649916000001,9.999995103,.9885439387000001,1.385657366,.5386085492,1.958623653,2.293709531,4.710772318,1.335499965,6.036626002,42,2191232.18,6.500000243,3768080,.5815248562000001,,,,,,4813993,1177080,32525,24058,56762,.3675373539,-.406689179,1.422080692,-.5600000000000001,,-.68,.06,.62,0,.02,-.2,.38,-.72,-.1,-1.32,-.1700358564,,,,,,10661,45.61,,3.565001935,5119031,1482391,46884,33219,63998,,,,,,,,,,,,,,,,,,,,,,,,,,,,,,,,,,,,,,,,,,,,,,,,,,,,,,,,1845316.7,1845316700,762103150,41.29931464,,51.1,,.07529799013,,,2.63,1.67,135.74,176,2.693297019,1.910828025,,38722.7,3557.7,35165,23485.6,5.27,16447.52,120.9
Jawa Tengah,Jawa Tengah,2025,14700,41.21,,40.93533178,3665222,8775997.944,.4558478692113004,,.0223152758693071,21295797,4.66,4.82,4.43,74.36,85.36,63.37,4605746,8040450,2672855,1491409,68.81,24.19,7,5538356,111071,4468487,43926,73458,1803120,3831148,598132,1739284,123344,219044,27175,257898,407545,855436,273245,925128,26.00680313,.5215630108,20.98295265,.2062660533,.3449413046,8.467022859,17.99016022,2.808685676,8.167264179,.5791941010999999,1.02857855,.1276073396,1.211027697,1.913734433,4.016924091,1.283093561,4.344181155,41,2169349,6.500021846,2528470,.8579690485,,,,,,3913043,959030,27203,21245,57470,2.082334579,3.051327711,.007296102011,.85,,-1.97,2.45,-.48,-1,-.12,-.01,-.28,.62,-.3,1.55,5.114350888,,,,,,13130,40.36,,4.023007322,4412360,872958,29272,19972,33392,,,,,,,,,,,,,,,,,,,,,,,,,,,,,,,,,,,,,,,,,,,,,,,,,,,,,,,,1219148.6,1219148600,389026510,31.90968763,,51.1,,.05724831994,,,2.72,1.98,135.74,176,2.693297019,1.910828025,,12623.2,14599.1,-1975.9,17250.2,5.27,16447.52,120.9
DI Yogyakarta,DI Yogyakarta,2025,1576,46.03,,45.68823076,447471,1012692.681,.4783652638342044,,.010559324873842,2200071,3.46,3.88,2.94,74.73999999999999,83.90000000000001,65.91,454228,935417,274246,122390,67.41,27.03,5.56,401818,5919,396537,4415,14119,145232,422756,83946,242091,26409,32154,5657,66926,58818,131870,38501,122903,18.26386512,.269036772,18.02382741,.2006753418,.6417520162,6.601241504999999,19.21556168,3.815604133,11.00378124,1.200370352,1.461498288,.2571280654,3.041992736,2.673459175,5.99389747,1.749988978,5.586319714,40,2264080.95,6.499980244,2924613,.7741471948999999,,,,,,417962,90568,2991,2168,3912,.7926628974,-1.247944023,-6.871411059,-.85,,-1.67,1.66,.01,-1,-.02,-.18,.16,-.04,.63,-.68,3.347232578,,,,,,2699,46.88,,7.272019911,435353,94952,2817,1798,2725,,,,,,,,,,,,,,,,,,,,,,,,,,,,,,,,,,,,,,,,,,,,,,,,,,,,,,,,131435.9,131435900,14559810,11.07749861,,51.1,,.05974166288,,,3.11,2.02,135.74,176,2.693297019,1.910828025,,558.7,.1,558.6,1853.7,5.27,16447.52,120.9
Jawa Timur,Jawa Timur,2025,5949,38.27,,38.00655358,3969805,9108655.711999999,.4810138039567692,,.0211001968281741,23801034,3.88,3.9,3.86,73.98,85.89,62.29,4935172,8252996,3389318,1561322,66.59999999999999,26.84,6.56,7636387,99875,3558053,37633,91778,1530440,4414870,768449,1962840,138594,231017,31078,432093,463691,1123023,354531,926682,32.08426575,.4196246264,14.94915305,.1581149794,.385605096,6.430140808,18.54906808,3.228637042,8.246868601999999,.5823024327,.9706174950000001,.1305741591,1.815437934,1.948196872,4.718379042,1.489561336,3.893452696,41,2305985,6.49999171,2899074,.7954212276,,,,,,3673542,1097727,16780,10797,19828,1.88314682,-.1627301109,1.031865125,-.24,,.23,.27,-.5,-1,-.31,-.5600000000000001,.06,.53,-.63,1.65,6.84352338,,,,,,5327,38.51,,6.126717276,3938403,1055868,26896,16371,24299,,,,,,,,,,,,,,,,,,,,,,,,,,,,,,,,,,,,,,,,,,,,,,,,,,,,,,,,2038961.6,2038961600,623803360,30.59416911,,51.1,,.08566693363,,,2.93,1.8,135.74,176,2.693297019,1.910828025,,29124,29591,-467,18932.9,5.27,16447.52,120.9
Banten,Banten,2025,10376,54.88,,54.53069275,1850221,3158852.189,.6138034882432521,,-.1016692907766754,5755926,6.69,6.45,7.12,64.66,81.95999999999999,46.87,1021216,3014354,532666,383299,75.75,17.59,6.66,744992,24682,1287795,25627,35467,332770,1125890,382920,515249,58479,53001,53516,167786,162999,319651,97294,367808,12.9430434,.4288102384,22.37337659,.4452281006,.6161823484,5.781346042,19.56053639,6.652622011000001,8.95162655,1.01597901,.9208075295,.9297548301,2.915013153,2.831846692,5.553424419,1.690327499,6.390075202,42,2905119.9,6.500004399,4062488,.7151085492,,,,,,1485502,635378,11526,8958,24469,-.7243455975999999,.7603942498,9.539174013,1.09,,-2.08,2.19,-.11,-1,.01,.07,-.08,-1.51,-.99,-2.03,-7.518721681,,,,,,13042,53.79,,2.499995763,1592129,732981,21446,16134,48207,,,,,,,,,,,,,,,,,,,,,,,,,,,,,,,,,,,,,,,,,,,,,,,,,,,,,,,,560270.9,560270900,187979820,33.55159442,,51.1,,.0973380999,,,2.74,1.73,135.74,176,2.693297019,1.910828025,,13012.4,13253.7,-241.3,6275,5.27,16447.52,120.9
Bali,Bali,2025,611,49.53,,49.16455042,685415,1338164.888,.5511428284249673,,.0373719918645744,2701726,1.49,1.51,1.48,77.31,83.84,70.84,570880,1243625,280490,75663,73.02,24.18,2.8,464171,4357,403820,3232,7986,206132,561652,120816,391990,13478,67987,5877,41328,108033,116702,53279,130886,17.1805357,.1612672788,14.94674145,.1196272309,.2955888199,7.629641199999999,20.7886366,4.471808021999999,14.50887322,.4988662803,2.516428387,.2175276101,1.529688799,3.998666038,4.319534994000001,1.972035654,4.844532717,42,2996561,6.500011373,3639413,.8233638227,,,,,,574598,394898,2205,1138,1508,1.362073759,1.194685189,-18.58480544,.21,,-1.46,1.01,.45,-1,-.3,-.43,-.14,.2,.07,.35,6.93886606,,,,,,73,49.32,,3.685033036,615055,350541,2072,1114,713,,,,,,,,,,,,,,,,,,,,,,,,,,,,,,,,,,,,,,,,,,,,,,,,,,,,,,,,177993,177993000,11456660,6.436578967,,51.1,,.06588121815,,,2.91,2.42,135.74,176,2.693297019,1.910828025,,565.5,142.5,423,1346.2,5.27,16447.52,120.9
Nusa Tenggara Barat,Nusa Tenggara Barat,2025,177,31.58,,31.38709454,450193,981105.0182,.5009764853427047,,-.0268698827007426,3106729,3.06,3.31,2.72,76.11,86.55,65.69,678189,898631,504087,433085,59.43,26.63,13.94,1098811,41371,318497,6368,24754,213551,591924,93062,178572,14988,21445,3433,34696,126391,197149,50735,90982,35.36874314,1.33165783,10.25184366,.2049744281,.7967865881,6.873821309,19.05296535,2.995497837,5.747910423,.4824366721,.6902758496,.1105020747,1.116801626,4.0682982,6.345870528,1.633068092,2.928546391,37,3580160,6.499986762,2569181,1.393502443,,,,,,369629,237979,1591,850,454,.03799650239,6.55303457,-7.708658693,2.09,,-.03,1.32,-1.29,-2,.33,.48,.12,-1.12,.08,-2.35,8.628761043000001,,,,,,205,29.49,,3.381315611,465695,209194,2774,1134,385,,,,,,,,,,,,,,,,,,,,,,,,,,,,,,,,,,,,,,,,,,,,,,,,,,,,,,,,112939,112939000,8534850,7.557044068,,51.1,,.03635302596,,,3.01,2.06,135.74,176,2.693297019,1.910828025,,1697.1,254.4,1442.7,1795.3,5.27,16447.52,120.9
Nusa Tenggara Timur,Nusa Tenggara Timur,2025,171,31.56,,31.37814495,575925,943356.804,.6422272576224238,,.0406188537884026,2989090,3.31,3.21,3.43,75.55,82.52,68.68000000000001,650355,896762,646932,341871,52.6,35.96,11.44,1308213,13246,295842,6790,9772,122647,385153,139272,57417,9375,37031,,41856,191740,212886,82648,73090,43.79720909,.4434582377,9.904391663,.2273200539,.3271533972,4.106056355,12.89440364,4.662638962,1.92224382,.3138623719,1.239747999,,1.4012825,6.419196927,7.127136523999999,2.766943714,2.446954748,39,2878286,6.49999852,2674136,1.076342415,,,,,,389644,262133,1564,639,348,-1.169530316,18.21868219,-17.81870196,4.88,,2.94,.52,-3.46,0,.29,.3,.27,-1.95,-2.18,-1.72,12.82745829,,,,,,27,26.68,,3.604009313,472976,144916,2205,869,251,,,,,,,,,,,,,,,,,,,,,,,,,,,,,,,,,,,,,,,,,,,,,,,,,,,,,,,,82176.5,82176500,1114020,1.355643037,,51.1,,.02749214644,,,2.39,1.85,135.74,176,2.693297019,1.910828025,,76.59999999999999,12.4,64.2,1738.6,5.27,16447.52,120.9
Kalimantan Barat,Kalimantan Barat,2025,2577,43.61,,43.34853715,509473,1277961.395,.4375562540794943,,.0204148599136117,2930432,4.82,5.02,4.48,70.90000000000001,85.31999999999999,55.7,608707,1164360,401111,245948,61.06,30.55,8.390000000000001,1250517,127838,149234,6041,6619,188146,425709,92003,204053,12823,26432,5533,30760,122003,138147,51892,92682,42.6734693,4.362428475,5.092559732,.20614708,.2258711344,6.420418559000001,14.52717552,3.13957123,6.96323955,.4375805342,.9019830523000001,.188811752,1.049674587,4.163311075,4.71421961,1.770796934,3.162741876,40,3473621.04,6.5,2972111,1.168738664,,,,,,441279,146331,5080,3796,10239,2.336668738,.2022357811,3.558482733,-.37,,-1.86,1.72,.14,-1,-.04,-.05,-.02,.46,-.73,1.75,2.343270338,,,,,,786,43.98,,2.533878359,526621,189908,5308,2524,2373,,,,,,,,,,,,,,,,,,,,,,,,,,,,,,,,,,,,,,,,,,,,,,,,,,,,,,,,171330.7,171330700,25879120,15.1047769,,51.1,,.05846602139,,,1.85,1.36,135.74,176,2.693297019,1.910828025,,2149.7,650.5,1499.2,1715.8,5.27,16447.52,120.9
Kalimantan Tengah,Kalimantan Tengah,2025,479,49.85,,49.51519461,347262,706714.9754999999,.5343922834728065,,-.023480557098452,1417683,3.97,3.71,4.43,68.40000000000001,85.26000000000001,50.34,294978,649826,151537,84575,68.52,25.51,5.97,468188,151533,78516,3890,2574,68273,233704,35210,83693,4962,11553,2336,24791,98450,80598,26030,43382,33.02487227,10.6887788,5.538332617,.2743913837,.1815638616,4.815815665,16.48492646,2.483629979,5.903505932,.3500077239,.8149212483,.1647759055,1.748698404,6.944429749,5.685191965,1.836094529,3.060063498,41,3496195,6.500006702,3451676,1.012897792,,,,,,274646,134837,2323,1429,819,1.098785901,-.8547086789,15.60209025,-.82,,-3.61,3.53,.08,-1,-.04,.41,-.92,-.31,-1.24,.74,1.981498607,,,,,,825,50.67,,4.216993413,326584,124891,2663,1759,731,,,,,,,,,,,,,,,,,,,,,,,,,,,,,,,,,,,,,,,,,,,,,,,,,,,,,,,,124378.8,124378800,19200580,15.43718061,,51.1,,.0877338587,,,3.13,1.63,135.74,176,2.693297019,1.910828025,,3538.6,37.7,3500.9,1060.6,5.27,16447.52,120.9
Kalimantan Selatan,Kalimantan Selatan,2025,2140,46.52,,46.22640474,513483,1001640.263,.554948772263531,,.0352068078300553,2153139,4.16,4.44,3.72,69.93000000000001,84.48,55.18,550339,925280,238343,159177,64.25,28.36,7.39,581351,94351,184076,12310,5776,109420,409401,105842,191938,14240,18871,6821,30230,115843,133277,44886,94506,27.00016116,4.382020854,8.549192596999999,.5717234233,.2682595039,5.081882777,19.01414632,4.915706789000001,8.91433391,.6613599958,.8764413259000001,.3167932957,1.403996676,5.380191432,6.189892989000001,2.084677301,4.389219646,41,3579313.77,6.5,3164480,1.131090659,,,,,,413920,315619,3874,2610,4586,1.120709575,.2247604811,-15.45872129,.08,,-.87,1.09,-.22,-1,-.04,-.11,.07,-.29,-.23,-.34,-2.320191774,,,,,,864,46.44,,4.981012991,450288,254013,4509,2384,1333,,,,,,,,,,,,,,,,,,,,,,,,,,,,,,,,,,,,,,,,,,,,,,,,,,,,,,,,164958.3,164958300,20705640,12.55204497,,51.1,,.07661293581,,,3.66,2.07,135.74,176,2.693297019,1.910828025,,10136.6,1522.3,8614.299999999999,2060,5.27,16447.52,120.9
Kalimantan Timur,Kalimantan Timur,2025,3917,56.78,,56.4095714,716729,1118417.804,.6886777767955631,,.0617227568279302,1969739,5.18,5.21,5.13,66.58,83.14,48.72,382250,1040732,177189,111542,74.31999999999999,20.02,5.66,352953,169202,140936,6450,5119,140113,375137,118482,164069,13959,27422,14371,70984,115887,120130,49495,85030,17.91876995,8.590072085999999,7.15505963,.3274545511,.2598821468,7.113277444,19.04501053,6.015111647,8.329479185,.7086725703,1.39216414,.7295890470999999,3.603726179,5.883368304,6.098777554,2.512769458,4.316815578,44,3775425,6.5,4475944,.8434924566000001,,,,,,540462,328834,9344,5425,5116,-.3393969077,-2.238111968,-1.259410752,-.9,,-1.12,.07,1.05,-1,.04,.49,-.78,-.49,-.61,-.35,1.708177953,,,,,,699,57.68,,1.721664275,609182,379666,9532,4955,2968,,,,,,,,,,,,,,,,,,,,,,,,,,,,,,,,,,,,,,,,,,,,,,,,,,,,,,,,596660.6,596660600,117780030,19.73987054,,51.1,,.3029135332,,,2.68,1.5,135.74,176,2.693297019,1.910828025,,21190.7,5031.3,16159.4,2325.5,5.27,16447.52,120.9
Kalimantan Utara,Kalimantan Utara,2025,76,51.56,,51.21831598,114241,196222.9232,.6313436382627149,,.0440775874980224,380572,3.85,3.54,4.41,69.55,84.95,52.26,72399,180949,38981,17943,73.36,21.93,4.71,124003,15421,28075,1895,1758,19586,58988,13804,24864,1956,2094,1301,5769,37612,23350,9542,10554,32.58332195,4.05205848,7.377053488,.4979346878,.4619362433,5.146463744,15.49982658,3.627171731,6.533323523999999,.5139631922,.5502243991,.3418538411,1.515876102,9.883018194,6.135501297999999,2.507278518,2.773194034,43,2915000,6.515223821,3675921,.7929985438,,,,,,56524,23153,287,129,45,.5843625532,3.343327908,-18.94493887,1.97,,2.99,-.97,-2.02,0,-.05,-.46,.71,-.8,-1.56,.12,-1.946913089,,,,,,1413,49.59,,5.275998194,69647,77032,340,195,52,,,,,,,,,,,,,,,,,,,,,,,,,,,,,,,,,,,,,,,,,,,,,,,,,,,,,,,,76468.89999999999,76468900,6744610,8.820069334999999,,51.1,,.2009314926,,,2.57,1.53,135.74,176,2.693297019,1.910828025,,1404.3,896.1,508.2,,5.27,16447.52,120.9
Sulawesi Utara,Sulawesi Utara,2025,345,45.44,,45.16579548,311841,608592.9152,.5515922079713875,,.0287879664886053,1339333,5.99,5.23,7.31,67.20999999999999,83.26000000000001,50.51,330602,565347,112538,104009,69.04000000000001,23.19,7.77,305717,53987,154753,4829,2390,92199,235031,94911,93163,8065,21943,2061,18761,95643,68528,30342,57010,22.82606342,4.030887016,11.55448272,.3605526034,.178447033,6.883948951000001,17.54836176,7.086437801999999,6.955925076,.6021654062,1.638352822,.1538825669,1.400771877,7.141091872,5.116576684,2.265456014,4.25659638,40,3657527.37,6.5,3420935,1.069160148,,,,,,354129,147073,1762,947,802,2.565333725,4.693888889,-1.631921682,.91,,-2.53,1.38,1.15,-1,.14,-.06,.5,1.14,1.35,.92,-.93007604,,,,,,126,44.53,,1.452020519,404214,169111,2902,1328,581,,,,,,,,,,,,,,,,,,,,,,,,,,,,,,,,,,,,,,,,,,,,,,,,,,,,,,,,113659.4,113659400,12548920,11.04081141,,51.1,,.08486268911,,,1.23,1.2,135.74,176,2.693297019,1.910828025,,1236.4,174.6,1061.8,1280.5,5.27,16447.52,120.9
Sulawesi Tengah,Sulawesi Tengah,2025,1650,35.43,,35.18643813,339153,585603.3378,.6449933818159689,,.0936315359033735,1652846,2.92,2.69,3.29,72.40000000000001,86.02,58.05,347728,525824,262054,132832,63.18,28.78,8.039999999999999,644997,34398,137865,4351,3869,93150,249659,48675,84568,8239,13483,1587,18859,120565,100044,39559,48978,39.02341779,2.081137626,8.341067468,.2632429156,.2340810941,5.635733759,15.104795,2.944920458,5.116508132,.498473542,.8157444795,.09601620478,1.141001642,7.294387983,6.052832508,2.393386922,2.963252475,38,3073551.7,6.500001386,3056120,1.005703866,,,,,,285996,154848,2631,1422,820,3.389722367,5.144401986,-2.606052047,.86,,-4.63,5.49,-.86,-3,-.02,.09,-.21,1.3,.08,2.58,6.718496669,,,,,,2055,34.57,,4.602398388,321716,140619,8346,1685,687,,,,,,,,,,,,,,,,,,,,,,,,,,,,,,,,,,,,,,,,,,,,,,,,,,,,,,,,230265.2,230265200,96632250,41.96563354,,51.1,,.1393143705,,,3.31,2.66,135.74,176,2.693297019,1.910828025,,22316,11312.5,11003.5,1034.7,5.27,16447.52,120.9
Sulawesi Selatan,Sulawesi Selatan,2025,4297,39.55,,39.31093868,904832,1882214.954,.5263530803771133,,.0255592088563401,4759077,4.21,4.39,3.92,67.65000000000001,82.8,52.95,996654,1719059,763741,377502,62.64,29.43,7.93,1729197,35633,355385,13432,13441,331659,865138,224304,259766,27381,51220,10726,74853,245879,271454,110935,138674,36.33471364,.7487376229,7.467519437,.2822396023,.2824287146,6.968977388,18.17869305,4.713182829,5.458327319,.5753426557,1.076259115,.2253798373,1.572847004,5.166527039,5.70392116,2.331019229,2.913884352,41,3221731,6.499983472,3060385,1.052720818,,,,,,864811,320823,7673,4797,4068,1.669519377,2.436095835,-1.802862826,.05,,-.43,.43,0,0,.02,.63,-.93,.27,.28,.27,2.266078232,,,,,,482,39.5,,1.195912155,983493,334857,9454,4786,2110,,,,,,,,,,,,,,,,,,,,,,,,,,,,,,,,,,,,,,,,,,,,,,,,,,,,,,,,417633.69,417633690,55550610,13.30127605,,51.1,,.08775518656,,,2.84,2,135.74,176,2.693297019,1.910828025,,1986.1,1007.1,979,5318.1,5.27,16447.52,120.9
Sulawesi Tenggara,Sulawesi Tenggara,2025,1409,38.87,,38.62088743,350316,557408.6271,.6749098363182393,,.088065732524983,1434033,3.31,2.85,3.98,71.67,83.56,59.49,316133,519056,249079,113828,63.43,28.63,7.94,474782,36178,120604,4374,4155,86353,249071,52649,71299,7322,14504,1727,16312,129581,95899,38700,30523,33.10816418,2.522815026,8.410127243,.3050139014,.2897422863,6.021688483,17.36856823,3.671393894,4.971921846,.5105879711,1.011413266,.1204295857,1.137491257,9.036123994,6.687363540000001,2.698682666,2.128472636,39,3104430,6.499990737,3189724,.9732597554,,,,,,229858,64947,3941,2102,1838,.2197235425,4.54826527,-8.999272956,.79,,.29,.38,-.67,-1,.22,.33,.08,-1.14,-1.47,-.8100000000000001,7.954607759,,,,,,1168,38.08,,1.503003616,280585,100032,4345,2289,845,,,,,,,,,,,,,,,,,,,,,,,,,,,,,,,,,,,,,,,,,,,,,,,,,,,,,,,,120590.2,120590200,12209600,10.12486919,,51.1,,.08409164922,,,2.86,2.28,135.74,176,2.693297019,1.910828025,,3723.9,1575.9,2148,764.5,5.27,16447.52,120.9
Gorontalo,Gorontalo,2025,87,38.86,,38.59080121,131347,246086.0018,.5706099823187235,,.0527086535952471,633263,3.42,3.3,3.61,69.29000000000001,85.3,53.12,153378,230187,65962,43206,70.08,23.1,6.82,185743,27704,53060,3962,1441,31195,101538,38523,42584,6037,8810,,7919,51105,33321,15355,24922,29.33313751,4.375105611,8.37940744,.6256919012,.2275673977,4.926415663,16.03521057,6.083677211,6.725003514,.953382637,1.391303799,,1.250594186,8.070667494,5.262160485000001,2.424911445,3.93576314,41,2602931,6.499985475,2911813,.8939210725,,,,,,94744,128733,370,193,121,.170678157,2.441010761,-14.50162022,.31,,-.54,2.21,-1.67,-1,.29,.67,-.29,-.66,.8,-2.11,11.74027467,,,,,,87,38.55,,3.064003775,123230,132629,505,250,167,,,,,,,,,,,,,,,,,,,,,,,,,,,,,,,,,,,,,,,,,,,,,,,,,,,,,,,,34834.5,34834500,1607630,4.615051171,,51.1,,.05500795088,,,2.52,1.51,135.74,176,2.693297019,1.910828025,,89.8,2.3,87.5,646.8,5.27,16447.52,120.9
Sulawesi Barat,Sulawesi Barat,2025,95,29.37,,29.17892325,125155,235087.1721,.5889065080627326,,.0602867031467894,800433,2.86,2.4,3.56,74.25,87.47,60.68,180483,212521,157647,90685,53.8,34.87,11.33,383566,2108,63725,1944,2043,34377,122008,24049,27101,2916,5484,,6864,44064,49761,13504,16552,47.9417948,.263478263,7.96496789,.2429799542,.2553539333,4.296770516,15.2497419,3.005877015,3.387345544,.3644699312,.6854434508999999,,.8579292208,5.507545627000001,6.219611882,1.687860751,2.068829322,37,2328969.69,6.5,2698528,.8630518898,,,,,,101285,69942,604,282,182,5.666746314,7.558189557,3.53462713,1.45,,.39,.37,-.76,0,.18,.36,-.13,2.85,1.52,4.22,10.45462546,,,,,,14,27.92,,2.958200447,127900,55356,724,269,61,,,,,,,,,,,,,,,,,,,,,,,,,,,,,,,,,,,,,,,,,,,,,,,,,,,,,,,,39075.7,39075700,4670820,11.95325995,,51.1,,.04881820215,,,2.48,2.38,135.74,176,2.693297019,1.910828025,,634.2,.9,633.3,338.5,5.27,16447.52,120.9
Maluku,Maluku,2025,85,33.94,,33.71478087,200604,313091.7484,.6666578046592004,,.0232914550745076,922486,6.27,5.9,6.8,66.66,77.45,55.71,278721,300910,148968,106001,61.23,27.28,11.49,282135,17349,120591,2494,874,34228,134765,66826,36505,3257,8900,505,8650,85265,72739,25246,22157,30.58420399,1.880678948,13.07239351,.2703564065,.09474398527,3.710408613,14.60889379,7.244120778,3.957241628,.3530676888,.9647842893999999,.05474337822,.9376836071000001,9.242958700999999,7.885106115,2.7367353,2.40187927,41,3141700,6.500001864,3100805,1.013188511,,,,,,131913,36492,945,465,168,1.627496797,.2064670818,-5.038502728,-1.02,,-2.46,3.09,-.63,-1,.16,-.15,.6,.14,.83,-.54,6.002889367,,,,,,257,34.96,,4.875024308,140048,51589,1132,580,53,,,,,,,,,,,,,,,,,,,,,,,,,,,,,,,,,,,,,,,,,,,,,,,,,,,,,,,,38906.1,38906100,2574930,6.618319492,,51.1,,.0421752742,,,3.58,2.55,135.74,176,2.693297019,1.910828025,,88,359.1,-271.1,492.2,5.27,16447.52,120.9
Maluku Utara,Maluku Utara,2025,73,35.49,,35.25262754,150281,239009.5344,.677884984054382,,.0557743468501138,673456,4.55,4.19,5.15,69.56999999999999,83.84999999999999,54.29,179795,221691,110506,71090,59.56,29.88,10.56,162582,19579,167688,3821,1969,30379,80717,33754,24227,1430,3936,,5912,61654,43906,15124,16673,24.14520807,2.907695986,24.90350501,.5674603587,.2924180702,4.511614299,11.98735875,5.012838772,3.597974905,.2123706655,.5845391185,,.8779967653999999,9.156294414000001,6.520521985999999,2.246079682,2.476123151,39,3408000,6.5,3620219,.9413795132,,,,,,129011,50069,1355,640,125,1.809254287,3.129361195,.8358426864,.25,,-3.32,1.9,1.42,-1,.52,.27,.95,.44,1.45,-.6899999999999999,4.727888854,,,,,,17,35.24,,7.500873445,144288,54725,1737,854,35,,,,,,,,,,,,,,,,,,,,,,,,,,,,,,,,,,,,,,,,,,,,,,,,,,,,,,,,74790.3,74790300,30352670,40.58369869,,51.1,,.1110544713,,,1.63,1.41,135.74,176,2.693297019,1.910828025,,14759.9,6428.6,8331.299999999999,513.3,5.27,16447.52,120.9
Papua Barat,Papua Barat,2025,214,36.81,,36.50142281,76355,106131.6963,.7483363225623083,,.1212046991542953,288323,4.55,4.94,3.96,69.55,80.03,57.73,65174,102033,52445,28082,57.92,32.34,9.74,118285,2032,9903,607,393,15472,40407,13733,7305,736,1510,,3971,43155,15041,7288,7976,41.09772283,.7060115213,3.440763827,.2109000952,.1365465196,5.375694025,14.03927537,4.771484361000001,2.538097521,.2557207085,.5246443883999999,,1.379710507,14.99405866,5.225944534,2.532190929,2.7712342,37,3615000,6.542882405,3765973,.9599112899,,,,,,106928,186818,424,200,90,-.6046670367,-1.280996933,-6.578431722,-.32,,-4.97,6.13,-1.16,-1,.42,.88,-.29,-1.7,-1.39,-2.07,11.00034249,,,,,,,37.13,,3.382084095,127068,183242,732,434,122,,,,,,,,,,,,,,,,,,,,,,,,,,,,,,,,,,,,,,,,,,,,,,,,,,,,,,,,52683.4,52683400,23362580,44.34523968,,51.1,,.1827235427,,,2.59,.1,135.74,176,2.693297019,1.910828025,,3280.4,18.1,3262.3,564.2,5.27,16447.52,120.9
Papua Barat Daya,Papua Barat Daya,2025,,44.34,,44.34,86758,133845.6108,.6700804794785054,,,301862,6.85,5.87,8.44,68.09999999999999,80.34999999999999,54.63,72240,129474,39549,22620,71.33,21.18,7.49,78264,7169,23639,1212,,17203,53367,24600,15071,1344,3648,369,6371,30012,19089,9254,10562,25.98630692,2.380351558,7.848951105,.4024251761000001,,5.71198045,17.71965708,8.168035753,5.004084017999999,.4462536607,1.211259936,.1225205363,2.115388447,9.965003618999999,6.338196524000001,3.072642393,3.50694283,44,4285850,6.500060881,3837947,1.1167038,,,,,,,,,,,1.38272683,4.508911275,-12.04687986,1.3,,4.74,1.49,-6.23,0,.37,.22,.63,.29,.71,-.09,2.637345534,,,,,,,43.04,,4.129018169,,,,,,,,,,,,,,,,,,,,,,,,,,,,,,,,,,,,,,,,,,,,,,,,,,,,,,,,,,,,,25875.2,25875200,5368600,20.74805219,,51.1,,.08571863964,,,2.15,.87,135.74,176,2.693297019,1.910828025,,29.1,.8,28.3,,5.27,16447.52,120.9
Papua,Papua,2025,88,47.12,,46.96119042,146617,204508.3392,.7493381443509726,,.0492111497068336,434016,6.96,6.51,7.72,63.98,75.97,50.54,104055,195662,53297,37475,66.48999999999999,24.88,8.630000000000001,119201,2476,20796,2989,1635,19780,72549,34995,19434,2042,7002,,8588,67598,24926,14208,15106,27.50845209,.5713956038,4.799169215,.6897824958,.3773149484,4.564703166999999,16.74239889,8.075924536999999,4.484855478,.4712398315,1.615877228,,1.981884267,15.59983846,5.752264467,3.278832285,3.48606704,41,4285850,6.500060881,4426645,.9681937449,,,,,,140208,62044,717,355,144,-5.400268531,2.987046482,-17.94023003,4.4,,-1.99,1.78,.21,-2,.48,.79,.04,-4.42,-3.04,-5.91,6.623135632,,,,,,,42.72,,4.129018169,210124,102392,776,429,51,,,,,,,,,,,,,,,,,,,,,,,,,,,,,,,,,,,,,,,,,,,,,,,,,,,,,,,,53634.7,53634700,1547720,2.885669166,,51.1,,.1235777022,,,2.54,1.2,135.74,176,2.693297019,1.910828025,,93.5,8.699999999999999,84.8,1038.6,5.27,16447.52,120.9
Papua Selatan,Papua Selatan,2025,,34.12,,34.12,50921,74273.0984,.7208011890438106,,,217682,4.04,4.59,3.17,67.37,78.23999999999999,55.32,58175,70645,35977,14032,66.86,26.69,6.45,101295,,9371,,,8200,33621,6932,6372,,,,2399,23987,8805,4812,7380,47.5175209,,4.395939467,,,3.846622947,15.77162318,3.251803691,2.98910749,,,,1.125371762,11.25231032,4.130428664,2.257310929,3.461960652,40,4285850,6.500060881,4264963,1.004897346,,,,,,,,,,,-3.929633781,-1.690787643,-14.14833198,.96,,2.78,-2.14,-.64,1,-.01,1.06,-1.67,-4.3,-4.15,-4.38,17.18589306,,,,,,,33.16,,4.129018169,,,,,,,,,,,,,,,,,,,,,,,,,,,,,,,,,,,,,,,,,,,,,,,,,,,,,,,,,,,,,19706.8,19706800,1192330,6.050348103,,51.1,,.09053022299,,,2.95,2.89,135.74,176,2.693297019,1.910828025,,.1,,.1,,5.27,16447.52,120.9
Papua Tengah,Papua Tengah,2025,,15.28,,15.28,68356,120748.5192,.5951763169351327,,,790239,3.62,3.69,3.54,73.89,80.58,66.09,152035,114850,312996,133509,46.15,36.96,16.89,592702,18087,13201,,,20835,37407,28320,10655,,1034,478,7548,24852,10200,7804,15312,75.17449123999999,2.29403819,1.674329526,,,2.64257675,4.744462131,3.591925777,1.35141134,,.1311458776,.06062643084,.9573395397000001,3.15206707,1.293702081,.9898089253,1.942075124,39,4285848,6.500011182,4808336,.8913370447,,,,,,,,,,,1.495383999,17.61994982,36.90007042,2.3,,-9.84,-1.21,11.05,-5,.87,1.01,.67,.76,-4.45,6.77,-5.182663443,,,,,,,12.98,,4.129018169,,,,,,,,,,,,,,,,,,,,,,,,,,,,,,,,,,,,,,,,,,,,,,,,,,,,,,,,,,,,,82475.3,82475300,267780,.3246790251,,51.1,,.1043675394,,,3.28,2.5,135.74,176,2.693297019,1.910828025,,4352.2,296.6,4055.6,,5.27,16447.52,120.9
Papua Pegunungan,Papua Pegunungan,2025,,4.7,,4.7,26995,48880.047,.6327200281260986,,,1040001,1.68,1.55,1.84,90.66,92.87,88.08,121317,42665,543706,55800,49.41,45.22,5.37,961850,,,,,,40437,3877,,,,,,18527,5481,2435,1761,92.98914893,,,,,,3.909343677,.3748182465,,,,,,1.791142031,.5298887823,.2354094481,.1702488863,37,3614000,6.497716222,3941546,.9168991050999999,,,,,,,,,,,3.131935368,6.412430788,6.297837898,.46,,2.13,-1.61,-.52,0,.36,.12,.66,2.44,2.5,2.37,-3.626783886,,,,,,,4.24,,3.397318708,,,,,,,,,,,,,,,,,,,,,,,,,,,,,,,,,,,,,,,,,,,,,,,,,,,,,,,,,,,,,14315.6,14315600,122030,.8524267233,,51.1,,.01376498676,,,3.22,4.69,135.74,176,2.693297019,1.910828025,,,,0,,5.27,16447.52,120.9
