province_name_std,province_name,year,month,phk_stock,phk_flow,macro_pmi_manuf_nat,price_cpi_index,price_inflation_mom_pct,price_inflation_yoy_pct,price_consumer_change_pct,trade_export_value,trade_import_value,trade_balance,fin_npl_idr_billion,macro_bi_rate_pct_nat,macro_fx_idr_usd_nat,price_brent_usd_bbl_nat,price_ihpb_nat
Aceh,Aceh,2022,1,,,53.7,97.64,,,,31.64,.3,31.34,607.556,3.5,14335,86.5,94
Aceh,Aceh,2022,2,,,51.2,97.43000000000001,,,,56.17,1.4,54.77,613.765,3.5,14351,97.09999999999999,94
Aceh,Aceh,2022,3,,,51.3,97.7,,,,76.23999999999999,16.1,60.14,639.58,3.5,14349,117.2,94.7
Aceh,Aceh,2022,4,,,51.9,98.39,,,,84.28,1.24,83.04000000000001,650.523,3.5,14369,104.6,95.59999999999999
Aceh,Aceh,2022,5,,,50.8,99.19,,,,45.04,34.3,10.74,639.332,3.5,14608,113.3,95.90000000000001
Aceh,Aceh,2022,6,,,50.2,100.05,,,,56.24,12.57,43.67,622.466,3.5,14689,122.7,96.59999999999999
Aceh,Aceh,2022,7,,,51.3,101.2,,,,3,56.61,-53.61,608.721,3.5,14984,111.9,97
Aceh,Aceh,2022,8,,,51.7,100.69,,,,61.31,3.08,58.23,621.332,3.75,14851,100.4,96.90000000000001
Aceh,Aceh,2022,9,,,53.7,102.21,,,,66.2,11.75,54.45,595.5410000000001,4.25,14972,89.8,97.7
Aceh,Aceh,2022,10,1,1,51.8,101.52,,,,69.67,29.83,39.84,562.995,4.75,15417,93.3,97.7
Aceh,Aceh,2022,11,1,0,50.3,101.2,,,,57.59,,57.59,579.335,5.25,15659,91.40000000000001,98
Aceh,Aceh,2022,12,84,83,50.9,102.77,,,,85.13,.16,84.97,523.785,5.5,15615,80.90000000000001,98.7
Sumatera Utara,Sumatera Utara,2022,1,,,53.7,97.81,,,,930.98,529.29,401.69,5849.697,3.5,14335,86.5,94
Sumatera Utara,Sumatera Utara,2022,2,,,51.2,97.73999999999999,,,,837.08,473.42,363.66,5838.889,3.5,14351,97.09999999999999,94
Sumatera Utara,Sumatera Utara,2022,3,,,51.3,98.34999999999999,,,,1117.66,563.96,553.7,5713.448,3.5,14349,117.2,94.7
Sumatera Utara,Sumatera Utara,2022,4,,,51.9,98.55,,,,1274.83,528.58,746.25,5678.744,3.5,14369,104.6,95.59999999999999
Sumatera Utara,Sumatera Utara,2022,5,,,50.8,99.09999999999999,,,,748.67,531.63,217.04,5824.278,3.5,14608,113.3,95.90000000000001
Sumatera Utara,Sumatera Utara,2022,6,,,50.2,100.82,,,,1242.66,499.04,743.62,5620.976,3.5,14689,122.7,96.59999999999999
Sumatera Utara,Sumatera Utara,2022,7,70,,51.3,101.04,,,,591.42,1226.7,-635.28,5849.406,3.5,14984,111.9,97
Sumatera Utara,Sumatera Utara,2022,8,,,51.7,100.54,,,,1339.26,511.97,827.29,5843.455,3.75,14851,100.4,96.90000000000001
Sumatera Utara,Sumatera Utara,2022,9,70,,53.7,101.67,,,,1133.04,528.0599999999999,604.98,5417.903,4.25,14972,89.8,97.7
Sumatera Utara,Sumatera Utara,2022,10,70,0,51.8,101.06,,,,1054.34,455.93,598.41,5445.284,4.75,15417,93.3,97.7
Sumatera Utara,Sumatera Utara,2022,11,70,0,50.3,100.91,,,,1012.11,506.19,505.92,5413.884,5.25,15659,91.40000000000001,98
Sumatera Utara,Sumatera Utara,2022,12,70,0,50.9,102.39,,,,826.85,482.78,344.07,5163.11,5.5,15615,80.90000000000001,98.7
Sumatera Barat,Sumatera Barat,2022,1,,,53.7,96.70999999999999,,,,219.03,14.11,204.92,1072.193,3.5,14335,86.5,94
Sumatera Barat,Sumatera Barat,2022,2,,,51.2,96.66,,,,250.99,3.98,247.01,1109.833,3.5,14351,97.09999999999999,94
Sumatera Barat,Sumatera Barat,2022,3,,,51.3,97.47,,,,249.35,8.119999999999999,241.23,1096.5,3.5,14349,117.2,94.7
Sumatera Barat,Sumatera Barat,2022,4,,,51.9,98.31999999999999,,,,323.58,37.75,285.83,1180.956,3.5,14369,104.6,95.59999999999999
Sumatera Barat,Sumatera Barat,2022,5,,,50.8,99.36,,,,60.2,59.75,.45,1240.648,3.5,14608,113.3,95.90000000000001
Sumatera Barat,Sumatera Barat,2022,6,,,50.2,100.78,,,,281.35,89.31999999999999,192.03,1171.013,3.5,14689,122.7,96.59999999999999
Sumatera Barat,Sumatera Barat,2022,7,35,,51.3,101.86,,,,55.47,305.49,-250.02,1202.527,3.5,14984,111.9,97
Sumatera Barat,Sumatera Barat,2022,8,,,51.7,100.73,,,,331.19,58.8,272.39,1191.471,3.75,14851,100.4,96.90000000000001
Sumatera Barat,Sumatera Barat,2022,9,35,,53.7,102.33,,,,196.12,37.88,158.24,1152.257,4.25,14972,89.8,97.7
Sumatera Barat,Sumatera Barat,2022,10,35,0,51.8,101.83,,,,274.72,51.59,223.13,1158.612,4.75,15417,93.3,97.7
Sumatera Barat,Sumatera Barat,2022,11,35,0,50.3,101.66,,,,181.31,23.28,158.03,1122.64,5.25,15659,91.40000000000001,98
Sumatera Barat,Sumatera Barat,2022,12,35,0,50.9,102.28,,,,194.49,20.23,174.26,1065.55,5.5,15615,80.90000000000001,98.7
Riau,Riau,2022,1,,,53.7,96.84999999999999,,,,1734.23,224.08,1510.15,1737.726,3.5,14335,86.5,94
Riau,Riau,2022,2,,,51.2,97.06,,,,1643.04,176.91,1466.13,1760.009,3.5,14351,97.09999999999999,94
Riau,Riau,2022,3,,,51.3,97.73,,,,1966.32,295.78,1670.54,1744.739,3.5,14349,117.2,94.7
Riau,Riau,2022,4,,,51.9,98.23999999999999,,,,2116.7,239.05,1877.65,1765.329,3.5,14369,104.6,95.59999999999999
Riau,Riau,2022,5,,,50.8,99.31999999999999,,,,1033.21,191.47,841.74,1865.879,3.5,14608,113.3,95.90000000000001
Riau,Riau,2022,6,,,50.2,100.75,,,,2026.35,277.19,1749.16,1847.988,3.5,14689,122.7,96.59999999999999
Riau,Riau,2022,7,64,,51.3,101.92,,,,225.54,2144.75,-1919.21,1994.564,3.5,14984,111.9,97
Riau,Riau,2022,8,,,51.7,100.45,,,,2476.4,184.47,2291.93,1756.636,3.75,14851,100.4,96.90000000000001
Riau,Riau,2022,9,64,,53.7,101.89,,,,1829.76,272.09,1557.67,1766.268,4.25,14972,89.8,97.7
Riau,Riau,2022,10,774,710,51.8,101.52,,,,2015.64,299.93,1715.71,1808.038,4.75,15417,93.3,97.7
Riau,Riau,2022,11,774,0,50.3,101.55,,,,1807.3,244.65,1562.65,1836.34,5.25,15659,91.40000000000001,98
Riau,Riau,2022,12,916,142,50.9,102.7,,,,1816.41,349.02,1467.39,1658.04,5.5,15615,80.90000000000001,98.7
Jambi,Jambi,2022,1,,,53.7,96.92,,,,186.85,1.77,185.08,837.208,3.5,14335,86.5,94
Jambi,Jambi,2022,2,,,51.2,96.34,,,,174.03,2.96,171.07,863.917,3.5,14351,97.09999999999999,94
Jambi,Jambi,2022,3,,,51.3,97.51000000000001,,,,275.58,5.79,269.79,819.1130000000001,3.5,14349,117.2,94.7
Jambi,Jambi,2022,4,,,51.9,98.76000000000001,,,,233.52,2.31,231.21,861.348,3.5,14369,104.6,95.59999999999999
Jambi,Jambi,2022,5,,,50.8,99.63,,,,255.46,1.26,254.2,930.437,3.5,14608,113.3,95.90000000000001
Jambi,Jambi,2022,6,,,50.2,100.85,,,,308.45,3.57,304.88,925.2809999999999,3.5,14689,122.7,96.59999999999999
Jambi,Jambi,2022,7,92,,51.3,101.92,,,,2.07,274.16,-272.09,944.8819999999999,3.5,14984,111.9,97
Jambi,Jambi,2022,8,,,51.7,100.8,,,,312.46,3.32,309.14,946.877,3.75,14851,100.4,96.90000000000001
Jambi,Jambi,2022,9,92,,53.7,101.93,,,,264.75,4.44,260.31,925.271,4.25,14972,89.8,97.7
Jambi,Jambi,2022,10,92,0,51.8,101.79,,,,229.1,2.19,226.91,964.629,4.75,15417,93.3,97.7
Jambi,Jambi,2022,11,92,0,50.3,101.46,,,,218.54,3.87,214.67,972.7190000000001,5.25,15659,91.40000000000001,98
Jambi,Jambi,2022,12,92,0,50.9,102.07,,,,258.6,4.47,254.13,893.224,5.5,15615,80.90000000000001,98.7
Sumatera Selatan,Sumatera Selatan,2022,1,,,53.7,,,,,355.12,84.06999999999999,271.05,2753.734,3.5,14335,86.5,94
Sumatera Selatan,Sumatera Selatan,2022,2,,,51.2,,,,,438.11,61.2,376.91,2840.796,3.5,14351,97.09999999999999,94
Sumatera Selatan,Sumatera Selatan,2022,3,,,51.3,,,,,644.52,89.62,554.9,2776.428,3.5,14349,117.2,94.7
Sumatera Selatan,Sumatera Selatan,2022,4,,,51.9,,,,,699.04,77.65000000000001,621.39,2905.108,3.5,14369,104.6,95.59999999999999
Sumatera Selatan,Sumatera Selatan,2022,5,,,50.8,,,,,618.92,66.29000000000001,552.63,3019.571,3.5,14608,113.3,95.90000000000001
Sumatera Selatan,Sumatera Selatan,2022,6,,,50.2,,,,,591.04,94.70999999999999,496.33,2960.09,3.5,14689,122.7,96.59999999999999
Sumatera Selatan,Sumatera Selatan,2022,7,160,,51.3,,,,,74.58,866.1,-791.52,2941.095,3.5,14984,111.9,97
Sumatera Selatan,Sumatera Selatan,2022,8,,,51.7,,,,,740.74,95.65000000000001,645.09,3016.455,3.75,14851,100.4,96.90000000000001
Sumatera Selatan,Sumatera Selatan,2022,9,160,,53.7,,,,,676.1,98.20999999999999,577.89,2978.338,4.25,14972,89.8,97.7
Sumatera Selatan,Sumatera Selatan,2022,10,160,0,51.8,,,,,673.75,62.95,610.8,2944.523,4.75,15417,93.3,97.7
Sumatera Selatan,Sumatera Selatan,2022,11,160,0,50.3,,,,,635.35,49.92,585.43,2901.85,5.25,15659,91.40000000000001,98
Sumatera Selatan,Sumatera Selatan,2022,12,160,0,50.9,,,,,642.5599999999999,58.44,584.12,2792.316,5.5,15615,80.90000000000001,98.7
Bengkulu,Bengkulu,2022,1,,,53.7,96.87,,,,4.42,,4.42,362.19,3.5,14335,86.5,94
Bengkulu,Bengkulu,2022,2,,,51.2,96.84,,,,20.39,,20.39,367.783,3.5,14351,97.09999999999999,94
Bengkulu,Bengkulu,2022,3,,,51.3,97.84,,,,24.35,,24.35,367.191,3.5,14349,117.2,94.7
Bengkulu,Bengkulu,2022,4,,,51.9,98.84,,,,42.18,,42.18,387.376,3.5,14369,104.6,95.59999999999999
Bengkulu,Bengkulu,2022,5,,,50.8,99.54000000000001,,,,31.04,,31.04,390.642,3.5,14608,113.3,95.90000000000001
Bengkulu,Bengkulu,2022,6,,,50.2,100.53,,,,33.46,,33.46,386.283,3.5,14689,122.7,96.59999999999999
Bengkulu,Bengkulu,2022,7,26,,51.3,101.72,,,,,22.38,-22.38,394.149,3.5,14984,111.9,97
Bengkulu,Bengkulu,2022,8,,,51.7,101.06,,,,20.39,,20.39,408.227,3.75,14851,100.4,96.90000000000001
Bengkulu,Bengkulu,2022,9,26,,53.7,102.2,,,,33.91,,33.91,411.035,4.25,14972,89.8,97.7
Bengkulu,Bengkulu,2022,10,26,0,51.8,101.36,,,,35.06,,35.06,421.289,4.75,15417,93.3,97.7
Bengkulu,Bengkulu,2022,11,26,0,50.3,101.41,,,,25.96,,25.96,421.651,5.25,15659,91.40000000000001,98
Bengkulu,Bengkulu,2022,12,26,0,50.9,101.77,,,,17.7,,17.7,384.728,5.5,15615,80.90000000000001,98.7
Lampung,Lampung,2022,1,,,53.7,97.45,,,,332.37,246.29,86.08,2892.759,3.5,14335,86.5,94
Lampung,Lampung,2022,2,,,51.2,97.27,,,,331.01,246.56,84.45,2899.502,3.5,14351,97.09999999999999,94
Lampung,Lampung,2022,3,,,51.3,97.91,,,,585.04,171.66,413.38,2847.693,3.5,14349,117.2,94.7
Lampung,Lampung,2022,4,,,51.9,98.65000000000001,,,,374.8,259.38,115.42,2877.617,3.5,14369,104.6,95.59999999999999
Lampung,Lampung,2022,5,,,50.8,99.3,,,,297.76,218.28,79.48,3087.657,3.5,14608,113.3,95.90000000000001
Lampung,Lampung,2022,6,,,50.2,100.13,,,,526.89,109.83,417.06,3078.144,3.5,14689,122.7,96.59999999999999
Lampung,Lampung,2022,7,,,51.3,100.33,,,,243.52,430.9,-187.38,2989.65,3.5,14984,111.9,97
Lampung,Lampung,2022,8,,,51.7,100.46,,,,674.55,122.56,551.99,2979.573,3.75,14851,100.4,96.90000000000001
Lampung,Lampung,2022,9,,,53.7,101.98,,,,552,401.06,150.94,2948.29,4.25,14972,89.8,97.7
Lampung,Lampung,2022,10,,0,51.8,101.81,,,,639.77,195.16,444.61,3040.178,4.75,15417,93.3,97.7
Lampung,Lampung,2022,11,,0,50.3,102.16,,,,441.66,108.16,333.5,3026.352,5.25,15659,91.40000000000001,98
Lampung,Lampung,2022,12,30,30,50.9,102.56,,,,419.51,196.52,222.99,2954.628,5.5,15615,80.90000000000001,98.7
Bangka Belitung,Bangka Belitung,2022,1,,,53.7,97.97,,,,59.29,16.28,43.01,311.393,3.5,14335,86.5,94
Bangka Belitung,Bangka Belitung,2022,2,,,51.2,97.11,,,,307.25,,307.25,319.848,3.5,14351,97.09999999999999,94
Bangka Belitung,Bangka Belitung,2022,3,,,51.3,98.11,,,,314.37,2.91,311.46,486.325,3.5,14349,117.2,94.7
Bangka Belitung,Bangka Belitung,2022,4,,,51.9,99.19,,,,436.4,1.93,434.47,493.594,3.5,14369,104.6,95.59999999999999
Bangka Belitung,Bangka Belitung,2022,5,,,50.8,99.95999999999999,,,,172.73,3.19,169.54,501.21,3.5,14608,113.3,95.90000000000001
Bangka Belitung,Bangka Belitung,2022,6,,,50.2,100.71,,,,286.93,.16,286.77,499.788,3.5,14689,122.7,96.59999999999999
Bangka Belitung,Bangka Belitung,2022,7,369,,51.3,101.17,,,,14.07,144.03,-129.96,501.726,3.5,14984,111.9,97
Bangka Belitung,Bangka Belitung,2022,8,,,51.7,100.15,,,,262.21,1.47,260.74,493.813,3.75,14851,100.4,96.90000000000001
Bangka Belitung,Bangka Belitung,2022,9,369,,53.7,101.53,,,,172.54,1.06,171.48,487.995,4.25,14972,89.8,97.7
Bangka Belitung,Bangka Belitung,2022,10,369,0,51.8,100.93,,,,165.84,3.89,161.95,510.429,4.75,15417,93.3,97.7
Bangka Belitung,Bangka Belitung,2022,11,380,11,50.3,101.18,,,,128.15,23.67,104.48,509.594,5.25,15659,91.40000000000001,98
Bangka Belitung,Bangka Belitung,2022,12,380,0,50.9,101.99,,,,190.37,8.029999999999999,182.34,477.884,5.5,15615,80.90000000000001,98.7
Kepulauan Riau,Kepulauan Riau,2022,1,,,53.7,97.79000000000001,,,,1209.54,1362.73,-153.19,1227.365,3.5,14335,86.5,94
Kepulauan Riau,Kepulauan Riau,2022,2,,,51.2,97.34999999999999,,,,1364.48,990.13,374.35,1247.216,3.5,14351,97.09999999999999,94
Kepulauan Riau,Kepulauan Riau,2022,3,,,51.3,97.87,,,,1617.23,1697.03,-79.8,1187.862,3.5,14349,117.2,94.7
Kepulauan Riau,Kepulauan Riau,2022,4,,,51.9,98.53,,,,1701.9,1480.23,221.67,1191.706,3.5,14369,104.6,95.59999999999999
Kepulauan Riau,Kepulauan Riau,2022,5,,,50.8,99.31999999999999,,,,1569.76,1224.56,345.2,1217.181,3.5,14608,113.3,95.90000000000001
Kepulauan Riau,Kepulauan Riau,2022,6,,,50.2,100.23,,,,1460.15,1426.13,34.02,1207.469,3.5,14689,122.7,96.59999999999999
Kepulauan Riau,Kepulauan Riau,2022,7,720,,51.3,100.82,,,,1388.71,1432.49,-43.78,1299.601,3.5,14984,111.9,97
Kepulauan Riau,Kepulauan Riau,2022,8,,,51.7,100.46,,,,2156.93,1560.8,596.13,1365.877,3.75,14851,100.4,96.90000000000001
Kepulauan Riau,Kepulauan Riau,2022,9,720,,53.7,101.84,,,,1441.7,1316.8,124.9,1527.593,4.25,14972,89.8,97.7
Kepulauan Riau,Kepulauan Riau,2022,10,863,143,51.8,101.75,,,,1471.6,1335.52,136.08,1553.398,4.75,15417,93.3,97.7
Kepulauan Riau,Kepulauan Riau,2022,11,863,0,50.3,101.51,,,,1431.76,1287.53,144.23,910.846,5.25,15659,91.40000000000001,98
Kepulauan Riau,Kepulauan Riau,2022,12,863,0,50.9,102.51,,,,1446.87,1601.52,-154.65,872.59,5.5,15615,80.90000000000001,98.7
DKI Jakarta,DKI Jakarta,2022,1,,,53.7,98.18000000000001,,,,1020.02,9629.02,-8609,81655.659,3.5,14335,86.5,94
DKI Jakarta,DKI Jakarta,2022,2,,,51.2,98.13,,,,950.74,7574.86,-6624.12,81507.497,3.5,14351,97.09999999999999,94
DKI Jakarta,DKI Jakarta,2022,3,,,51.3,98.52,,,,980.26,10029.14,-9048.879999999999,80388.512,3.5,14349,117.2,94.7
DKI Jakarta,DKI Jakarta,2022,4,,,51.9,99.20999999999999,,,,957.2,7782.35,-6825.15,81023.363,3.5,14369,104.6,95.59999999999999
DKI Jakarta,DKI Jakarta,2022,5,,,50.8,99.28,,,,715.36,8290.32,-7574.96,80507.636,3.5,14608,113.3,95.90000000000001
DKI Jakarta,DKI Jakarta,2022,6,,,50.2,99.61,,,,996.16,9564.690000000001,-8568.530000000001,78455.21799999999,3.5,14689,122.7,96.59999999999999
DKI Jakarta,DKI Jakarta,2022,7,356,,51.3,100.18,,,,9358.73,917.12,8441.610000000001,79056.274,3.5,14984,111.9,97
DKI Jakarta,DKI Jakarta,2022,8,,,51.7,100.12,,,,1010.01,10212.91,-9202.9,77811.07399999999,3.75,14851,100.4,96.90000000000001
DKI Jakarta,DKI Jakarta,2022,9,1655,,53.7,101.56,,,,1019.45,9199.780000000001,-8180.33,77064.71000000001,4.25,14972,89.8,97.7
DKI Jakarta,DKI Jakarta,2022,10,1655,0,51.8,101.53,,,,988.97,8846.58,-7857.61,73764.74000000001,4.75,15417,93.3,97.7
DKI Jakarta,DKI Jakarta,2022,11,1655,0,50.3,101.58,,,,991.21,9306.65,-8315.440000000001,71758.757,5.25,15659,91.40000000000001,98
DKI Jakarta,DKI Jakarta,2022,12,1655,0,50.9,102.1,,,,974.75,8754.74,-7779.99,67798.163,5.5,15615,80.90000000000001,98.7
Jawa Barat,Jawa Barat,2022,1,,,53.7,97.17,,,,3109.74,299.26,2810.48,17526.088,3.5,14335,86.5,94
Jawa Barat,Jawa Barat,2022,2,,,51.2,97.20999999999999,,,,2959,416.79,2542.21,17589.748,3.5,14351,97.09999999999999,94
Jawa Barat,Jawa Barat,2022,3,,,51.3,97.73999999999999,,,,3508.25,585.75,2922.5,17576.247,3.5,14349,117.2,94.7
Jawa Barat,Jawa Barat,2022,4,,,51.9,99.01000000000001,,,,3451.36,1138.05,2313.31,18878.602,3.5,14369,104.6,95.59999999999999
Jawa Barat,Jawa Barat,2022,5,,,50.8,99.45999999999999,,,,2684.11,442.07,2242.04,19348.097,3.5,14608,113.3,95.90000000000001
Jawa Barat,Jawa Barat,2022,6,,,50.2,100.23,,,,3521.63,419.04,3102.59,17595.023,3.5,14689,122.7,96.59999999999999
Jawa Barat,Jawa Barat,2022,7,223,,51.3,100.85,,,,516.46,3298.98,-2782.52,17701.94,3.5,14984,111.9,97
Jawa Barat,Jawa Barat,2022,8,,,51.7,100.56,,,,3489.67,518.47,2971.2,17590.757,3.75,14851,100.4,96.90000000000001
Jawa Barat,Jawa Barat,2022,9,223,,53.7,101.8,,,,3350.32,341.11,3009.21,17355.938,4.25,14972,89.8,97.7
Jawa Barat,Jawa Barat,2022,10,223,0,51.8,101.77,,,,3151.5,464.66,2686.84,17408.764,4.75,15417,93.3,97.7
Jawa Barat,Jawa Barat,2022,11,223,0,50.3,101.88,,,,3081.35,329.29,2752.06,17113.252,5.25,15659,91.40000000000001,98
Jawa Barat,Jawa Barat,2022,12,4629,4406,50.9,102.32,,,,2984.92,407.6,2577.32,16496.316,5.5,15615,80.90000000000001,98.7
Jawa Tengah,Jawa Tengah,2022,1,,,53.7,97.12,,,,1051.54,1025.01,26.53,16835.886,3.5,14335,86.5,94
Jawa Tengah,Jawa Tengah,2022,2,,,51.2,97.09999999999999,,,,938.18,1141.9,-203.72,16343.349,3.5,14351,97.09999999999999,94
Jawa Tengah,Jawa Tengah,2022,3,,,51.3,98,,,,1181.81,1008.72,173.09,16125.058,3.5,14349,117.2,94.7
Jawa Tengah,Jawa Tengah,2022,4,,,51.9,99.11,,,,1117,1664.31,-547.3099999999999,16541.195,3.5,14369,104.6,95.59999999999999
Jawa Tengah,Jawa Tengah,2022,5,,,50.8,99.56999999999999,,,,780.74,1338.93,-558.1900000000001,16570.912,3.5,14608,113.3,95.90000000000001
Jawa Tengah,Jawa Tengah,2022,6,,,50.2,100.6,,,,1100.99,1096.29,4.7,16157.311,3.5,14689,122.7,96.59999999999999
Jawa Tengah,Jawa Tengah,2022,7,35,,51.3,100.89,,,,1607.52,1022.48,585.04,16126.707,3.5,14984,111.9,97
Jawa Tengah,Jawa Tengah,2022,8,,,51.7,100.48,,,,1021.04,1579.22,-558.18,15899.64,3.75,14851,100.4,96.90000000000001
Jawa Tengah,Jawa Tengah,2022,9,35,,53.7,101.66,,,,909.41,1103.01,-193.6,15886.55,4.25,14972,89.8,97.7
Jawa Tengah,Jawa Tengah,2022,10,35,0,51.8,101.51,,,,871.62,1194.96,-323.34,16226.444,4.75,15417,93.3,97.7
Jawa Tengah,Jawa Tengah,2022,11,79,44,50.3,101.68,,,,905.88,1102.88,-197,16322.448,5.25,15659,91.40000000000001,98
Jawa Tengah,Jawa Tengah,2022,12,467,388,50.9,102.26,,,,877.23,1150.86,-273.63,14530.966,5.5,15615,80.90000000000001,98.7
DI Yogyakarta,DI Yogyakarta,2022,1,,,53.7,,,,,51.82,1.97,49.85,1161.89,3.5,14335,86.5,94
DI Yogyakarta,DI Yogyakarta,2022,2,,,51.2,,,,,47.28,.02,47.26,1173.85,3.5,14351,97.09999999999999,94
DI Yogyakarta,DI Yogyakarta,2022,3,,,51.3,,,,,61.33,1.79,59.54,1255.416,3.5,14349,117.2,94.7
DI Yogyakarta,DI Yogyakarta,2022,4,,,51.9,,,,,56.4,11.84,44.56,1343.26,3.5,14369,104.6,95.59999999999999
DI Yogyakarta,DI Yogyakarta,2022,5,,,50.8,,,,,35.77,.02,35.75,1370.024,3.5,14608,113.3,95.90000000000001
DI Yogyakarta,DI Yogyakarta,2022,6,,,50.2,,,,,54.78,0,54.78,1340.51,3.5,14689,122.7,96.59999999999999
DI Yogyakarta,DI Yogyakarta,2022,7,113,,51.3,,,,,,47.28,-47.28,1434.322,3.5,14984,111.9,97
DI Yogyakarta,DI Yogyakarta,2022,8,,,51.7,,,,,46.87,,46.87,1464.624,3.75,14851,100.4,96.90000000000001
DI Yogyakarta,DI Yogyakarta,2022,9,113,,53.7,,,,,44.67,.01,44.66,1338.115,4.25,14972,89.8,97.7
DI Yogyakarta,DI Yogyakarta,2022,10,113,0,51.8,,,,,39.46,.09,39.37,1350.732,4.75,15417,93.3,97.7
DI Yogyakarta,DI Yogyakarta,2022,11,113,0,50.3,,,,,42.8,.01,42.79,1352.642,5.25,15659,91.40000000000001,98
DI Yogyakarta,DI Yogyakarta,2022,12,113,0,50.9,,,,,54.84,.02,54.82,1259.658,5.5,15615,80.90000000000001,98.7
Jawa Timur,Jawa Timur,2022,1,,,53.7,97.2,,,,1880.16,2260.6,-380.44,18198.523,3.5,14335,86.5,94
Jawa Timur,Jawa Timur,2022,2,,,51.2,97.17,,,,2268.38,2331.31,-62.93,18443.044,3.5,14351,97.09999999999999,94
Jawa Timur,Jawa Timur,2022,3,,,51.3,97.88,,,,2721.33,3053.77,-332.44,18140.285,3.5,14349,117.2,94.7
Jawa Timur,Jawa Timur,2022,4,,,51.9,98.83,,,,2261.13,2770.9,-509.77,18688.588,3.5,14369,104.6,95.59999999999999
Jawa Timur,Jawa Timur,2022,5,,,50.8,99.28,,,,1750.72,2591.19,-840.47,19769.519,3.5,14608,113.3,95.90000000000001
Jawa Timur,Jawa Timur,2022,6,,,50.2,100.15,,,,1995.82,3188.14,-1192.32,19619.748,3.5,14689,122.7,96.59999999999999
Jawa Timur,Jawa Timur,2022,7,5,,51.3,100.94,,,,3127.38,1982.79,1144.59,19785.781,3.5,14984,111.9,97
Jawa Timur,Jawa Timur,2022,8,,,51.7,100.52,,,,2095.62,3145.72,-1050.1,20570.037,3.75,14851,100.4,96.90000000000001
Jawa Timur,Jawa Timur,2022,9,1250,,53.7,101.71,,,,1981.81,2817.65,-835.84,19890.165,4.25,14972,89.8,97.7
Jawa Timur,Jawa Timur,2022,10,1250,0,51.8,101.57,,,,1880.39,2562.67,-682.28,20325.784,4.75,15417,93.3,97.7
Jawa Timur,Jawa Timur,2022,11,1250,0,50.3,102.07,,,,2047.13,2652.09,-604.96,19887.301,5.25,15659,91.40000000000001,98
Jawa Timur,Jawa Timur,2022,12,3574,2324,50.9,102.68,,,,1888.71,2589.71,-701,17487.339,5.5,15615,80.90000000000001,98.7
Banten,Banten,2022,1,,,53.7,97.87,,,,1241.51,1251.76,-10.25,3921.916,3.5,14335,86.5,94
Banten,Banten,2022,2,,,51.2,97.70999999999999,,,,1102.83,1503.32,-400.49,3729.562,3.5,14351,97.09999999999999,94
Banten,Banten,2022,3,,,51.3,98.56999999999999,,,,1412.39,1850.08,-437.69,3528.935,3.5,14349,117.2,94.7
Banten,Banten,2022,4,,,51.9,99.48,,,,1437.48,1683.63,-246.15,3775.247,3.5,14369,104.6,95.59999999999999
Banten,Banten,2022,5,,,50.8,99.61,,,,1036.98,1749.07,-712.09,3942.669,3.5,14608,113.3,95.90000000000001
Banten,Banten,2022,6,,,50.2,100.54,,,,1192.61,1670.06,-477.45,3806.093,3.5,14689,122.7,96.59999999999999
Banten,Banten,2022,7,,,51.3,100.75,,,,1611.28,1140.46,470.82,3725.433,3.5,14984,111.9,97
Banten,Banten,2022,8,,,51.7,100.3,,,,1115.61,1490.7,-375.09,3723.8,3.75,14851,100.4,96.90000000000001
Banten,Banten,2022,9,3703,,53.7,101.43,,,,1107.47,1355.97,-248.5,3652.287,4.25,14972,89.8,97.7
Banten,Banten,2022,10,3703,0,51.8,101.01,,,,1084.03,1325.44,-241.41,3714.286,4.75,15417,93.3,97.7
Banten,Banten,2022,11,3703,0,50.3,101.1,,,,1144.72,1164.81,-20.09,3853.077,5.25,15659,91.40000000000001,98
Banten,Banten,2022,12,3703,0,50.9,101.63,,,,1078.6,1503.39,-424.79,3676.522,5.5,15615,80.90000000000001,98.7
Bali,Bali,2022,1,,,53.7,97.72,,,,43.75,1.7,42.05,2220.277,3.5,14335,86.5,94
Bali,Bali,2022,2,,,51.2,97.29000000000001,,,,45.44,1.52,43.92,2464.827,3.5,14351,97.09999999999999,94
Bali,Bali,2022,3,,,51.3,97.94,,,,51.88,4.42,47.46,2341.155,3.5,14349,117.2,94.7
Bali,Bali,2022,4,,,51.9,98.92,,,,60.66,3.38,57.28,2429.807,3.5,14369,104.6,95.59999999999999
Bali,Bali,2022,5,,,50.8,99.2,,,,47.76,5.44,42.32,2522.772,3.5,14608,113.3,95.90000000000001
Bali,Bali,2022,6,,,50.2,100.07,,,,49.93,8.93,41,2506.636,3.5,14689,122.7,96.59999999999999
Bali,Bali,2022,7,96,,51.3,101.12,,,,7.3,50.1,-42.8,2725.815,3.5,14984,111.9,97
Bali,Bali,2022,8,,,51.7,100.61,,,,50.8,7.28,43.52,2526.302,3.75,14851,100.4,96.90000000000001
Bali,Bali,2022,9,96,,53.7,101.62,,,,55.33,9.83,45.5,2423.785,4.25,14972,89.8,97.7
Bali,Bali,2022,10,96,0,51.8,101.53,,,,52.96,7.46,45.5,2359.257,4.75,15417,93.3,97.7
Bali,Bali,2022,11,706,610,50.3,101.74,,,,52.73,7.8,44.93,2273.647,5.25,15659,91.40000000000001,98
Bali,Bali,2022,12,706,0,50.9,102.26,,,,56.17,7.82,48.35,2083.129,5.5,15615,80.90000000000001,98.7
Nusa Tenggara Barat,Nusa Tenggara Barat,2022,1,,,53.7,97.33,,,,249.5,16.12,233.38,799.683,3.5,14335,86.5,94
Nusa Tenggara Barat,Nusa Tenggara Barat,2022,2,,,51.2,97.04000000000001,,,,152.15,13.9,138.25,860.614,3.5,14351,97.09999999999999,94
Nusa Tenggara Barat,Nusa Tenggara Barat,2022,3,,,51.3,97.87,,,,212.1,24.35,187.75,840.136,3.5,14349,117.2,94.7
Nusa Tenggara Barat,Nusa Tenggara Barat,2022,4,,,51.9,99.06999999999999,,,,361.88,13.86,348.02,938.152,3.5,14369,104.6,95.59999999999999
Nusa Tenggara Barat,Nusa Tenggara Barat,2022,5,,,50.8,99.29000000000001,,,,219.55,26.01,193.54,1021.253,3.5,14608,113.3,95.90000000000001
Nusa Tenggara Barat,Nusa Tenggara Barat,2022,6,,,50.2,100.24,,,,323.43,14.02,309.41,1035.225,3.5,14689,122.7,96.59999999999999
Nusa Tenggara Barat,Nusa Tenggara Barat,2022,7,21,,51.3,101.46,,,,12.72,365.62,-352.9,1061.444,3.5,14984,111.9,97
Nusa Tenggara Barat,Nusa Tenggara Barat,2022,8,,,51.7,100.42,,,,219.57,17.95,201.62,1068.001,3.75,14851,100.4,96.90000000000001
Nusa Tenggara Barat,Nusa Tenggara Barat,2022,9,21,,53.7,101.35,,,,212.07,11.05,201.02,1070.962,4.25,14972,89.8,97.7
Nusa Tenggara Barat,Nusa Tenggara Barat,2022,10,21,0,51.8,101.55,,,,231.56,22.24,209.32,1079.386,4.75,15417,93.3,97.7
Nusa Tenggara Barat,Nusa Tenggara Barat,2022,11,396,375,50.3,102,,,,320.08,20.74,299.34,1018.976,5.25,15659,91.40000000000001,98
Nusa Tenggara Barat,Nusa Tenggara Barat,2022,12,396,0,50.9,102.38,,,,232.33,17.72,214.61,887.521,5.5,15615,80.90000000000001,98.7
Nusa Tenggara Timur,Nusa Tenggara Timur,2022,1,,,53.7,97.63,,,,6.27,.07,6.2,554.922,3.5,14335,86.5,94
Nusa Tenggara Timur,Nusa Tenggara Timur,2022,2,,,51.2,97.78,,,,3.16,.09,3.07,561.708,3.5,14351,97.09999999999999,94
Nusa Tenggara Timur,Nusa Tenggara Timur,2022,3,,,51.3,98.17,,,,4.61,.26,4.35,541.058,3.5,14349,117.2,94.7
Nusa Tenggara Timur,Nusa Tenggara Timur,2022,4,,,51.9,99.47,,,,3.9,.18,3.72,580.422,3.5,14369,104.6,95.59999999999999
Nusa Tenggara Timur,Nusa Tenggara Timur,2022,5,,,50.8,99.52,,,,4.07,.22,3.85,1149.446,3.5,14608,113.3,95.90000000000001
Nusa Tenggara Timur,Nusa Tenggara Timur,2022,6,,,50.2,99.75,,,,5.48,.16,5.32,1165.65,3.5,14689,122.7,96.59999999999999
Nusa Tenggara Timur,Nusa Tenggara Timur,2022,7,,,51.3,100.5,,,,.09,5.36,-5.27,1199.274,3.5,14984,111.9,97
Nusa Tenggara Timur,Nusa Tenggara Timur,2022,8,,,51.7,100.12,,,,5.4,.27,5.13,1198.016,3.75,14851,100.4,96.90000000000001
Nusa Tenggara Timur,Nusa Tenggara Timur,2022,9,62,,53.7,101.46,,,,7.63,.16,7.47,632.39,4.25,14972,89.8,97.7
Nusa Tenggara Timur,Nusa Tenggara Timur,2022,10,62,0,51.8,101.54,,,,6.89,.13,6.76,639.023,4.75,15417,93.3,97.7
Nusa Tenggara Timur,Nusa Tenggara Timur,2022,11,62,0,50.3,101.68,,,,7.62,.03,7.59,592.372,5.25,15659,91.40000000000001,98
Nusa Tenggara Timur,Nusa Tenggara Timur,2022,12,62,0,50.9,102.38,,,,6.54,19.78,-13.24,534.139,5.5,15615,80.90000000000001,98.7
Kalimantan Barat,Kalimantan Barat,2022,1,,,53.7,97.54000000000001,,,,196.69,20.34,176.35,1312.015,3.5,14335,86.5,94
Kalimantan Barat,Kalimantan Barat,2022,2,,,51.2,97.45,,,,294.56,20.2,274.36,1375.93,3.5,14351,97.09999999999999,94
Kalimantan Barat,Kalimantan Barat,2022,3,,,51.3,98.23999999999999,,,,318.27,36.76,281.51,1372.188,3.5,14349,117.2,94.7
Kalimantan Barat,Kalimantan Barat,2022,4,,,51.9,99.17,,,,345.2,31.29,313.91,1404.774,3.5,14369,104.6,95.59999999999999
Kalimantan Barat,Kalimantan Barat,2022,5,,,50.8,99.62,,,,180.45,22.97,157.48,1505.877,3.5,14608,113.3,95.90000000000001
Kalimantan Barat,Kalimantan Barat,2022,6,,,50.2,99.69,,,,279.54,30.12,249.42,1368.398,3.5,14689,122.7,96.59999999999999
Kalimantan Barat,Kalimantan Barat,2022,7,44,,51.3,100.11,,,,20.67,288.58,-267.91,1439.261,3.5,14984,111.9,97
Kalimantan Barat,Kalimantan Barat,2022,8,,,51.7,100.05,,,,258.82,35.52,223.3,1466.887,3.75,14851,100.4,96.90000000000001
Kalimantan Barat,Kalimantan Barat,2022,9,44,,53.7,101.68,,,,197.04,33.69,163.35,1455.483,4.25,14972,89.8,97.7
Kalimantan Barat,Kalimantan Barat,2022,10,44,0,51.8,101.87,,,,194.16,19.02,175.14,1508.427,4.75,15417,93.3,97.7
Kalimantan Barat,Kalimantan Barat,2022,11,44,0,50.3,102.13,,,,213.59,31.29,182.3,1367.698,5.25,15659,91.40000000000001,98
Kalimantan Barat,Kalimantan Barat,2022,12,1131,1087,50.9,102.46,,,,197.44,35.26,162.18,1260.208,5.5,15615,80.90000000000001,98.7
Kalimantan Tengah,Kalimantan Tengah,2022,1,,,53.7,97.36,,,,180.63,506.36,-325.73,502.158,3.5,14335,86.5,94
Kalimantan Tengah,Kalimantan Tengah,2022,2,,,51.2,97.14,,,,514.63,853.96,-339.33,514.103,3.5,14351,97.09999999999999,94
Kalimantan Tengah,Kalimantan Tengah,2022,3,,,51.3,97.59999999999999,,,,525.86,937.85,-411.99,514.264,3.5,14349,117.2,94.7
Kalimantan Tengah,Kalimantan Tengah,2022,4,,,51.9,98.77,,,,622.1,841.46,-219.36,534.657,3.5,14369,104.6,95.59999999999999
Kalimantan Tengah,Kalimantan Tengah,2022,5,,,50.8,99.33,,,,578.3,803.54,-225.24,569.134,3.5,14608,113.3,95.90000000000001
Kalimantan Tengah,Kalimantan Tengah,2022,6,,,50.2,100.43,,,,405.7,983.0700000000001,-577.37,546.451,3.5,14689,122.7,96.59999999999999
Kalimantan Tengah,Kalimantan Tengah,2022,7,25,,51.3,100.96,,,,830.16,507.85,322.31,550.374,3.5,14984,111.9,97
Kalimantan Tengah,Kalimantan Tengah,2022,8,,,51.7,100.36,,,,505.66,959.58,-453.92,545.264,3.75,14851,100.4,96.90000000000001
Kalimantan Tengah,Kalimantan Tengah,2022,9,25,,53.7,101.81,,,,397.05,894.7,-497.65,526.289,4.25,14972,89.8,97.7
Kalimantan Tengah,Kalimantan Tengah,2022,10,25,0,51.8,101.94,,,,501.56,785.59,-284.03,541.13,4.75,15417,93.3,97.7
Kalimantan Tengah,Kalimantan Tengah,2022,11,37,12,50.3,102.12,,,,601.9,4.83,597.0700000000001,528.3819999999999,5.25,15659,91.40000000000001,98
Kalimantan Tengah,Kalimantan Tengah,2022,12,37,0,50.9,102.16,,,,488.33,3.6,484.73,487.911,5.5,15615,80.90000000000001,98.7
Kalimantan Selatan,Kalimantan Selatan,2022,1,,,53.7,97.95999999999999,,,,446.29,32.27,414.02,1401.803,3.5,14335,86.5,94
Kalimantan Selatan,Kalimantan Selatan,2022,2,,,51.2,97.68000000000001,,,,827.6,86.97,740.63,1402.086,3.5,14351,97.09999999999999,94
Kalimantan Selatan,Kalimantan Selatan,2022,3,,,51.3,98.22,,,,1258.54,100.41,1158.13,1424.469,3.5,14349,117.2,94.7
Kalimantan Selatan,Kalimantan Selatan,2022,4,,,51.9,99,,,,1507.01,111.14,1395.87,1548.063,3.5,14369,104.6,95.59999999999999
Kalimantan Selatan,Kalimantan Selatan,2022,5,,,50.8,99.5,,,,1313.52,74.34,1239.18,1592.991,3.5,14608,113.3,95.90000000000001
Kalimantan Selatan,Kalimantan Selatan,2022,6,,,50.2,100.1,,,,1729.52,134.29,1595.23,1546.397,3.5,14689,122.7,96.59999999999999
Kalimantan Selatan,Kalimantan Selatan,2022,7,58,,51.3,100.24,,,,153.56,1540.94,-1387.38,1547.737,3.5,14984,111.9,97
Kalimantan Selatan,Kalimantan Selatan,2022,8,,,51.7,99.81999999999999,,,,1640.39,200.07,1440.32,1519.7,3.75,14851,100.4,96.90000000000001
Kalimantan Selatan,Kalimantan Selatan,2022,9,943,,53.7,101.46,,,,1478.56,192.42,1286.14,1474.518,4.25,14972,89.8,97.7
Kalimantan Selatan,Kalimantan Selatan,2022,10,943,0,51.8,101.64,,,,1571.92,196.72,1375.2,1564.874,4.75,15417,93.3,97.7
Kalimantan Selatan,Kalimantan Selatan,2022,11,1199,256,50.3,101.86,,,,1552.35,82.13,1470.22,1498.551,5.25,15659,91.40000000000001,98
Kalimantan Selatan,Kalimantan Selatan,2022,12,1199,0,50.9,102.54,,,,1351.18,177.26,1173.92,1460.922,5.5,15615,80.90000000000001,98.7
Kalimantan Timur,Kalimantan Timur,2022,1,,,53.7,97.55,,,,1094.6,201.23,893.37,3342.49,3.5,14335,86.5,94
Kalimantan Timur,Kalimantan Timur,2022,2,,,51.2,97.41,,,,2019.88,324.36,1695.52,3378.649,3.5,14351,97.09999999999999,94
Kalimantan Timur,Kalimantan Timur,2022,3,,,51.3,97.97,,,,3055.48,522.4,2533.08,3302.724,3.5,14349,117.2,94.7
Kalimantan Timur,Kalimantan Timur,2022,4,,,51.9,99.05,,,,3342.07,415.71,2926.36,3376.726,3.5,14369,104.6,95.59999999999999
Kalimantan Timur,Kalimantan Timur,2022,5,,,50.8,99.48,,,,2860.11,218.69,2641.42,3476.188,3.5,14608,113.3,95.90000000000001
Kalimantan Timur,Kalimantan Timur,2022,6,,,50.2,100.03,,,,3690.95,567.5599999999999,3123.39,3168.18,3.5,14689,122.7,96.59999999999999
Kalimantan Timur,Kalimantan Timur,2022,7,15,,51.3,100.6,,,,746.23,3600.69,-2854.46,3239.686,3.5,14984,111.9,97
Kalimantan Timur,Kalimantan Timur,2022,8,,,51.7,100.21,,,,3742.89,428.79,3314.1,3256.618,3.75,14851,100.4,96.90000000000001
Kalimantan Timur,Kalimantan Timur,2022,9,15,,53.7,101.65,,,,3348.44,280.68,3067.76,3230.576,4.25,14972,89.8,97.7
Kalimantan Timur,Kalimantan Timur,2022,10,15,0,51.8,101.86,,,,3357.95,585.0700000000001,2772.88,3200.354,4.75,15417,93.3,97.7
Kalimantan Timur,Kalimantan Timur,2022,11,15,0,50.3,101.98,,,,3189.21,536.83,2652.38,3121.803,5.25,15659,91.40000000000001,98
Kalimantan Timur,Kalimantan Timur,2022,12,3082,3067,50.9,102.2,,,,3153.38,590.4400000000001,2562.94,2890.406,5.5,15615,80.90000000000001,98.7
Kalimantan Utara,Kalimantan Utara,2022,1,,,53.7,97.98999999999999,,,,66.31,11.53,54.78,,3.5,14335,86.5,94
Kalimantan Utara,Kalimantan Utara,2022,2,,,51.2,98.05,,,,153.03,13.48,139.55,,3.5,14351,97.09999999999999,94
Kalimantan Utara,Kalimantan Utara,2022,3,,,51.3,98.45999999999999,,,,272.06,7.57,264.49,,3.5,14349,117.2,94.7
Kalimantan Utara,Kalimantan Utara,2022,4,,,51.9,98.89,,,,248.09,9.32,238.77,,3.5,14369,104.6,95.59999999999999
Kalimantan Utara,Kalimantan Utara,2022,5,,,50.8,99.52,,,,255.94,7.52,248.42,,3.5,14608,113.3,95.90000000000001
Kalimantan Utara,Kalimantan Utara,2022,6,,,50.2,100.16,,,,193.84,15.03,178.81,,3.5,14689,122.7,96.59999999999999
Kalimantan Utara,Kalimantan Utara,2022,7,,,51.3,100.34,,,,15.29,291.59,-276.3,,3.5,14984,111.9,97
Kalimantan Utara,Kalimantan Utara,2022,8,,,51.7,100.3,,,,176.47,12.24,164.23,,3.75,14851,100.4,96.90000000000001
Kalimantan Utara,Kalimantan Utara,2022,9,238,,53.7,101.46,,,,241.11,26.69,214.42,,4.25,14972,89.8,97.7
Kalimantan Utara,Kalimantan Utara,2022,10,238,0,51.8,101.34,,,,262.74,26.91,235.83,,4.75,15417,93.3,97.7
Kalimantan Utara,Kalimantan Utara,2022,11,238,0,50.3,101.39,,,,225.96,10.67,215.29,,5.25,15659,91.40000000000001,98
Kalimantan Utara,Kalimantan Utara,2022,12,238,0,50.9,102.1,,,,177.88,14.56,163.32,,5.5,15615,80.90000000000001,98.7
Sulawesi Utara,Sulawesi Utara,2022,1,,,53.7,98.08,,,,60.64,8,52.64,1332.442,3.5,14335,86.5,94
Sulawesi Utara,Sulawesi Utara,2022,2,,,51.2,98.06,,,,91.36,12,79.36,1343.721,3.5,14351,97.09999999999999,94
Sulawesi Utara,Sulawesi Utara,2022,3,,,51.3,98.27,,,,141.38,18.89,122.49,1347.887,3.5,14349,117.2,94.7
Sulawesi Utara,Sulawesi Utara,2022,4,,,51.9,99.38,,,,91.41,3.51,87.90000000000001,1425.743,3.5,14369,104.6,95.59999999999999
Sulawesi Utara,Sulawesi Utara,2022,5,,,50.8,99.23999999999999,,,,121.67,11.74,109.93,1462.856,3.5,14608,113.3,95.90000000000001
Sulawesi Utara,Sulawesi Utara,2022,6,,,50.2,100.23,,,,67.44,16.29,51.15,1467.405,3.5,14689,122.7,96.59999999999999
Sulawesi Utara,Sulawesi Utara,2022,7,558,,51.3,100.22,,,,15.48,135.74,-120.26,1474.594,3.5,14984,111.9,97
Sulawesi Utara,Sulawesi Utara,2022,8,,,51.7,100.11,,,,88.17,12.56,75.61,1471.788,3.75,14851,100.4,96.90000000000001
Sulawesi Utara,Sulawesi Utara,2022,9,558,,53.7,101.53,,,,93.03,14.6,78.43000000000001,1451.087,4.25,14972,89.8,97.7
Sulawesi Utara,Sulawesi Utara,2022,10,558,0,51.8,101.46,,,,82.06,12.32,69.73999999999999,1442.804,4.75,15417,93.3,97.7
Sulawesi Utara,Sulawesi Utara,2022,11,558,0,50.3,101.3,,,,65.56,16.99,48.57,1362.663,5.25,15659,91.40000000000001,98
Sulawesi Utara,Sulawesi Utara,2022,12,558,0,50.9,102.13,,,,81.92,11.69,70.23,1211.113,5.5,15615,80.90000000000001,98.7
Sulawesi Tengah,Sulawesi Tengah,2022,1,,,53.7,97.43000000000001,,,,1269.79,1.29,1268.5,812.859,3.5,14335,86.5,94
Sulawesi Tengah,Sulawesi Tengah,2022,2,,,51.2,97.47,,,,1119.92,8.640000000000001,1111.28,818.11,3.5,14351,97.09999999999999,94
Sulawesi Tengah,Sulawesi Tengah,2022,3,,,51.3,98.23999999999999,,,,1684.44,3.06,1681.38,767.706,3.5,14349,117.2,94.7
Sulawesi Tengah,Sulawesi Tengah,2022,4,,,51.9,98.84999999999999,,,,1696.96,,1696.96,825.473,3.5,14369,104.6,95.59999999999999
Sulawesi Tengah,Sulawesi Tengah,2022,5,,,50.8,99.11,,,,1690.51,32.5,1658.01,904.213,3.5,14608,113.3,95.90000000000001
Sulawesi Tengah,Sulawesi Tengah,2022,6,,,50.2,99.81999999999999,,,,1580.17,8.73,1571.44,901.439,3.5,14689,122.7,96.59999999999999
Sulawesi Tengah,Sulawesi Tengah,2022,7,35,,51.3,100.48,,,,59.68,1604.63,-1544.95,882.827,3.5,14984,111.9,97
Sulawesi Tengah,Sulawesi Tengah,2022,8,,,51.7,100.75,,,,1800.76,66.52,1734.24,880.352,3.75,14851,100.4,96.90000000000001
Sulawesi Tengah,Sulawesi Tengah,2022,9,35,,53.7,102.01,,,,1483.56,27.52,1456.04,798.002,4.25,14972,89.8,97.7
Sulawesi Tengah,Sulawesi Tengah,2022,10,35,0,51.8,101.72,,,,1719.1,21.64,1697.46,791.549,4.75,15417,93.3,97.7
Sulawesi Tengah,Sulawesi Tengah,2022,11,35,0,50.3,101.82,,,,1537.59,718.3200000000001,819.27,770.929,5.25,15659,91.40000000000001,98
Sulawesi Tengah,Sulawesi Tengah,2022,12,35,0,50.9,102.3,,,,1829.3,1056.58,772.72,756.522,5.5,15615,80.90000000000001,98.7
Sulawesi Selatan,Sulawesi Selatan,2022,1,,,53.7,97.63,,,,164.09,54.85,109.24,4345.589,3.5,14335,86.5,94
Sulawesi Selatan,Sulawesi Selatan,2022,2,,,51.2,97.56,,,,181.32,66.76000000000001,114.56,4546.651,3.5,14351,97.09999999999999,94
Sulawesi Selatan,Sulawesi Selatan,2022,3,,,51.3,98.06999999999999,,,,192.45,108.02,84.43000000000001,4576.329,3.5,14349,117.2,94.7
Sulawesi Selatan,Sulawesi Selatan,2022,4,,,51.9,99.19,,,,252.2,89.94,162.26,4599.358,3.5,14369,104.6,95.59999999999999
Sulawesi Selatan,Sulawesi Selatan,2022,5,,,50.8,99.31,,,,230.28,109.76,120.52,4909.185,3.5,14608,113.3,95.90000000000001
Sulawesi Selatan,Sulawesi Selatan,2022,6,,,50.2,99.68000000000001,,,,216.88,100.1,116.78,4003.955,3.5,14689,122.7,96.59999999999999
Sulawesi Selatan,Sulawesi Selatan,2022,7,191,,51.3,100.67,,,,113,202.96,-89.95999999999999,4097.595,3.5,14984,111.9,97
Sulawesi Selatan,Sulawesi Selatan,2022,8,,,51.7,100.27,,,,228.41,107.1,121.31,4211.215,3.75,14851,100.4,96.90000000000001
Sulawesi Selatan,Sulawesi Selatan,2022,9,191,,53.7,101.8,,,,233.63,181.09,52.54,4176.287,4.25,14972,89.8,97.7
Sulawesi Selatan,Sulawesi Selatan,2022,10,191,0,51.8,101.59,,,,216.22,80.83,135.39,4258.272,4.75,15417,93.3,97.7
Sulawesi Selatan,Sulawesi Selatan,2022,11,191,0,50.3,101.8,,,,179.59,66.95999999999999,112.63,4040.526,5.25,15659,91.40000000000001,98
Sulawesi Selatan,Sulawesi Selatan,2022,12,191,0,50.9,102.42,,,,261.81,74.93000000000001,186.88,3414.541,5.5,15615,80.90000000000001,98.7
Sulawesi Tenggara,Sulawesi Tenggara,2022,1,,,53.7,97.20999999999999,,,,400.19,202.2,197.99,594.167,3.5,14335,86.5,94
Sulawesi Tenggara,Sulawesi Tenggara,2022,2,,,51.2,97.11,,,,314.15,74.56999999999999,239.58,617.577,3.5,14351,97.09999999999999,94
Sulawesi Tenggara,Sulawesi Tenggara,2022,3,,,51.3,97.25,,,,411.54,451.22,-39.68,607.106,3.5,14349,117.2,94.7
Sulawesi Tenggara,Sulawesi Tenggara,2022,4,,,51.9,98.29000000000001,,,,563.51,156.19,407.32,576.026,3.5,14369,104.6,95.59999999999999
Sulawesi Tenggara,Sulawesi Tenggara,2022,5,,,50.8,99.11,,,,678.17,208.68,469.49,606.333,3.5,14608,113.3,95.90000000000001
Sulawesi Tenggara,Sulawesi Tenggara,2022,6,,,50.2,99.19,,,,485.7,272.49,213.21,589.332,3.5,14689,122.7,96.59999999999999
Sulawesi Tenggara,Sulawesi Tenggara,2022,7,1,,51.3,100.77,,,,189.89,353.24,-163.35,609.869,3.5,14984,111.9,97
Sulawesi Tenggara,Sulawesi Tenggara,2022,8,,,51.7,100.88,,,,501.22,394.86,106.36,608.298,3.75,14851,100.4,96.90000000000001
Sulawesi Tenggara,Sulawesi Tenggara,2022,9,13,,53.7,102.09,,,,553.02,160.41,392.61,591.2619999999999,4.25,14972,89.8,97.7
Sulawesi Tenggara,Sulawesi Tenggara,2022,10,20,7,51.8,102.45,,,,569.84,121.94,447.9,592.816,4.75,15417,93.3,97.7
Sulawesi Tenggara,Sulawesi Tenggara,2022,11,21,1,50.3,102.62,,,,497.67,204.02,293.65,576.306,5.25,15659,91.40000000000001,98
Sulawesi Tenggara,Sulawesi Tenggara,2022,12,74,53,50.9,103.04,,,,503.42,110.86,392.56,534.355,5.5,15615,80.90000000000001,98.7
Gorontalo,Gorontalo,2022,1,,,53.7,97.79000000000001,,,,3.91,,3.91,605.3819999999999,3.5,14335,86.5,94
Gorontalo,Gorontalo,2022,2,,,51.2,96.97,,,,2.13,5.94,-3.81,613.912,3.5,14351,97.09999999999999,94
Gorontalo,Gorontalo,2022,3,,,51.3,97.67,,,,.75,14.64,-13.89,601.347,3.5,14349,117.2,94.7
Gorontalo,Gorontalo,2022,4,,,51.9,99.11,,,,1.16,.79,.37,633.7089999999999,3.5,14369,104.6,95.59999999999999
Gorontalo,Gorontalo,2022,5,,,50.8,99.09,,,,1.1,,1.1,641.063,3.5,14608,113.3,95.90000000000001
Gorontalo,Gorontalo,2022,6,,,50.2,100.34,,,,1.38,1.49,-.11,649.03,3.5,14689,122.7,96.59999999999999
Gorontalo,Gorontalo,2022,7,,,51.3,101.54,,,,2,1.99,.01,659.43,3.5,14984,111.9,97
Gorontalo,Gorontalo,2022,8,,,51.7,100.5,,,,3.54,,3.54,693.9349999999999,3.75,14851,100.4,96.90000000000001
Gorontalo,Gorontalo,2022,9,,,53.7,101.4,,,,3.54,1.54,2,678.388,4.25,14972,89.8,97.7
Gorontalo,Gorontalo,2022,10,,0,51.8,101.65,,,,6.93,,6.93,680.552,4.75,15417,93.3,97.7
Gorontalo,Gorontalo,2022,11,,0,50.3,101.63,,,,13.47,4.92,8.550000000000001,637.04,5.25,15659,91.40000000000001,98
Gorontalo,Gorontalo,2022,12,171,171,50.9,102.31,,,,12.08,1.31,10.77,606.932,5.5,15615,80.90000000000001,98.7
Sulawesi Barat,Sulawesi Barat,2022,1,,,53.7,96.83,,,,70.01000000000001,.64,69.37,150.934,3.5,14335,86.5,94
Sulawesi Barat,Sulawesi Barat,2022,2,,,51.2,97.02,,,,1.86,,1.86,155.614,3.5,14351,97.09999999999999,94
Sulawesi Barat,Sulawesi Barat,2022,3,,,51.3,97.48,,,,18.61,,18.61,156.038,3.5,14349,117.2,94.7
Sulawesi Barat,Sulawesi Barat,2022,4,,,51.9,98.33,,,,48.65,,48.65,163.006,3.5,14369,104.6,95.59999999999999
Sulawesi Barat,Sulawesi Barat,2022,5,,,50.8,99.75,,,,2.09,.96,1.13,175.43,3.5,14608,113.3,95.90000000000001
Sulawesi Barat,Sulawesi Barat,2022,6,,,50.2,99.73999999999999,,,,35,,35,187.121,3.5,14689,122.7,96.59999999999999
Sulawesi Barat,Sulawesi Barat,2022,7,1,,51.3,101.53,,,,,63.69,-63.69,211.992,3.5,14984,111.9,97
Sulawesi Barat,Sulawesi Barat,2022,8,,,51.7,100.72,,,,48.62,1.26,47.36,220.146,3.75,14851,100.4,96.90000000000001
Sulawesi Barat,Sulawesi Barat,2022,9,1,,53.7,102.4,,,,51.54,,51.54,217.763,4.25,14972,89.8,97.7
Sulawesi Barat,Sulawesi Barat,2022,10,1,0,51.8,101.39,,,,48.24,,48.24,229.403,4.75,15417,93.3,97.7
Sulawesi Barat,Sulawesi Barat,2022,11,1,0,50.3,101.72,,,,38.72,.9,37.82,220.435,5.25,15659,91.40000000000001,98
Sulawesi Barat,Sulawesi Barat,2022,12,34,33,50.9,103.1,,,,47.85,,47.85,205.543,5.5,15615,80.90000000000001,98.7
Maluku,Maluku,2022,1,,,53.7,97.90000000000001,,,,3.33,20.21,-16.88,268.228,3.5,14335,86.5,94
Maluku,Maluku,2022,2,,,51.2,97.70999999999999,,,,1.53,29.09,-27.56,276.827,3.5,14351,97.09999999999999,94
Maluku,Maluku,2022,3,,,51.3,97.64,,,,2.07,26.07,-24,279.907,3.5,14349,117.2,94.7
Maluku,Maluku,2022,4,,,51.9,98.59,,,,7.84,24.06,-16.22,279.597,3.5,14369,104.6,95.59999999999999
Maluku,Maluku,2022,5,,,50.8,99.47,,,,10.44,10.17,.27,287.223,3.5,14608,113.3,95.90000000000001
Maluku,Maluku,2022,6,,,50.2,99.98,,,,30.26,17.83,12.43,295.944,3.5,14689,122.7,96.59999999999999
Maluku,Maluku,2022,7,,,51.3,100.93,,,,.37,11.57,-11.2,329.859,3.5,14984,111.9,97
Maluku,Maluku,2022,8,,,51.7,101.41,,,,2.64,5.57,-2.93,313.847,3.75,14851,100.4,96.90000000000001
Maluku,Maluku,2022,9,,,53.7,101.99,,,,8.529999999999999,4.91,3.62,294.091,4.25,14972,89.8,97.7
Maluku,Maluku,2022,10,,0,51.8,101.38,,,,14.87,29.38,-14.51,307.69,4.75,15417,93.3,97.7
Maluku,Maluku,2022,11,,0,50.3,101.4,,,,10.46,6.65,3.81,275.352,5.25,15659,91.40000000000001,98
Maluku,Maluku,2022,12,195,195,50.9,101.59,,,,41.1,.24,40.86,257.584,5.5,15615,80.90000000000001,98.7
Maluku Utara,Maluku Utara,2022,1,,,53.7,,,,,676.59,154.61,521.98,161.325,3.5,14335,86.5,94
Maluku Utara,Maluku Utara,2022,2,,,51.2,,,,,561.34,175.78,385.56,177.168,3.5,14351,97.09999999999999,94
Maluku Utara,Maluku Utara,2022,3,,,51.3,,,,,900.5700000000001,272.46,628.11,166.871,3.5,14349,117.2,94.7
Maluku Utara,Maluku Utara,2022,4,,,51.9,,,,,684.9400000000001,340.43,344.51,174.788,3.5,14369,104.6,95.59999999999999
Maluku Utara,Maluku Utara,2022,5,,,50.8,,,,,761.5,306.65,454.85,174.27,3.5,14608,113.3,95.90000000000001
Maluku Utara,Maluku Utara,2022,6,,,50.2,,,,,746.62,329.99,416.63,178.483,3.5,14689,122.7,96.59999999999999
Maluku Utara,Maluku Utara,2022,7,8,,51.3,,,,,317.62,555.58,-237.96,168.468,3.5,14984,111.9,97
Maluku Utara,Maluku Utara,2022,8,,,51.7,,,,,612.13,373.46,238.67,175.292,3.75,14851,100.4,96.90000000000001
Maluku Utara,Maluku Utara,2022,9,8,,53.7,,,,,599.38,418.69,180.69,168.947,4.25,14972,89.8,97.7
Maluku Utara,Maluku Utara,2022,10,8,0,51.8,,,,,616.02,353.91,262.11,173.458,4.75,15417,93.3,97.7
Maluku Utara,Maluku Utara,2022,11,8,0,50.3,,,,,780.78,412.22,368.56,156.463,5.25,15659,91.40000000000001,98
Maluku Utara,Maluku Utara,2022,12,8,0,50.9,,,,,690.26,549.17,141.09,149.991,5.5,15615,80.90000000000001,98.7
Papua Barat,Papua Barat,2022,1,,,53.7,98.09999999999999,,,,853.48,,,462.132,3.5,14335,86.5,94
Papua Barat,Papua Barat,2022,2,,,51.2,96.69,,,,,,,519.25,3.5,14351,97.09999999999999,94
Papua Barat,Papua Barat,2022,3,,,51.3,98.06,,,,,6.95,-6.95,540.673,3.5,14349,117.2,94.7
Papua Barat,Papua Barat,2022,4,,,51.9,98.81,,,,,3.57,-3.57,575.673,3.5,14369,104.6,95.59999999999999
Papua Barat,Papua Barat,2022,5,,,50.8,100.11,,,,,,,620.0940000000001,3.5,14608,113.3,95.90000000000001
Papua Barat,Papua Barat,2022,6,,,50.2,100.5,,,,,,,588.6369999999999,3.5,14689,122.7,96.59999999999999
Papua Barat,Papua Barat,2022,7,,,51.3,100.78,,,,,266.31,-266.31,626.407,3.5,14984,111.9,97
Papua Barat,Papua Barat,2022,8,,,51.7,100.24,,,,,9.050000000000001,-9.050000000000001,640.477,3.75,14851,100.4,96.90000000000001
Papua Barat,Papua Barat,2022,9,,,53.7,100.35,,,,,,,625.069,4.25,14972,89.8,97.7
Papua Barat,Papua Barat,2022,10,,0,51.8,101.17,,,,,,,638.712,4.75,15417,93.3,97.7
Papua Barat,Papua Barat,2022,11,,0,50.3,101.79,,,,,2.58,-2.58,627.88,5.25,15659,91.40000000000001,98
Papua Barat,Papua Barat,2022,12,124,124,50.9,103.41,,,,,8.789999999999999,-8.789999999999999,557.977,5.5,15615,80.90000000000001,98.7
Papua Barat Daya,Papua Barat Daya,2022,1,,,53.7,99.04000000000001,,,,,,0,,3.5,14335,86.5,94
Papua Barat Daya,Papua Barat Daya,2022,2,,,51.2,98.37,,,,,,0,,3.5,14351,97.09999999999999,94
Papua Barat Daya,Papua Barat Daya,2022,3,,,51.3,97.91,,,,,,0,,3.5,14349,117.2,94.7
Papua Barat Daya,Papua Barat Daya,2022,4,,,51.9,99.02,,,,,,0,,3.5,14369,104.6,95.59999999999999
Papua Barat Daya,Papua Barat Daya,2022,5,,,50.8,99.55,,,,,,0,,3.5,14608,113.3,95.90000000000001
Papua Barat Daya,Papua Barat Daya,2022,6,,,50.2,99.70999999999999,,,,,,0,,3.5,14689,122.7,96.59999999999999
Papua Barat Daya,Papua Barat Daya,2022,7,,,51.3,100.93,,,,,,0,,3.5,14984,111.9,97
Papua Barat Daya,Papua Barat Daya,2022,8,,,51.7,100.52,,,,,,0,,3.75,14851,100.4,96.90000000000001
Papua Barat Daya,Papua Barat Daya,2022,9,,,53.7,101.48,,,,,,0,,4.25,14972,89.8,97.7
Papua Barat Daya,Papua Barat Daya,2022,10,,,51.8,101.1,,,,,,0,,4.75,15417,93.3,97.7
Papua Barat Daya,Papua Barat Daya,2022,11,,,50.3,101.02,,,,,,0,,5.25,15659,91.40000000000001,98
Papua Barat Daya,Papua Barat Daya,2022,12,,,50.9,101.34,,,,,,0,,5.5,15615,80.90000000000001,98.7
Papua,Papua,2022,1,,,53.7,96.91,,,,,33.16,-33.16,879.343,3.5,14335,86.5,94
Papua,Papua,2022,2,,,51.2,96.15000000000001,,,,,26.49,-26.49,906.021,3.5,14351,97.09999999999999,94
Papua,Papua,2022,3,,,51.3,96.79000000000001,,,,,46.88,-46.88,868.865,3.5,14349,117.2,94.7
Papua,Papua,2022,4,,,51.9,98.64,,,,,33.44,-33.44,959.814,3.5,14369,104.6,95.59999999999999
Papua,Papua,2022,5,,,50.8,99.83,,,,,27.79,-27.79,1013.245,3.5,14608,113.3,95.90000000000001
Papua,Papua,2022,6,,,50.2,100.44,,,,,52.99,-52.99,986.96,3.5,14689,122.7,96.59999999999999
Papua,Papua,2022,7,,,51.3,101.37,,,,,404.01,-404.01,1019.106,3.5,14984,111.9,97
Papua,Papua,2022,8,,,51.7,101.53,,,,,29.34,-29.34,1039.539,3.75,14851,100.4,96.90000000000001
Papua,Papua,2022,9,,,53.7,102.27,,,,,61.47,-61.47,953.548,4.25,14972,89.8,97.7
Papua,Papua,2022,10,,0,51.8,101.94,,,,,40.78,-40.78,971.404,4.75,15417,93.3,97.7
Papua,Papua,2022,11,,0,50.3,101.72,,,,,31.22,-31.22,958.7,5.25,15659,91.40000000000001,98
Papua,Papua,2022,12,76,76,50.9,102.42,,,,,55.56,-55.56,862.641,5.5,15615,80.90000000000001,98.7
Papua Selatan,Papua Selatan,2022,1,,,53.7,98.15000000000001,,,,,,0,,3.5,14335,86.5,94
Papua Selatan,Papua Selatan,2022,2,,,51.2,98.38,,,,,,0,,3.5,14351,97.09999999999999,94
Papua Selatan,Papua Selatan,2022,3,,,51.3,99.38,,,,,,0,,3.5,14349,117.2,94.7
Papua Selatan,Papua Selatan,2022,4,,,51.9,100.11,,,,,,0,,3.5,14369,104.6,95.59999999999999
Papua Selatan,Papua Selatan,2022,5,,,50.8,100.43,,,,,,0,,3.5,14608,113.3,95.90000000000001
Papua Selatan,Papua Selatan,2022,6,,,50.2,100.18,,,,,,0,,3.5,14689,122.7,96.59999999999999
Papua Selatan,Papua Selatan,2022,7,,,51.3,100.44,,,,,,0,,3.5,14984,111.9,97
Papua Selatan,Papua Selatan,2022,8,,,51.7,99.93000000000001,,,,,,0,,3.75,14851,100.4,96.90000000000001
Papua Selatan,Papua Selatan,2022,9,,,53.7,100.28,,,,,,0,,4.25,14972,89.8,97.7
Papua Selatan,Papua Selatan,2022,10,,,51.8,100.38,,,,,,0,,4.75,15417,93.3,97.7
Papua Selatan,Papua Selatan,2022,11,,,50.3,100.65,,,,,,0,,5.25,15659,91.40000000000001,98
Papua Selatan,Papua Selatan,2022,12,,,50.9,101.69,,,,,,0,,5.5,15615,80.90000000000001,98.7
Papua Tengah,Papua Tengah,2022,1,,,53.7,97.8,,,,,,0,,3.5,14335,86.5,94
Papua Tengah,Papua Tengah,2022,2,,,51.2,97.69,,,,,,0,,3.5,14351,97.09999999999999,94
Papua Tengah,Papua Tengah,2022,3,,,51.3,98.01000000000001,,,,,,0,,3.5,14349,117.2,94.7
Papua Tengah,Papua Tengah,2022,4,,,51.9,98.43000000000001,,,,,,0,,3.5,14369,104.6,95.59999999999999
Papua Tengah,Papua Tengah,2022,5,,,50.8,98.68000000000001,,,,,,0,,3.5,14608,113.3,95.90000000000001
Papua Tengah,Papua Tengah,2022,6,,,50.2,99.63,,,,,,0,,3.5,14689,122.7,96.59999999999999
Papua Tengah,Papua Tengah,2022,7,,,51.3,100.86,,,,,,0,,3.5,14984,111.9,97
Papua Tengah,Papua Tengah,2022,8,,,51.7,100.81,,,,,,0,,3.75,14851,100.4,96.90000000000001
Papua Tengah,Papua Tengah,2022,9,,,53.7,101.83,,,,,,0,,4.25,14972,89.8,97.7
Papua Tengah,Papua Tengah,2022,10,,,51.8,101.61,,,,,,0,,4.75,15417,93.3,97.7
Papua Tengah,Papua Tengah,2022,11,,,50.3,102.03,,,,,,0,,5.25,15659,91.40000000000001,98
Papua Tengah,Papua Tengah,2022,12,,,50.9,102.62,,,,,,0,,5.5,15615,80.90000000000001,98.7
Papua Pegunungan,Papua Pegunungan,2022,1,,,53.7,98.72,,,,,,0,,3.5,14335,86.5,94
Papua Pegunungan,Papua Pegunungan,2022,2,,,51.2,98.75,,,,,,0,,3.5,14351,97.09999999999999,94
Papua Pegunungan,Papua Pegunungan,2022,3,,,51.3,98.84,,,,,,0,,3.5,14349,117.2,94.7
Papua Pegunungan,Papua Pegunungan,2022,4,,,51.9,99.72,,,,,,0,,3.5,14369,104.6,95.59999999999999
Papua Pegunungan,Papua Pegunungan,2022,5,,,50.8,98.5,,,,,,0,,3.5,14608,113.3,95.90000000000001
Papua Pegunungan,Papua Pegunungan,2022,6,,,50.2,99.84999999999999,,,,,,0,,3.5,14689,122.7,96.59999999999999
Papua Pegunungan,Papua Pegunungan,2022,7,,,51.3,99.31,,,,,,0,,3.5,14984,111.9,97
Papua Pegunungan,Papua Pegunungan,2022,8,,,51.7,100.05,,,,,,0,,3.75,14851,100.4,96.90000000000001
Papua Pegunungan,Papua Pegunungan,2022,9,,,53.7,100.58,,,,,,0,,4.25,14972,89.8,97.7
Papua Pegunungan,Papua Pegunungan,2022,10,,,51.8,101.44,,,,,,0,,4.75,15417,93.3,97.7
Papua Pegunungan,Papua Pegunungan,2022,11,,,50.3,101.12,,,,,,0,,5.25,15659,91.40000000000001,98
Papua Pegunungan,Papua Pegunungan,2022,12,,,50.9,103.12,,,,,,0,,5.5,15615,80.90000000000001,98.7
Aceh,Aceh,2023,1,,,51.3,103.18,,,5.673904138,69.77,7.15,62.62,569.663,5.75,15295,82.5,99.3
Aceh,Aceh,2023,2,,0,51.2,103.7,,,6.43538951,66.81999999999999,1.66,65.16,600.704,5.75,15126,82.59999999999999,99.59999999999999
Aceh,Aceh,2023,3,,0,51.9,103.27,,,5.701125896,72.04000000000001,23.23,48.81,644.337,5.75,15301,78.40000000000001,99.90000000000001
Aceh,Aceh,2023,4,,0,52.7,103.43,,,5.122471796,55.41,.01,55.4,649.1079999999999,5.75,14867,84.59999999999999,100
Aceh,Aceh,2023,5,,0,50.3,103.41,,,4.254461135,51.11,5.27,45.84,683.732,5.75,14811,75.5,100.2
Aceh,Aceh,2023,6,11,11,52.5,103.67,,,3.618190905,63.16,5.68,57.48,708.682,5.75,14932,74.8,100.3
Aceh,Aceh,2023,7,80,69,53.3,104.14,,,2.90513834,44.72,10.59,34.13,709.2910000000001,5.75,15040,80.09999999999999,100.5
Aceh,Aceh,2023,8,95,15,53.9,104.47,,,3.754096733,47.24,11.2,36.04,703.102,5.75,15245,86.09999999999999,100.5
Aceh,Aceh,2023,9,95,0,52.3,104.73,,,2.465512181,31.78,8.140000000000001,23.64,673.809,5.75,15354,,100.9
Aceh,Aceh,2023,10,95,0,51.5,104.44,,,2.876280536,40.88,9.470000000000001,31.41,671.644,6,15741,90.59999999999999,101.2
Aceh,Aceh,2023,11,95,0,51.7,104.97,,,3.725296443,24.04,26.3,-2.26,646.218,6,15617,82.90000000000001,101.4
Aceh,Aceh,2023,12,195,100,52.2,104.93,,,2.101780675,42.29,39.33,2.96,605.397,6,15513,77.59999999999999,101.8
Sumatera Utara,Sumatera Utara,2023,1,,,51.3,103.21,,,5.520907883,803.39,486.34,317.05,5286.833,5.75,15295,82.5,99.3
Sumatera Utara,Sumatera Utara,2023,2,,0,51.2,103.29,,,5.678330264,910.63,376.18,534.45,5416.544,5.75,15126,82.59999999999999,99.59999999999999
Sumatera Utara,Sumatera Utara,2023,3,,0,51.9,102.86,,,4.585663447,897.53,516.5700000000001,380.96,5152.062,5.75,15301,78.40000000000001,99.90000000000001
Sumatera Utara,Sumatera Utara,2023,4,,0,52.7,102.53,,,4.038559107,684.42,392.01,292.41,5273.016,5.75,14867,84.59999999999999,100
Sumatera Utara,Sumatera Utara,2023,5,,0,50.3,102.72,,,3.652875883,820.45,534.1900000000001,286.26,5249.11,5.75,14811,75.5,100.2
Sumatera Utara,Sumatera Utara,2023,6,74,74,52.5,103.29,,,2.449910732,905.68,476.45,429.23,4785.566,5.75,14932,74.8,100.3
Sumatera Utara,Sumatera Utara,2023,7,76,2,53.3,103.73,,,2.662311956,894.29,566.5599999999999,327.73,4974.878,5.75,15040,80.09999999999999,100.5
Sumatera Utara,Sumatera Utara,2023,8,90,14,53.9,103.79,,,3.232544261,904.77,482.53,422.24,4960.089,5.75,15245,86.09999999999999,100.5
Sumatera Utara,Sumatera Utara,2023,9,90,0,52.3,104.04,,,2.331071112,863.3200000000001,462.76,400.56,5001.103,5.75,15354,,100.9
Sumatera Utara,Sumatera Utara,2023,10,104,14,51.5,103.99,,,2.899267762,940.71,473.64,467.07,4917.144,6,15741,90.59999999999999,101.2
Sumatera Utara,Sumatera Utara,2023,11,1035,931,51.7,104.65,,,3.706272916,863.91,557.45,306.46,4814.009,6,15617,82.90000000000001,101.4
Sumatera Utara,Sumatera Utara,2023,12,1247,212,52.2,105.02,,,2.568610216,749.76,496.17,253.59,4624.234,6,15513,77.59999999999999,101.8
Sumatera Barat,Sumatera Barat,2023,1,,,51.3,102.97,,,6.472960397,165.47,22.23,143.24,1172.417,5.75,15295,82.5,99.3
Sumatera Barat,Sumatera Barat,2023,2,,0,51.2,103.43,,,7.003931306,222.44,26.23,196.21,1217.794,5.75,15126,82.59999999999999,99.59999999999999
Sumatera Barat,Sumatera Barat,2023,3,,0,51.9,103.47,,,6.155740228,189.55,49.24,140.31,1199.07,5.75,15301,78.40000000000001,99.90000000000001
Sumatera Barat,Sumatera Barat,2023,4,,0,52.7,103.28,,,5.044751831,157.79,46.17,111.62,1288.264,5.75,14867,84.59999999999999,100
Sumatera Barat,Sumatera Barat,2023,5,,0,50.3,103.46,,,4.126409018,157.05,28,129.05,1295.718,5.75,14811,75.5,100.2
Sumatera Barat,Sumatera Barat,2023,6,,0,52.5,103.73,,,2.927168089,248.81,34.5,214.31,1204.034,5.75,14932,74.8,100.3
Sumatera Barat,Sumatera Barat,2023,7,,0,53.3,104.22,,,2.316905557,226.45,27.02,199.43,1308.27,5.75,15040,80.09999999999999,100.5
Sumatera Barat,Sumatera Barat,2023,8,53,53,53.9,104.27,,,3.514345279,223.21,35.89,187.32,1350.786,5.75,15245,86.09999999999999,100.5
Sumatera Barat,Sumatera Barat,2023,9,53,0,52.3,104.53,,,2.149907163,185.95,18.54,167.41,1273.776,5.75,15354,,100.9
Sumatera Barat,Sumatera Barat,2023,10,53,0,51.5,104.52,,,2.641657665,193.53,43.11,150.42,1298.66,6,15741,90.59999999999999,101.2
Sumatera Barat,Sumatera Barat,2023,11,68,15,51.7,105.68,,,3.954357663,233.05,38.01,195.04,1295.04,6,15617,82.90000000000001,101.4
Sumatera Barat,Sumatera Barat,2023,12,465,397,52.2,105.96,,,3.597966367,163.35,30.64,132.71,1183.035,6,15513,77.59999999999999,101.8
Riau,Riau,2023,1,,,51.3,103.35,,,6.711409396,1684.29,331.91,1352.38,1797.244,5.75,15295,82.5,99.3
Riau,Riau,2023,2,,0,51.2,103.44,,,6.573253658,1587.63,181.31,1406.32,1867.369,5.75,15126,82.59999999999999,99.59999999999999
Riau,Riau,2023,3,109,109,51.9,103.48,,,5.883556738,1463.09,195.67,1267.42,1787.816,5.75,15301,78.40000000000001,99.90000000000001
Riau,Riau,2023,4,109,0,52.7,103.11,,,4.957247557,1288.16,224.03,1064.13,1957.452,5.75,14867,84.59999999999999,100
Riau,Riau,2023,5,278,169,50.3,103,,,3.705195328,1424.23,228.6,1195.63,2061.57,5.75,14811,75.5,100.2
Riau,Riau,2023,6,294,16,52.5,103.61,,,2.838709677,1703.79,126.99,1576.8,2013.175,5.75,14932,74.8,100.3
Riau,Riau,2023,7,460,166,53.3,104.13,,,2.168367347,1631.49,182.08,1449.41,2085.018,5.75,15040,80.09999999999999,100.5
Riau,Riau,2023,8,495,35,53.9,104.08,,,3.613738178,1714.33,184.56,1529.77,2065.178,5.75,15245,86.09999999999999,100.5
Riau,Riau,2023,9,530,35,52.3,104.36,,,2.424182942,1625.16,143.7,1481.46,2060.164,5.75,15354,,100.9
Riau,Riau,2023,10,886,356,51.5,104.29,,,2.728526399,1622.91,154.85,1468.06,2079.253,6,15741,90.59999999999999,101.2
Riau,Riau,2023,11,4018,3132,51.7,105.4,,,3.791235844,1723.55,217.86,1505.69,2074.092,6,15617,82.90000000000001,101.4
Riau,Riau,2023,12,4063,45,52.2,105.66,,,2.88218111,1488.14,164.34,1323.8,2004.11,6,15513,77.59999999999999,101.8
Jambi,Jambi,2023,1,,,51.3,102.24,,,5.489063145,198.46,4.83,193.63,919.912,5.75,15295,82.5,99.3
Jambi,Jambi,2023,2,,0,51.2,102.44,,,6.331741748,222.68,4.77,217.91,962.122,5.75,15126,82.59999999999999,99.59999999999999
Jambi,Jambi,2023,3,,0,51.9,102.61,,,5.230232797,200.51,6.66,193.85,962.279,5.75,15301,78.40000000000001,99.90000000000001
Jambi,Jambi,2023,4,,0,52.7,103.17,,,4.465370595,138.37,1.59,136.78,1037.631,5.75,14867,84.59999999999999,100
Jambi,Jambi,2023,5,,0,50.3,103.37,,,3.753889391,182.49,9.109999999999999,173.38,949.542,5.75,14811,75.5,100.2
Jambi,Jambi,2023,6,258,258,52.5,103.84,,,2.964799207,172.96,9.16,163.8,943.644,5.75,14932,74.8,100.3
Jambi,Jambi,2023,7,279,21,53.3,104.16,,,2.197802198,186.05,10.8,175.25,968.951,5.75,15040,80.09999999999999,100.5
Jambi,Jambi,2023,8,285,6,53.9,104.04,,,3.214285714,163.71,6.12,157.59,976.402,5.75,15245,86.09999999999999,100.5
Jambi,Jambi,2023,9,287,2,52.3,104.32,,,2.344746395,183.97,7.05,176.92,959.932,5.75,15354,,100.9
Jambi,Jambi,2023,10,295,8,51.5,104.73,,,2.88829944,159.25,6.17,153.08,952.827,6,15741,90.59999999999999,101.2
Jambi,Jambi,2023,11,319,24,51.7,105.71,,,4.188842894,211.57,8.869999999999999,202.7,943.373,6,15617,82.90000000000001,101.4
Jambi,Jambi,2023,12,331,12,52.2,105.74,,,3.595571667,172.77,3.48,169.29,910.398,6,15513,77.59999999999999,101.8
Sumatera Selatan,Sumatera Selatan,2023,1,,,51.3,102.34,,,,579.05,49.97,529.08,2921.119,5.75,15295,82.5,99.3
Sumatera Selatan,Sumatera Selatan,2023,2,,0,51.2,102.31,,,,549.9400000000001,45.64,504.3,2996.961,5.75,15126,82.59999999999999,99.59999999999999
Sumatera Selatan,Sumatera Selatan,2023,3,,0,51.9,102.65,,,,641.1900000000001,61.96,579.23,2970.28,5.75,15301,78.40000000000001,99.90000000000001
Sumatera Selatan,Sumatera Selatan,2023,4,,0,52.7,102.72,,,,567.3099999999999,57.88,509.43,3058.059,5.75,14867,84.59999999999999,100
Sumatera Selatan,Sumatera Selatan,2023,5,264,264,50.3,102.94,,,,580.42,94.12,486.3,3159.896,5.75,14811,75.5,100.2
Sumatera Selatan,Sumatera Selatan,2023,6,264,0,52.5,102.97,,,,548.46,45.98,502.48,2970.25,5.75,14932,74.8,100.3
Sumatera Selatan,Sumatera Selatan,2023,7,102,-162,53.3,103.58,,,,544.87,68.59999999999999,476.27,3053.602,5.75,15040,80.09999999999999,100.5
Sumatera Selatan,Sumatera Selatan,2023,8,104,2,53.9,103.36,,,,505.6,142.79,362.81,3220.044,5.75,15245,86.09999999999999,100.5
Sumatera Selatan,Sumatera Selatan,2023,9,116,12,52.3,103.94,,,,462,123.87,338.13,3741.764,5.75,15354,,100.9
Sumatera Selatan,Sumatera Selatan,2023,10,132,16,51.5,104,,,,527.5700000000001,145.14,382.43,3755.966,6,15741,90.59999999999999,101.2
Sumatera Selatan,Sumatera Selatan,2023,11,185,53,51.7,104.74,,,,464.65,149.32,315.33,3745.972,6,15617,82.90000000000001,101.4
Sumatera Selatan,Sumatera Selatan,2023,12,188,3,52.2,105.08,,,,614.46,179.13,435.33,3523.089,6,15513,77.59999999999999,101.8
Bengkulu,Bengkulu,2023,1,,,51.3,103.17,,,6.503561474,6.75,,6.75,466.163,5.75,15295,82.5,99.3
Bengkulu,Bengkulu,2023,2,,0,51.2,103.57,,,6.9496076,21.93,,21.93,501.773,5.75,15126,82.59999999999999,99.59999999999999
Bengkulu,Bengkulu,2023,3,,0,51.9,103.77,,,6.060915781,25.26,,25.26,478.505,5.75,15301,78.40000000000001,99.90000000000001
Bengkulu,Bengkulu,2023,4,,0,52.7,103.92,,,5.139619587,32.6,,32.6,548.062,5.75,14867,84.59999999999999,100
Bengkulu,Bengkulu,2023,5,,0,50.3,103.92,,,4.400241109,34.88,,34.88,543.1950000000001,5.75,14811,75.5,100.2
Bengkulu,Bengkulu,2023,6,,0,52.5,104.35,,,3.799860738,22.82,,22.82,531.27,5.75,14932,74.8,100.3
Bengkulu,Bengkulu,2023,7,,0,53.3,104.48,,,2.713330712,12.55,,12.55,577.552,5.75,15040,80.09999999999999,100.5
Bengkulu,Bengkulu,2023,8,23,23,53.9,104.77,,,3.671086483,15.13,,15.13,595.324,5.75,15245,86.09999999999999,100.5
Bengkulu,Bengkulu,2023,9,23,0,52.3,104.99,,,2.729941292,10.58,,10.58,544.216,5.75,15354,,100.9
Bengkulu,Bengkulu,2023,10,23,0,51.5,105.42,,,4.005524862,25.38,,25.38,560.8390000000001,6,15741,90.59999999999999,101.2
Bengkulu,Bengkulu,2023,11,23,0,51.7,106.32,,,4.841731585,11.51,,11.51,579.326,6,15617,82.90000000000001,101.4
Bengkulu,Bengkulu,2023,12,25,2,52.2,106.75,,,4.893387049,26.95,,26.95,537.372,6,15513,77.59999999999999,101.8
Lampung,Lampung,2023,1,,,51.3,102.36,,,5.038481272,433.96,142.42,291.54,3055.465,5.75,15295,82.5,99.3
Lampung,Lampung,2023,2,,0,51.2,102.1,,,4.965559782,297.51,179.19,118.32,3041.343,5.75,15126,82.59999999999999,99.59999999999999
Lampung,Lampung,2023,3,,0,51.9,102.2,,,4.381574916,458.05,178.29,279.76,1660.904,5.75,15301,78.40000000000001,99.90000000000001
Lampung,Lampung,2023,4,,0,52.7,102.62,,,4.024328434,316.5,128.99,187.51,1735.062,5.75,14867,84.59999999999999,100
Lampung,Lampung,2023,5,,0,50.3,102.98,,,3.705941591,288.09,175.87,112.22,1786.061,5.75,14811,75.5,100.2
Lampung,Lampung,2023,6,37,37,52.5,102.84,,,2.706481574,392.13,172.97,219.16,1543.096,5.75,14932,74.8,100.3
Lampung,Lampung,2023,7,59,22,53.3,102.68,,,2.342270507,428.91,320.9,108.01,1729.331,5.75,15040,80.09999999999999,100.5
Lampung,Lampung,2023,8,59,0,53.9,102.73,,,2.259605813,410.32,94.55,315.77,1760.114,5.75,15245,86.09999999999999,100.5
Lampung,Lampung,2023,9,74,15,52.3,103.25,,,1.245342224,382.73,75.94,306.79,1788.7,5.75,15354,,100.9
Lampung,Lampung,2023,10,75,1,51.5,103.34,,,1.502799332,437.67,270.05,167.62,1774.032,6,15741,90.59999999999999,101.2
Lampung,Lampung,2023,11,75,0,51.7,103.35,,,1.164839468,429.64,132.73,296.91,1778.582,6,15617,82.90000000000001,101.4
Lampung,Lampung,2023,12,75,0,52.2,103.47,,,.8872854914,370.31,281.97,88.34,1572.644,6,15513,77.59999999999999,101.8
Bangka Belitung,Bangka Belitung,2023,1,,,51.3,102.36,,,4.48096356,62.32,.95,61.37,503.235,5.75,15295,82.5,99.3
Bangka Belitung,Bangka Belitung,2023,2,38,38,51.2,102.1,,,5.138502729,112.57,.16,112.41,525.216,5.75,15126,82.59999999999999,99.59999999999999
Bangka Belitung,Bangka Belitung,2023,3,38,0,51.9,102.2,,,4.168790134,137.28,1.43,135.85,515.011,5.75,15301,78.40000000000001,99.90000000000001
Bangka Belitung,Bangka Belitung,2023,4,38,0,52.7,102.62,,,3.45800988,188.97,2.51,186.46,506.431,5.75,14867,84.59999999999999,100
Bangka Belitung,Bangka Belitung,2023,5,38,0,50.3,102.98,,,3.021208483,215.79,1.21,214.58,501.302,5.75,14811,75.5,100.2
Bangka Belitung,Bangka Belitung,2023,6,38,0,52.5,102.84,,,2.114983616,235.71,2.22,233.49,470.293,5.75,14932,74.8,100.3
Bangka Belitung,Bangka Belitung,2023,7,28,-10,53.3,102.68,,,1.492537313,228.74,.33,228.41,490.133,5.75,15040,80.09999999999999,100.5
Bangka Belitung,Bangka Belitung,2023,8,33,5,53.9,102.73,,,2.576135796,155.93,4.17,151.76,478.763,5.75,15245,86.09999999999999,100.5
Bangka Belitung,Bangka Belitung,2023,9,161,128,52.3,103.25,,,1.694080567,159.74,1.33,158.41,465.27,5.75,15354,,100.9
Bangka Belitung,Bangka Belitung,2023,10,185,24,51.5,103.34,,,2.38779352,156.76,1.12,155.64,468.771,6,15741,90.59999999999999,101.2
Bangka Belitung,Bangka Belitung,2023,11,188,3,51.7,103.35,,,2.144692627,210.28,2.86,207.42,461.129,6,15617,82.90000000000001,101.4
Bangka Belitung,Bangka Belitung,2023,12,207,19,52.2,103.47,,,1.451122659,170.64,1.25,169.39,263.634,6,15513,77.59999999999999,101.8
Kepulauan Riau,Kepulauan Riau,2023,1,,,51.3,102.23,,,4.540341548,1586.8,1722.37,-135.57,931.504,5.75,15295,82.5,99.3
Kepulauan Riau,Kepulauan Riau,2023,2,,0,51.2,102.74,,,5.536723164,1571.71,1571.84,-.13,962.915,5.75,15126,82.59999999999999,99.59999999999999
Kepulauan Riau,Kepulauan Riau,2023,3,14,14,51.9,102.49,,,4.720547665,1510.97,1635.96,-124.99,981.319,5.75,15301,78.40000000000001,99.90000000000001
Kepulauan Riau,Kepulauan Riau,2023,4,14,0,52.7,102.87,,,4.404749822,1462.7,1426.38,36.32,990.67,5.75,14867,84.59999999999999,100
Kepulauan Riau,Kepulauan Riau,2023,5,157,143,50.3,102.62,,,3.322593637,1517.81,1617.99,-100.18,1002.567,5.75,14811,75.5,100.2
Kepulauan Riau,Kepulauan Riau,2023,6,160,3,52.5,103.04,,,2.803551831,1377.6,1356.91,20.69,1066.009,5.75,14932,74.8,100.3
Kepulauan Riau,Kepulauan Riau,2023,7,244,84,53.3,103.31,,,2.469748066,1546.31,1598.6,-52.29,2106.444,5.75,15040,80.09999999999999,100.5
Kepulauan Riau,Kepulauan Riau,2023,8,261,17,53.9,103.44,,,2.966354768,1543.54,1549.25,-5.71,2124.552,5.75,15245,86.09999999999999,100.5
Kepulauan Riau,Kepulauan Riau,2023,9,291,30,52.3,103.7,,,1.826394344,1444.48,1391.77,52.71,2069.62,5.75,15354,,100.9
Kepulauan Riau,Kepulauan Riau,2023,10,428,137,51.5,103.98,,,2.191646192,1206.45,1391.99,-185.54,2086.367,6,15741,90.59999999999999,101.2
Kepulauan Riau,Kepulauan Riau,2023,11,462,34,51.7,104.65,,,3.093291301,1223.8,1320.32,-96.52,2007.615,6,15617,82.90000000000001,101.4
Kepulauan Riau,Kepulauan Riau,2023,12,683,221,52.2,105.15,,,2.575358502,1797.08,1316.86,480.22,1885.705,6,15513,77.59999999999999,101.8
DKI Jakarta,DKI Jakarta,2023,1,127,127,51.3,102.08,,,3.972295783,914.35,8641.24,-7726.89,69706.216,5.75,15295,82.5,99.3
DKI Jakarta,DKI Jakarta,2023,2,127,0,51.2,102.25,,,4.198512178,921.1900000000001,7596.02,-6674.83,68903.141,5.75,15126,82.59999999999999,99.59999999999999
DKI Jakarta,DKI Jakarta,2023,3,127,0,51.9,102.57,,,4.110840438,986.0599999999999,9810.110000000001,-8824.049999999999,68106.663,5.75,15301,78.40000000000001,99.90000000000001
DKI Jakarta,DKI Jakarta,2023,4,127,0,52.7,102.91,,,3.729462756,665.05,6448.02,-5782.97,67253.842,5.75,14867,84.59999999999999,100
DKI Jakarta,DKI Jakarta,2023,5,127,0,50.3,102.83,,,3.575745367,960.6,9936.27,-8975.67,69800.659,5.75,14811,75.5,100.2
DKI Jakarta,DKI Jakarta,2023,6,683,556,52.5,102.81,,,3.212528863,858.22,8161.73,-7303.51,71019.02800000001,5.75,14932,74.8,100.3
DKI Jakarta,DKI Jakarta,2023,7,1105,422,53.3,103.01,,,2.824915153,896.67,8961.32,-8064.65,72002.72500000001,5.75,15040,80.09999999999999,100.5
DKI Jakarta,DKI Jakarta,2023,8,1105,0,53.9,103.04,,,2.9165002,979.45,8941.91,-7962.46,71498.338,5.75,15245,86.09999999999999,100.5
DKI Jakarta,DKI Jakarta,2023,9,1259,154,52.3,103.22,,,1.634501772,963.38,7475.55,-6512.17,71305.068,5.75,15354,,100.9
DKI Jakarta,DKI Jakarta,2023,10,1259,0,51.5,103.37,,,1.812272235,1003.39,8478.209999999999,-7474.82,69522.553,6,15741,90.59999999999999,101.2
DKI Jakarta,DKI Jakarta,2023,11,2156,897,51.7,103.66,,,2.047647175,996.46,8623.129999999999,-7626.67,68878.124,6,15617,82.90000000000001,101.4
DKI Jakarta,DKI Jakarta,2023,12,2413,257,52.2,104.15,,,2.007835455,931.62,7882.68,-6951.06,65491.028,6,15513,77.59999999999999,101.8
Jawa Barat,Jawa Barat,2023,1,921,921,51.3,102.66,,,5.649891942,3069,477.42,2591.58,17497.356,5.75,15295,82.5,99.3
Jawa Barat,Jawa Barat,2023,2,1794,873,51.2,103.06,,,6.017899393,2928.68,230.27,2698.41,17830.571,5.75,15126,82.59999999999999,99.59999999999999
Jawa Barat,Jawa Barat,2023,3,5603,3809,51.9,103.19,,,5.576018007,3195.64,384.96,2810.68,17657.937,5.75,15301,78.40000000000001,99.90000000000001
Jawa Barat,Jawa Barat,2023,4,5603,0,52.7,103.75,,,4.787395213,2255.78,331.6,1924.18,19414.79,5.75,14867,84.59999999999999,100
Jawa Barat,Jawa Barat,2023,5,6350,747,50.3,103.92,,,4.48421476,3349.51,577.8200000000001,2771.69,18356.199,5.75,14811,75.5,100.2
Jawa Barat,Jawa Barat,2023,6,11595,5245,52.5,104.29,,,4.050683428,3094.3,421.82,2672.48,17653.739,5.75,14932,74.8,100.3
Jawa Barat,Jawa Barat,2023,7,12498,903,53.3,104.48,,,3.599405057,3232.51,613.96,2618.55,18655.106,5.75,15040,80.09999999999999,100.5
Jawa Barat,Jawa Barat,2023,8,14267,1769,53.9,104.4,,,3.818615752,3455.14,479.02,2976.12,18843.284,5.75,15245,86.09999999999999,100.5
Jawa Barat,Jawa Barat,2023,9,14601,334,52.3,104.5,,,2.652259332,3050.89,478.49,2572.4,18484.329,5.75,15354,,100.9
Jawa Barat,Jawa Barat,2023,10,15749,1148,51.5,104.69,,,2.869214896,3124.91,591.95,2532.96,19261.647,6,15741,90.59999999999999,101.2
Jawa Barat,Jawa Barat,2023,11,17545,1796,51.7,105.2,,,3.258735768,3003.91,664.65,2339.26,18431.246,6,15617,82.90000000000001,101.4
Jawa Barat,Jawa Barat,2023,12,19217,1672,52.2,105.6,,,3.205629398,2872.13,704.73,2167.4,17232.37,6,15513,77.59999999999999,101.8
Jawa Tengah,Jawa Tengah,2023,1,1038,1038,51.3,102.47,,,5.508649094,850.8,1362.16,-511.36,16023.911,5.75,15295,82.5,99.3
Jawa Tengah,Jawa Tengah,2023,2,1121,83,51.2,102.77,,,5.839340886,822.53,839.09,-16.56,16256.313,5.75,15126,82.59999999999999,99.59999999999999
Jawa Tengah,Jawa Tengah,2023,3,4887,3766,51.9,102.96,,,5.06122449,905.01,1266.29,-361.28,16142.899,5.75,15301,78.40000000000001,99.90000000000001
Jawa Tengah,Jawa Tengah,2023,4,4887,0,52.7,103.29,,,4.217536071,677.65,982.15,-304.5,16382.706,5.75,14867,84.59999999999999,100
Jawa Tengah,Jawa Tengah,2023,5,4887,0,50.3,103.68,,,4.127749322,955.46,1593.03,-637.5700000000001,16598.962,5.75,14811,75.5,100.2
Jawa Tengah,Jawa Tengah,2023,6,4887,0,52.5,103.83,,,3.210735586,860.63,951.93,-91.3,15727.932,5.75,14932,74.8,100.3
Jawa Tengah,Jawa Tengah,2023,7,6223,1336,53.3,104.06,,,3.142035881,865.16,1184.64,-319.48,15638.084,5.75,15040,80.09999999999999,100.5
Jawa Tengah,Jawa Tengah,2023,8,6430,207,53.9,104.09,,,3.592754777,885.75,1241.26,-355.51,15886.776,5.75,15245,86.09999999999999,100.5
Jawa Tengah,Jawa Tengah,2023,9,7821,1391,52.3,104.34,,,2.636238442,787.03,1414.29,-627.26,15911.943,5.75,15354,,100.9
Jawa Tengah,Jawa Tengah,2023,10,8296,475,51.5,104.51,,,2.955373855,858.27,1003.07,-144.8,16484.105,6,15741,90.59999999999999,101.2
Jawa Tengah,Jawa Tengah,2023,11,9374,1078,51.7,105.06,,,3.324154209,879.02,1404.65,-525.63,16440.723,6,15617,82.90000000000001,101.4
Jawa Tengah,Jawa Tengah,2023,12,9435,61,52.2,105.31,,,2.982593389,881.86,1254.86,-373,15269.515,6,15513,77.59999999999999,101.8
DI Yogyakarta,DI Yogyakarta,2023,1,57,57,51.3,102.57,,,,36.82,.02,36.8,1376.775,5.75,15295,82.5,99.3
DI Yogyakarta,DI Yogyakarta,2023,2,57,0,51.2,102.82,,,,40.05,.3,39.75,1424.074,5.75,15126,82.59999999999999,99.59999999999999
DI Yogyakarta,DI Yogyakarta,2023,3,62,5,51.9,103.06,,,,41.63,.01,41.62,1378.287,5.75,15301,78.40000000000001,99.90000000000001
DI Yogyakarta,DI Yogyakarta,2023,4,62,0,52.7,103.24,,,,31.44,.02,31.42,1444.937,5.75,14867,84.59999999999999,100
DI Yogyakarta,DI Yogyakarta,2023,5,286,224,50.3,103.74,,,,41.42,.06,41.36,1472.445,5.75,14811,75.5,100.2
DI Yogyakarta,DI Yogyakarta,2023,6,338,52,52.5,103.42,,,,41.23,.25,40.98,1492.076,5.75,14932,74.8,100.3
DI Yogyakarta,DI Yogyakarta,2023,7,375,37,53.3,103.58,,,,37.36,.63,36.73,1524.886,5.75,15040,80.09999999999999,100.5
DI Yogyakarta,DI Yogyakarta,2023,8,698,323,53.9,103.46,,,,40.05,.92,39.13,1570.193,5.75,15245,86.09999999999999,100.5
DI Yogyakarta,DI Yogyakarta,2023,9,789,91,52.3,103.84,,,,37.13,1.25,35.88,1477.311,5.75,15354,,100.9
DI Yogyakarta,DI Yogyakarta,2023,10,808,19,51.5,104.22,,,,39.06,1.59,37.47,1522.421,6,15741,90.59999999999999,101.2
DI Yogyakarta,DI Yogyakarta,2023,11,838,30,51.7,104.92,,,,39.11,1.33,37.78,1425.595,6,15617,82.90000000000001,101.4
DI Yogyakarta,DI Yogyakarta,2023,12,928,90,52.2,105.26,,,,46.99,1.67,45.32,1330.34,6,15513,77.59999999999999,101.8
Jawa Timur,Jawa Timur,2023,1,370,370,51.3,102.87,,,5.833333333,1998.63,2198.38,-199.75,18137.818,5.75,15295,82.5,99.3
Jawa Timur,Jawa Timur,2023,2,370,0,51.2,103.03,,,6.030667902,1818.43,1877.34,-58.91,18484.142,5.75,15126,82.59999999999999,99.59999999999999
Jawa Timur,Jawa Timur,2023,3,370,0,51.9,103.46,,,5.700858194,2491.29,2612.16,-120.87,17993.516,5.75,15301,78.40000000000001,99.90000000000001
Jawa Timur,Jawa Timur,2023,4,370,0,52.7,103.62,,,4.846706466,1446.66,2057.03,-610.37,18301.584,5.75,14867,84.59999999999999,100
Jawa Timur,Jawa Timur,2023,5,370,0,50.3,103.82,,,4.57292506,1870.11,2553.82,-683.71,18644.668,5.75,14811,75.5,100.2
Jawa Timur,Jawa Timur,2023,6,370,0,52.5,104.07,,,3.914128807,1506.78,2186.28,-679.5,17758.037,5.75,14932,74.8,100.3
Jawa Timur,Jawa Timur,2023,7,504,134,53.3,104.19,,,3.219734496,1543.41,2553.1,-1009.69,18619.419,5.75,15040,80.09999999999999,100.5
Jawa Timur,Jawa Timur,2023,8,661,157,53.9,104.2,,,3.660962992,1681.68,2355.04,-673.36,18848.916,5.75,15245,86.09999999999999,100.5
Jawa Timur,Jawa Timur,2023,9,1442,781,52.3,104.4,,,2.644774358,1852.82,2477.74,-624.92,18063.823,5.75,15354,,100.9
Jawa Timur,Jawa Timur,2023,10,1543,101,51.5,104.63,,,3.012700601,2045.33,2264.23,-218.9,18207.666,6,15741,90.59999999999999,101.2
Jawa Timur,Jawa Timur,2023,11,2174,631,51.7,105.14,,,3.007739786,2073.36,2698.35,-624.99,17866.809,6,15617,82.90000000000001,101.4
Jawa Timur,Jawa Timur,2023,12,2498,324,52.2,105.52,,,2.765874562,2096.9,2652.11,-555.21,16565.584,6,15513,77.59999999999999,101.8
Banten,Banten,2023,1,323,323,51.3,101.96,,,4.179012976,972.58,1436.13,-463.55,3879.398,5.75,15295,82.5,99.3
Banten,Banten,2023,2,323,0,51.2,102.27,,,4.666871354,933.1,1155.99,-222.89,3931.958,5.75,15126,82.59999999999999,99.59999999999999
Banten,Banten,2023,3,2342,2019,51.9,102.66,,,4.149335498,1165.5,1692.04,-526.54,3710.327,5.75,15301,78.40000000000001,99.90000000000001
Banten,Banten,2023,4,3885,1543,52.7,103.07,,,3.608765581,878.74,1403.48,-524.74,3857.292,5.75,14867,84.59999999999999,100
Banten,Banten,2023,5,4995,1110,50.3,103.1,,,3.503664291,1121.37,1439.43,-318.06,4007.476,5.75,14811,75.5,100.2
Banten,Banten,2023,6,5141,146,52.5,103.4,,,2.84463895,962.16,1191.56,-229.4,3794.904,5.75,14932,74.8,100.3
Banten,Banten,2023,7,5863,722,53.3,103.34,,,2.570719603,1021.4,1321.38,-299.98,3647.637,5.75,15040,80.09999999999999,100.5
Banten,Banten,2023,8,6047,184,53.9,103.2,,,2.891326022,1071.59,1365.02,-293.43,3653.214,5.75,15245,86.09999999999999,100.5
Banten,Banten,2023,9,6059,12,52.3,103.36,,,1.902790102,934.75,1267.64,-332.89,3369.785,5.75,15354,,100.9
Banten,Banten,2023,10,6267,208,51.5,103.6,,,2.564102564,1026.93,1412.75,-385.82,3477.287,6,15741,90.59999999999999,101.2
Banten,Banten,2023,11,8776,2509,51.7,104.1,,,2.96735905,1053.27,1294.17,-240.9,3514.976,6,15617,82.90000000000001,101.4
Banten,Banten,2023,12,11140,2364,52.2,104.64,,,2.9617239,1000.51,1514.07,-513.5599999999999,3384.366,6,15513,77.59999999999999,101.8
Bali,Bali,2023,1,,,51.3,102.63,,,5.024559967,41.95,6.6,35.35,2195.494,5.75,15295,82.5,99.3
Bali,Bali,2023,2,,0,51.2,102.88,,,5.745708706,49.6,7.39,42.21,2083.541,5.75,15126,82.59999999999999,99.59999999999999
Bali,Bali,2023,3,,0,51.9,103.15,,,5.319583418,51.88,10.06,41.82,2057.517,5.75,15301,78.40000000000001,99.90000000000001
Bali,Bali,2023,4,,0,52.7,103.13,,,4.255964416,43.84,9.35,34.49,2083.283,5.75,14867,84.59999999999999,100
Bali,Bali,2023,5,,0,50.3,103.51,,,4.344758065,49.67,11.07,38.6,2034.268,5.75,14811,75.5,100.2
Bali,Bali,2023,6,62,62,52.5,103.77,,,3.697411812,47.58,8.77,38.81,1726.378,5.75,14932,74.8,100.3
Bali,Bali,2023,7,79,17,53.3,104.06,,,2.907436709,47.8,9.18,38.62,1812.766,5.75,15040,80.09999999999999,100.5
Bali,Bali,2023,8,79,0,53.9,104.38,,,3.747142431,44.35,9.84,34.51,1773.281,5.75,15245,86.09999999999999,100.5
Bali,Bali,2023,9,80,1,52.3,104.16,,,2.499507971,46.55,9.449999999999999,37.1,1699.341,5.75,15354,,100.9
Bali,Bali,2023,10,90,10,51.5,104.39,,,2.816901408,54.43,11.49,42.94,1698.207,6,15741,90.59999999999999,101.2
Bali,Bali,2023,11,92,2,51.7,104.92,,,3.125614311,55.93,10.38,45.55,1660.141,6,15617,82.90000000000001,101.4
Bali,Bali,2023,12,145,53,52.2,105.4,,,3.070604342,47.43,9.640000000000001,37.79,1466.399,6,15513,77.59999999999999,101.8
Nusa Tenggara Barat,Nusa Tenggara Barat,2023,1,,,51.3,102.78,,,5.599506832,258.12,15,243.12,909.225,5.75,15295,82.5,99.3
Nusa Tenggara Barat,Nusa Tenggara Barat,2023,2,,0,51.2,102.74,,,5.873866447,167.54,18.86,148.68,914.827,5.75,15126,82.59999999999999,99.59999999999999
Nusa Tenggara Barat,Nusa Tenggara Barat,2023,3,,0,51.9,103,,,5.241647083,149.44,25.98,123.46,905.26,5.75,15301,78.40000000000001,99.90000000000001
Nusa Tenggara Barat,Nusa Tenggara Barat,2023,4,,0,52.7,103.38,,,4.350459271,6.65,9.81,-3.16,880.2089999999999,5.75,14867,84.59999999999999,100
Nusa Tenggara Barat,Nusa Tenggara Barat,2023,5,,0,50.3,103.49,,,4.230033236,3.92,28.99,-25.07,801.202,5.75,14811,75.5,100.2
Nusa Tenggara Barat,Nusa Tenggara Barat,2023,6,90,90,52.5,103.88,,,3.631284916,2.72,38.25,-35.53,740.36,5.75,14932,74.8,100.3
Nusa Tenggara Barat,Nusa Tenggara Barat,2023,7,90,0,53.3,103.73,,,2.23733491,84.12,92.55,-8.43,765.15,5.75,15040,80.09999999999999,100.5
Nusa Tenggara Barat,Nusa Tenggara Barat,2023,8,90,0,53.9,103.69,,,3.256323442,405.52,56.38,349.14,735.72,5.75,15245,86.09999999999999,100.5
Nusa Tenggara Barat,Nusa Tenggara Barat,2023,9,90,0,52.3,104.03,,,2.644301924,85.29000000000001,33.09,52.2,752.097,5.75,15354,,100.9
Nusa Tenggara Barat,Nusa Tenggara Barat,2023,10,90,0,51.5,104.46,,,2.865583456,261.24,80.52,180.72,759.973,6,15741,90.59999999999999,101.2
Nusa Tenggara Barat,Nusa Tenggara Barat,2023,11,90,0,51.7,105.02,,,2.960784314,250.45,95.36,155.09,746.998,6,15617,82.90000000000001,101.4
Nusa Tenggara Barat,Nusa Tenggara Barat,2023,12,90,0,52.2,105.69,,,3.233053331,375.55,103.02,272.53,719.276,6,15513,77.59999999999999,101.8
Nusa Tenggara Timur,Nusa Tenggara Timur,2023,1,,,51.3,103.38,,,5.88958312,4.35,2.48,1.87,642.627,5.75,15295,82.5,99.3
Nusa Tenggara Timur,Nusa Tenggara Timur,2023,2,,0,51.2,102.9,,,5.236244631,6.26,.16,6.1,782.391,5.75,15126,82.59999999999999,99.59999999999999
Nusa Tenggara Timur,Nusa Tenggara Timur,2023,3,,0,51.9,103.86,,,5.796068045,7.38,5.13,2.25,819.086,5.75,15301,78.40000000000001,99.90000000000001
Nusa Tenggara Timur,Nusa Tenggara Timur,2023,4,,0,52.7,103.74,,,4.292751583,4.52,1.95,2.57,836.997,5.75,14867,84.59999999999999,100
Nusa Tenggara Timur,Nusa Tenggara Timur,2023,5,,0,50.3,103.44,,,3.938906752,5.54,21.53,-15.99,843.486,5.75,14811,75.5,100.2
Nusa Tenggara Timur,Nusa Tenggara Timur,2023,6,,0,52.5,104.09,,,4.350877193,5.19,1.97,3.22,828.253,5.75,14932,74.8,100.3
Nusa Tenggara Timur,Nusa Tenggara Timur,2023,7,,0,53.3,104.46,,,3.940298507,5.36,6.18,-.82,881.0599999999999,5.75,15040,80.09999999999999,100.5
Nusa Tenggara Timur,Nusa Tenggara Timur,2023,8,10,10,53.9,103.82,,,3.695565322,5.04,.86,4.18,884.319,5.75,15245,86.09999999999999,100.5
Nusa Tenggara Timur,Nusa Tenggara Timur,2023,9,10,0,52.3,103.95,,,2.454169131,6.35,3.94,2.41,800.638,5.75,15354,,100.9
Nusa Tenggara Timur,Nusa Tenggara Timur,2023,10,10,0,51.5,104.15,,,2.5704156,8.07,3.39,4.68,812.162,6,15741,90.59999999999999,101.2
Nusa Tenggara Timur,Nusa Tenggara Timur,2023,11,10,0,51.7,104.66,,,2.930763179,8.800000000000001,19.48,-10.68,810.2,6,15617,82.90000000000001,101.4
Nusa Tenggara Timur,Nusa Tenggara Timur,2023,12,108,98,52.2,105.15,,,2.705606564,7.23,3.25,3.98,728.018,6,15513,77.59999999999999,101.8
Kalimantan Barat,Kalimantan Barat,2023,1,,,51.3,102.59,,,5.177363133,239.66,30.96,208.7,1247.865,5.75,15295,82.5,99.3
Kalimantan Barat,Kalimantan Barat,2023,2,,0,51.2,102.86,,,5.551564905,237.61,14.96,222.65,1314.399,5.75,15126,82.59999999999999,99.59999999999999
Kalimantan Barat,Kalimantan Barat,2023,3,2,2,51.9,103.25,,,5.0997557,134.97,44.32,90.65000000000001,1285.73,5.75,15301,78.40000000000001,99.90000000000001
Kalimantan Barat,Kalimantan Barat,2023,4,2,0,52.7,103.75,,,4.618332157,168.3,43.11,125.19,1264.336,5.75,14867,84.59999999999999,100
Kalimantan Barat,Kalimantan Barat,2023,5,414,412,50.3,103.79,,,4.185906444,121.02,34.07,86.95,1269.717,5.75,14811,75.5,100.2
Kalimantan Barat,Kalimantan Barat,2023,6,414,0,52.5,104.06,,,4.383589126,199.92,34.44,165.48,1209.411,5.75,14932,74.8,100.3
Kalimantan Barat,Kalimantan Barat,2023,7,414,0,53.3,104.3,,,4.185396064,160.47,34.08,126.39,1329.816,5.75,15040,80.09999999999999,100.5
Kalimantan Barat,Kalimantan Barat,2023,8,414,0,53.9,104.16,,,4.107946027,176,51.41,124.59,1373.045,5.75,15245,86.09999999999999,100.5
Kalimantan Barat,Kalimantan Barat,2023,9,414,0,52.3,104.14,,,2.419354839,160.93,42.91,118.02,1359.209,5.75,15354,,100.9
Kalimantan Barat,Kalimantan Barat,2023,10,414,0,51.5,104.39,,,2.473741043,208.73,62.8,145.93,1371.364,6,15741,90.59999999999999,101.2
Kalimantan Barat,Kalimantan Barat,2023,11,459,45,51.7,104.65,,,2.467443454,161.46,41.78,119.68,1325.649,6,15617,82.90000000000001,101.4
Kalimantan Barat,Kalimantan Barat,2023,12,459,0,52.2,105.02,,,2.498536014,155.16,22.34,132.82,1257.449,6,15513,77.59999999999999,101.8
Kalimantan Tengah,Kalimantan Tengah,2023,1,,,51.3,102.28,,,5.053410025,498.38,3.79,494.59,527.861,5.75,15295,82.5,99.3
Kalimantan Tengah,Kalimantan Tengah,2023,2,,0,51.2,102.74,,,5.764875438,502.82,1.69,501.13,594.998,5.75,15126,82.59999999999999,99.59999999999999
Kalimantan Tengah,Kalimantan Tengah,2023,3,,0,51.9,103.15,,,5.68647541,468.29,2.94,465.35,569.615,5.75,15301,78.40000000000001,99.90000000000001
Kalimantan Tengah,Kalimantan Tengah,2023,4,,0,52.7,103.63,,,4.920522426,560.8099999999999,5.85,554.96,605.705,5.75,14867,84.59999999999999,100
Kalimantan Tengah,Kalimantan Tengah,2023,5,,0,50.3,104.13,,,4.832376925,397.43,14.58,382.85,620.026,5.75,14811,75.5,100.2
Kalimantan Tengah,Kalimantan Tengah,2023,6,,0,52.5,104.34,,,3.893258986,431.28,2.28,429,570.055,5.75,14932,74.8,100.3
Kalimantan Tengah,Kalimantan Tengah,2023,7,,0,53.3,104.6,,,3.605388273,340.28,10.29,329.99,606.448,5.75,15040,80.09999999999999,100.5
Kalimantan Tengah,Kalimantan Tengah,2023,8,,0,53.9,104.19,,,3.816261459,334.32,12.23,322.09,607.455,5.75,15245,86.09999999999999,100.5
Kalimantan Tengah,Kalimantan Tengah,2023,9,289,289,52.3,104.09,,,2.239465671,212.35,3.31,209.04,607.527,5.75,15354,,100.9
Kalimantan Tengah,Kalimantan Tengah,2023,10,387,98,51.5,104.67,,,2.678045909,337.64,2.37,335.27,650.4160000000001,6,15741,90.59999999999999,101.2
Kalimantan Tengah,Kalimantan Tengah,2023,11,388,1,51.7,105.06,,,2.878965922,357.31,8.640000000000001,348.67,674.4349999999999,6,15617,82.90000000000001,101.4
Kalimantan Tengah,Kalimantan Tengah,2023,12,405,17,52.2,105.55,,,3.318324197,551.17,4.76,546.41,633.359,6,15513,77.59999999999999,101.8
Kalimantan Selatan,Kalimantan Selatan,2023,1,,,51.3,102.8,,,4.94079216,1365.9,91.2,1274.7,1547.294,5.75,15295,82.5,99.3
Kalimantan Selatan,Kalimantan Selatan,2023,2,,0,51.2,103.31,,,5.763718264,1110.06,103.32,1006.74,1571.74,5.75,15126,82.59999999999999,99.59999999999999
Kalimantan Selatan,Kalimantan Selatan,2023,3,,0,51.9,103.65,,,5.52840562,1331.23,82.31,1248.92,1448.865,5.75,15301,78.40000000000001,99.90000000000001
Kalimantan Selatan,Kalimantan Selatan,2023,4,,0,52.7,103.96,,,5.01010101,1122.92,89.56,1033.36,1500.502,5.75,14867,84.59999999999999,100
Kalimantan Selatan,Kalimantan Selatan,2023,5,,0,50.3,104.33,,,4.854271357,1123.27,126.13,997.14,1567.077,5.75,14811,75.5,100.2
Kalimantan Selatan,Kalimantan Selatan,2023,6,727,727,52.5,104.29,,,4.185814186,1051.66,81.93000000000001,969.73,1518.516,5.75,14932,74.8,100.3
Kalimantan Selatan,Kalimantan Selatan,2023,7,1883,1156,53.3,104.33,,,4.080207502,970.42,83.73999999999999,886.68,1619.924,5.75,15040,80.09999999999999,100.5
Kalimantan Selatan,Kalimantan Selatan,2023,8,1911,28,53.9,104.1,,,4.287717892,878.68,93.41,785.27,1595.259,5.75,15245,86.09999999999999,100.5
Kalimantan Selatan,Kalimantan Selatan,2023,9,1987,76,52.3,103.89,,,2.395032525,852.6900000000001,151.56,701.13,1562.987,5.75,15354,,100.9
Kalimantan Selatan,Kalimantan Selatan,2023,10,2176,189,51.5,104.23,,,2.548209366,1119.61,188.18,931.43,1562.954,6,15741,90.59999999999999,101.2
Kalimantan Selatan,Kalimantan Selatan,2023,11,2201,25,51.7,104.55,,,2.640879639,1243.08,148.49,1094.59,1532.171,6,15617,82.90000000000001,101.4
Kalimantan Selatan,Kalimantan Selatan,2023,12,2284,83,52.2,105.09,,,2.486834406,1080.34,179.75,900.59,1421.494,6,15513,77.59999999999999,101.8
Kalimantan Timur,Kalimantan Timur,2023,1,,,51.3,102.61,,,5.187083547,2462.36,446.64,2015.72,2417.509,5.75,15295,82.5,99.3
Kalimantan Timur,Kalimantan Timur,2023,2,,0,51.2,102.56,,,5.286931527,2638.92,351.67,2287.25,2404.006,5.75,15126,82.59999999999999,99.59999999999999
Kalimantan Timur,Kalimantan Timur,2023,3,,0,51.9,103.15,,,5.287332857,2847.99,451.22,2396.77,2387.222,5.75,15301,78.40000000000001,99.90000000000001
Kalimantan Timur,Kalimantan Timur,2023,4,,0,52.7,103.69,,,4.684502776,2404.36,472.18,1932.18,2435.592,5.75,14867,84.59999999999999,100
Kalimantan Timur,Kalimantan Timur,2023,5,30,30,50.3,103.8,,,4.342581423,2476,525.49,1950.51,2437.55,5.75,14811,75.5,100.2
Kalimantan Timur,Kalimantan Timur,2023,6,276,246,52.5,104.06,,,4.028791363,2170.64,381.98,1788.66,2354.225,5.75,14932,74.8,100.3
Kalimantan Timur,Kalimantan Timur,2023,7,390,114,53.3,104.48,,,3.856858847,2123.22,457.02,1666.2,2434.566,5.75,15040,80.09999999999999,100.5
Kalimantan Timur,Kalimantan Timur,2023,8,1043,653,53.9,104.41,,,4.191198483,2131.23,406.38,1724.85,2135.871,5.75,15245,86.09999999999999,100.5
Kalimantan Timur,Kalimantan Timur,2023,9,1108,65,52.3,104.43,,,2.73487457,1909.59,466.59,1443,2038.718,5.75,15354,,100.9
Kalimantan Timur,Kalimantan Timur,2023,10,1496,388,51.5,104.69,,,2.778323189,2317.85,687.3,1630.55,2105.604,6,15741,90.59999999999999,101.2
Kalimantan Timur,Kalimantan Timur,2023,11,1643,147,51.7,104.98,,,2.941753285,2298.29,504.29,1794,2103.802,6,15617,82.90000000000001,101.4
Kalimantan Timur,Kalimantan Timur,2023,12,2010,367,52.2,105.38,,,3.111545988,2157.21,420.06,1737.15,1907.525,6,15513,77.59999999999999,101.8
Kalimantan Utara,Kalimantan Utara,2023,1,,,51.3,102.38,,,4.480048985,258.84,14.71,244.13,,5.75,15295,82.5,99.3
Kalimantan Utara,Kalimantan Utara,2023,2,,0,51.2,102.24,,,4.273329934,132.74,29.04,103.7,,5.75,15126,82.59999999999999,99.59999999999999
Kalimantan Utara,Kalimantan Utara,2023,3,,0,51.9,102.38,,,3.981312208,216.78,10.85,205.93,,5.75,15301,78.40000000000001,99.90000000000001
Kalimantan Utara,Kalimantan Utara,2023,4,,0,52.7,102.93,,,4.085347356,167.32,47.07,120.25,,5.75,14867,84.59999999999999,100
Kalimantan Utara,Kalimantan Utara,2023,5,,0,50.3,103.1,,,3.597266881,196.33,37.82,158.51,,5.75,14811,75.5,100.2
Kalimantan Utara,Kalimantan Utara,2023,6,,0,52.5,103.05,,,2.885383387,126.79,58.79,68,,5.75,14932,74.8,100.3
Kalimantan Utara,Kalimantan Utara,2023,7,,0,53.3,103.45,,,3.09946183,110.9,47.06,63.84,,5.75,15040,80.09999999999999,100.5
Kalimantan Utara,Kalimantan Utara,2023,8,343,343,53.9,103.65,,,3.33998006,141.03,107.56,33.47,,5.75,15245,86.09999999999999,100.5
Kalimantan Utara,Kalimantan Utara,2023,9,1766,1423,52.3,103.41,,,1.921939681,130.85,45.48,85.37,,5.75,15354,,100.9
Kalimantan Utara,Kalimantan Utara,2023,10,1766,0,51.5,103.12,,,1.756463391,131.77,98.64,33.13,,6,15741,90.59999999999999,101.2
Kalimantan Utara,Kalimantan Utara,2023,11,1766,0,51.7,103.52,,,2.100798895,144.41,93.15000000000001,51.26,,6,15617,82.90000000000001,101.4
Kalimantan Utara,Kalimantan Utara,2023,12,1937,171,52.2,104.37,,,2.22331048,196.74,91.97,104.77,,6,15513,77.59999999999999,101.8
Sulawesi Utara,Sulawesi Utara,2023,1,,,51.3,102.47,,,4.47593801,77.86,11.51,66.34999999999999,1313.562,5.75,15295,82.5,99.3
Sulawesi Utara,Sulawesi Utara,2023,2,,0,51.2,102.08,,,4.099530899,89.08,11.68,77.40000000000001,1346.35,5.75,15126,82.59999999999999,99.59999999999999
Sulawesi Utara,Sulawesi Utara,2023,3,,0,51.9,102.9,,,4.711509108,67.92,18.08,49.84,1251.735,5.75,15301,78.40000000000001,99.90000000000001
Sulawesi Utara,Sulawesi Utara,2023,4,,0,52.7,102.66,,,3.30046287,79.43000000000001,8.609999999999999,70.81999999999999,1286.702,5.75,14867,84.59999999999999,100
Sulawesi Utara,Sulawesi Utara,2023,5,,0,50.3,102.67,,,3.456267634,58.27,17.52,40.75,1327.388,5.75,14811,75.5,100.2
Sulawesi Utara,Sulawesi Utara,2023,6,10,10,52.5,102.88,,,2.643918986,81.23999999999999,8.619999999999999,72.62,1201.915,5.75,14932,74.8,100.3
Sulawesi Utara,Sulawesi Utara,2023,7,23,13,53.3,103.15,,,2.92356815,76.06,10.48,65.58,1207.918,5.75,15040,80.09999999999999,100.5
Sulawesi Utara,Sulawesi Utara,2023,8,32,9,53.9,102.86,,,2.746978324,64.43000000000001,25.49,38.94,1178.271,5.75,15245,86.09999999999999,100.5
Sulawesi Utara,Sulawesi Utara,2023,9,32,0,52.3,102.92,,,1.369053482,68.93000000000001,16.28,52.65,1144.073,5.75,15354,,100.9
Sulawesi Utara,Sulawesi Utara,2023,10,32,0,51.5,104.22,,,2.720283856,79.56,20.62,58.94,1190.151,6,15741,90.59999999999999,101.2
Sulawesi Utara,Sulawesi Utara,2023,11,34,2,51.7,105.12,,,3.770977295,66.05,25.56,40.49,1220.97,6,15617,82.90000000000001,101.4
Sulawesi Utara,Sulawesi Utara,2023,12,38,4,52.2,106.81,,,4.582394987,79.8,19.91,59.89,1207.156,6,15513,77.59999999999999,101.8
Sulawesi Tengah,Sulawesi Tengah,2023,1,,,51.3,102.83,,,5.542440727,1524.83,369.89,1154.94,823.97,5.75,15295,82.5,99.3
Sulawesi Tengah,Sulawesi Tengah,2023,2,,0,51.2,102.89,,,5.560685339,1545.72,707.29,838.43,820.332,5.75,15126,82.59999999999999,99.59999999999999
Sulawesi Tengah,Sulawesi Tengah,2023,3,,0,51.9,103.44,,,5.293159609,1608.39,727.3,881.09,773.136,5.75,15301,78.40000000000001,99.90000000000001
Sulawesi Tengah,Sulawesi Tengah,2023,4,,0,52.7,103.47,,,4.673748103,1653.46,717.53,935.93,798.069,5.75,14867,84.59999999999999,100
Sulawesi Tengah,Sulawesi Tengah,2023,5,,0,50.3,103.85,,,4.782564827,1512.21,1026.08,486.13,815.284,5.75,14811,75.5,100.2
Sulawesi Tengah,Sulawesi Tengah,2023,6,,0,52.5,104.32,,,4.508114606,1589.42,830.2,759.22,792.5309999999999,5.75,14932,74.8,100.3
Sulawesi Tengah,Sulawesi Tengah,2023,7,,0,53.3,104.46,,,3.960987261,1695.34,777.89,917.45,833.6180000000001,5.75,15040,80.09999999999999,100.5
Sulawesi Tengah,Sulawesi Tengah,2023,8,1548,1548,53.9,104.51,,,3.732009926,1639.98,741.9400000000001,898.04,873.371,5.75,15245,86.09999999999999,100.5
Sulawesi Tengah,Sulawesi Tengah,2023,9,1550,2,52.3,104.57,,,2.509557886,1823.86,636.17,1187.69,850.227,5.75,15354,,100.9
Sulawesi Tengah,Sulawesi Tengah,2023,10,1550,0,51.5,104.83,,,3.057412505,1529.27,646.08,883.1900000000001,869.044,6,15741,90.59999999999999,101.2
Sulawesi Tengah,Sulawesi Tengah,2023,11,2411,861,51.7,105.02,,,3.142801021,1607.53,934.64,672.89,910.422,6,15617,82.90000000000001,101.4
Sulawesi Tengah,Sulawesi Tengah,2023,12,2610,199,52.2,105.8,,,3.421309873,1655.92,1048.7,607.22,840.205,6,15513,77.59999999999999,101.8
Sulawesi Selatan,Sulawesi Selatan,2023,1,,,51.3,102.9,,,5.397930964,230.64,113.12,117.52,3687.656,5.75,15295,82.5,99.3
Sulawesi Selatan,Sulawesi Selatan,2023,2,,0,51.2,102.66,,,5.227552276,215.37,92.59,122.78,3778.391,5.75,15126,82.59999999999999,99.59999999999999
Sulawesi Selatan,Sulawesi Selatan,2023,3,,0,51.9,103.23,,,5.261547874,214.8,79.81,134.99,3751.302,5.75,15301,78.40000000000001,99.90000000000001
Sulawesi Selatan,Sulawesi Selatan,2023,4,,0,52.7,103.53,,,4.375441073,179.86,103.77,76.09,3888.363,5.75,14867,84.59999999999999,100
Sulawesi Selatan,Sulawesi Selatan,2023,5,23,23,50.3,103.61,,,4.329876145,211.59,79.38,132.21,3903.784,5.75,14811,75.5,100.2
Sulawesi Selatan,Sulawesi Selatan,2023,6,478,455,52.5,103.73,,,4.063001605,167.57,108.76,58.81,3697.439,5.75,14932,74.8,100.3
Sulawesi Selatan,Sulawesi Selatan,2023,7,569,91,53.3,103.84,,,3.148902354,186.23,114.88,71.34999999999999,4289.569,5.75,15040,80.09999999999999,100.5
Sulawesi Selatan,Sulawesi Selatan,2023,8,569,0,53.9,103.77,,,3.490575446,192.17,82.93000000000001,109.24,4286.81,5.75,15245,86.09999999999999,100.5
Sulawesi Selatan,Sulawesi Selatan,2023,9,624,55,52.3,103.79,,,1.95481336,206.88,95.5,111.38,4282.272,5.75,15354,,100.9
Sulawesi Selatan,Sulawesi Selatan,2023,10,678,54,51.5,104.09,,,2.460872133,212.17,45.87,166.3,4405,6,15741,90.59999999999999,101.2
Sulawesi Selatan,Sulawesi Selatan,2023,11,753,75,51.7,104.27,,,2.42632613,159.74,89.93000000000001,69.81,4479.015,6,15617,82.90000000000001,101.4
Sulawesi Selatan,Sulawesi Selatan,2023,12,766,13,52.2,104.97,,,2.489748096,164.48,78.66,85.81999999999999,4346.407,6,15513,77.59999999999999,101.8
Sulawesi Tenggara,Sulawesi Tenggara,2023,1,15,15,51.3,102.89,,,5.843020265,369.37,249.26,120.11,598.692,5.75,15295,82.5,99.3
Sulawesi Tenggara,Sulawesi Tenggara,2023,2,46,31,51.2,102.64,,,5.694573164,340.36,152.24,188.12,633.859,5.75,15126,82.59999999999999,99.59999999999999
Sulawesi Tenggara,Sulawesi Tenggara,2023,3,64,18,51.9,103.25,,,6.16966581,431.76,255.36,176.4,624.904,5.75,15301,78.40000000000001,99.90000000000001
Sulawesi Tenggara,Sulawesi Tenggara,2023,4,64,0,52.7,103.74,,,5.54481636,183.32,130.02,53.3,653.357,5.75,14867,84.59999999999999,100
Sulawesi Tenggara,Sulawesi Tenggara,2023,5,70,6,50.3,104.21,,,5.145797599,298.24,151.05,147.19,682.4,5.75,14811,75.5,100.2
Sulawesi Tenggara,Sulawesi Tenggara,2023,6,112,42,52.5,104.34,,,5.192055651,234.54,89.58,144.96,641.787,5.75,14932,74.8,100.3
Sulawesi Tenggara,Sulawesi Tenggara,2023,7,112,0,53.3,104.81,,,4.009129701,290.78,124.23,166.55,667.683,5.75,15040,80.09999999999999,100.5
Sulawesi Tenggara,Sulawesi Tenggara,2023,8,120,8,53.9,104.64,,,3.727200634,396.89,129.03,267.86,666.726,5.75,15245,86.09999999999999,100.5
Sulawesi Tenggara,Sulawesi Tenggara,2023,9,126,6,52.3,105.01,,,2.860221373,369.22,87.94,281.28,645.501,5.75,15354,,100.9
Sulawesi Tenggara,Sulawesi Tenggara,2023,10,134,8,51.5,105.19,,,2.674475354,491.31,125.74,365.57,641.682,6,15741,90.59999999999999,101.2
Sulawesi Tenggara,Sulawesi Tenggara,2023,11,138,4,51.7,105.15,,,2.465406354,434.9,169.7,265.2,612.563,6,15617,82.90000000000001,101.4
Sulawesi Tenggara,Sulawesi Tenggara,2023,12,146,8,52.2,105.45,,,2.338897516,458.84,183.51,275.33,580.746,6,15513,77.59999999999999,101.8
Gorontalo,Gorontalo,2023,1,,,51.3,101.98,,,4.284691686,6.88,16.75,-9.869999999999999,633.829,5.75,15295,82.5,99.3
Gorontalo,Gorontalo,2023,2,,0,51.2,101.47,,,4.640610498,12.68,.91,11.77,638.8200000000001,5.75,15126,82.59999999999999,99.59999999999999
Gorontalo,Gorontalo,2023,3,,0,51.9,101.89,,,4.320671649,4.11,.9,3.21,619.804,5.75,15301,78.40000000000001,99.90000000000001
Gorontalo,Gorontalo,2023,4,,0,52.7,101.96,,,2.875592776,6.09,1.34,4.75,651.5700000000001,5.75,14867,84.59999999999999,100
Gorontalo,Gorontalo,2023,5,,0,50.3,102.01,,,2.946816026,1.29,5.48,-4.19,688.7329999999999,5.75,14811,75.5,100.2
Gorontalo,Gorontalo,2023,6,37,37,52.5,102.83,,,2.481562687,3.46,.83,2.63,717.401,5.75,14932,74.8,100.3
Gorontalo,Gorontalo,2023,7,46,9,53.3,102.71,,,1.152255269,3.31,1.34,1.97,804.859,5.75,15040,80.09999999999999,100.5
Gorontalo,Gorontalo,2023,8,348,302,53.9,102.98,,,2.467661692,5.9,3.96,1.94,871.331,5.75,15245,86.09999999999999,100.5
Gorontalo,Gorontalo,2023,9,348,0,52.3,103.25,,,1.824457594,3.22,1.98,1.24,909.222,5.75,15354,,100.9
Gorontalo,Gorontalo,2023,10,348,0,51.5,104.66,,,2.961141171,2.84,,2.84,958.008,6,15741,90.59999999999999,101.2
Gorontalo,Gorontalo,2023,11,348,0,51.7,105.71,,,4.014562629,1.38,1.11,.27,969.547,6,15617,82.90000000000001,101.4
Gorontalo,Gorontalo,2023,12,483,135,52.2,107.45,,,5.023946828,4.01,1.38,2.63,943.272,6,15513,77.59999999999999,101.8
Sulawesi Barat,Sulawesi Barat,2023,1,,,51.3,102.97,,,6.341010018,28.43,.59,27.84,227.008,5.75,15295,82.5,99.3
Sulawesi Barat,Sulawesi Barat,2023,2,,0,51.2,103.08,,,6.246134818,23.8,,23.8,247.356,5.75,15126,82.59999999999999,99.59999999999999
Sulawesi Barat,Sulawesi Barat,2023,3,,0,51.9,102.98,,,5.642183012,49.76,1.21,48.55,256.429,5.75,15301,78.40000000000001,99.90000000000001
Sulawesi Barat,Sulawesi Barat,2023,4,,0,52.7,103.44,,,5.196786332,27.51,,27.51,255.306,5.75,14867,84.59999999999999,100
Sulawesi Barat,Sulawesi Barat,2023,5,,0,50.3,104.16,,,4.421052632,13.53,,13.53,263.464,5.75,14811,75.5,100.2
Sulawesi Barat,Sulawesi Barat,2023,6,,0,52.5,103.9,,,4.170844195,63.37,,63.37,254.789,5.75,14932,74.8,100.3
Sulawesi Barat,Sulawesi Barat,2023,7,4,4,53.3,103.67,,,2.107751404,40.68,8.76,31.92,279.569,5.75,15040,80.09999999999999,100.5
Sulawesi Barat,Sulawesi Barat,2023,8,4,0,53.9,104.04,,,3.296266878,50.07,,50.07,284.199,5.75,15245,86.09999999999999,100.5
Sulawesi Barat,Sulawesi Barat,2023,9,4,0,52.3,103.91,,,1.474609375,44.02,.77,43.25,277.559,5.75,15354,,100.9
Sulawesi Barat,Sulawesi Barat,2023,10,4,0,51.5,104.56,,,3.126541079,35.53,.7,34.83,276.76,6,15741,90.59999999999999,101.2
Sulawesi Barat,Sulawesi Barat,2023,11,4,0,51.7,104.84,,,3.067243413,34.09,.82,33.27,276.01,6,15617,82.90000000000001,101.4
Sulawesi Barat,Sulawesi Barat,2023,12,9,5,52.2,105.21,,,2.046556741,61.93,.27,61.66,259.589,6,15513,77.59999999999999,101.8
Maluku,Maluku,2023,1,16,16,51.3,101.65,,,3.830439224,12.92,18.35,-5.43,284.722,5.75,15295,82.5,99.3
Maluku,Maluku,2023,2,16,0,51.2,101.51,,,3.889059462,3,4.47,-1.47,303.999,5.75,15126,82.59999999999999,99.59999999999999
Maluku,Maluku,2023,3,16,0,51.9,101.31,,,3.758705449,7.75,28.48,-20.73,297.472,5.75,15301,78.40000000000001,99.90000000000001
Maluku,Maluku,2023,4,16,0,52.7,101.92,,,3.377624506,7.1,10.6,-3.5,320.921,5.75,14867,84.59999999999999,100
Maluku,Maluku,2023,5,16,0,50.3,103.06,,,3.60912838,15.54,27.2,-11.66,351.526,5.75,14811,75.5,100.2
Maluku,Maluku,2023,6,16,0,52.5,104,,,4.020804161,17.83,16.62,1.21,334.714,5.75,14932,74.8,100.3
Maluku,Maluku,2023,7,21,5,53.3,104.08,,,3.120974933,12.08,17.38,-5.3,353.261,5.75,15040,80.09999999999999,100.5
Maluku,Maluku,2023,8,34,13,53.9,103.86,,,2.415935312,2.66,27.64,-24.98,357.321,5.75,15245,86.09999999999999,100.5
Maluku,Maluku,2023,9,34,0,52.3,104.6,,,2.559074419,11.43,28.7,-17.27,351.315,5.75,15354,,100.9
Maluku,Maluku,2023,10,73,39,51.5,104.92,,,3.491812981,1.93,39.11,-37.18,357.858,6,15741,90.59999999999999,101.2
Maluku,Maluku,2023,11,73,0,51.7,105.09,,,3.639053254,8.49,41.71,-33.22,362.487,6,15617,82.90000000000001,101.4
Maluku,Maluku,2023,12,73,0,52.2,105.64,,,3.986612856,21.01,43.01,-22,358.886,6,15513,77.59999999999999,101.8
Maluku Utara,Maluku Utara,2023,1,,,51.3,102.26,,,,853.48,132.73,720.75,221.286,5.75,15295,82.5,99.3
Maluku Utara,Maluku Utara,2023,2,,0,51.2,103.44,,,,837.9400000000001,292.79,545.15,231.572,5.75,15126,82.59999999999999,99.59999999999999
Maluku Utara,Maluku Utara,2023,3,,0,51.9,103.07,,,,715.95,350.48,365.47,219.379,5.75,15301,78.40000000000001,99.90000000000001
Maluku Utara,Maluku Utara,2023,4,,0,52.7,104.17,,,,813.23,164.41,648.8200000000001,227.378,5.75,14867,84.59999999999999,100
Maluku Utara,Maluku Utara,2023,5,,0,50.3,104.43,,,,841.98,348.75,493.23,224.874,5.75,14811,75.5,100.2
Maluku Utara,Maluku Utara,2023,6,,0,52.5,104.66,,,,776.43,312.92,463.51,208.086,5.75,14932,74.8,100.3
Maluku Utara,Maluku Utara,2023,7,,0,53.3,104.86,,,,846.97,307.91,539.0599999999999,216.085,5.75,15040,80.09999999999999,100.5
Maluku Utara,Maluku Utara,2023,8,102,102,53.9,105.02,,,,756.74,205.41,551.33,215.929,5.75,15245,86.09999999999999,100.5
Maluku Utara,Maluku Utara,2023,9,102,0,52.3,104.92,,,,813.16,212.78,600.38,213.472,5.75,15354,,100.9
Maluku Utara,Maluku Utara,2023,10,108,6,51.5,105.21,,,,1096.75,364.97,731.78,215.744,6,15741,90.59999999999999,101.2
Maluku Utara,Maluku Utara,2023,11,160,52,51.7,105.06,,,,946.52,236.45,710.0700000000001,225.282,6,15617,82.90000000000001,101.4
Maluku Utara,Maluku Utara,2023,12,160,0,52.2,106.71,,,,900.99,229.17,671.8200000000001,226.416,6,15513,77.59999999999999,101.8
Papua Barat,Papua Barat,2023,1,,,51.3,102.8,,,4.791029562,,,,595.817,5.75,15295,82.5,99.3
Papua Barat,Papua Barat,2023,2,,0,51.2,102.38,,,5.884786431,,1.66,-1.66,598.138,5.75,15126,82.59999999999999,99.59999999999999
Papua Barat,Papua Barat,2023,3,,0,51.9,101.75,,,3.763002244,,.9,-.9,555.083,5.75,15301,78.40000000000001,99.90000000000001
Papua Barat,Papua Barat,2023,4,,0,52.7,103.09,,,4.33154539,,8.390000000000001,-8.390000000000001,562.859,5.75,14867,84.59999999999999,100
Papua Barat,Papua Barat,2023,5,21,21,50.3,103.51,,,3.396264109,,,,589.225,5.75,14811,75.5,100.2
Papua Barat,Papua Barat,2023,6,21,0,52.5,104.06,,,3.542288557,,.06,-.06,518.672,5.75,14932,74.8,100.3
Papua Barat,Papua Barat,2023,7,15,-6,53.3,105.11,,,4.296487398,,,,517.357,5.75,15040,80.09999999999999,100.5
Papua Barat,Papua Barat,2023,8,15,0,53.9,105.46,,,5.207501995,,,,511.599,5.75,15245,86.09999999999999,100.5
Papua Barat,Papua Barat,2023,9,15,0,52.3,104.37,,,4.005979073,,,,477.55,5.75,15354,,100.9
Papua Barat,Papua Barat,2023,10,15,0,51.5,104.63,,,3.419986162,,10.79,-10.79,509.68,6,15741,90.59999999999999,101.2
Papua Barat,Papua Barat,2023,11,15,0,51.7,104.6,,,2.760585519,,,,499.054,6,15617,82.90000000000001,101.4
Papua Barat,Papua Barat,2023,12,15,0,52.2,105.28,,,1.808335751,,,,414.718,6,15513,77.59999999999999,101.8
Papua Barat Daya,Papua Barat Daya,2023,1,,,51.3,102.03,,,3.018982229,,,0,,5.75,15295,82.5,99.3
Papua Barat Daya,Papua Barat Daya,2023,2,,,51.2,101.6,,,3.283521399,,,0,,5.75,15126,82.59999999999999,99.59999999999999
Papua Barat Daya,Papua Barat Daya,2023,3,,,51.9,102.37,,,4.555203759,,,0,,5.75,15301,78.40000000000001,99.90000000000001
Papua Barat Daya,Papua Barat Daya,2023,4,,,52.7,102.08,,,3.090284791,,,0,,5.75,14867,84.59999999999999,100
Papua Barat Daya,Papua Barat Daya,2023,5,,,50.3,102.75,,,3.214465093,,,0,,5.75,14811,75.5,100.2
Papua Barat Daya,Papua Barat Daya,2023,6,,,52.5,103.64,,,3.941430147,,,0,,5.75,14932,74.8,100.3
Papua Barat Daya,Papua Barat Daya,2023,7,,,53.3,103.4,,,2.447240662,,,0,,5.75,15040,80.09999999999999,100.5
Papua Barat Daya,Papua Barat Daya,2023,8,,,53.9,103.46,,,2.924791086,,,0,,5.75,15245,86.09999999999999,100.5
Papua Barat Daya,Papua Barat Daya,2023,9,,,52.3,103,,,1.497832085,,,0,,5.75,15354,,100.9
Papua Barat Daya,Papua Barat Daya,2023,10,,,51.5,103.44,,,2.314540059,,,0,,6,15741,90.59999999999999,101.2
Papua Barat Daya,Papua Barat Daya,2023,11,,,51.7,103.07,,,2.029301128,,,0,,6,15617,82.90000000000001,101.4
Papua Barat Daya,Papua Barat Daya,2023,12,,,52.2,103.42,,,2.052496546,,,0,,6,15513,77.59999999999999,101.8
Papua,Papua,2023,1,,,51.3,102.3,,,5.561861521,,35.83,-35.83,914.942,5.75,15295,82.5,99.3
Papua,Papua,2023,2,,0,51.2,101.05,,,5.096203848,,42.46,-42.46,959.778,5.75,15126,82.59999999999999,99.59999999999999
Papua,Papua,2023,3,,0,51.9,100.89,,,4.235974791,,58.16,-58.16,935.961,5.75,15301,78.40000000000001,99.90000000000001
Papua,Papua,2023,4,,0,52.7,102.3,,,3.710462287,,22.22,-22.22,1039.411,5.75,14867,84.59999999999999,100
Papua,Papua,2023,5,7,7,50.3,102.52,,,2.694580787,,29.65,-29.65,1088.538,5.75,14811,75.5,100.2
Papua,Papua,2023,6,7,0,52.5,103.6,,,3.14615691,,30.07,-30.07,981.524,5.75,14932,74.8,100.3
Papua,Papua,2023,7,7,0,53.3,103.48,,,2.081483674,,46.87,-46.87,977.259,5.75,15040,80.09999999999999,100.5
Papua,Papua,2023,8,7,0,53.9,103.28,,,1.723628484,,31.13,-31.13,1001.522,5.75,15245,86.09999999999999,100.5
Papua,Papua,2023,9,7,0,52.3,103.06,,,.7724650435,,157.07,-157.07,987.107,5.75,15354,,100.9
Papua,Papua,2023,10,7,0,51.5,103.01,,,1.049637041,,37.02,-37.02,1013.696,6,15741,90.59999999999999,101.2
Papua,Papua,2023,11,7,0,51.7,103.07,,,1.327172631,,25.08,-25.08,995.825,6,15617,82.90000000000001,101.4
Papua,Papua,2023,12,7,0,52.2,103.84,,,1.386447959,,144.44,-144.44,957.275,6,15513,77.59999999999999,101.8
Papua Selatan,Papua Selatan,2023,1,,,51.3,102.01,,,3.932755986,,,0,,5.75,15295,82.5,99.3
Papua Selatan,Papua Selatan,2023,2,,,51.2,102,,,3.679609677,,,0,,5.75,15126,82.59999999999999,99.59999999999999
Papua Selatan,Papua Selatan,2023,3,,,51.9,102.72,,,3.360837191,,,0,,5.75,15301,78.40000000000001,99.90000000000001
Papua Selatan,Papua Selatan,2023,4,,,52.7,103.72,,,3.606033363,,,0,,5.75,14867,84.59999999999999,100
Papua Selatan,Papua Selatan,2023,5,,,50.3,104.63,,,4.182017326,,,0,,5.75,14811,75.5,100.2
Papua Selatan,Papua Selatan,2023,6,,,52.5,105.65,,,5.460171691,,,0,,5.75,14932,74.8,100.3
Papua Selatan,Papua Selatan,2023,7,,,53.3,105.54,,,5.077658303,,,0,,5.75,15040,80.09999999999999,100.5
Papua Selatan,Papua Selatan,2023,8,,,53.9,105.19,,,5.263684579,,,0,,5.75,15245,86.09999999999999,100.5
Papua Selatan,Papua Selatan,2023,9,,,52.3,104.62,,,4.327881931,,,0,,5.75,15354,,100.9
Papua Selatan,Papua Selatan,2023,10,,,51.5,104.96,,,4.562661885,,,0,,6,15741,90.59999999999999,101.2
Papua Selatan,Papua Selatan,2023,11,,,51.7,105.29,,,4.610034774,,,0,,6,15617,82.90000000000001,101.4
Papua Selatan,Papua Selatan,2023,12,,,52.2,106.01,,,4.24820533,,,0,,6,15513,77.59999999999999,101.8
Papua Tengah,Papua Tengah,2023,1,,,51.3,102.71,,,5.020449898,,,0,,5.75,15295,82.5,99.3
Papua Tengah,Papua Tengah,2023,2,,,51.2,102.53,,,4.954447743,,,0,,5.75,15126,82.59999999999999,99.59999999999999
Papua Tengah,Papua Tengah,2023,3,,,51.9,103.18,,,5.274971942,,,0,,5.75,15301,78.40000000000001,99.90000000000001
Papua Tengah,Papua Tengah,2023,4,,,52.7,104.15,,,5.811236412,,,0,,5.75,14867,84.59999999999999,100
Papua Tengah,Papua Tengah,2023,5,,,50.3,104.61,,,6.009323064,,,0,,5.75,14811,75.5,100.2
Papua Tengah,Papua Tengah,2023,6,,,52.5,105.43,,,5.821539697,,,0,,5.75,14932,74.8,100.3
Papua Tengah,Papua Tengah,2023,7,,,53.3,105.79,,,4.887963514,,,0,,5.75,15040,80.09999999999999,100.5
Papua Tengah,Papua Tengah,2023,8,,,53.9,105.97,,,5.118539827,,,0,,5.75,15245,86.09999999999999,100.5
Papua Tengah,Papua Tengah,2023,9,,,52.3,105.41,,,3.515663361,,,0,,5.75,15354,,100.9
Papua Tengah,Papua Tengah,2023,10,,,51.5,105.56,,,3.887412656,,,0,,6,15741,90.59999999999999,101.2
Papua Tengah,Papua Tengah,2023,11,,,51.7,105.79,,,3.68519063,,,0,,6,15617,82.90000000000001,101.4
Papua Tengah,Papua Tengah,2023,12,,,52.2,107.14,,,4.404599493,,,0,,6,15513,77.59999999999999,101.8
Papua Pegunungan,Papua Pegunungan,2023,1,,,51.3,103.13,,,4.467179903,,,0,,5.75,15295,82.5,99.3
Papua Pegunungan,Papua Pegunungan,2023,2,,,51.2,103.67,,,4.982278481,,,0,,5.75,15126,82.59999999999999,99.59999999999999
Papua Pegunungan,Papua Pegunungan,2023,3,,,51.9,104.2,,,5.422905706,,,0,,5.75,15301,78.40000000000001,99.90000000000001
Papua Pegunungan,Papua Pegunungan,2023,4,,,52.7,104.96,,,5.254713197,,,0,,5.75,14867,84.59999999999999,100
Papua Pegunungan,Papua Pegunungan,2023,5,,,50.3,105.23,,,6.83248731,,,0,,5.75,14811,75.5,100.2
Papua Pegunungan,Papua Pegunungan,2023,6,,,52.5,105.34,,,5.498247371,,,0,,5.75,14932,74.8,100.3
Papua Pegunungan,Papua Pegunungan,2023,7,,,53.3,105.43,,,6.162521398,,,0,,5.75,15040,80.09999999999999,100.5
Papua Pegunungan,Papua Pegunungan,2023,8,,,53.9,105.45,,,5.397301349,,,0,,5.75,15245,86.09999999999999,100.5
Papua Pegunungan,Papua Pegunungan,2023,9,,,52.3,105.74,,,5.130244581,,,0,,5.75,15354,,100.9
Papua Pegunungan,Papua Pegunungan,2023,10,,,51.5,106.32,,,4.810725552,,,0,,6,15741,90.59999999999999,101.2
Papua Pegunungan,Papua Pegunungan,2023,11,,,51.7,105.42,,,4.252373418,,,0,,6,15617,82.90000000000001,101.4
Papua Pegunungan,Papua Pegunungan,2023,12,,,52.2,106.11,,,2.899534523,,,0,,6,15513,77.59999999999999,101.8
Aceh,Aceh,2024,1,,,52.9,105.37,.42,2.12,2.122504361,35.15,7.43,27.72,627.627,6,15611,80.09999999999999,102.1
Aceh,Aceh,2024,2,,0,52.7,106.12,.71,2.33,2.333654773,57.77,34.07,23.7,635.617,6,15665,83.5,103
Aceh,Aceh,2024,3,133,133,54.2,106.63,.48,3.25,3.253607049,51.74,16.47,35.27,656.372,6,15703,85.40000000000001,103.5
Aceh,Aceh,2024,4,181,48,52.9,106.68,.05,3.14,3.142221793,58.31,49.81,8.5,689.766,6.25,16100,89.90000000000001,103.4
Aceh,Aceh,2024,5,198,17,52.1,106.84,.15,3.32,3.316893917,41.02,37.82,3.2,678.92,6.25,16084,81.7,103.3
Aceh,Aceh,2024,6,203,5,50.7,106.87,.03,3.09,3.086717469,71.7,41.59,30.11,657.753,6.25,16329,82.2,103.3
Aceh,Aceh,2024,7,225,22,49.3,106.75,-.11,2.51,2.506241598,70.29000000000001,55.11,15.18,670.638,6.25,16262,85.2,103.2
Aceh,Aceh,2024,8,228,3,48.9,106.86,.1,2.29,2.287738107,59.29,23.14,36.15,696.885,6.25,15793,80.40000000000001,103.1
Aceh,Aceh,2024,9,311,83,49.2,106.3,-.52,1.5,1.499092906,58.25,46.09,12.16,697.438,6,15341,74,102.9
Aceh,Aceh,2024,10,465,154,49.2,106.21,-.08,1.69,1.694752968,61.14,63.18,-2.04,750.511,6,15541,75.59999999999999,102.8
Aceh,Aceh,2024,11,481,16,49.6,106.6,.37,1.55,1.552824617,56.41,80.89,-24.48,776.938,6,15812,74.3,103
Aceh,Aceh,2024,12,486,5,51.2,107.21,.57,2.17,2.172877156,71.19,14.16,57.03,787.2089999999999,6,16024,73.90000000000001,103.4
Sumatera Utara,Sumatera Utara,2024,1,,,52.9,105.44,.4,2.16,2.160643349,718.1,449.4,268.7,5014.111,6,15611,80.09999999999999,102.1
Sumatera Utara,Sumatera Utara,2024,2,,0,52.7,105.87,.41,2.5,2.497821667,731.28,454.39,276.89,5115.095,6,15665,83.5,103
Sumatera Utara,Sumatera Utara,2024,3,508,508,54.2,106.63,.72,3.67,3.665175967,861.4400000000001,456.8,404.64,5143.804,6,15703,85.40000000000001,103.5
Sumatera Utara,Sumatera Utara,2024,4,508,0,52.9,106.59,-.04,3.96,3.959816639,714.65,434.26,280.39,5394.295,6.25,16100,89.90000000000001,103.4
Sumatera Utara,Sumatera Utara,2024,5,535,27,52.1,107.1,.48,4.26,4.264018692,858.23,501.66,356.57,5456.654,6.25,16084,81.7,103.3
Sumatera Utara,Sumatera Utara,2024,6,539,4,50.7,106.75,-.33,3.35,3.349791848,881.9,456.2,425.7,5299.2,6.25,16329,82.2,103.3
Sumatera Utara,Sumatera Utara,2024,7,539,0,49.3,105.87,-.82,2.06,2.063048298,959.3099999999999,565.79,393.52,5363.358,6.25,16262,85.2,103.2
Sumatera Utara,Sumatera Utara,2024,8,539,0,48.9,105.72,-.14,1.86,1.859524039,1014.26,501.62,512.64,5128.778,6.25,15793,80.40000000000001,103.1
Sumatera Utara,Sumatera Utara,2024,9,539,0,49.2,105.5,-.21,1.4,1.403306421,972.7,456.45,516.25,5048.966,6,15341,74,102.9
Sumatera Utara,Sumatera Utara,2024,10,638,99,49.2,105.64,.13,1.59,1.586691028,1024.46,523.87,500.59,5069.354,6,15541,75.59999999999999,102.8
Sumatera Utara,Sumatera Utara,2024,11,638,0,49.6,106.21,.54,1.49,1.49068323,939.87,437.09,502.78,5051.089,6,15812,74.3,103
Sumatera Utara,Sumatera Utara,2024,12,761,123,51.2,107.25,.98,2.12,2.123405066,984.41,557.68,426.73,4579.024,6,16024,73.90000000000001,103.4
Sumatera Barat,Sumatera Barat,2024,1,,,52.9,105.62,-.32,2.57,2.573565116,133.79,37.04,96.75,1408.106,6,15611,80.09999999999999,102.1
Sumatera Barat,Sumatera Barat,2024,2,1,1,52.7,106.86,1.17,3.32,3.316252538,159.43,56.03,103.4,1489.655,6,15665,83.5,103
Sumatera Barat,Sumatera Barat,2024,3,1,0,54.2,107.54,.64,3.93,3.933507297,170.11,41.24,128.87,1498.468,6,15703,85.40000000000001,103.5
Sumatera Barat,Sumatera Barat,2024,4,1,0,52.9,107.22,-.3,3.81,3.814872192,167.99,38.81,129.18,1643.45,6.25,16100,89.90000000000001,103.4
Sumatera Barat,Sumatera Barat,2024,5,5,4,52.1,107.77,.51,4.17,4.165861202,101.39,33.77,67.62,1676.049,6.25,16084,81.7,103.3
Sumatera Barat,Sumatera Barat,2024,6,327,322,50.7,107.92,.14,4.04,4.039332883,284.18,26.93,257.25,1589.19,6.25,16329,82.2,103.3
Sumatera Barat,Sumatera Barat,2024,7,342,15,49.3,106.76,-1.07,2.44,2.437152178,146.55,41.44,105.11,1574.643,6.25,16262,85.2,103.2
Sumatera Barat,Sumatera Barat,2024,8,363,21,48.9,106.59,-.16,2.22,2.224992807,240.93,41.88,199.05,1548.107,6.25,15793,80.40000000000001,103.1
Sumatera Barat,Sumatera Barat,2024,9,419,56,49.2,106.12,-.44,1.52,1.521094423,135.59,39.33,96.26000000000001,1487.931,6,15341,74,102.9
Sumatera Barat,Sumatera Barat,2024,10,498,79,49.2,106.24,.11,1.65,1.645618064,243.82,43.12,200.7,1485.666,6,15541,75.59999999999999,102.8
Sumatera Barat,Sumatera Barat,2024,11,525,27,49.6,106.53,.27,.8,.8043149129,220.26,47.07,173.19,1467.419,6,15812,74.3,103
Sumatera Barat,Sumatera Barat,2024,12,671,146,51.2,106.9,.35,.89,.8871272178,173.56,28.94,144.62,1349.576,6,16024,73.90000000000001,103.4
Riau,Riau,2024,1,87,87,52.9,105.78,.11,2.35,2.351233672,1505.6,201.72,1303.88,2190.678,6,15611,80.09999999999999,102.1
Riau,Riau,2024,2,173,86,52.7,106.4,.59,2.86,2.861562258,1234.46,136.74,1097.72,2246.158,6,15665,83.5,103
Riau,Riau,2024,3,406,233,54.2,107.17,.72,3.57,3.565906455,1393.8,179.08,1214.72,2243.65,6,15703,85.40000000000001,103.5
Riau,Riau,2024,4,786,380,52.9,107.22,.05,3.99,3.986034332,1311.76,139.14,1172.62,2319.304,6.25,16100,89.90000000000001,103.4
Riau,Riau,2024,5,807,21,52.1,107.54,.3,4.41,4.40776699,1320.37,153.18,1167.19,2425.474,6.25,16084,81.7,103.3
Riau,Riau,2024,6,833,26,50.7,107.3,-.22,3.56,3.561432294,1683.18,130.38,1552.8,2288.206,6.25,16329,82.2,103.3
Riau,Riau,2024,7,873,40,49.3,106.44,-.8,2.22,2.21838087,1373.64,198.03,1175.61,2321.914,6.25,16262,85.2,103.2
Riau,Riau,2024,8,939,66,48.9,106.15,-.27,1.99,1.988854727,1643.8,193.06,1450.74,2336.535,6.25,15793,80.40000000000001,103.1
Riau,Riau,2024,9,1051,112,49.2,105.8,-.33,1.38,1.379839019,1426.41,154.18,1272.23,2324.375,6,15341,74,102.9
Riau,Riau,2024,10,1068,17,49.2,105.86,.06,1.51,1.505417586,1934.14,142.2,1791.94,2383.509,6,15541,75.59999999999999,102.8
Riau,Riau,2024,11,1109,41,49.6,106.32,.43,.87,.8728652751,1714.33,166.46,1547.87,2387.286,6,15812,74.3,103
Riau,Riau,2024,12,1153,44,51.2,106.98,.62,1.25,1.249290176,1639.45,164.84,1474.61,2108.206,6,16024,73.90000000000001,103.4
Jambi,Jambi,2024,1,,,52.9,105.92,.83,2.99,3.599374022,181.78,1.58,180.2,981.925,6,15611,80.09999999999999,102.1
Jambi,Jambi,2024,2,,0,52.7,106.06,.13,3.19,3.533775869,189.02,3.95,185.07,1022.648,6,15665,83.5,103
Jambi,Jambi,2024,3,,0,54.2,106.63,.54,3.84,3.917746808,193.4,1.9,191.5,990.38,6,15703,85.40000000000001,103.5
Jambi,Jambi,2024,4,82,82,52.9,106.82,.18,3.93,3.53785015,187.97,3.48,184.49,1036.523,6.25,16100,89.90000000000001,103.4
Jambi,Jambi,2024,5,82,0,52.1,107.02,.19,3.55,3.531005127,211.85,3.96,207.89,1045.919,6.25,16084,81.7,103.3
Jambi,Jambi,2024,6,100,18,50.7,106.88,-.13,3.34,2.927580894,179.89,2.87,177.02,1016.284,6.25,16329,82.2,103.3
Jambi,Jambi,2024,7,159,59,49.3,106,-.82,2.14,1.766513057,186.32,5.93,180.39,1018.664,6.25,16262,85.2,103.2
Jambi,Jambi,2024,8,211,52,48.9,105.99,-.01,2.5,1.874279123,189.51,4.51,185,1011.727,6.25,15793,80.40000000000001,103.1
Jambi,Jambi,2024,9,211,0,49.2,105.81,-.17,1.95,1.428297546,188.01,4.44,183.57,991.296,6,15341,74,102.9
Jambi,Jambi,2024,10,211,0,49.2,105.84,.03,1.84,1.059868233,212.8,8.449999999999999,204.35,991.682,6,15541,75.59999999999999,102.8
Jambi,Jambi,2024,11,211,0,49.6,106.06,.21,1.42,.3310945038,203.13,4.68,198.45,981.418,6,15812,74.3,103
Jambi,Jambi,2024,12,323,112,51.2,106.55,.46,1.43,.7660298846,216.99,5.64,211.35,927.079,6,16024,73.90000000000001,103.4
Sumatera Selatan,Sumatera Selatan,2024,1,,,52.9,105.66,-.08,3.35,3.244088333,441.35,221.43,219.92,3650.487,6,15611,80.09999999999999,102.1
Sumatera Selatan,Sumatera Selatan,2024,2,,0,52.7,105.67,.01,3.15,3.284136448,445.47,228.53,216.94,3692.493,6,15665,83.5,103
Sumatera Selatan,Sumatera Selatan,2024,3,,0,54.2,105.93,.25,3.24,3.195323916,503.09,194.22,308.87,3696.001,6,15703,85.40000000000001,103.5
Sumatera Selatan,Sumatera Selatan,2024,4,,0,52.9,106.39,.43,3.12,3.572819315,426.33,167.85,258.48,3700.505,6.25,16100,89.90000000000001,103.4
Sumatera Selatan,Sumatera Selatan,2024,5,,0,52.1,106.45,.06,2.98,3.409753254,504.52,157.78,346.74,3848.233,6.25,16084,81.7,103.3
Sumatera Selatan,Sumatera Selatan,2024,6,,0,50.7,106.42,-.03,2.48,3.350490434,625.86,139.84,486.02,2501.15,6.25,16329,82.2,103.3
Sumatera Selatan,Sumatera Selatan,2024,7,,0,49.3,106.11,-.29,1.87,2.442556478,623.02,237.1,385.92,2512.537,6.25,16262,85.2,103.2
Sumatera Selatan,Sumatera Selatan,2024,8,,0,48.9,105.91,-.19,1.8,2.467105263,586.39,191.84,394.55,2502.982,6.25,15793,80.40000000000001,103.1
Sumatera Selatan,Sumatera Selatan,2024,9,273,273,49.2,105.78,-.12,1.4,1.770252069,611.2,165.57,445.63,2470.159,6,15341,74,102.9
Sumatera Selatan,Sumatera Selatan,2024,10,277,4,49.2,105.87,.09,1.09,1.798076923,646.0599999999999,110.62,535.4400000000001,2537.603,6,15541,75.59999999999999,102.8
Sumatera Selatan,Sumatera Selatan,2024,11,557,280,49.6,106.48,.58,.73,1.661256445,642.88,176.84,466.04,2580.763,6,15812,74.3,103
Sumatera Selatan,Sumatera Selatan,2024,12,715,158,51.2,107.01,.5,1.2,1.836695851,666.88,105.51,561.37,2619.39,6,16024,73.90000000000001,103.4
Bengkulu,Bengkulu,2024,1,,,52.9,105.24,.15,2.83,2.006397208,12.64,,12.64,594.143,6,15611,80.09999999999999,102.1
Bengkulu,Bengkulu,2024,2,,0,52.7,106.07,.79,3.68,2.413826398,23.23,,23.23,590.9640000000001,6,15665,83.5,103
Bengkulu,Bengkulu,2024,3,,0,54.2,106.3,.22,3.56,2.438084225,22.89,,22.89,544.563,6,15703,85.40000000000001,103.5
Bengkulu,Bengkulu,2024,4,,0,52.9,106.44,.13,3.62,2.424942263,15.58,,15.58,589.167,6.25,16100,89.90000000000001,103.4
Bengkulu,Bengkulu,2024,5,,0,52.1,106.76,.3,3.71,2.73287144,9.31,,9.31,569.306,6.25,16084,81.7,103.3
Bengkulu,Bengkulu,2024,6,,0,50.7,106.72,-.04,3.64,2.271202683,9.960000000000001,,9.960000000000001,547.297,6.25,16329,82.2,103.3
Bengkulu,Bengkulu,2024,7,,0,49.3,105.97,-.7,2.31,1.42611026,13.94,,13.94,516.381,6.25,16262,85.2,103.2
Bengkulu,Bengkulu,2024,8,,0,48.9,105.78,-.18,2.34,.9640164169,14.05,,14.05,500.538,6.25,15793,80.40000000000001,103.1
Bengkulu,Bengkulu,2024,9,46,46,49.2,105.48,-.28,1.48,.4667111153,12.64,,12.64,480.656,6,15341,74,102.9
Bengkulu,Bengkulu,2024,10,46,0,49.2,105.39,-.09,1.34,-.02845759818,20.42,,20.42,487.648,6,15541,75.59999999999999,102.8
Bengkulu,Bengkulu,2024,11,46,0,49.6,105.6,.2,.82,-.6772009029,22.63,,22.63,483.528,6,15812,74.3,103
Bengkulu,Bengkulu,2024,12,109,63,51.2,105.96,.34,.84,-.7400468384,17.14,2.09,15.05,431.733,6,16024,73.90000000000001,103.4
Lampung,Lampung,2024,1,,,52.9,106.55,-.19,3.28,4.093395858,337.92,82.66,255.26,1696.56,6,15611,80.09999999999999,102.1
Lampung,Lampung,2024,2,,0,52.7,106.97,.39,3.28,4.769833497,434.45,122.51,311.94,1718.563,6,15665,83.5,103
Lampung,Lampung,2024,3,,0,54.2,107.35,.36,3.45,5.039138943,391.13,331.11,60.02,1661.75,6,15703,85.40000000000001,103.5
Lampung,Lampung,2024,4,18,18,52.9,107.34,-.01,3.29,4.599493276,331.76,237.37,94.39,1676.281,6.25,16100,89.90000000000001,103.4
Lampung,Lampung,2024,5,18,0,52.1,107.43,.08,3.09,4.321227423,323.25,148.75,174.5,1668.352,6.25,16084,81.7,103.3
Lampung,Lampung,2024,6,23,5,50.7,107.31,-.11,2.84,4.34655776,447.87,234.1,213.77,1630.831,6.25,16329,82.2,103.3
Lampung,Lampung,2024,7,28,5,49.3,107.14,-.16,2.55,4.343591741,447.17,249.25,197.92,1607.593,6.25,16262,85.2,103.2
Lampung,Lampung,2024,8,29,1,48.9,107.21,.07,2.33,4.36094617,589.23,94.34,494.89,1745.633,6.25,15793,80.40000000000001,103.1
Lampung,Lampung,2024,9,60,31,49.2,107.26,.05,2.16,3.88377724,497.02,67.8,429.22,1695.075,6,15341,74,102.9
Lampung,Lampung,2024,10,101,41,49.2,107.47,.2,1.94,3.996516354,723.22,232.41,490.81,1706.333,6,15541,75.59999999999999,102.8
Lampung,Lampung,2024,11,103,2,49.6,107.92,.42,1.5,4.421867441,495.49,115.29,380.2,1682.396,6,15812,74.3,103
Lampung,Lampung,2024,12,143,40,51.2,108.43,.47,1.57,4.793659998,569.76,188.37,381.39,1805.86,6,16024,73.90000000000001,103.4
Bangka Belitung,Bangka Belitung,2024,1,1,1,52.9,103.6,.13,1.21,1.211410707,29.79,.3,29.49,288.848,6,15611,80.09999999999999,102.1
Bangka Belitung,Bangka Belitung,2024,2,9,8,52.7,104,.39,1.86,1.860920666,18.76,.6899999999999999,18.07,294.631,6,15665,83.5,103
Bangka Belitung,Bangka Belitung,2024,3,25,16,54.2,104.04,.04,1.8,1.800391389,127.99,.06,127.93,289.322,6,15703,85.40000000000001,103.5
Bangka Belitung,Bangka Belitung,2024,4,50,25,52.9,104.6,.54,1.93,1.929448451,120.35,.09,120.26,305.122,6.25,16100,89.90000000000001,103.4
Bangka Belitung,Bangka Belitung,2024,5,1423,1373,52.1,104.27,-.32,1.25,1.252670421,130.64,.48,130.16,299.581,6.25,16084,81.7,103.3
Bangka Belitung,Bangka Belitung,2024,6,1527,104,50.7,103.95,-.31,1.08,1.079346558,163.83,.88,162.95,291.443,6.25,16329,82.2,103.3
Bangka Belitung,Bangka Belitung,2024,7,1560,33,49.3,103.54,-.39,.84,.8375535645,133.84,2.38,131.46,327.507,6.25,16262,85.2,103.2
Bangka Belitung,Bangka Belitung,2024,8,1807,247,48.9,103.78,.23,1.02,1.022096758,220.92,.77,220.15,312.552,6.25,15793,80.40000000000001,103.1
Bangka Belitung,Bangka Belitung,2024,9,1843,36,49.2,103.76,-.02,.49,.4939467312,180.19,3.74,176.45,296.452,6,15341,74,102.9
Bangka Belitung,Bangka Belitung,2024,10,1894,51,49.2,103.57,-.18,.22,.222566286,201.28,1.69,199.59,302.769,6,15541,75.59999999999999,102.8
Bangka Belitung,Bangka Belitung,2024,11,1902,8,49.6,103.58,.01,.22,.2225447508,227.88,,227.88,309.145,6,15812,74.3,103
Bangka Belitung,Bangka Belitung,2024,12,1908,6,51.2,104.25,.65,.75,.7538416932000001,145.69,1.84,143.85,293.517,6,16024,73.90000000000001,103.4
Kepulauan Riau,Kepulauan Riau,2024,1,34,34,52.9,105.69,.51,3.38,3.38452509,1291.41,1280.38,11.03,1944.882,6,15611,80.09999999999999,102.1
Kepulauan Riau,Kepulauan Riau,2024,2,62,28,52.7,105.46,-.22,2.65,2.647459607,1353.99,1431.16,-77.17,1941.859,6,15665,83.5,103
Kepulauan Riau,Kepulauan Riau,2024,3,82,20,54.2,105.94,.46,3.37,3.366182067,1784.29,1019.35,764.9400000000001,1891.981,6,15703,85.40000000000001,103.5
Kepulauan Riau,Kepulauan Riau,2024,4,98,16,52.9,106,.06,3.04,3.042675221,1456.3,1517.8,-61.5,2075.846,6.25,16100,89.90000000000001,103.4
Kepulauan Riau,Kepulauan Riau,2024,5,316,218,52.1,106.39,.37,3.67,3.673747807,1659.59,1359.22,300.37,2028.353,6.25,16084,81.7,103.3
Kepulauan Riau,Kepulauan Riau,2024,6,341,25,50.7,106.69,.28,3.54,3.542313665,1547.06,1378.88,168.18,1971.591,6.25,16329,82.2,103.3
Kepulauan Riau,Kepulauan Riau,2024,7,533,192,49.3,106.21,-.45,2.81,2.807085471,1644.97,1520.88,124.09,1988.029,6.25,16262,85.2,103.2
Kepulauan Riau,Kepulauan Riau,2024,8,540,7,48.9,106.17,-.04,2.64,2.639211137,1703.52,1469.72,233.8,1989.76,6.25,15793,80.40000000000001,103.1
Kepulauan Riau,Kepulauan Riau,2024,9,573,33,49.2,106.32,.14,2.53,2.526518804,1431.33,1387.52,43.81,2000.272,6,15341,74,102.9
Kepulauan Riau,Kepulauan Riau,2024,10,578,5,49.2,106.38,.06,2.31,2.30813618,1685.14,1703.91,-18.77,2041.308,6,15541,75.59999999999999,102.8
Kepulauan Riau,Kepulauan Riau,2024,11,615,37,49.6,106.63,.24,1.89,1.892021022,1846.47,1665.7,180.77,1942.601,6,15812,74.3,103
Kepulauan Riau,Kepulauan Riau,2024,12,654,39,51.2,107.35,.68,2.09,2.092249168,1600.38,1607.57,-7.19,1923.82,6,16024,73.90000000000001,103.4
DKI Jakarta,DKI Jakarta,2024,1,,,52.9,103.95,-.19,1.83,1.831896552,833.17,8076.79,-7243.62,69608.52099999999,6,15611,80.09999999999999,102.1
DKI Jakarta,DKI Jakarta,2024,2,3651,3651,52.7,104.42,.45,2.12,2.122249389,772.85,7716.83,-6943.98,69804.45,6,15665,83.5,103
DKI Jakarta,DKI Jakarta,2024,3,5225,1574,54.2,104.81,.37,2.18,2.183874427,1140.3,8200.809999999999,-7060.51,67623.024,6,15703,85.40000000000001,103.5
DKI Jakarta,DKI Jakarta,2024,4,4807,-418,52.9,105.08,.26,2.11,2.108638616,805.11,7165.46,-6360.35,69111.856,6.25,16100,89.90000000000001,103.4
DKI Jakarta,DKI Jakarta,2024,5,5574,767,52.1,104.97,-.1,2.08,2.081104736,1029.4,9065.809999999999,-8036.41,71972.503,6.25,16084,81.7,103.3
DKI Jakarta,DKI Jakarta,2024,6,7469,1895,50.7,105.1,.12,2.23,2.227409785,1171.49,8685.35,-7513.86,71633.586,6.25,16329,82.2,103.3
DKI Jakarta,DKI Jakarta,2024,7,7469,0,49.3,105.04,-.06,1.97,1.970682458,1299.7,10465.36,-9165.66,71542.01300000001,6.25,16262,85.2,103.2
DKI Jakarta,DKI Jakarta,2024,8,7469,0,48.9,105.08,.04,1.98,1.979813665,1289.11,10496.99,-9207.879999999999,71051.554,6.25,15793,80.40000000000001,103.1
DKI Jakarta,DKI Jakarta,2024,9,11210,3741,49.2,104.97,-.1,1.7,1.695407867,1243.89,9541.950000000001,-8298.059999999999,69125.25,6,15341,74,102.9
DKI Jakarta,DKI Jakarta,2024,10,14501,3291,49.2,105,.03,1.58,1.576859824,1443.3,10540.49,-9097.190000000001,69112.07799999999,6,15541,75.59999999999999,102.8
DKI Jakarta,DKI Jakarta,2024,11,14501,0,49.6,105.3,.29,1.58,1.582095312,1342.17,9935.59,-8593.42,69162.325,6,15812,74.3,103
DKI Jakarta,DKI Jakarta,2024,12,17085,2584,51.2,105.69,.37,1.48,1.478636582,1399.14,10107.36,-8708.219999999999,68140.743,6,16024,73.90000000000001,103.4
Jawa Barat,Jawa Barat,2024,1,306,306,52.9,105.76,.15,3.02,3.019676602,2942.89,580.02,2362.87,17906.401,6,15611,80.09999999999999,102.1
Jawa Barat,Jawa Barat,2024,2,654,348,52.7,106.24,.45,3.09,3.085581215,3004.31,652.6900000000001,2351.62,17800.696,6,15665,83.5,103
Jawa Barat,Jawa Barat,2024,3,1690,1036,54.2,106.78,.51,3.48,3.479019285,3196.56,456.03,2740.53,17391.479,6,15703,85.40000000000001,103.5
Jawa Barat,Jawa Barat,2024,4,2756,1066,52.9,106.94,.15,3.07,3.074698795,2500,315.42,2184.58,18254.001,6.25,16100,89.90000000000001,103.4
Jawa Barat,Jawa Barat,2024,5,4327,1571,52.1,106.81,-.12,2.78,2.780985373,3339.31,418.52,2920.79,18153.945,6.25,16084,81.7,103.3
Jawa Barat,Jawa Barat,2024,6,5155,828,50.7,106.77,-.04,2.38,2.377984466,3000.69,421.83,2578.86,17288.269,6.25,16329,82.2,103.3
Jawa Barat,Jawa Barat,2024,7,5567,412,49.3,106.83,.06,2.25,2.249234303,3336.81,425.98,2910.83,18177.169,6.25,16262,85.2,103.2
Jawa Barat,Jawa Barat,2024,8,6210,643,48.9,106.9,.07,2.39,2.394636015,3535.89,402.96,3132.93,18410.627,6.25,15793,80.40000000000001,103.1
Jawa Barat,Jawa Barat,2024,9,7401,1191,49.2,106.68,-.21,2.09,2.086124402,3242.85,281.04,2961.81,18613.126,6,15341,74,102.9
Jawa Barat,Jawa Barat,2024,10,8508,1107,49.2,106.7,.02,1.92,1.91995415,3428.98,466.82,2962.16,19068.288,6,15541,75.59999999999999,102.8
Jawa Barat,Jawa Barat,2024,11,9510,1002,49.6,106.96,.24,1.67,1.673003802,3209.7,388.91,2820.79,19605.547,6,15812,74.3,103
Jawa Barat,Jawa Barat,2024,12,10661,1151,51.2,107.33,.35,1.64,1.638257576,3146.82,426.66,2720.16,19291.357,6,16024,73.90000000000001,103.4
Jawa Tengah,Jawa Tengah,2024,1,2807,2807,52.9,105.23,-.08,2.69,2.69347126,947.89,1309.76,-361.87,16801.348,6,15611,80.09999999999999,102.1
Jawa Tengah,Jawa Tengah,2024,2,2886,79,52.7,105.83,.57,2.98,2.977522623,933.1,1399.83,-466.73,16963.365,6,15665,83.5,103
Jawa Tengah,Jawa Tengah,2024,3,2955,69,54.2,106.46,.6,3.4,3.399378399,966.34,1058.73,-92.39,16945.911,6,15703,85.40000000000001,103.5
Jawa Tengah,Jawa Tengah,2024,4,3648,693,52.9,106.67,.2,3.27,3.272340014,759.75,1084.97,-325.22,17756.725,6.25,16100,89.90000000000001,103.4
Jawa Tengah,Jawa Tengah,2024,5,3795,147,52.1,106.44,-.22,2.66,2.662037037,1013.42,1342.14,-328.72,16351.07,6.25,16084,81.7,103.3
Jawa Tengah,Jawa Tengah,2024,6,4275,480,50.7,106.14,-.28,2.22,2.224790523,885.8200000000001,1377.62,-491.8,18555.727,6.25,16329,82.2,103.3
Jawa Tengah,Jawa Tengah,2024,7,13722,9447,49.3,106,-.13,1.86,1.864309052,960.01,1464,-503.99,19183.444,6.25,16262,85.2,103.2
Jawa Tengah,Jawa Tengah,2024,8,14712,990,48.9,105.93,-.07,1.77,1.767701028,1060.71,1039.7,21.01,18375.337,6.25,15793,80.40000000000001,103.1
Jawa Tengah,Jawa Tengah,2024,9,11229,-3483,49.2,105.98,.05,1.57,1.571784551,910.64,1273.25,-362.61,18088.237,6,15341,74,102.9
Jawa Tengah,Jawa Tengah,2024,10,12489,1260,49.2,106.18,.19,1.6,1.597933212,985.0700000000001,1279.28,-294.21,17887.955,6,15541,75.59999999999999,102.8
Jawa Tengah,Jawa Tengah,2024,11,13012,523,49.6,106.46,.26,1.33,1.332571864,961.97,1025.18,-63.21,17877.685,6,15812,74.3,103
Jawa Tengah,Jawa Tengah,2024,12,13130,118,51.2,107.07,.57,1.67,1.671256291,980.45,1553.61,-573.16,15837.562,6,16024,73.90000000000001,103.4
DI Yogyakarta,DI Yogyakarta,2024,1,,,52.9,105.24,-.02,2.6,2.603100322,40.15,13.86,26.29,1463.053,6,15611,80.09999999999999,102.1
DI Yogyakarta,DI Yogyakarta,2024,2,,0,52.7,105.65,.39,2.75,2.752382805,40.31,9.960000000000001,30.35,1483.537,6,15665,83.5,103
DI Yogyakarta,DI Yogyakarta,2024,3,,0,54.2,106.1,.43,2.95,2.949738017,43.23,0,43.23,1470.019,6,15703,85.40000000000001,103.5
DI Yogyakarta,DI Yogyakarta,2024,4,68,68,52.9,106.2,.09,2.87,2.867105773,34.31,.01,34.3,1736.137,6.25,16100,89.90000000000001,103.4
DI Yogyakarta,DI Yogyakarta,2024,5,137,69,52.1,106.11,-.08,2.28,2.284557548,43.47,0,43.47,1749.993,6.25,16084,81.7,103.3
DI Yogyakarta,DI Yogyakarta,2024,6,292,155,50.7,105.85,-.25,2.35,2.349642236,44.45,0,44.45,1648.185,6.25,16329,82.2,103.3
DI Yogyakarta,DI Yogyakarta,2024,7,292,0,49.3,105.82,-.03,2.16,2.162579649,47.94,0,47.94,1697.094,6.25,16262,85.2,103.2
DI Yogyakarta,DI Yogyakarta,2024,8,467,175,48.9,105.87,.05,2.33,2.329402668,46.74,,46.74,1680.626,6.25,15793,80.40000000000001,103.1
DI Yogyakarta,DI Yogyakarta,2024,9,1052,585,49.2,105.76,-.1,1.85,1.848998459,46.18,.01,46.17,1700.151,6,15341,74,102.9
DI Yogyakarta,DI Yogyakarta,2024,10,1245,193,49.2,105.86,.09,1.57,1.57359432,48.81,.02,48.79,1714.078,6,15541,75.59999999999999,102.8
DI Yogyakarta,DI Yogyakarta,2024,11,2295,1050,49.6,106.12,.25,1.14,1.143728555,51.95,.04,51.91,1712.933,6,15812,74.3,103
DI Yogyakarta,DI Yogyakarta,2024,12,2699,404,51.2,106.61,.46,1.28,1.282538476,59.35,.03,59.32,1573.256,6,16024,73.90000000000001,103.4
Jawa Timur,Jawa Timur,2024,1,,,52.9,105.41,-.1,2.47,2.469135802,1983.2,2462.73,-479.53,17333.352,6,15611,80.09999999999999,102.1
Jawa Timur,Jawa Timur,2024,2,119,119,52.7,105.93,.49,2.81,2.814714161,1811.9,2422.63,-610.73,16979.735,6,15665,83.5,103
Jawa Timur,Jawa Timur,2024,3,186,67,54.2,106.61,.64,3.04,3.044654939,2644.37,2523.01,121.36,16946.013,6,15703,85.40000000000001,103.5
Jawa Timur,Jawa Timur,2024,4,191,5,52.9,106.99,.36,3.25,3.252267902,1785.01,2256.43,-471.42,17760.855,6.25,16100,89.90000000000001,103.4
Jawa Timur,Jawa Timur,2024,5,754,563,52.1,106.76,-.21,2.83,2.831824311,2122.73,2659.25,-536.52,17735.872,6.25,16084,81.7,103.3
Jawa Timur,Jawa Timur,2024,6,819,65,50.7,106.37,-.37,2.21,2.210050927,1858.23,2257.37,-399.14,16812.683,6.25,16329,82.2,103.3
Jawa Timur,Jawa Timur,2024,7,971,152,49.3,106.41,.04,2.13,2.130722718,2385.63,2727.18,-341.55,16510.191,6.25,16262,85.2,103.2
Jawa Timur,Jawa Timur,2024,8,1052,81,48.9,106.34,-.07,2.05,2.053742802,2307.44,2713.5,-406.06,16453.159,6.25,15793,80.40000000000001,103.1
Jawa Timur,Jawa Timur,2024,9,1553,501,49.2,106.21,-.12,1.73,1.733716475,2165.48,2349.32,-183.84,16194.09,6,15341,74,102.9
Jawa Timur,Jawa Timur,2024,10,3694,2141,49.2,106.37,.15,1.66,1.663002963,2375.47,2770.65,-395.18,16433.968,6,15541,75.59999999999999,102.8
Jawa Timur,Jawa Timur,2024,11,3757,63,49.6,106.62,.24,1.41,1.407646947,2185.93,2481.19,-295.26,16432.238,6,15812,74.3,103
Jawa Timur,Jawa Timur,2024,12,5327,1570,51.2,107.11,.46,1.51,1.506823351,2093.58,2803.53,-709.95,15521.056,6,16024,73.90000000000001,103.4
Banten,Banten,2024,1,6,6,52.9,104.6,-.04,2.59,2.589250687,1050.93,1394.23,-343.3,3754.887,6,15611,80.09999999999999,102.1
Banten,Banten,2024,2,8,2,52.7,105.14,.52,2.81,2.806297057,950.3099999999999,1301.04,-350.73,3854.389,6,15665,83.5,103
Banten,Banten,2024,3,927,919,54.2,106.17,.98,3.42,3.419053185,1111.48,1397.91,-286.43,3703.165,6,15703,85.40000000000001,103.5
Banten,Banten,2024,4,5078,4151,52.9,106.6,.41,3.42,3.424856893,874.13,1428.79,-554.66,3923.125,6.25,16100,89.90000000000001,103.4
Banten,Banten,2024,5,5859,781,52.1,106.05,-.52,2.86,2.861299709,1083.35,1043.47,39.88,4206.444,6.25,16084,81.7,103.3
Banten,Banten,2024,6,6135,276,50.7,105.97,-.08,2.49,2.48549323,861.6900000000001,1077.12,-215.43,4112.003,6.25,16329,82.2,103.3
Banten,Banten,2024,7,6359,224,49.3,105.72,-.24,2.3,2.303077221,991.54,1303.41,-311.87,4270.004,6.25,16262,85.2,103.2
Banten,Banten,2024,8,6359,0,48.9,105.73,.01,2.45,2.451550388,1040.56,1225.64,-185.08,4307.55,6.25,15793,80.40000000000001,103.1
Banten,Banten,2024,9,10266,3907,49.2,105.46,-.26,2.03,2.031733746,956.99,1024.7,-67.70999999999999,4250.203,6,15341,74,102.9
Banten,Banten,2024,10,10702,436,49.2,105.61,.14,1.94,1.94015444,1143.42,1368.4,-224.98,4292.24,6,15541,75.59999999999999,102.8
Banten,Banten,2024,11,10727,25,49.6,106.08,.45,1.9,1.902017291,1117.07,1131.81,-14.74,4310.184,6,15812,74.3,103
Banten,Banten,2024,12,13042,2315,51.2,106.61,.5,1.88,1.88264526,1047.92,1317.57,-269.65,4941.091,6,16024,73.90000000000001,103.4
Bali,Bali,2024,1,1,1,52.9,105.31,-.09,2.61,2.611322225,65.26000000000001,10.97,54.29,1528.488,6,15611,80.09999999999999,102.1
Bali,Bali,2024,2,1,0,52.7,105.95,.61,2.98,2.984059098,49.1,19.76,29.34,1550.805,6,15665,83.5,103
Bali,Bali,2024,3,1,0,54.2,106.94,.93,3.67,3.674260785,54.84,9,45.84,1484.186,6,15703,85.40000000000001,103.5
Bali,Bali,2024,4,2,1,52.9,107.28,.32,4.02,4.024047319,47.19,12.38,34.81,1611.987,6.25,16100,89.90000000000001,103.4
Bali,Bali,2024,5,2,0,52.1,107.17,-.1,3.54,3.535890252,59.07,14.1,44.97,1640.537,6.25,16084,81.7,103.3
Bali,Bali,2024,6,19,17,50.7,106.58,-.55,2.71,2.707911728,47.31,9.59,37.72,1640.424,6.25,16329,82.2,103.3
Bali,Bali,2024,7,19,0,49.3,106.69,.1,2.53,2.527388045,50.74,11.08,39.66,1612.169,6.25,16262,85.2,103.2
Bali,Bali,2024,8,19,0,48.9,106.8,.1,2.32,2.318451811,56.85,19.06,37.79,1648.68,6.25,15793,80.40000000000001,103.1
Bali,Bali,2024,9,30,11,49.2,106.94,.13,2.67,2.668970814,50.56,8.16,42.4,1590.031,6,15341,74,102.9
Bali,Bali,2024,10,30,0,49.2,107.01,.07,2.51,2.509818948,49.34,9.94,39.4,1535.928,6,15541,75.59999999999999,102.8
Bali,Bali,2024,11,32,2,49.6,107.54,.5,2.5,2.497140679,50.73,12.67,38.06,1453.731,6,15812,74.3,103
Bali,Bali,2024,12,73,41,51.2,107.87,.31,2.34,2.34345351,51.94,20.09,31.85,1301.723,6,16024,73.90000000000001,103.4
Nusa Tenggara Barat,Nusa Tenggara Barat,2024,1,,,52.9,105.73,.04,2.87,2.870208212,184.73,171.42,13.31,833.682,6,15611,80.09999999999999,102.1
Nusa Tenggara Barat,Nusa Tenggara Barat,2024,2,,0,52.7,105.82,.09,3,2.997858672,232.23,144.27,87.95999999999999,917.405,6,15665,83.5,103
Nusa Tenggara Barat,Nusa Tenggara Barat,2024,3,,0,54.2,106.74,.87,3.63,3.631067961,157.89,46.56,111.33,924.258,6,15703,85.40000000000001,103.5
Nusa Tenggara Barat,Nusa Tenggara Barat,2024,4,,0,52.9,106.8,.06,3.31,3.308183401,335.86,152.96,182.9,1010.888,6.25,16100,89.90000000000001,103.4
Nusa Tenggara Barat,Nusa Tenggara Barat,2024,5,,0,52.1,106.36,-.41,2.77,2.773214803,503.02,98.88,404.14,1049.217,6.25,16084,81.7,103.3
Nusa Tenggara Barat,Nusa Tenggara Barat,2024,6,,0,50.7,106.08,-.26,2.12,2.117828263,1.83,40.37,-38.54,1113.546,6.25,16329,82.2,103.3
Nusa Tenggara Barat,Nusa Tenggara Barat,2024,7,,0,49.3,105.71,-.35,1.91,1.908801697,208.88,49.26,159.62,1188.151,6.25,16262,85.2,103.2
Nusa Tenggara Barat,Nusa Tenggara Barat,2024,8,,0,48.9,105.77,.06,2.01,2.005979362,449.2,78.45,370.75,1141.71,6.25,15793,80.40000000000001,103.1
Nusa Tenggara Barat,Nusa Tenggara Barat,2024,9,105,105,49.2,105.87,.09,1.77,1.768720561,244.15,15.25,228.9,1241.937,6,15341,74,102.9
Nusa Tenggara Barat,Nusa Tenggara Barat,2024,10,105,0,49.2,105.96,.09,1.44,1.435956347,105.11,30.19,74.92,1324.964,6,15541,75.59999999999999,102.8
Nusa Tenggara Barat,Nusa Tenggara Barat,2024,11,106,1,49.6,106.55,.5600000000000001,1.46,1.456865359,5.56,12.56,-7,1453.407,6,15812,74.3,103
Nusa Tenggara Barat,Nusa Tenggara Barat,2024,12,205,99,51.2,107.04,.46,1.28,1.277320466,135.25,78.98999999999999,56.26,1386.228,6,16024,73.90000000000001,103.4
Nusa Tenggara Timur,Nusa Tenggara Timur,2024,1,,,52.9,106.17,.97,2.7,2.698781196,6.21,4.43,1.78,873.477,6,15611,80.09999999999999,102.1
Nusa Tenggara Timur,Nusa Tenggara Timur,2024,2,27,27,52.7,106,-.16,3.01,3.012633625,5.93,.25,5.68,927.588,6,15665,83.5,103
Nusa Tenggara Timur,Nusa Tenggara Timur,2024,3,27,0,54.2,105.85,-.14,1.92,1.916040824,5.74,4.28,1.46,944.324,6,15703,85.40000000000001,103.5
Nusa Tenggara Timur,Nusa Tenggara Timur,2024,4,27,0,52.9,106.18,.31,2.35,2.352033931,4.81,4.98,-.17,1130.968,6.25,16100,89.90000000000001,103.4
Nusa Tenggara Timur,Nusa Tenggara Timur,2024,5,27,0,52.1,105.93,-.24,2.41,2.407192575,7.65,9.49,-1.84,1164.213,6.25,16084,81.7,103.3
Nusa Tenggara Timur,Nusa Tenggara Timur,2024,6,27,0,50.7,105.69,-.23,1.54,1.537131329,5.87,3.18,2.69,1311.51,6.25,16329,82.2,103.3
Nusa Tenggara Timur,Nusa Tenggara Timur,2024,7,27,0,49.3,105.35,-.32,.85,.8520007657999999,5.85,.19,5.66,1387.917,6.25,16262,85.2,103.2
Nusa Tenggara Timur,Nusa Tenggara Timur,2024,8,27,0,48.9,105.09,-.25,1.22,1.223271046,7.25,6.76,.49,1422.78,6.25,15793,80.40000000000001,103.1
Nusa Tenggara Timur,Nusa Tenggara Timur,2024,9,27,0,49.2,105.06,-.03,1.07,1.067821068,5.32,3.02,2.3,1522.487,6,15341,74,102.9
Nusa Tenggara Timur,Nusa Tenggara Timur,2024,10,27,0,49.2,105.33,.26,1.13,1.132981277,10.01,.48,9.529999999999999,1591.729,6,15541,75.59999999999999,102.8
Nusa Tenggara Timur,Nusa Tenggara Timur,2024,11,27,0,49.6,105.53,.19,.83,.8312631378000001,9.25,16.54,-7.29,1654.157,6,15812,74.3,103
Nusa Tenggara Timur,Nusa Tenggara Timur,2024,12,27,0,51.2,106.4,.82,1.19,1.188777936,10.92,28.69,-17.77,1477.003,6,16024,73.90000000000001,103.4
Kalimantan Barat,Kalimantan Barat,2024,1,,,52.9,105.41,.37,2.75,2.748805927,164.44,31.71,132.73,1454.764,6,15611,80.09999999999999,102.1
Kalimantan Barat,Kalimantan Barat,2024,2,,0,52.7,105.49,.08,2.56,2.55687342,137.79,51.42,86.37,1409.962,6,15665,83.5,103
Kalimantan Barat,Kalimantan Barat,2024,3,,0,54.2,105.84,.33,2.51,2.508474576,155.29,101.59,53.7,1361.592,6,15703,85.40000000000001,103.5
Kalimantan Barat,Kalimantan Barat,2024,4,,0,52.9,106.57,.6899999999999999,2.72,2.718072289,134.74,33.74,101,1511.657,6.25,16100,89.90000000000001,103.4
Kalimantan Barat,Kalimantan Barat,2024,5,785,785,52.1,106.74,.16,2.84,2.842277676,154.54,73.65000000000001,80.89,1667.843,6.25,16084,81.7,103.3
Kalimantan Barat,Kalimantan Barat,2024,6,785,0,50.7,106.43,-.29,2.28,2.277532193,185.32,25.19,160.13,1674.727,6.25,16329,82.2,103.3
Kalimantan Barat,Kalimantan Barat,2024,7,786,1,49.3,105.95,-.45,1.58,1.581975072,178.23,76.41,101.82,1716.201,6.25,16262,85.2,103.2
Kalimantan Barat,Kalimantan Barat,2024,8,786,0,48.9,105.69,-.25,1.47,1.468894009,166.39,61.34,105.05,1675.713,6.25,15793,80.40000000000001,103.1
Kalimantan Barat,Kalimantan Barat,2024,9,786,0,49.2,106,.29,1.79,1.786057231,223.81,63.22,160.59,1680.456,6,15341,74,102.9
Kalimantan Barat,Kalimantan Barat,2024,10,786,0,49.2,106.04,.04,1.58,1.58061117,193.81,68.72,125.09,1709.838,6,15541,75.59999999999999,102.8
Kalimantan Barat,Kalimantan Barat,2024,11,786,0,49.6,106.33,.27,1.61,1.605351171,188.77,50.6,138.17,1691.559,6,15812,74.3,103
Kalimantan Barat,Kalimantan Barat,2024,12,786,0,51.2,106.82,.46,1.71,1.713959246,229.14,69,160.14,1621.15,6,16024,73.90000000000001,103.4
Kalimantan Tengah,Kalimantan Tengah,2024,1,,,52.9,105.76,.2,3.4,3.402424716,392.5,12.29,380.21,705.986,6,15611,80.09999999999999,102.1
Kalimantan Tengah,Kalimantan Tengah,2024,2,,0,52.7,105.27,-.46,2.46,2.462526767,416.68,6.2,410.48,767.803,6,15665,83.5,103
Kalimantan Tengah,Kalimantan Tengah,2024,3,61,61,54.2,105.96,.66,2.72,2.724188076,333.98,7.77,326.21,779.415,6,15703,85.40000000000001,103.5
Kalimantan Tengah,Kalimantan Tengah,2024,4,167,106,52.9,106.73,.73,2.99,2.991411753,331.52,1.74,329.78,809.812,6.25,16100,89.90000000000001,103.4
Kalimantan Tengah,Kalimantan Tengah,2024,5,167,0,52.1,106.96,.22,2.72,2.71775665,328.96,1.73,327.23,841.54,6.25,16084,81.7,103.3
Kalimantan Tengah,Kalimantan Tengah,2024,6,298,131,50.7,106.66,-.28,2.22,2.223500096,351.07,2.85,348.22,803.783,6.25,16329,82.2,103.3
Kalimantan Tengah,Kalimantan Tengah,2024,7,339,41,49.3,105.94,-.68,1.28,1.281070746,270.89,3.68,267.21,813.165,6.25,16262,85.2,103.2
Kalimantan Tengah,Kalimantan Tengah,2024,8,678,339,48.9,105.53,-.39,1.29,1.286111911,233.61,2.39,231.22,803.028,6.25,15793,80.40000000000001,103.1
Kalimantan Tengah,Kalimantan Tengah,2024,9,709,31,49.2,105.6,.07,1.45,1.450667691,318.08,7.16,310.92,786.417,6,15341,74,102.9
Kalimantan Tengah,Kalimantan Tengah,2024,10,785,76,49.2,105.75,.14,1.03,1.031814273,272.59,3.65,268.94,801.932,6,15541,75.59999999999999,102.8
Kalimantan Tengah,Kalimantan Tengah,2024,11,801,16,49.6,106.13,.36,1.02,1.018465639,356.39,3.97,352.42,815.1319999999999,6,15812,74.3,103
Kalimantan Tengah,Kalimantan Tengah,2024,12,825,24,51.2,106.64,.48,1.03,1.032685931,417.22,3.1,414.12,806.499,6,16024,73.90000000000001,103.4
Kalimantan Selatan,Kalimantan Selatan,2024,1,,,52.9,105.67,.55,2.79,2.791828794,1003.43,172.13,831.3,1458.65,6,15611,80.09999999999999,102.1
Kalimantan Selatan,Kalimantan Selatan,2024,2,,0,52.7,105.66,-.01,2.27,2.274707192,908.8,192.14,716.66,1530.493,6,15665,83.5,103
Kalimantan Selatan,Kalimantan Selatan,2024,3,,0,54.2,106.32,.62,2.58,2.575976845,1083.65,266.84,816.8099999999999,1571.163,6,15703,85.40000000000001,103.5
Kalimantan Selatan,Kalimantan Selatan,2024,4,159,159,52.9,107.08,.71,3,3.00115429,971.77,151.11,820.66,1561.271,6.25,16100,89.90000000000001,103.4
Kalimantan Selatan,Kalimantan Selatan,2024,5,159,0,52.1,107.08,-.01,2.63,2.635866961,915.53,134.4,781.13,1604.345,6.25,16084,81.7,103.3
Kalimantan Selatan,Kalimantan Selatan,2024,6,246,87,50.7,106.73,-.32,2.34,2.339629878,893.14,190.19,702.95,1514.584,6.25,16329,82.2,103.3
Kalimantan Selatan,Kalimantan Selatan,2024,7,246,0,49.3,106.26,-.44,1.85,1.849899358,741.66,258.52,483.14,1552.168,6.25,16262,85.2,103.2
Kalimantan Selatan,Kalimantan Selatan,2024,8,246,0,48.9,105.88,-.36,1.71,1.709894332,947.76,145.62,802.14,1533.149,6.25,15793,80.40000000000001,103.1
Kalimantan Selatan,Kalimantan Selatan,2024,9,246,0,49.2,105.95,.07,1.98,1.982866493,1046.71,102.76,943.95,1573.75,6,15341,74,102.9
Kalimantan Selatan,Kalimantan Selatan,2024,10,657,411,49.2,106.12,.16,1.81,1.813297515,1108.68,165.64,943.04,1646.689,6,15541,75.59999999999999,102.8
Kalimantan Selatan,Kalimantan Selatan,2024,11,790,133,49.6,106.65,.5,2.01,2.008608321,1118.55,135.55,983,1661.261,6,15812,74.3,103
Kalimantan Selatan,Kalimantan Selatan,2024,12,864,74,51.2,107.14,.46,1.95,1.950708916,921.3200000000001,145.25,776.0700000000001,1678.174,6,16024,73.90000000000001,103.4
Kalimantan Timur,Kalimantan Timur,2024,1,,,52.9,105.64,.25,2.95,2.952928564,2170.4,426.53,1743.87,2199.247,6,15611,80.09999999999999,102.1
Kalimantan Timur,Kalimantan Timur,2024,2,,0,52.7,105.92,.27,3.28,3.276131045,1997.95,332.97,1664.98,2018.931,6,15665,83.5,103
Kalimantan Timur,Kalimantan Timur,2024,3,,0,54.2,106.28,.34,3.03,3.034415899,2122.92,257.76,1865.16,2060.234,6,15703,85.40000000000001,103.5
Kalimantan Timur,Kalimantan Timur,2024,4,,0,52.9,107.02,.7,3.21,3.211495805,2088.34,343.53,1744.81,2125.75,6.25,16100,89.90000000000001,103.4
Kalimantan Timur,Kalimantan Timur,2024,5,,0,52.1,107.22,.19,3.29,3.294797688,2014.14,365.88,1648.26,2231.765,6.25,16084,81.7,103.3
Kalimantan Timur,Kalimantan Timur,2024,6,109,109,50.7,107.17,-.05,2.99,2.988660388,2171.26,401.25,1770.01,1893.908,6.25,16329,82.2,103.3
Kalimantan Timur,Kalimantan Timur,2024,7,235,126,49.3,106.76,-.38,2.18,2.182235835,2128.67,362.98,1765.69,1899.393,6.25,16262,85.2,103.2
Kalimantan Timur,Kalimantan Timur,2024,8,255,20,48.9,106.63,-.12,2.13,2.126233119,2034,441.6,1592.4,1934.58,6.25,15793,80.40000000000001,103.1
Kalimantan Timur,Kalimantan Timur,2024,9,329,74,49.2,106.69,.06,2.16,2.164129082,1854.82,435.68,1419.14,2156.651,6,15341,74,102.9
Kalimantan Timur,Kalimantan Timur,2024,10,393,64,49.2,106.52,-.16,1.75,1.748017958,2275.71,758.08,1517.63,2193.827,6,15541,75.59999999999999,102.8
Kalimantan Timur,Kalimantan Timur,2024,11,393,0,49.6,106.6,.08,1.54,1.543151076,2188.46,353.07,1835.39,2259.683,6,15812,74.3,103
Kalimantan Timur,Kalimantan Timur,2024,12,699,306,51.2,106.93,.31,1.47,1.470867337,2414.25,518.91,1895.34,2177.47,6,16024,73.90000000000001,103.4
Kalimantan Utara,Kalimantan Utara,2024,1,,,52.9,104.42,.05,1.99,1.992576675,133.56,109.98,23.58,,6,15611,80.09999999999999,102.1
Kalimantan Utara,Kalimantan Utara,2024,2,,0,52.7,104.62,.19,2.33,2.327856025,124.79,123.22,1.57,,6,15665,83.5,103
Kalimantan Utara,Kalimantan Utara,2024,3,,0,54.2,105.06,.42,2.62,2.617698769,132.65,71.05,61.6,,6,15703,85.40000000000001,103.5
Kalimantan Utara,Kalimantan Utara,2024,4,,0,52.9,105.47,.39,2.47,2.467696493,134.7,36.33,98.37,,6.25,16100,89.90000000000001,103.4
Kalimantan Utara,Kalimantan Utara,2024,5,,0,52.1,105.59,.11,2.42,2.415130941,158.38,115.7,42.68,,6.25,16084,81.7,103.3
Kalimantan Utara,Kalimantan Utara,2024,6,78,78,50.7,105.51,-.08,2.39,2.387190684,135.24,74.72,60.52,,6.25,16329,82.2,103.3
Kalimantan Utara,Kalimantan Utara,2024,7,96,18,49.3,105.5,-.01,1.98,1.981633639,112.41,63.19,49.22,,6.25,16262,85.2,103.2
Kalimantan Utara,Kalimantan Utara,2024,8,110,14,48.9,105.3,-.19,1.59,1.591895803,131,80.13,50.87,,6.25,15793,80.40000000000001,103.1
Kalimantan Utara,Kalimantan Utara,2024,9,599,489,49.2,105.21,-.09,1.74,1.740644038,115.21,60.09,55.12,,6,15341,74,102.9
Kalimantan Utara,Kalimantan Utara,2024,10,599,0,49.2,105.39,.17,2.2,2.201318852,127.11,40.33,86.78,,6,15541,75.59999999999999,102.8
Kalimantan Utara,Kalimantan Utara,2024,11,887,288,49.6,105.26,-.12,1.68,1.680834621,128.06,56.18,71.88,,6,15812,74.3,103
Kalimantan Utara,Kalimantan Utara,2024,12,1413,526,51.2,105.72,.44,1.29,1.293475137,153.12,83.43000000000001,69.69,,6,16024,73.90000000000001,103.4
Sulawesi Utara,Sulawesi Utara,2024,1,,,52.9,106.37,-.41,3.81,3.805991998,58.55,18.23,40.32,1218.655,6,15611,80.09999999999999,102.1
Sulawesi Utara,Sulawesi Utara,2024,2,,0,52.7,105.7,-.63,3.55,3.546238245,70.11,14.58,55.53,1229.878,6,15665,83.5,103
Sulawesi Utara,Sulawesi Utara,2024,3,,0,54.2,106.83,1.07,3.82,3.819241983,43.4,18.06,25.34,1181.461,6,15703,85.40000000000001,103.5
Sulawesi Utara,Sulawesi Utara,2024,4,,0,52.9,107.01,.17,4.24,4.237288136,78.39,20.03,58.36,1249.645,6.25,16100,89.90000000000001,103.4
Sulawesi Utara,Sulawesi Utara,2024,5,27,27,52.1,106.93,-.07,4.15,4.149215935,83.77,18.83,64.94,1213.367,6.25,16084,81.7,103.3
Sulawesi Utara,Sulawesi Utara,2024,6,27,0,50.7,107.43,.47,4.42,4.422628305,40.58,13.06,27.52,1148.333,6.25,16329,82.2,103.3
Sulawesi Utara,Sulawesi Utara,2024,7,29,2,49.3,107.31,-.11,4.03,4.032961706,82.87,19.24,63.63,1120.102,6.25,16262,85.2,103.2
Sulawesi Utara,Sulawesi Utara,2024,8,78,49,48.9,107.27,-.04,4.29,4.287380906,67.33,24.64,42.69,1086.261,6.25,15793,80.40000000000001,103.1
Sulawesi Utara,Sulawesi Utara,2024,9,78,0,49.2,106.69,-.54,3.66,3.663039254,60.33,10.31,50.02,1055.48,6,15341,74,102.9
Sulawesi Utara,Sulawesi Utara,2024,10,125,47,49.2,106.91,.21,2.58,2.581078488,89.01000000000001,19.38,69.63,1080.39,6,15541,75.59999999999999,102.8
Sulawesi Utara,Sulawesi Utara,2024,11,126,1,49.6,107.35,.41,2.12,2.121385084,66.16,19.31,46.85,1076.344,6,15812,74.3,103
Sulawesi Utara,Sulawesi Utara,2024,12,126,0,51.2,107.28,-.07,.44,.4400337047,96.94,29.57,67.37,1079.285,6,16024,73.90000000000001,103.4
Sulawesi Tengah,Sulawesi Tengah,2024,1,,,52.9,105.88,.08,2.97,2.966060488,1745.02,898.72,846.3,901.173,6,15611,80.09999999999999,102.1
Sulawesi Tengah,Sulawesi Tengah,2024,2,,0,52.7,106.36,.45,3.37,3.372533774,1490.92,907.97,582.95,880.905,6,15665,83.5,103
Sulawesi Tengah,Sulawesi Tengah,2024,3,,0,54.2,106.94,.55,3.38,3.383604022,1608.53,800.49,808.04,858.478,6,15703,85.40000000000001,103.5
Sulawesi Tengah,Sulawesi Tengah,2024,4,,0,52.9,106.99,.05,3.4,3.401952257,1707.34,861.15,846.1900000000001,928.115,6.25,16100,89.90000000000001,103.4
Sulawesi Tengah,Sulawesi Tengah,2024,5,1647,1647,52.1,107.07,.07,3.1,3.100625903,1960,965.9400000000001,994.0599999999999,946.202,6.25,16084,81.7,103.3
Sulawesi Tengah,Sulawesi Tengah,2024,6,1812,165,50.7,107.26,.18,2.82,2.818251534,1783.2,829.71,953.49,842.325,6.25,16329,82.2,103.3
Sulawesi Tengah,Sulawesi Tengah,2024,7,1812,0,49.3,107.02,-.22,2.45,2.450698832,1787.11,1055.14,731.97,844.227,6.25,16262,85.2,103.2
Sulawesi Tengah,Sulawesi Tengah,2024,8,1812,0,48.9,106.75,-.25,2.14,2.143335566,1689.65,894.65,795,837.845,6.25,15793,80.40000000000001,103.1
Sulawesi Tengah,Sulawesi Tengah,2024,9,1812,0,49.2,106.82,.07,2.15,2.151668739,1916.79,841.76,1075.03,834.693,6,15341,74,102.9
Sulawesi Tengah,Sulawesi Tengah,2024,10,1812,0,49.2,106.83,.01,1.91,1.907850806,1744.7,1024.64,720.0599999999999,841.139,6,15541,75.59999999999999,102.8
Sulawesi Tengah,Sulawesi Tengah,2024,11,1994,182,49.6,106.82,-.01,1.71,1.713959246,1840.65,800.29,1040.36,859.716,6,15812,74.3,103
Sulawesi Tengah,Sulawesi Tengah,2024,12,2055,61,51.2,107.16,.32,1.29,1.285444234,2063.33,915.91,1147.42,840.774,6,16024,73.90000000000001,103.4
Sulawesi Selatan,Sulawesi Selatan,2024,1,,,52.9,105.35,.36,2.38,2.380952381,183.09,98.23,84.86,4669.171,6,15611,80.09999999999999,102.1
Sulawesi Selatan,Sulawesi Selatan,2024,2,4,4,52.7,105.67,.3,2.93,2.932008572,134.24,114.39,19.85,4772.881,6,15665,83.5,103
Sulawesi Selatan,Sulawesi Selatan,2024,3,40,36,54.2,106.07,.38,2.75,2.751138235,177.63,61.07,116.56,4705.457,6,15703,85.40000000000001,103.5
Sulawesi Selatan,Sulawesi Selatan,2024,4,74,34,52.9,106.23,.15,2.61,2.607939728,139.94,66.06999999999999,73.87,5136.404,6.25,16100,89.90000000000001,103.4
Sulawesi Selatan,Sulawesi Selatan,2024,5,202,128,52.1,106.12,-.1,2.42,2.422546086,188.93,107.06,81.87,5105.228,6.25,16084,81.7,103.3
Sulawesi Selatan,Sulawesi Selatan,2024,6,227,25,50.7,105.84,-.26,2.03,2.034127061,172.05,78.51000000000001,93.54000000000001,4806.154,6.25,16329,82.2,103.3
Sulawesi Selatan,Sulawesi Selatan,2024,7,227,0,49.3,105.65,-.18,1.74,1.743066256,170.49,101.8,68.69,4771.187,6.25,16262,85.2,103.2
Sulawesi Selatan,Sulawesi Selatan,2024,8,267,40,48.9,105.61,-.04,1.77,1.773152163,193.28,117.1,76.18000000000001,4740.505,6.25,15793,80.40000000000001,103.1
Sulawesi Selatan,Sulawesi Selatan,2024,9,347,80,49.2,105.52,-.09,1.67,1.666827247,161.1,46.46,114.64,4647.86,6,15341,74,102.9
Sulawesi Selatan,Sulawesi Selatan,2024,10,415,68,49.2,105.68,.15,1.53,1.527524258,190.13,99.66,90.47,4676.055,6,15541,75.59999999999999,102.8
Sulawesi Selatan,Sulawesi Selatan,2024,11,430,15,49.6,105.86,.17,1.52,1.524887312,172.08,78.89,93.19,4670.682,6,15812,74.3,103
Sulawesi Selatan,Sulawesi Selatan,2024,12,482,52,51.2,106.26,.38,1.23,1.228922549,176.35,140.27,36.08,4339.04,6,16024,73.90000000000001,103.4
Sulawesi Tenggara,Sulawesi Tenggara,2024,1,72,72,52.9,105.42,-.03,2.46,2.458936729,432.27,175.89,256.38,629.545,6,15611,80.09999999999999,102.1
Sulawesi Tenggara,Sulawesi Tenggara,2024,2,72,0,52.7,105.62,.19,2.9,2.90335152,295.7,225,70.7,656.967,6,15665,83.5,103
Sulawesi Tenggara,Sulawesi Tenggara,2024,3,101,29,54.2,106.28,.62,2.93,2.934624697,285.2,182.18,103.02,644.702,6,15703,85.40000000000001,103.5
Sulawesi Tenggara,Sulawesi Tenggara,2024,4,101,0,52.9,106.78,.47,2.93,2.93040293,319.41,106.42,212.99,668.634,6.25,16100,89.90000000000001,103.4
Sulawesi Tenggara,Sulawesi Tenggara,2024,5,326,225,52.1,106.89,.1,2.57,2.57173016,336.84,133.15,203.69,662.097,6.25,16084,81.7,103.3
Sulawesi Tenggara,Sulawesi Tenggara,2024,6,348,22,50.7,106.79,-.09,2.35,2.348092774,304.24,220.84,83.40000000000001,602.885,6.25,16329,82.2,103.3
Sulawesi Tenggara,Sulawesi Tenggara,2024,7,354,6,49.3,106.62,-.16,1.73,1.726934453,293.48,109.2,184.28,626.173,6.25,16262,85.2,103.2
Sulawesi Tenggara,Sulawesi Tenggara,2024,8,927,573,48.9,106.33,-.27,1.62,1.615061162,317.87,123.65,194.22,632.076,6.25,15793,80.40000000000001,103.1
Sulawesi Tenggara,Sulawesi Tenggara,2024,9,1153,226,49.2,106.12,-.2,1.06,1.057042186,276.02,114.58,161.44,630.508,6,15341,74,102.9
Sulawesi Tenggara,Sulawesi Tenggara,2024,10,1156,3,49.2,105.94,-.17,.71,.7129955319,303.94,115.39,188.55,676.6369999999999,6,15541,75.59999999999999,102.8
Sulawesi Tenggara,Sulawesi Tenggara,2024,11,1156,0,49.6,106.25,.29,1.05,1.046124584,375.04,102.23,272.81,688.297,6,15812,74.3,103
Sulawesi Tenggara,Sulawesi Tenggara,2024,12,1168,12,51.2,106.56,.29,1.05,1.052631579,318.26,129.22,189.04,653.332,6,16024,73.90000000000001,103.4
Gorontalo,Gorontalo,2024,1,18,18,52.9,106.47,-.91,4.4,4.402824083,4.06,17.42,-13.36,962.305,6,15611,80.09999999999999,102.1
Gorontalo,Gorontalo,2024,2,18,0,52.7,105.25,-1.15,3.73,3.725238987,5.79,,5.79,933.504,6,15665,83.5,103
Gorontalo,Gorontalo,2024,3,18,0,54.2,106.1,.8100000000000001,4.13,4.131906958,2.64,.47,2.17,883.76,6,15703,85.40000000000001,103.5
Gorontalo,Gorontalo,2024,4,18,0,52.9,106.7,.57,4.65,4.648881914,2.62,.09,2.53,886.674,6.25,16100,89.90000000000001,103.4
Gorontalo,Gorontalo,2024,5,18,0,52.1,107.02,.3,4.91,4.911283208,2.54,1.91,.63,865.947,6.25,16084,81.7,103.3
Gorontalo,Gorontalo,2024,6,18,0,50.7,106.87,-.14,3.93,3.928814548,3.89,2.96,.93,660.649,6.25,16329,82.2,103.3
Gorontalo,Gorontalo,2024,7,18,0,49.3,105.86,-.95,3.07,3.066887353,11.81,1.24,10.57,671.648,6.25,16262,85.2,103.2
Gorontalo,Gorontalo,2024,8,74,56,48.9,105.71,-.14,2.65,2.651000194,8,1.46,6.54,657.853,6.25,15793,80.40000000000001,103.1
Gorontalo,Gorontalo,2024,9,74,0,49.2,106.12,.39,2.78,2.779661017,4.77,1.13,3.64,612.451,6,15341,74,102.9
Gorontalo,Gorontalo,2024,10,74,0,49.2,105.51,-.57,.8100000000000001,.8121536404,4.22,,4.22,609.83,6,15541,75.59999999999999,102.8
Gorontalo,Gorontalo,2024,11,74,0,49.6,106,.46,.27,.274335446,4.44,,4.44,593.162,6,15812,74.3,103
Gorontalo,Gorontalo,2024,12,87,13,51.2,106.6,.57,-.79,-.7910656119,5.29,1.05,4.24,598.777,6,16024,73.90000000000001,103.4
Sulawesi Barat,Sulawesi Barat,2024,1,,,52.9,105.29,.08,2.25,2.253083422,26.26,,26.26,288.714,6,15611,80.09999999999999,102.1
Sulawesi Barat,Sulawesi Barat,2024,2,,0,52.7,105.37,.08,2.22,2.221575475,30.99,.38,30.61,290.885,6,15665,83.5,103
Sulawesi Barat,Sulawesi Barat,2024,3,,0,54.2,105.82,.43,2.76,2.757817052,48.52,,48.52,293.482,6,15703,85.40000000000001,103.5
Sulawesi Barat,Sulawesi Barat,2024,4,,0,52.9,105.53,-.27,2.02,2.020494973,34.55,.23,34.32,312.715,6.25,16100,89.90000000000001,103.4
Sulawesi Barat,Sulawesi Barat,2024,5,,0,52.1,105.46,-.07,1.25,1.248079877,31.58,.7,30.88,316.157,6.25,16084,81.7,103.3
Sulawesi Barat,Sulawesi Barat,2024,6,,0,50.7,106.31,.8100000000000001,2.32,2.319538017,46.74,,46.74,281.717,6.25,16329,82.2,103.3
Sulawesi Barat,Sulawesi Barat,2024,7,,0,49.3,105.83,-.45,2.08,2.083534292,39.99,.9399999999999999,39.05,291.587,6.25,16262,85.2,103.2
Sulawesi Barat,Sulawesi Barat,2024,8,,0,48.9,105.69,-.13,1.59,1.585928489,13.24,,13.24,292.488,6.25,15793,80.40000000000001,103.1
Sulawesi Barat,Sulawesi Barat,2024,9,10,10,49.2,106.04,.33,2.05,2.049850832,43.83,,43.83,296.89,6,15341,74,102.9
Sulawesi Barat,Sulawesi Barat,2024,10,10,0,49.2,106.26,.21,1.63,1.62586075,39.48,.79,38.69,301.083,6,15541,75.59999999999999,102.8
Sulawesi Barat,Sulawesi Barat,2024,11,10,0,49.6,106.08,-.17,1.18,1.182754674,49.95,.78,49.17,293.854,6,15812,74.3,103
Sulawesi Barat,Sulawesi Barat,2024,12,14,4,51.2,106.78,.66,1.49,1.492253588,28.67,,28.67,267.136,6,16024,73.90000000000001,103.4
Maluku,Maluku,2024,1,,,52.9,105.84,.19,4.12,4.121987211,13.01,32.64,-19.63,377.828,6,15611,80.09999999999999,102.1
Maluku,Maluku,2024,2,9,9,52.7,104.58,-1.19,3.02,3.024332578,2.12,31.6,-29.48,383.937,6,15665,83.5,103
Maluku,Maluku,2024,3,9,0,54.2,104.1,-.46,2.75,2.753923601,7.17,45.12,-37.95,397.919,6,15703,85.40000000000001,103.5
Maluku,Maluku,2024,4,9,0,52.9,104.4,.29,2.43,2.433281005,2.56,46.8,-44.24,401.67,6.25,16100,89.90000000000001,103.4
Maluku,Maluku,2024,5,32,23,52.1,106.37,1.89,3.21,3.211721327,4.52,19.9,-15.38,458.338,6.25,16084,81.7,103.3
Maluku,Maluku,2024,6,32,0,50.7,107.78,1.33,3.63,3.634615385,16.69,57.47,-40.78,452.318,6.25,16329,82.2,103.3
Maluku,Maluku,2024,7,32,0,49.3,106.9,-.82,2.71,2.709454266,5.69,68.78,-63.09,485.199,6.25,16262,85.2,103.2
Maluku,Maluku,2024,8,32,0,48.9,106.54,-.34,2.58,2.580396688,1.58,37.74,-36.16,476.129,6.25,15793,80.40000000000001,103.1
Maluku,Maluku,2024,9,43,11,49.2,106.47,-.07,1.79,1.787762906,9.31,27.03,-17.72,425.048,6,15341,74,102.9
Maluku,Maluku,2024,10,43,0,49.2,107.16,.65,2.13,2.13495997,10.16,32.21,-22.05,433.783,6,15541,75.59999999999999,102.8
Maluku,Maluku,2024,11,254,211,49.6,107.43,.25,2.23,2.22666286,9.82,24.11,-14.29,434.949,6,15812,74.3,103
Maluku,Maluku,2024,12,257,3,51.2,106.99,-.41,1.28,1.277925028,12.41,43.81,-31.4,419.207,6,16024,73.90000000000001,103.4
Maluku Utara,Maluku Utara,2024,1,,,52.9,106.69,-.02,4.33,4.332094661,693.13,249.72,443.41,245.65,6,15611,80.09999999999999,102.1
Maluku Utara,Maluku Utara,2024,2,,0,52.7,106.24,-.42,2.71,2.706883217,560.76,332.55,228.21,246.969,6,15665,83.5,103
Maluku Utara,Maluku Utara,2024,3,,0,54.2,106.75,.48,3.57,3.570389056,856.62,231.36,625.26,234.696,6,15703,85.40000000000001,103.5
Maluku Utara,Maluku Utara,2024,4,,0,52.9,107.22,.44,2.93,2.927906307,997.15,270.4,726.75,270.415,6.25,16100,89.90000000000001,103.4
Maluku Utara,Maluku Utara,2024,5,,0,52.1,107.85,.59,3.27,3.274921,1011.97,463.48,548.49,250.211,6.25,16084,81.7,103.3
Maluku Utara,Maluku Utara,2024,6,,0,50.7,108.02,.16,3.21,3.210395567,859.25,338.14,521.11,429.032,6.25,16329,82.2,103.3
Maluku Utara,Maluku Utara,2024,7,4,4,49.3,107.96,-.06,2.96,2.956322716,886.5,381.54,504.96,452.22,6.25,16262,85.2,103.2
Maluku Utara,Maluku Utara,2024,8,4,0,48.9,108.05,.08,2.89,2.885164731,812.9400000000001,320.91,492.03,464.637,6.25,15793,80.40000000000001,103.1
Maluku Utara,Maluku Utara,2024,9,15,11,49.2,108.66,.5600000000000001,3.56,3.564620663,931.52,407.03,524.49,513.224,6,15341,74,102.9
Maluku Utara,Maluku Utara,2024,10,15,0,49.2,107.52,-1.05,2.2,2.195608782,878.52,449.93,428.59,425.607,6,15541,75.59999999999999,102.8
Maluku Utara,Maluku Utara,2024,11,15,0,49.6,107.98,.43,2.78,2.779364173,1485,397.95,1087.05,381.671,6,15812,74.3,103
Maluku Utara,Maluku Utara,2024,12,17,2,51.2,108.31,.31,1.5,1.499390872,1103.76,378.59,725.17,361.95,6,16024,73.90000000000001,103.4
Papua Barat,Papua Barat,2024,1,,,52.9,105.94,.63,3.05,3.054474708,,,,449.92,6,15611,80.09999999999999,102.1
Papua Barat,Papua Barat,2024,2,,0,52.7,106.08,.13,3.61,3.613987107,,1.45,-1.45,446.665,6,15665,83.5,103
Papua Barat,Papua Barat,2024,3,,0,54.2,106.61,.5,4.78,4.776412776,,6.29,-6.29,456.264,6,15703,85.40000000000001,103.5
Papua Barat,Papua Barat,2024,4,,0,52.9,106.79,.17,3.59,3.589096906,,,,493.57,6.25,16100,89.90000000000001,103.4
Papua Barat,Papua Barat,2024,5,,0,52.1,108.23,1.35,4.56,4.559945899,,,,501.241,6.25,16084,81.7,103.3
Papua Barat,Papua Barat,2024,6,,0,50.7,107.94,-.27,3.73,3.728618105,,0,0,505.65,6.25,16329,82.2,103.3
Papua Barat,Papua Barat,2024,7,,0,49.3,108.08,.13,2.83,2.825611264,,6.45,-6.45,491.171,6.25,16262,85.2,103.2
Papua Barat,Papua Barat,2024,8,,0,48.9,108.41,.31,2.8,2.797269107,,,,490.081,6.25,15793,80.40000000000001,103.1
Papua Barat,Papua Barat,2024,9,,0,49.2,107.41,-.92,2.91,2.912714382,,.45,-.45,503.576,6,15341,74,102.9
Papua Barat,Papua Barat,2024,10,,0,49.2,106.78,-.59,2.05,2.054859983,,,,514.059,6,15541,75.59999999999999,102.8
Papua Barat,Papua Barat,2024,11,,0,49.6,107.57,.74,2.84,2.839388145,,,,517.437,6,15812,74.3,103
Papua Barat,Papua Barat,2024,12,,0,51.2,107.94,.34,2.53,2.526595745,,,,463.359,6,16024,73.90000000000001,103.4
Papua Barat Daya,Papua Barat Daya,2024,1,,,52.9,103.55,.13,1.49,1.489757914,,.76,,,6,15611,80.09999999999999,102.1
Papua Barat Daya,Papua Barat Daya,2024,2,,,52.7,103.44,-.11,1.81,1.811023622,,,0,,6,15665,83.5,103
Papua Barat Daya,Papua Barat Daya,2024,3,,,54.2,103.82,.37,1.42,1.416430595,,,0,,6,15703,85.40000000000001,103.5
Papua Barat Daya,Papua Barat Daya,2024,4,,,52.9,104.58,.73,2.45,2.449059561,,,,,6.25,16100,89.90000000000001,103.4
Papua Barat Daya,Papua Barat Daya,2024,5,,,52.1,104.67,.09,1.87,1.868613139,,4.37,,,6.25,16084,81.7,103.3
Papua Barat Daya,Papua Barat Daya,2024,6,,,50.7,104.97,.29,1.28,1.283288306,,,0,,6.25,16329,82.2,103.3
Papua Barat Daya,Papua Barat Daya,2024,7,,,49.3,105.23,.25,1.77,1.769825919,,.93,-.93,,6.25,16262,85.2,103.2
Papua Barat Daya,Papua Barat Daya,2024,8,,,48.9,105.18,-.05,1.66,1.662478252,,14.02,,,6.25,15793,80.40000000000001,103.1
Papua Barat Daya,Papua Barat Daya,2024,9,,,49.2,105.67,.47,2.59,2.59223301,,2.7,-2.7,,6,15341,74,102.9
Papua Barat Daya,Papua Barat Daya,2024,10,,,49.2,105.51,-.15,2,2.001160093,,,,,6,15541,75.59999999999999,102.8
Papua Barat Daya,Papua Barat Daya,2024,11,,,49.6,105.47,-.04,2.33,2.328514602,,,,,6,15812,74.3,103
Papua Barat Daya,Papua Barat Daya,2024,12,,,51.2,105.35,-.11,1.87,1.866176755,,4.67,,,6,16024,73.90000000000001,103.4
Papua,Papua,2024,1,,,52.9,103.85,.01,1.52,1.515151515,,1.04,-1.04,1041.492,6,15611,80.09999999999999,102.1
Papua,Papua,2024,2,,0,52.7,103.09,-.73,2.02,2.018802573,,.08,-.08,1092.415,6,15665,83.5,103
Papua,Papua,2024,3,,0,54.2,102.89,-.19,1.98,1.982357022,,.06,-.06,1088.967,6,15703,85.40000000000001,103.5
Papua,Papua,2024,4,,0,52.9,104.12,1.2,1.78,1.779081134,,.03,-.03,1207.229,6.25,16100,89.90000000000001,103.4
Papua,Papua,2024,5,,0,52.1,104.75,.61,2.18,2.17518533,,4.1,-4.1,1239.688,6.25,16084,81.7,103.3
Papua,Papua,2024,6,,0,50.7,105.12,.35,1.47,1.467181467,,.04,-.04,1103.962,6.25,16329,82.2,103.3
Papua,Papua,2024,7,,0,49.3,104.42,-.67,.91,.9083880943,,.96,-.96,1090.504,6.25,16262,85.2,103.2
Papua,Papua,2024,8,,0,48.9,104.34,-.08,1.03,1.026336174,,.04,-.04,1134.141,6.25,15793,80.40000000000001,103.1
Papua,Papua,2024,9,,0,49.2,103.91,-.41,.82,.8247622744000001,,.04,-.04,1096.068,6,15341,74,102.9
Papua,Papua,2024,10,,0,49.2,104.14,.22,1.1,1.096980876,,.01,-.01,1119.307,6,15541,75.59999999999999,102.8
Papua,Papua,2024,11,,0,49.6,105.61,1.41,2.46,2.46434462,,.02,-.02,1016.469,6,15812,74.3,103
Papua,Papua,2024,12,,0,51.2,105.66,.05,1.75,1.752696456,,.84,-.84,915.78,6,16024,73.90000000000001,103.4
Papua Selatan,Papua Selatan,2024,1,,,52.9,106.61,.57,4.51,4.509361827,,,0,,6,15611,80.09999999999999,102.1
Papua Selatan,Papua Selatan,2024,2,,,52.7,106.7,.08,4.61,4.607843137,,,0,,6,15665,83.5,103
Papua Selatan,Papua Selatan,2024,3,,,54.2,106.52,-.17,3.7,3.699376947,,,0,,6,15703,85.40000000000001,103.5
Papua Selatan,Papua Selatan,2024,4,,,52.9,106.87,.33,3.04,3.037022754,,0,0,,6.25,16100,89.90000000000001,103.4
Papua Selatan,Papua Selatan,2024,5,,,52.1,109.01,2,4.19,4.186179872,,0,0,,6.25,16084,81.7,103.3
Papua Selatan,Papua Selatan,2024,6,,,50.7,107.8,-1.11,2.04,2.035021297,,0,0,,6.25,16329,82.2,103.3
Papua Selatan,Papua Selatan,2024,7,,,49.3,106.81,-.92,1.2,1.203335228,,0,0,,6.25,16262,85.2,103.2
Papua Selatan,Papua Selatan,2024,8,,,48.9,107.08,.25,1.8,1.79674874,,.01,-.01,,6.25,15793,80.40000000000001,103.1
Papua Selatan,Papua Selatan,2024,9,,,49.2,106.29,-.74,1.6,1.596253106,,.05,-.05,,6,15341,74,102.9
Papua Selatan,Papua Selatan,2024,10,,,49.2,106.3,.01,1.28,1.276676829,,0,0,,6,15541,75.59999999999999,102.8
Papua Selatan,Papua Selatan,2024,11,,,49.6,106.58,.26,1.23,1.225187577,,0,0,,6,15812,74.3,103
Papua Selatan,Papua Selatan,2024,12,,,51.2,107.9,1.24,1.78,1.782850674,,,0,,6,16024,73.90000000000001,103.4
Papua Tengah,Papua Tengah,2024,1,,,52.9,107.6,.43,4.76,4.760977509,,35.88,,,6,15611,80.09999999999999,102.1
Papua Tengah,Papua Tengah,2024,2,,,52.7,106.34,-1.17,3.72,3.715985565,,38.46,,,6,15665,83.5,103
Papua Tengah,Papua Tengah,2024,3,,,54.2,107.41,1.01,4.1,4.099631712,,31.11,,,6,15703,85.40000000000001,103.5
Papua Tengah,Papua Tengah,2024,4,,,52.9,108.7,1.2,4.37,4.368698992,,45.92,,,6.25,16100,89.90000000000001,103.4
Papua Tengah,Papua Tengah,2024,5,,,52.1,110.25,1.43,5.39,5.391453972,,46.13,,,6.25,16084,81.7,103.3
Papua Tengah,Papua Tengah,2024,6,,,50.7,110.06,-.17,4.39,4.39153941,,20.32,,,6.25,16329,82.2,103.3
Papua Tengah,Papua Tengah,2024,7,,,49.3,110.19,.12,4.16,4.159183288,,22.21,,,6.25,16262,85.2,103.2
Papua Tengah,Papua Tengah,2024,8,,,48.9,109.93,-.24,3.74,3.736906672,,73.18000000000001,,,6.25,15793,80.40000000000001,103.1
Papua Tengah,Papua Tengah,2024,9,,,49.2,109.45,-.44,3.83,3.832653448,,31.75,,,6,15341,74,102.9
Papua Tengah,Papua Tengah,2024,10,,,49.2,109.98,.48,4.19,4.187192118,,23.69,,,6,15541,75.59999999999999,102.8
Papua Tengah,Papua Tengah,2024,11,,,49.6,110.39,.37,4.35,4.348237073,,46.83,,,6,15812,74.3,103
Papua Tengah,Papua Tengah,2024,12,,,51.2,110.64,.23,3.27,3.26675378,,32.61,,,6,16024,73.90000000000001,103.4
Papua Pegunungan,Papua Pegunungan,2024,1,,,52.9,107.18,1.01,3.93,3.927082323,,,0,,6,15611,80.09999999999999,102.1
Papua Pegunungan,Papua Pegunungan,2024,2,,,52.7,106.65,-.49,2.87,2.874505643,,,0,,6,15665,83.5,103
Papua Pegunungan,Papua Pegunungan,2024,3,,,54.2,106.67,.02,2.37,2.370441459,,,0,,6,15703,85.40000000000001,103.5
Papua Pegunungan,Papua Pegunungan,2024,4,,,52.9,107.8,1.06,2.71,2.705792683,,,0,,6.25,16100,89.90000000000001,103.4
Papua Pegunungan,Papua Pegunungan,2024,5,,,52.1,108.99,1.1,3.57,3.573125535,,,0,,6.25,16084,81.7,103.3
Papua Pegunungan,Papua Pegunungan,2024,6,,,50.7,111.29,2.11,5.65,5.648376685,,,0,,6.25,16329,82.2,103.3
Papua Pegunungan,Papua Pegunungan,2024,7,,,49.3,110.8,-.44,5.09,5.093426918,,,0,,6.25,16262,85.2,103.2
Papua Pegunungan,Papua Pegunungan,2024,8,,,48.9,110.78,-.02,5.05,5.054528212,,,0,,6.25,15793,80.40000000000001,103.1
Papua Pegunungan,Papua Pegunungan,2024,9,,,49.2,110.12,-.6,4.14,4.142235672,,,0,,6,15341,74,102.9
Papua Pegunungan,Papua Pegunungan,2024,10,,,49.2,109.35,-.7,2.85,2.849887133,,,0,,6,15541,75.59999999999999,102.8
Papua Pegunungan,Papua Pegunungan,2024,11,,,49.6,109.19,-.15,3.58,3.576171504,,,0,,6,15812,74.3,103
Papua Pegunungan,Papua Pegunungan,2024,12,,,51.2,111.8,2.39,5.36,5.362359815,,,0,,6,16024,73.90000000000001,103.4
Aceh,Aceh,2025,1,26,26,51.9,107.07,-.13,1.61,1.613362437,50.85,75.81999999999999,-24.97,833.668,5.75,16262,79.3,104.2
Aceh,Aceh,2025,2,112,86,53.6,106.56,-.48,.41,.4146249529,53.94,73.16,-19.22,859.663,5.75,16338,75.40000000000001,104.3
Aceh,Aceh,2025,3,146,34,52.4,108.26,1.6,1.53,1.528650474,57.03,30.71,26.32,866.624,5.75,16456,72.7,105.1
Aceh,Aceh,2025,4,229,83,46.7,110,1.61,3.11,3.112110986,52.99,50.81,2.18,884.35,5.75,16820,68.09999999999999,105.1
Aceh,Aceh,2025,5,279,50,47.4,109.35,-.59,2.35,2.349307376,50.3,59.6,-9.300000000000001,933.98,5.5,16441,64.5,104.6
Aceh,Aceh,2025,6,300,21,46.9,109.21,-.13,2.19,2.189576121,48.71,21.17,27.54,926.8200000000001,5.5,16311,71.40000000000001,104.7
Aceh,Aceh,2025,7,311,11,49.2,109.95,.68,3,2.99765808,61.35,52.22,9.130000000000001,940.965,5.25,16276,71,105.2
Aceh,Aceh,2025,8,335,24,51.5,110.81,.78,3.7,3.696425229,57.13,29.9,27.23,964.747,5,16309,67.90000000000001,105.2
Aceh,Aceh,2025,9,379,44,50.4,111.03,.2,4.45,4.449670743,50.44,47.32,3.12,941.554,4.75,16512,68,105.3
Aceh,Aceh,2025,10,419,40,51.2,111.16,.12,4.66,4.6605781,48.5,60.07,-11.57,989.5359999999999,4.75,16607,64.5,105.5
Aceh,Aceh,2025,11,428,9,53.3,110.42,-.67,3.58,3.583489681,58.28,23.64,34.64,1025.639,4.75,16703,63.8,105.4
Aceh,Aceh,2025,12,429,1,51.2,114.4,3.6,6.71,6.706463949,59.69,53.16,6.53,1046.821,4.75,16699,62.5,106.3
Sumatera Utara,Sumatera Utara,2025,1,200,200,51.9,107.32,.07,1.78,1.783004552,975.25,504.07,471.18,4775.597,5.75,16262,79.3,104.2
Sumatera Utara,Sumatera Utara,2025,2,417,217,53.6,106.64,-.63,.73,.7273070747,1077.48,387.19,690.29,4970.224,5.75,16338,75.40000000000001,104.3
Sumatera Utara,Sumatera Utara,2025,3,570,153,52.4,107.37,.68,.6899999999999999,.6939885586,989.3099999999999,470.32,518.99,4993.571,5.75,16456,72.7,105.1
Sumatera Utara,Sumatera Utara,2025,4,717,147,46.7,108.82,1.35,2.09,2.092128718,878.43,480.37,398.06,5514.076,5.75,16820,68.09999999999999,105.1
Sumatera Utara,Sumatera Utara,2025,5,897,180,47.4,108.29,-.49,1.11,1.111111111,1006.3,499.68,506.62,5660.114,5.5,16441,64.5,104.6
Sumatera Utara,Sumatera Utara,2025,6,1077,180,46.9,108.08,-.19,1.25,1.245901639,1026.28,530.13,496.15,5694.098,5.5,16311,71.40000000000001,104.7
Sumatera Utara,Sumatera Utara,2025,7,1304,227,49.2,108.9,.76,2.86,2.862000567,1228.16,551.37,676.79,5822.392,5.25,16276,71,105.2
Sumatera Utara,Sumatera Utara,2025,8,1488,184,51.5,110.39,1.37,4.42,4.417328793,1195.96,546.71,649.25,5751.403,5,16309,67.90000000000001,105.2
Sumatera Utara,Sumatera Utara,2025,9,1704,216,50.4,111.11,.65,5.32,5.317535545,1062.35,560.66,501.69,5690.501,4.75,16512,68,105.3
Sumatera Utara,Sumatera Utara,2025,10,1905,201,51.2,110.89,-.2,4.97,4.969708444,1191.71,504.49,687.22,5803.656,4.75,16607,64.5,105.5
Sumatera Utara,Sumatera Utara,2025,11,1956,51,53.3,110.42,-.42,3.96,3.963845212,882.14,451.76,430.38,5809.385,4.75,16703,63.8,105.4
Sumatera Utara,Sumatera Utara,2025,12,1969,13,51.2,112.25,1.66,4.66,4.662004662,1048.82,585.96,462.86,5667.195,4.75,16699,62.5,106.3
Sumatera Barat,Sumatera Barat,2025,1,59,59,51.9,106.93,.03,1.24,1.240295399,153.23,,153.23,1519.437,5.75,16262,79.3,104.2
Sumatera Barat,Sumatera Barat,2025,2,133,74,53.6,106.76,-.16,-.09,-.09358038555,272.1,,272.1,1590.443,5.75,16338,75.40000000000001,104.3
Sumatera Barat,Sumatera Barat,2025,3,156,23,52.4,107.86,1.03,.3,.2975636972,220.23,,220.23,1595.699,5.75,16456,72.7,105.1
Sumatera Barat,Sumatera Barat,2025,4,193,37,46.7,109.77,1.77,2.38,2.378287633,149.36,.11,149.25,1649.555,5.75,16820,68.09999999999999,105.1
Sumatera Barat,Sumatera Barat,2025,5,267,74,47.4,108.69,-.98,.85,.8536698525,222.89,,222.89,1703.446,5.5,16441,64.5,104.6
Sumatera Barat,Sumatera Barat,2025,6,321,54,46.9,108.41,-.26,.45,.4540400297,260.94,,260.94,1687.256,5.5,16311,71.40000000000001,104.7
Sumatera Barat,Sumatera Barat,2025,7,381,60,49.2,109.1,.64,2.19,2.191832147,314.68,,314.68,1748.726,5.25,16276,71,105.2
Sumatera Barat,Sumatera Barat,2025,8,461,80,51.5,109.67,.52,2.89,2.889576883,318.79,,318.79,1764.433,5,16309,67.90000000000001,105.2
Sumatera Barat,Sumatera Barat,2025,9,514,53,50.4,110.6,.85,4.22,4.221635884,181.71,,181.71,1730.674,4.75,16512,68,105.3
Sumatera Barat,Sumatera Barat,2025,10,588,74,51.2,111.04,.4,4.52,4.518072289,247.03,,247.03,1742.166,4.75,16607,64.5,105.5
Sumatera Barat,Sumatera Barat,2025,11,607,19,53.3,110.77,-.24,3.98,3.980099502,117.2,,117.2,1775.703,4.75,16703,63.8,105.4
Sumatera Barat,Sumatera Barat,2025,12,627,20,51.2,112.41,1.48,5.15,5.15434986,321.29,,321.29,1758.235,4.75,16699,62.5,106.3
Riau,Riau,2025,1,795,795,51.9,106.96,-.02,1.12,1.115522783,1490.05,105.73,1384.32,2228.437,5.75,16262,79.3,104.2
Riau,Riau,2025,2,1288,493,53.6,106.42,-.5,.02,.01879699248,1831.75,145.19,1686.56,2286.196,5.75,16338,75.40000000000001,104.3
Riau,Riau,2025,3,1452,164,52.4,107.9,1.39,.68,.6811607726,1849.16,127.55,1721.61,2264.88,5.75,16456,72.7,105.1
Riau,Riau,2025,4,1553,101,46.7,109.44,1.43,2.07,2.070509233,1308.23,159.59,1148.64,2304.666,5.75,16820,68.09999999999999,105.1
Riau,Riau,2025,5,1749,196,47.4,108.59,-.78,.98,.9763808815,1644.53,138.05,1506.48,2299.815,5.5,16441,64.5,104.6
Riau,Riau,2025,6,2005,256,46.9,108.35,-.22,.98,.9785647717,2003.44,139.61,1863.83,2353.79,5.5,16311,71.40000000000001,104.7
Riau,Riau,2025,7,2136,131,49.2,109.02,.62,2.42,2.423900789,2059.44,164.94,1894.5,2311.857,5.25,16276,71,105.2
Riau,Riau,2025,8,2214,78,51.5,109.95,.85,3.58,3.579839849,2099.16,123.4,1975.76,2321.596,5,16309,67.90000000000001,105.2
Riau,Riau,2025,9,2423,209,50.4,111.17,1.11,5.08,5.075614367,1590.3,134.14,1456.16,2267.382,4.75,16512,68,105.3
Riau,Riau,2025,10,2514,91,51.2,111.1,-.06,4.95,4.949933875,1772.43,158.7,1613.73,2268.119,4.75,16607,64.5,105.5
Riau,Riau,2025,11,2529,15,53.3,110.86,-.22,4.27,4.270127916,1640.29,101.94,1538.35,2225.009,4.75,16703,63.8,105.4
Riau,Riau,2025,12,2546,17,51.2,112.2,1.21,4.88,4.879416713,2157.81,139.15,2018.66,2171.318,4.75,16699,62.5,106.3
Jambi,Jambi,2025,1,41,41,51.9,106.41,-.13,.46,.4626132931,170.42,1.2,169.22,978.938,5.75,16262,79.3,104.2
Jambi,Jambi,2025,2,74,33,53.6,105.77,-.6,-.27,-.2734301339,190.48,3.92,186.56,987.905,5.75,16338,75.40000000000001,104.3
Jambi,Jambi,2025,3,89,15,52.4,106.97,1.13,.32,.318859608,206.41,2.78,203.63,979.607,5.75,16456,72.7,105.1
Jambi,Jambi,2025,4,111,22,46.7,108.79,1.7,1.84,1.844223928,157.69,3.62,154.07,1027.112,5.75,16820,68.09999999999999,105.1
Jambi,Jambi,2025,5,145,34,47.4,108.05,-.68,.96,.9624369277,153.52,9.59,143.93,1038.806,5.5,16441,64.5,104.6
Jambi,Jambi,2025,6,171,26,46.9,108.31,.24,1.34,1.337949102,181.3,7.3,174,991.2809999999999,5.5,16311,71.40000000000001,104.7
Jambi,Jambi,2025,7,206,35,49.2,108.87,.52,2.71,2.70754717,171.32,8.449999999999999,162.87,1020.922,5.25,16276,71,105.2
Jambi,Jambi,2025,8,241,35,51.5,108.92,.05,2.76,2.764411737,193.18,4.87,188.31,1024.297,5,16309,67.90000000000001,105.2
Jambi,Jambi,2025,9,262,21,50.4,109.8,.8100000000000001,3.77,3.770910122,151.94,3.88,148.06,1012.769,4.75,16512,68,105.3
Jambi,Jambi,2025,10,295,33,51.2,109.77,-.03,3.71,3.713151927,161.33,18.19,143.14,1012.017,4.75,16607,64.5,105.5
Jambi,Jambi,2025,11,301,6,53.3,109.82,.05,3.55,3.545163115,152.49,6.86,145.63,1026.882,4.75,16703,63.8,105.4
Jambi,Jambi,2025,12,303,2,51.2,110.5,.62,3.71,3.707179728,153.71,5.8,147.91,1147.238,4.75,16699,62.5,106.3
Sumatera Selatan,Sumatera Selatan,2025,1,223,223,51.9,106.63,-.36,.92,.918038993,543.43,132.93,410.5,2685.363,5.75,16262,79.3,104.2
Sumatera Selatan,Sumatera Selatan,2025,2,351,128,53.6,106.19,-.41,.49,.4920980411,645.99,65.02,580.97,2727.172,5.75,16338,75.40000000000001,104.3
Sumatera Selatan,Sumatera Selatan,2025,3,418,67,52.4,107.81,1.53,1.77,1.774756915,575.54,60.38,515.16,2717.12,5.75,16456,72.7,105.1
Sumatera Selatan,Sumatera Selatan,2025,4,550,132,46.7,109.31,1.39,2.74,2.744618855,463.36,106.56,356.8,2814.194,5.75,16820,68.09999999999999,105.1
Sumatera Selatan,Sumatera Selatan,2025,5,647,97,47.4,108.93,-.35,2.33,2.329732269,504.85,65.53,439.32,2871.485,5.5,16441,64.5,104.6
Sumatera Selatan,Sumatera Selatan,2025,6,741,94,46.9,109.02,.08,2.44,2.443149784,464.33,83.92,380.41,2949.309,5.5,16311,71.40000000000001,104.7
Sumatera Selatan,Sumatera Selatan,2025,7,838,97,49.2,109.17,.14,2.88,2.88379983,502.7,96.16,406.54,2992.722,5.25,16276,71,105.2
Sumatera Selatan,Sumatera Selatan,2025,8,1122,284,51.5,109.13,-.04,3.04,3.04031725,551.48,90.40000000000001,461.08,2993.509,5,16309,67.90000000000001,105.2
Sumatera Selatan,Sumatera Selatan,2025,9,1328,206,50.4,109.42,.27,3.44,3.441104178,566.26,77.12,489.14,2976.372,4.75,16512,68,105.3
Sumatera Selatan,Sumatera Selatan,2025,10,1475,147,51.2,109.56,.13,3.49,3.485406631,521.24,65.40000000000001,455.84,3013.332,4.75,16607,64.5,105.5
Sumatera Selatan,Sumatera Selatan,2025,11,1513,38,53.3,109.58,.02,2.91,2.911344853,486.74,119.74,367,3056.275,4.75,16703,63.8,105.4
Sumatera Selatan,Sumatera Selatan,2025,12,1537,24,51.2,110.12,.49,2.91,2.906270442,508.38,129.67,378.71,2981.637,4.75,16699,62.5,106.3
Bengkulu,Bengkulu,2025,1,38,38,51.9,105.33,-.59,.09,.08551881414,19.19,,19.19,461.374,5.75,16262,79.3,104.2
Bengkulu,Bengkulu,2025,2,51,13,53.6,104.73,-.57,-1.26,-1.263316678,14.15,,14.15,468.539,5.75,16338,75.40000000000001,104.3
Bengkulu,Bengkulu,2025,3,60,9,52.4,106.07,1.28,-.22,-.2163687676,9.16,,9.16,458.682,5.75,16456,72.7,105.1
Bengkulu,Bengkulu,2025,4,66,6,46.7,107.46,1.31,.96,.9582863585,3.96,,3.96,495.13,5.75,16820,68.09999999999999,105.1
Bengkulu,Bengkulu,2025,5,82,16,47.4,107.18,-.26,.39,.39340577,4.57,,4.57,515.4160000000001,5.5,16441,64.5,104.6
Bengkulu,Bengkulu,2025,6,117,35,46.9,106.61,-.53,-.1,-.1030734633,2.81,,2.81,485.38,5.5,16311,71.40000000000001,104.7
Bengkulu,Bengkulu,2025,7,320,203,49.2,107.04,.4,1.01,1.009719732,3.93,,3.93,507.631,5.25,16276,71,105.2
Bengkulu,Bengkulu,2025,8,508,188,51.5,107.15,.1,1.3,1.295140858,6.82,,6.82,517.724,5,16309,67.90000000000001,105.2
Bengkulu,Bengkulu,2025,9,523,15,50.4,108.19,.97,2.57,2.569207433,12.9,,12.9,506.825,4.75,16512,68,105.3
Bengkulu,Bengkulu,2025,10,533,10,51.2,108.39,.18,2.85,2.846569883,6.46,,6.46,509.671,4.75,16607,64.5,105.5
Bengkulu,Bengkulu,2025,11,535,2,53.3,108.43,.04,2.68,2.679924242,6.21,,6.21,508.264,4.75,16703,63.8,105.4
Bengkulu,Bengkulu,2025,12,535,,51.2,108.9,.43,2.77,2.774631937,14.52,,14.52,482.75,4.75,16699,62.5,106.3
Lampung,Lampung,2025,1,67,67,51.9,107.66,-.71,1.04,1.04176443,477.54,237.99,239.55,1898.306,5.75,16262,79.3,104.2
Lampung,Lampung,2025,2,185,118,53.6,106.95,-.66,-.02,-.01869683089,517.93,282.84,235.09,1923.888,5.75,16338,75.40000000000001,104.3
Lampung,Lampung,2025,3,225,40,52.4,109.05,1.96,1.58,1.58360503,578.05,164.9,413.15,1862.087,5.75,16456,72.7,105.1
Lampung,Lampung,2025,4,265,40,46.7,110.35,1.19,2.8,2.804173654,352.16,112.79,239.37,1886.078,5.75,16820,68.09999999999999,105.1
Lampung,Lampung,2025,5,377,112,47.4,109.71,-.58,2.12,2.122312203,565.33,175.45,389.88,2011.123,5.5,16441,64.5,104.6
Lampung,Lampung,2025,6,477,100,46.9,109.75,.04,2.27,2.273786227,556.48,172.18,384.3,1830.961,5.5,16311,71.40000000000001,104.7
Lampung,Lampung,2025,7,538,61,49.2,109.96,.19,2.63,2.632070189,550.04,130.87,419.17,2003.288,5.25,16276,71,105.2
Lampung,Lampung,2025,8,583,45,51.5,108.34,-1.47,1.05,1.054006156,684.46,221.25,463.21,2013.524,5,16309,67.90000000000001,105.2
Lampung,Lampung,2025,9,699,116,50.4,108.51,.16,1.17,1.165392504,544.95,116.22,428.73,1983.056,4.75,16512,68,105.3
Lampung,Lampung,2025,10,791,92,51.2,108.76,.23,1.2,1.200334977,616.18,134.54,481.64,1943.61,4.75,16607,64.5,105.5
Lampung,Lampung,2025,11,799,8,53.3,109.15,.36,1.14,1.139733136,532.61,144.24,388.37,1918.951,4.75,16703,63.8,105.4
Lampung,Lampung,2025,12,800,1,51.2,109.79,.59,1.25,1.254265425,661.98,161.38,500.6,1940.075,4.75,16699,62.5,106.3
Bangka Belitung,Bangka Belitung,2025,1,13,13,51.9,103.36,-.85,-.23,-.2316602317,75.56,.05,75.51000000000001,327.325,5.75,16262,79.3,104.2
Bangka Belitung,Bangka Belitung,2025,2,24,11,53.6,103.33,-.03,-.64,-.6442307692,145.49,1.57,143.92,328.403,5.75,16338,75.40000000000001,104.3
Bangka Belitung,Bangka Belitung,2025,3,47,23,52.4,105.22,1.83,1.13,1.134179162,205.39,,205.39,323.392,5.75,16456,72.7,105.1
Bangka Belitung,Bangka Belitung,2025,4,63,16,46.7,106.03,.77,1.37,1.367112811,176.41,1.39,175.02,344.855,5.75,16820,68.09999999999999,105.1
Bangka Belitung,Bangka Belitung,2025,5,89,26,47.4,105.09,-.89,.79,.7864198715,206.04,.7,205.34,363.29,5.5,16441,64.5,104.6
Bangka Belitung,Bangka Belitung,2025,6,101,12,46.9,104.98,-.1,.99,.9908609909,166.65,.65,166,365.749,5.5,16311,71.40000000000001,104.7
Bangka Belitung,Bangka Belitung,2025,7,196,95,49.2,105.66,.65,2.05,2.047517867,145.98,.12,145.86,437.029,5.25,16276,71,105.2
Bangka Belitung,Bangka Belitung,2025,8,242,46,51.5,105.17,-.46,1.34,1.339371748,136.23,.7,135.53,435.869,5,16309,67.90000000000001,105.2
Bangka Belitung,Bangka Belitung,2025,9,255,13,50.4,105.65,.46,1.82,1.82151118,173.95,.11,173.84,427.211,4.75,16512,68,105.3
Bangka Belitung,Bangka Belitung,2025,10,264,9,51.2,106.17,.49,2.51,2.510379454,113.78,,113.78,429.546,4.75,16607,64.5,105.5
Bangka Belitung,Bangka Belitung,2025,11,267,3,53.3,106.55,.36,2.87,2.867348909,283.43,.57,282.86,361.593,4.75,16703,63.8,105.4
Bangka Belitung,Bangka Belitung,2025,12,271,4,51.2,107.14,.55,2.77,2.772182254,207.83,,207.83,344.525,4.75,16699,62.5,106.3
Kepulauan Riau,Kepulauan Riau,2025,1,238,238,51.9,107.81,.43,2.01,2.005866213,2106.03,1749.79,356.24,1975.021,5.75,16262,79.3,104.2
Kepulauan Riau,Kepulauan Riau,2025,2,611,373,53.6,107.66,-.14,2.09,2.086098995,1728.27,1686.27,42,2017.43,5.75,16338,75.40000000000001,104.3
Kepulauan Riau,Kepulauan Riau,2025,3,834,223,52.4,108.07,.38,2.01,2.010572022,1983.45,1920.16,63.29,1867.181,5.75,16456,72.7,105.1
Kepulauan Riau,Kepulauan Riau,2025,4,1079,245,46.7,108.71,.59,2.56,2.556603774,1941.38,1926.94,14.44,1898.679,5.75,16820,68.09999999999999,105.1
Kepulauan Riau,Kepulauan Riau,2025,5,1260,181,47.4,108.23,-.44,1.73,1.729485854,2327.23,2273.53,53.7,1907.605,5.5,16441,64.5,104.6
Kepulauan Riau,Kepulauan Riau,2025,6,1607,347,46.9,108.1,-.12,1.32,1.321585903,1833.63,1872.7,-39.07,1906.959,5.5,16311,71.40000000000001,104.7
Kepulauan Riau,Kepulauan Riau,2025,7,2197,590,49.2,108.3,.19,1.97,1.967799642,1935.5,1680.45,255.05,1925.517,5.25,16276,71,105.2
Kepulauan Riau,Kepulauan Riau,2025,8,2541,344,51.5,108.5,.18,2.19,2.194593576,1797.81,1784.58,13.23,1957.928,5,16309,67.90000000000001,105.2
Kepulauan Riau,Kepulauan Riau,2025,9,2814,273,50.4,109.19,.64,2.7,2.699398044,1878.48,1783.55,94.93000000000001,1924.386,4.75,16512,68,105.3
Kepulauan Riau,Kepulauan Riau,2025,10,3198,384,51.2,109.58,.36,3.01,3.008084226,2074.96,1866.03,208.93,1916.645,4.75,16607,64.5,105.5
Kepulauan Riau,Kepulauan Riau,2025,11,3258,60,53.3,109.83,.23,3,3.001031605,1798.25,1755.49,42.76,1902.752,4.75,16703,63.8,105.4
Kepulauan Riau,Kepulauan Riau,2025,12,3265,7,51.2,111.08,1.14,3.47,3.474615743,2009.21,1908.61,100.6,1817.838,4.75,16699,62.5,106.3
DKI Jakarta,DKI Jakarta,2025,1,671,671,51.9,104.1,-1.5,.14,.1443001443,1423.89,8940.549999999999,-7516.66,68878.715,5.75,16262,79.3,104.2
DKI Jakarta,DKI Jakarta,2025,2,1425,754,53.6,103.8,-.29,-.59,-.5937559854,1508.15,8714.809999999999,-7206.66,69924.382,5.75,16338,75.40000000000001,104.3
DKI Jakarta,DKI Jakarta,2025,3,2042,617,52.4,105.88,2,1.02,1.020894953,1385.53,8961.85,-7576.32,67718.41,5.75,16456,72.7,105.1
DKI Jakarta,DKI Jakarta,2025,4,2528,486,46.7,107.4,1.44,2.21,2.207841644,1140.12,10115.9,-8975.780000000001,68852.06200000001,5.75,16820,68.09999999999999,105.1
DKI Jakarta,DKI Jakarta,2025,5,3297,769,47.4,107.14,-.24,2.07,2.067257312,1406.43,9811.26,-8404.83,69346.44100000001,5.5,16441,64.5,104.6
DKI Jakarta,DKI Jakarta,2025,6,3923,626,46.9,107.28,.13,2.07,2.074215033,1389.93,9345.209999999999,-7955.28,65222.528,5.5,16311,71.40000000000001,104.7
DKI Jakarta,DKI Jakarta,2025,7,4560,637,49.2,107.4,.11,2.25,2.246763138,1539.76,10236.61,-8696.85,66435.984,5.25,16276,71,105.2
DKI Jakarta,DKI Jakarta,2025,8,5059,499,51.5,107.35,-.05,2.16,2.16025885,1466.27,9122.629999999999,-7656.36,66584.659,5,16309,67.90000000000001,105.2
DKI Jakarta,DKI Jakarta,2025,9,5621,562,50.4,107.49,.13,2.4,2.40068591,1549.32,9793.120000000001,-8243.799999999999,67032.77499999999,4.75,16512,68,105.3
DKI Jakarta,DKI Jakarta,2025,10,6111,490,51.2,107.82,.31,2.69,2.685714286,1623.44,10637.49,-9014.049999999999,69325.359,4.75,16607,64.5,105.5
DKI Jakarta,DKI Jakarta,2025,11,6288,177,53.3,108.11,.27,2.67,2.668566002,1646.53,9837.92,-8191.39,67271.63800000001,4.75,16703,63.8,105.4
DKI Jakarta,DKI Jakarta,2025,12,6311,23,51.2,108.47,.33,2.63,2.630333996,1430.95,11879.08,-10448.13,64500.728,4.75,16699,62.5,106.3
Jawa Barat,Jawa Barat,2025,1,1738,1738,51.9,106.6,-.68,.79,.7942511346,3023.06,320.35,2702.71,20576.84,5.75,16262,79.3,104.2
Jawa Barat,Jawa Barat,2025,2,5711,3973,53.6,105.95,-.61,-.27,-.2729668675,3203.98,315.76,2888.22,21346.177,5.75,16338,75.40000000000001,104.3
Jawa Barat,Jawa Barat,2025,3,7176,1465,52.4,107.64,1.6,.8100000000000001,.8053942686,3091.55,379.24,2712.31,21798.975,5.75,16456,72.7,105.1
Jawa Barat,Jawa Barat,2025,4,8666,1490,46.7,108.73,1.01,1.67,1.673835796,2758.76,252.82,2505.94,22605.116,5.75,16820,68.09999999999999,105.1
Jawa Barat,Jawa Barat,2025,5,10041,1375,47.4,108.38,-.32,1.47,1.469899822,3325.33,346.05,2979.28,23729.196,5.5,16441,64.5,104.6
Jawa Barat,Jawa Barat,2025,6,11585,1544,46.9,108.67,.27,1.78,1.779526084,3245.88,269,2976.88,24934.879,5.5,16311,71.40000000000001,104.7
Jawa Barat,Jawa Barat,2025,7,13400,1815,49.2,109,.3,2.03,2.031264626,3505.34,298.19,3207.15,25523.022,5.25,16276,71,105.2
Jawa Barat,Jawa Barat,2025,8,14977,1577,51.5,108.79,-.19,1.77,1.768007484,3466.67,295.66,3171.01,25825.044,5,16309,67.90000000000001,105.2
Jawa Barat,Jawa Barat,2025,9,17027,2050,50.4,109.02,.21,2.19,2.193475816,3268.6,218.56,3050.04,24999.684,4.75,16512,68,105.3
Jawa Barat,Jawa Barat,2025,10,18059,1032,51.2,109.51,.45,2.63,2.633552015,3356.64,261.58,3095.06,23748.182,4.75,16607,64.5,105.5
Jawa Barat,Jawa Barat,2025,11,18711,652,53.3,109.68,.16,2.54,2.543006731,3201.6,237.78,2963.82,23607.659,4.75,16703,63.8,105.4
Jawa Barat,Jawa Barat,2025,12,18815,104,51.2,110.15,.43,2.63,2.627410789,3275.34,362.74,2912.6,23132.379,4.75,16699,62.5,106.3
Jawa Tengah,Jawa Tengah,2025,1,1756,1756,51.9,106.58,-.46,1.28,1.282904115,965.33,881.48,83.84999999999999,16121.912,5.75,16262,79.3,104.2
Jawa Tengah,Jawa Tengah,2025,2,10088,8332,53.6,105.75,-.78,-.08,-.07559293206,1016.17,1189.32,-173.15,16561.87,5.75,16338,75.40000000000001,104.3
Jawa Tengah,Jawa Tengah,2025,3,10459,371,52.4,107.26,1.43,.75,.7514559459,1009.6,1059.39,-49.79,16289.107,5.75,16456,72.7,105.1
Jawa Tengah,Jawa Tengah,2025,4,10864,405,46.7,108.74,1.38,1.94,1.940564357,830.09,1292.23,-462.14,18014.298,5.75,16820,68.09999999999999,105.1
Jawa Tengah,Jawa Tengah,2025,5,11434,570,47.4,108.21,-.49,1.66,1.662908681,971.04,1248.82,-277.78,18574.728,5.5,16441,64.5,104.6
Jawa Tengah,Jawa Tengah,2025,6,12206,772,46.9,108.47,.24,2.2,2.195213868,1042.37,1058.46,-16.09,18030.457,5.5,16311,71.40000000000001,104.7
Jawa Tengah,Jawa Tengah,2025,7,12515,309,49.2,108.67,.18,2.52,2.518867925,1192.94,1351.65,-158.71,18353.959,5.25,16276,71,105.2
Jawa Tengah,Jawa Tengah,2025,8,13414,899,51.5,108.56,-.1,2.48,2.482771642,1093.49,1312.32,-218.83,17468.4,5,16309,67.90000000000001,105.2
Jawa Tengah,Jawa Tengah,2025,9,13800,386,50.4,108.79,.21,2.65,2.651443669,1068.29,1276.92,-208.63,16367.621,4.75,16512,68,105.3
Jawa Tengah,Jawa Tengah,2025,10,14365,565,51.2,109.22,.4,2.86,2.863062724,1123.6,1344.87,-221.27,17582.035,4.75,16607,64.5,105.5
Jawa Tengah,Jawa Tengah,2025,11,14634,269,53.3,109.43,.19,2.79,2.789780199,1120.69,1243.6,-122.91,17291.359,4.75,16703,63.8,105.4
Jawa Tengah,Jawa Tengah,2025,12,14700,66,51.2,109.98,.5,2.72,2.717848137,1189.6,1340.04,-150.44,16346.81,4.75,16699,62.5,106.3
DI Yogyakarta,DI Yogyakarta,2025,1,64,64,51.9,106.24,-.35,.95,.950209046,43.41,.01,43.4,1654.291,5.75,16262,79.3,104.2
DI Yogyakarta,DI Yogyakarta,2025,2,354,290,53.6,105.33,-.86,-.3,-.3028868907,47.41,.01,47.4,1722.959,5.75,16338,75.40000000000001,104.3
DI Yogyakarta,DI Yogyakarta,2025,3,463,109,52.4,106.65,1.25,.52,.5183788878,46.33,.05,46.28,1715.578,5.75,16456,72.7,105.1
DI Yogyakarta,DI Yogyakarta,2025,4,532,69,46.7,108.43,1.67,2.1,2.099811676,38.83,.01,38.82,1785.029,5.75,16820,68.09999999999999,105.1
DI Yogyakarta,DI Yogyakarta,2025,5,851,319,47.4,108.27,-.15,2.04,2.03562341,46.92,0,46.92,1874.091,5.5,16441,64.5,104.6
DI Yogyakarta,DI Yogyakarta,2025,6,1186,335,46.9,108.52,.23,2.52,2.522437411,47.35,0,47.35,1920.546,5.5,16311,71.40000000000001,104.7
DI Yogyakarta,DI Yogyakarta,2025,7,1278,92,49.2,108.57,.05,2.6,2.598752599,54.01,0,54.01,1892.677,5.25,16276,71,105.2
DI Yogyakarta,DI Yogyakarta,2025,8,1355,77,51.5,108.31,-.24,2.3,2.304713328,47.93,.01,47.92,1894.712,5,16309,67.90000000000001,105.2
DI Yogyakarta,DI Yogyakarta,2025,9,1416,61,50.4,108.47,.15,2.56,2.562405446,42.89,0,42.89,1850.507,4.75,16512,68,105.3
DI Yogyakarta,DI Yogyakarta,2025,10,1479,63,51.2,108.93,.42,2.9,2.900056679,45.37,,45.37,2014.201,4.75,16607,64.5,105.5
DI Yogyakarta,DI Yogyakarta,2025,11,1574,95,53.3,109.22,.27,2.92,2.921221259,46.02,.01,46.01,2003.08,4.75,16703,63.8,105.4
DI Yogyakarta,DI Yogyakarta,2025,12,1576,2,51.2,109.93,.65,3.11,3.114154395,52.26,.01,52.25,1916.602,4.75,16699,62.5,106.3
Jawa Timur,Jawa Timur,2025,1,482,482,51.9,106.53,-.54,1.06,1.062517788,2016.4,2273.75,-257.35,17176.626,5.75,16262,79.3,104.2
Jawa Timur,Jawa Timur,2025,2,1273,791,53.6,105.9,-.59,-.03,-.02832058907,2050.37,2322.23,-271.86,17651.994,5.75,16338,75.40000000000001,104.3
Jawa Timur,Jawa Timur,2025,3,1595,322,52.4,107.43,1.44,.77,.7691586155,2077.21,2398.32,-321.11,17755.994,5.75,16456,72.7,105.1
Jawa Timur,Jawa Timur,2025,4,2009,414,46.7,108.43,.93,1.35,1.345920179,2097.09,2689.77,-592.68,18550.602,5.75,16820,68.09999999999999,105.1
Jawa Timur,Jawa Timur,2025,5,2603,594,47.4,108.06,-.34,1.22,1.217684526,2829.91,2298.26,531.65,19791.436,5.5,16441,64.5,104.6
Jawa Timur,Jawa Timur,2025,6,2928,325,46.9,108.52,.43,2.02,2.021246592,2665.72,2245.62,420.1,19519.62,5.5,16311,71.40000000000001,104.7
Jawa Timur,Jawa Timur,2025,7,3292,364,49.2,108.76,.22,2.21,2.208439056,2780.91,2516.23,264.68,19681.863,5.25,16276,71,105.2
Jawa Timur,Jawa Timur,2025,8,3802,510,51.5,108.65,-.1,2.17,2.1722776,2467.56,2415.53,52.03,20138.284,5,16309,67.90000000000001,105.2
Jawa Timur,Jawa Timur,2025,9,4357,555,50.4,108.9,.23,2.53,2.5327182,3205.54,2422.73,782.8099999999999,19573.941,4.75,16512,68,105.3
Jawa Timur,Jawa Timur,2025,10,5343,986,51.2,109.23,.3,2.69,2.688728025,2272.17,2663.54,-391.37,19405.032,4.75,16607,64.5,105.5
Jawa Timur,Jawa Timur,2025,11,5922,579,53.3,109.42,.17,2.63,2.62614894,2143.48,2431.88,-288.4,19260.915,4.75,16703,63.8,105.4
Jawa Timur,Jawa Timur,2025,12,5949,27,51.2,110.25,.76,2.93,2.93156568,2517.62,2913.1,-395.48,18688.502,4.75,16699,62.5,106.3
Banten,Banten,2025,1,2604,2604,51.9,105.49,-1.05,.85,.8508604207,1070.52,1076.14,-5.62,5584.485,5.75,16262,79.3,104.2
Banten,Banten,2025,2,3125,521,53.6,104.79,-.66,-.33,-.3328894807,1084.35,1149.24,-64.89,5711.059,5.75,16338,75.40000000000001,104.3
Banten,Banten,2025,3,3554,429,52.4,106.91,2.02,.7,.6969953848,1083.25,1100.08,-16.83,5510.984,5.75,16456,72.7,105.1
Banten,Banten,2025,4,3924,370,46.7,108.29,1.29,1.59,1.585365854,908.12,1131.89,-223.77,5703.182,5.75,16820,68.09999999999999,105.1
Banten,Banten,2025,5,4550,626,47.4,107.71,-.54,1.57,1.565299387,1120.54,1012.34,108.2,5940.023,5.5,16441,64.5,104.6
Banten,Banten,2025,6,5454,904,46.9,107.91,.19,1.83,1.830706804,1067,956.55,110.45,6034.622,5.5,16311,71.40000000000001,104.7
Banten,Banten,2025,7,6219,765,49.2,108.14,.21,2.29,2.289065456,1155.22,1095.96,59.26,6506.548,5.25,16276,71,105.2
Banten,Banten,2025,8,6800,581,51.5,107.79,-.32,1.95,1.948359028,1089.82,1161.31,-71.48999999999999,6856.847,5,16309,67.90000000000001,105.2
Banten,Banten,2025,9,7380,580,50.4,107.9,.1,2.31,2.313673431,1121.75,1127.98,-6.23,6848.406,4.75,16512,68,105.3
Banten,Banten,2025,10,10101,2721,51.2,108.51,.57,2.75,2.745952088,1192.18,1235.8,-43.62,6804.129,4.75,16607,64.5,105.5
Banten,Banten,2025,11,10351,250,53.3,108.8,.27,2.56,2.564102564,1006.31,1094,-87.69,7087.577,4.75,16703,63.8,105.4
Banten,Banten,2025,12,10376,25,51.2,109.53,.67,2.74,2.73895507,1113.31,1112.41,.9,6712.724,4.75,16699,62.5,106.3
Bali,Bali,2025,1,31,31,51.9,107.85,-.02,2.41,2.411926693,48.96,8.85,40.11,1356.649,5.75,16262,79.3,104.2
Bali,Bali,2025,2,64,33,53.6,107.23,-.57,1.21,1.208117036,52.22,8.630000000000001,43.59,1343.632,5.75,16338,75.40000000000001,104.3
Bali,Bali,2025,3,247,183,52.4,108.96,1.61,1.89,1.888909669,53.66,10.77,42.89,1326.024,5.75,16456,72.7,105.1
Bali,Bali,2025,4,270,23,46.7,109.75,.73,2.3,2.302386279,41.4,9.470000000000001,31.93,1422.931,5.75,16820,68.09999999999999,105.1
Bali,Bali,2025,5,388,118,47.4,109.23,-.47,1.92,1.922179714,46.51,10.05,36.46,1433.715,5.5,16441,64.5,104.6
Bali,Bali,2025,6,470,82,46.9,109.71,.44,2.94,2.936761118,40.27,9.85,30.42,1410.308,5.5,16311,71.40000000000001,104.7
Bali,Bali,2025,7,514,44,49.2,110.06,.32,3.16,3.158684038,39.75,14.45,25.3,1398.792,5.25,16276,71,105.2
Bali,Bali,2025,8,532,18,51.5,109.63,-.39,2.65,2.649812734,42.92,16,26.92,1398.746,5,16309,67.90000000000001,105.2
Bali,Bali,2025,9,577,45,50.4,109.62,-.01,2.51,2.506078175,45.48,13.63,31.85,1350.839,4.75,16512,68,105.3
Bali,Bali,2025,10,604,27,51.2,109.8,.16,2.61,2.607232969,53.35,14.77,38.58,1282.141,4.75,16607,64.5,105.5
Bali,Bali,2025,11,609,5,53.3,110.24,.4,2.51,2.510693695,47.94,13.72,34.22,1255.443,4.75,16703,63.8,105.4
Bali,Bali,2025,12,611,2,51.2,111.01,.7,2.91,2.910911282,53.03,12.28,40.75,1175.121,4.75,16699,62.5,106.3
Nusa Tenggara Barat,Nusa Tenggara Barat,2025,1,7,7,51.9,106.45,-.55,.68,.6809798543,3.89,38.12,-34.23,1545.081,5.75,16262,79.3,104.2
Nusa Tenggara Barat,Nusa Tenggara Barat,2025,2,38,31,53.6,105.81,-.6,-.01,-.00945000945,7.29,13.83,-6.54,1614.187,5.75,16338,75.40000000000001,104.3
Nusa Tenggara Barat,Nusa Tenggara Barat,2025,3,47,9,52.4,107.97,2.04,1.15,1.152332771,6.13,19.62,-13.49,1609.771,5.75,16456,72.7,105.1
Nusa Tenggara Barat,Nusa Tenggara Barat,2025,4,57,10,46.7,108.72,.6899999999999999,1.8,1.797752809,39.11,23.91,15.2,1694.945,5.75,16820,68.09999999999999,105.1
Nusa Tenggara Barat,Nusa Tenggara Barat,2025,5,87,30,47.4,108.09,-.58,1.63,1.626551335,54.32,33.4,20.92,1734.423,5.5,16441,64.5,104.6
Nusa Tenggara Barat,Nusa Tenggara Barat,2025,6,114,27,46.9,108.74,.6,2.51,2.507541478,93.72,21.3,72.42,1729.464,5.5,16311,71.40000000000001,104.7
Nusa Tenggara Barat,Nusa Tenggara Barat,2025,7,137,23,49.2,108.93,.17,3.05,3.046069435,119.57,20.98,98.59,1790.121,5.25,16276,71,105.2
Nusa Tenggara Barat,Nusa Tenggara Barat,2025,8,149,12,51.5,108.48,-.41,2.56,2.562163184,102.68,17,85.68000000000001,1859.206,5,16309,67.90000000000001,105.2
Nusa Tenggara Barat,Nusa Tenggara Barat,2025,9,166,17,50.4,108.72,.22,2.69,2.691980731,173.7,11.93,161.77,1892.591,4.75,16512,68,105.3
Nusa Tenggara Barat,Nusa Tenggara Barat,2025,10,174,8,51.2,109.1,.35,2.96,2.963382408,135.56,6.84,128.72,1953.342,4.75,16607,64.5,105.5
Nusa Tenggara Barat,Nusa Tenggara Barat,2025,11,175,1,53.3,109.47,.34,2.74,2.740497419,327.84,13.25,314.59,2147.171,4.75,16703,63.8,105.4
Nusa Tenggara Barat,Nusa Tenggara Barat,2025,12,177,2,51.2,110.26,.72,3.01,3.008221226,633.34,34.21,599.13,1973.032,4.75,16699,62.5,106.3
Nusa Tenggara Timur,Nusa Tenggara Timur,2025,1,6,6,51.9,106.11,-.27,-.06,-.0565131393,6.07,.14,5.93,1600.228,5.75,16262,79.3,104.2
Nusa Tenggara Timur,Nusa Tenggara Timur,2025,2,21,15,53.6,106.5,.37,.47,.4716981132,6.03,.22,5.81,1675.536,5.75,16338,75.40000000000001,104.3
Nusa Tenggara Timur,Nusa Tenggara Timur,2025,3,31,10,52.4,107.82,1.24,1.86,1.861124232,5.73,1.75,3.98,1625.755,5.75,16456,72.7,105.1
Nusa Tenggara Timur,Nusa Tenggara Timur,2025,4,52,21,46.7,108.06,.22,1.77,1.770578263,5.98,.12,5.86,1764.664,5.75,16820,68.09999999999999,105.1
Nusa Tenggara Timur,Nusa Tenggara Timur,2025,5,65,13,47.4,107.63,-.4,1.6,1.604833381,7.64,1.38,6.26,1837.783,5.5,16441,64.5,104.6
Nusa Tenggara Timur,Nusa Tenggara Timur,2025,6,81,16,46.9,107.51,-.11,1.72,1.72201722,4.39,.47,3.92,1727.806,5.5,16311,71.40000000000001,104.7
Nusa Tenggara Timur,Nusa Tenggara Timur,2025,7,88,7,49.2,108.54,.96,3.03,3.028001898,6.26,1.9,4.36,1817.325,5.25,16276,71,105.2
Nusa Tenggara Timur,Nusa Tenggara Timur,2025,8,107,19,51.5,107.94,-.55,2.71,2.711961176,6.61,.91,5.7,1850.879,5,16309,67.90000000000001,105.2
Nusa Tenggara Timur,Nusa Tenggara Timur,2025,9,147,40,50.4,107.48,-.43,2.3,2.30344565,7.22,2.39,4.83,1817.303,4.75,16512,68,105.3
Nusa Tenggara Timur,Nusa Tenggara Timur,2025,10,162,15,51.2,107.44,-.04,2,2.00322795,6.88,2.03,4.85,1797.97,4.75,16607,64.5,105.5
Nusa Tenggara Timur,Nusa Tenggara Timur,2025,11,171,9,53.3,108.06,.58,2.4,2.397422534,6.95,.64,6.31,1715.509,4.75,16703,63.8,105.4
Nusa Tenggara Timur,Nusa Tenggara Timur,2025,12,171,,51.2,108.94,.8100000000000001,2.39,2.387218045,6.87,.44,6.43,1632.043,4.75,16699,62.5,106.3
Kalimantan Barat,Kalimantan Barat,2025,1,69,69,51.9,105.57,-1.17,.15,.1517882554,211.6,30.29,181.31,1731.612,5.75,16262,79.3,104.2
Kalimantan Barat,Kalimantan Barat,2025,2,1259,1190,53.6,105.53,-.04,.04,.03791828609,197.91,33.85,164.06,1775.337,5.75,16338,75.40000000000001,104.3
Kalimantan Barat,Kalimantan Barat,2025,3,1475,216,52.4,106.83,1.23,.9399999999999999,.9353741497,188.28,30.37,157.91,1759.689,5.75,16456,72.7,105.1
Kalimantan Barat,Kalimantan Barat,2025,4,1556,81,46.7,107.85,.95,1.2,1.201088486,175.9,28.7,147.2,1810.735,5.75,16820,68.09999999999999,105.1
Kalimantan Barat,Kalimantan Barat,2025,5,1914,358,47.4,107.37,-.45,.59,.5902192243,185.37,40.53,144.84,1856.708,5.5,16441,64.5,104.6
Kalimantan Barat,Kalimantan Barat,2025,6,1977,63,46.9,107.71,.32,1.2,1.202668421,179.81,34.16,145.65,1856.001,5.5,16311,71.40000000000001,104.7
Kalimantan Barat,Kalimantan Barat,2025,7,2117,140,49.2,108.22,.47,2.14,2.142520057,163.09,43.61,119.48,1846.223,5.25,16276,71,105.2
Kalimantan Barat,Kalimantan Barat,2025,8,2170,53,51.5,107.94,-.26,2.13,2.128867443,202.02,112.28,89.73999999999999,1792.209,5,16309,67.90000000000001,105.2
Kalimantan Barat,Kalimantan Barat,2025,9,2232,62,50.4,108.06,.11,1.94,1.943396226,113.14,91.25,21.89,1563.763,4.75,16512,68,105.3
Kalimantan Barat,Kalimantan Barat,2025,10,2318,86,51.2,108.24,.17,2.07,2.074688797,139.58,85.38,54.2,1583.005,4.75,16607,64.5,105.5
Kalimantan Barat,Kalimantan Barat,2025,11,2559,241,53.3,108.5,.24,2.04,2.040816327,195.44,51.02,144.42,1548.404,4.75,16703,63.8,105.4
Kalimantan Barat,Kalimantan Barat,2025,12,2577,18,51.2,108.8,.28,1.85,1.853585471,197.53,69.09999999999999,128.43,1465.867,4.75,16699,62.5,106.3
Kalimantan Tengah,Kalimantan Tengah,2025,1,38,38,51.9,106.06,-.54,.28,.2836611195,296.72,4.18,292.54,874.028,5.75,16262,79.3,104.2
Kalimantan Tengah,Kalimantan Tengah,2025,2,69,31,53.6,105.57,-.46,.28,.2849814762,301.88,1.65,300.23,911.15,5.75,16338,75.40000000000001,104.3
Kalimantan Tengah,Kalimantan Tengah,2025,3,88,19,52.4,107.37,1.71,1.33,1.330690827,270.36,.09,270.27,923.626,5.75,16456,72.7,105.1
Kalimantan Tengah,Kalimantan Tengah,2025,4,97,9,46.7,108.02,.61,1.21,1.20865736,231.55,8.039999999999999,223.51,998.09,5.75,16820,68.09999999999999,105.1
Kalimantan Tengah,Kalimantan Tengah,2025,5,125,28,47.4,107.45,-.53,.46,.4581151832,326.52,.61,325.91,1014.754,5.5,16441,64.5,104.6
Kalimantan Tengah,Kalimantan Tengah,2025,6,164,39,46.9,107.79,.32,1.06,1.059441215,270.74,2.39,268.35,994.278,5.5,16311,71.40000000000001,104.7
Kalimantan Tengah,Kalimantan Tengah,2025,7,201,37,49.2,108.2,.38,2.13,2.13328299,336.69,2.05,334.64,1060.22,5.25,16276,71,105.2
Kalimantan Tengah,Kalimantan Tengah,2025,8,267,66,51.5,107.72,-.44,2.08,2.075239268,258.96,5.98,252.98,1215.932,5,16309,67.90000000000001,105.2
Kalimantan Tengah,Kalimantan Tengah,2025,9,368,101,50.4,108.08,.33,2.35,2.348484848,259.56,3.35,256.21,1198.223,4.75,16512,68,105.3
Kalimantan Tengah,Kalimantan Tengah,2025,10,405,37,51.2,108.64,.52,2.73,2.73286052,335.79,4.43,331.36,1176.801,4.75,16607,64.5,105.5
Kalimantan Tengah,Kalimantan Tengah,2025,11,479,74,53.3,108.85,.19,2.56,2.562894563,262.05,2.47,259.58,1174.991,4.75,16703,63.8,105.4
Kalimantan Tengah,Kalimantan Tengah,2025,12,479,,51.2,109.98,1.04,3.13,3.132033008,387.79,2.45,385.34,1185.439,4.75,16699,62.5,106.3
Kalimantan Selatan,Kalimantan Selatan,2025,1,250,250,51.9,106.33,-.76,.62,.6245859752,828.0599999999999,106.24,721.8200000000001,1785.609,5.75,16262,79.3,104.2
Kalimantan Selatan,Kalimantan Selatan,2025,2,541,291,53.6,105.92,-.39,.25,.2460723074,841.15,98.92,742.23,1900.896,5.75,16338,75.40000000000001,104.3
Kalimantan Selatan,Kalimantan Selatan,2025,3,758,217,52.4,107.6,1.59,1.2,1.203912716,800.1900000000001,124.18,676.01,1948.74,5.75,16456,72.7,105.1
Kalimantan Selatan,Kalimantan Selatan,2025,4,821,63,46.7,108.76,1.08,1.57,1.568920433,765.04,91.29000000000001,673.75,2073.579,5.75,16820,68.09999999999999,105.1
Kalimantan Selatan,Kalimantan Selatan,2025,5,943,122,47.4,108.41,-.32,1.25,1.24206201,822.66,157.82,664.84,2129.74,5.5,16441,64.5,104.6
Kalimantan Selatan,Kalimantan Selatan,2025,6,1213,270,46.9,108.66,.23,1.81,1.808301321,727.76,175.96,551.8,2107.574,5.5,16311,71.40000000000001,104.7
Kalimantan Selatan,Kalimantan Selatan,2025,7,1518,305,49.2,108.89,.21,2.48,2.475061171,801.89,103.15,698.74,2183.037,5.25,16276,71,105.2
Kalimantan Selatan,Kalimantan Selatan,2025,8,1766,248,51.5,108.72,-.16,2.68,2.682281828,956.6900000000001,114.09,842.6,2155.302,5,16309,67.90000000000001,105.2
Kalimantan Selatan,Kalimantan Selatan,2025,9,1943,177,50.4,109.03,.29,2.91,2.907031619,782.15,158.26,623.89,2110.234,4.75,16512,68,105.3
Kalimantan Selatan,Kalimantan Selatan,2025,10,2060,117,51.2,109.42,.36,3.11,3.109687147,882.41,129.83,752.58,2121.359,4.75,16607,64.5,105.5
Kalimantan Selatan,Kalimantan Selatan,2025,11,2136,76,53.3,110.22,.73,3.35,3.347398031,931.79,131.69,800.1,2161.479,4.75,16703,63.8,105.4
Kalimantan Selatan,Kalimantan Selatan,2025,12,2140,4,51.2,111.06,.76,3.66,3.658764234,996.76,130.92,865.84,2042.011,4.75,16699,62.5,106.3
Kalimantan Timur,Kalimantan Timur,2025,1,377,377,51.9,105.86,-1,.21,.2082544491,1684.44,390.48,1293.96,2342.687,5.75,16262,79.3,104.2
Kalimantan Timur,Kalimantan Timur,2025,2,612,235,53.6,105.6,-.25,-.3,-.3021148036,1822.67,471.93,1350.74,2333.664,5.75,16338,75.40000000000001,104.3
Kalimantan Timur,Kalimantan Timur,2025,3,1092,480,52.4,107.73,2.02,1.36,1.364320662,1721.03,374.03,1347,2306.847,5.75,16456,72.7,105.1
Kalimantan Timur,Kalimantan Timur,2025,4,1271,179,46.7,108.7,.9,1.57,1.569800037,1557.73,381.36,1176.37,2361.512,5.75,16820,68.09999999999999,105.1
Kalimantan Timur,Kalimantan Timur,2025,5,1683,412,47.4,108.32,-.35,1.03,1.025927999,1676.07,416.04,1260.03,2478.732,5.5,16441,64.5,104.6
Kalimantan Timur,Kalimantan Timur,2025,6,1998,315,46.9,108.91,.54,1.62,1.623588691,1630.31,360.71,1269.6,2452.409,5.5,16311,71.40000000000001,104.7
Kalimantan Timur,Kalimantan Timur,2025,7,2447,449,49.2,108.98,.06,2.08,2.079430498,1709.18,373.93,1335.25,2068.4,5.25,16276,71,105.2
Kalimantan Timur,Kalimantan Timur,2025,8,2857,410,51.5,108.54,-.4,1.79,1.791240739,1836.03,310.45,1525.58,2105.486,5,16309,67.90000000000001,105.2
Kalimantan Timur,Kalimantan Timur,2025,9,3430,573,50.4,108.58,.04,1.77,1.771487487,1672.07,438.38,1233.69,2097.672,4.75,16512,68,105.3
Kalimantan Timur,Kalimantan Timur,2025,10,3643,213,51.2,108.59,.01,1.94,1.943297033,1877.1,472.68,1404.42,2230.832,4.75,16607,64.5,105.5
Kalimantan Timur,Kalimantan Timur,2025,11,3873,230,53.3,109.03,.41,2.28,2.279549719,1703.24,437.54,1265.7,2861.488,4.75,16703,63.8,105.4
Kalimantan Timur,Kalimantan Timur,2025,12,3917,44,51.2,109.8,.71,2.68,2.683998878,2300.85,603.73,1697.12,2265.981,4.75,16699,62.5,106.3
Kalimantan Utara,Kalimantan Utara,2025,1,10,10,51.9,104.29,-1.35,-.12,-.1244972228,103.74,25.68,78.06,,5.75,16262,79.3,104.2
Kalimantan Utara,Kalimantan Utara,2025,2,15,5,53.6,104.11,-.17,-.49,-.4874784936,93,94.66,-1.66,,5.75,16338,75.40000000000001,104.3
Kalimantan Utara,Kalimantan Utara,2025,3,21,6,52.4,106.36,2.16,1.24,1.237388159,132.37,82.87,49.5,,5.75,16456,72.7,105.1
Kalimantan Utara,Kalimantan Utara,2025,4,23,2,46.7,106.84,.45,1.3,1.298947568,114.87,63.27,51.6,,5.75,16820,68.09999999999999,105.1
Kalimantan Utara,Kalimantan Utara,2025,5,36,13,47.4,106.9,.06,1.24,1.240647789,115.5,89.81999999999999,25.68,,5.5,16441,64.5,104.6
Kalimantan Utara,Kalimantan Utara,2025,6,39,3,46.9,106.97,.07,1.38,1.383755094,111.11,102.68,8.43,,5.5,16311,71.40000000000001,104.7
Kalimantan Utara,Kalimantan Utara,2025,7,53,14,49.2,107.6,.59,1.99,1.990521327,124.44,56.6,67.84,,5.25,16276,71,105.2
Kalimantan Utara,Kalimantan Utara,2025,8,61,8,51.5,107.66,.06,2.24,2.241215575,121.27,93.89,27.38,,5,16309,67.90000000000001,105.2
Kalimantan Utara,Kalimantan Utara,2025,9,68,7,50.4,107.65,-.01,2.32,2.319171181,106.51,87.83,18.68,,4.75,16512,68,105.3
Kalimantan Utara,Kalimantan Utara,2025,10,70,2,51.2,107.74,.08,2.23,2.229813075,130.08,51.54,78.54000000000001,,4.75,16607,64.5,105.5
Kalimantan Utara,Kalimantan Utara,2025,11,73,3,53.3,107.86,.11,2.47,2.470074102,111.03,73.09999999999999,37.93,,4.75,16703,63.8,105.4
Kalimantan Utara,Kalimantan Utara,2025,12,76,3,51.2,108.44,.54,2.57,2.572833901,140.38,74.12,66.26000000000001,,4.75,16699,62.5,106.3
Sulawesi Utara,Sulawesi Utara,2025,1,16,16,51.9,106.1,-1.1,-.25,-.2538309674,87.31,3.45,83.86,1129.341,5.75,16262,79.3,104.2
Sulawesi Utara,Sulawesi Utara,2025,2,61,45,53.6,105.54,-.53,-.15,-.151371807,101.26,21.13,80.13,1171.43,5.75,16338,75.40000000000001,104.3
Sulawesi Utara,Sulawesi Utara,2025,3,97,36,52.4,108.34,2.65,1.41,1.413460638,92.28,8.529999999999999,83.75,1163.466,5.75,16456,72.7,105.1
Sulawesi Utara,Sulawesi Utara,2025,4,137,40,46.7,109.44,1.02,2.27,2.270815812,88.05,16.84,71.20999999999999,1213.405,5.75,16820,68.09999999999999,105.1
Sulawesi Utara,Sulawesi Utara,2025,5,197,60,47.4,108.57,-.79,1.53,1.533713644,137.14,16.8,120.34,1273.793,5.5,16441,64.5,104.6
Sulawesi Utara,Sulawesi Utara,2025,6,223,26,46.9,109.27,.64,1.71,1.712743182,72.09999999999999,8.93,63.17,1248.619,5.5,16311,71.40000000000001,104.7
Sulawesi Utara,Sulawesi Utara,2025,7,240,17,49.2,109.5,.21,2.04,2.040816327,136.27,20.49,115.78,1279.407,5.25,16276,71,105.2
Sulawesi Utara,Sulawesi Utara,2025,8,289,49,51.5,108.28,-1.11,.9399999999999999,.9415493614,76.38,12.19,64.19,1369.576,5,16309,67.90000000000001,105.2
Sulawesi Utara,Sulawesi Utara,2025,9,302,13,50.4,108.36,.07,1.57,1.565282594,133.87,17.76,116.11,1354.834,4.75,16512,68,105.3
Sulawesi Utara,Sulawesi Utara,2025,10,332,30,51.2,108.49,.12,1.48,1.477878589,103.8,15.37,88.43000000000001,1376.339,4.75,16607,64.5,105.5
Sulawesi Utara,Sulawesi Utara,2025,11,344,12,53.3,108.05,-.41,.65,.6520726595,79.12,11.74,67.38,1387.27,4.75,16703,63.8,105.4
Sulawesi Utara,Sulawesi Utara,2025,12,345,1,51.2,108.6,.51,1.23,1.230425056,128.82,21.37,107.45,1398.907,4.75,16699,62.5,106.3
Sulawesi Tengah,Sulawesi Tengah,2025,1,36,36,51.9,105.9,-1.18,.02,.01888930865,1666.16,616.15,1050.01,891.216,5.75,16262,79.3,104.2
Sulawesi Tengah,Sulawesi Tengah,2025,2,99,63,53.6,105.96,.06,-.38,-.3760812335,1515.99,1231.19,284.8,925.437,5.75,16338,75.40000000000001,104.3
Sulawesi Tengah,Sulawesi Tengah,2025,3,165,66,52.4,108.95,2.82,1.88,1.879558631,1870.51,783.5,1087.01,965.653,5.75,16456,72.7,105.1
Sulawesi Tengah,Sulawesi Tengah,2025,4,253,88,46.7,110.17,1.12,2.97,2.972240396,1612.54,943.37,669.17,1016.221,5.75,16820,68.09999999999999,105.1
Sulawesi Tengah,Sulawesi Tengah,2025,5,402,149,47.4,109.86,-.28,2.61,2.605771925,1968.45,863.0700000000001,1105.38,1052.828,5.5,16441,64.5,104.6
Sulawesi Tengah,Sulawesi Tengah,2025,6,529,127,46.9,109.91,.05,2.47,2.470632109,1750.61,1119.84,630.77,1058.462,5.5,16311,71.40000000000001,104.7
Sulawesi Tengah,Sulawesi Tengah,2025,7,798,269,49.2,110.97,.96,3.69,3.690898897,1635.79,916.79,719,1106.903,5.25,16276,71,105.2
Sulawesi Tengah,Sulawesi Tengah,2025,8,1076,278,51.5,111.04,.06,4.02,4.018735363,1938.36,805.92,1132.44,1121.364,5,16309,67.90000000000001,105.2
Sulawesi Tengah,Sulawesi Tengah,2025,9,1504,428,50.4,110.96,-.07,3.88,3.875678712,2091.75,1064.33,1027.42,1099.133,4.75,16512,68,105.3
Sulawesi Tengah,Sulawesi Tengah,2025,10,1592,88,51.2,111.02,.05,3.92,3.922119255,2169.74,1019.06,1150.68,1066.622,4.75,16607,64.5,105.5
Sulawesi Tengah,Sulawesi Tengah,2025,11,1638,46,53.3,110.56,-.41,3.5,3.501217001,1756.53,847.72,908.8099999999999,1068.924,4.75,16703,63.8,105.4
Sulawesi Tengah,Sulawesi Tengah,2025,12,1650,12,51.2,110.71,.14,3.31,3.312803285,2339.6,1101.58,1238.02,1044.146,4.75,16699,62.5,106.3
Sulawesi Selatan,Sulawesi Selatan,2025,1,93,93,51.9,105.46,-.75,.1,.1044138586,151.84,49.68,102.16,4541.124,5.75,16262,79.3,104.2
Sulawesi Selatan,Sulawesi Selatan,2025,2,342,249,53.6,104.52,-.89,-1.09,-1.088293745,174.89,67.04000000000001,107.85,4662.313,5.75,16338,75.40000000000001,104.3
Sulawesi Selatan,Sulawesi Selatan,2025,3,494,152,52.4,106.78,2.16,.67,.6693692844,136.87,62.14,74.73,4654.385,5.75,16456,72.7,105.1
Sulawesi Selatan,Sulawesi Selatan,2025,4,651,157,46.7,108.65,1.75,2.28,2.278075873,164.46,70.62,93.84,4865.59,5.75,16820,68.09999999999999,105.1
Sulawesi Selatan,Sulawesi Selatan,2025,5,908,257,47.4,108.28,-.34,2.04,2.035431587,171.59,59.06,112.53,4926.534,5.5,16441,64.5,104.6
Sulawesi Selatan,Sulawesi Selatan,2025,6,1067,159,46.9,108.21,-.06,2.24,2.239229025,213.32,114.97,98.34999999999999,4933.317,5.5,16311,71.40000000000001,104.7
Sulawesi Selatan,Sulawesi Selatan,2025,7,1392,325,49.2,108.87,.61,3.05,3.047799337,172.83,72.62,100.21,5082.313,5.25,16276,71,105.2
Sulawesi Selatan,Sulawesi Selatan,2025,8,1780,388,51.5,108.91,.04,3.12,3.1247041,172.73,118.24,54.49,5133.143,5,16309,67.90000000000001,105.2
Sulawesi Selatan,Sulawesi Selatan,2025,9,2106,326,50.4,108.72,-.17,3.03,3.032600455,160.51,105.76,54.75,6157.826,4.75,16512,68,105.3
Sulawesi Selatan,Sulawesi Selatan,2025,10,3385,1279,51.2,108.83,.1,2.98,2.980696442,169.13,85.20999999999999,83.92,6318.482,4.75,16607,64.5,105.5
Sulawesi Selatan,Sulawesi Selatan,2025,11,4280,895,53.3,108.75,-.07,2.73,2.730020782,155.37,91.47,63.9,6286.742,4.75,16703,63.8,105.4
Sulawesi Selatan,Sulawesi Selatan,2025,12,4297,17,51.2,109.28,.49,2.84,2.842085451,142.54,110.28,32.26,6255.964,4.75,16699,62.5,106.3
Sulawesi Tenggara,Sulawesi Tenggara,2025,1,53,53,51.9,105.01,-1.45,-.39,-.3889205084,309.07,87.69,221.38,686.051,5.75,16262,79.3,104.2
Sulawesi Tenggara,Sulawesi Tenggara,2025,2,130,77,53.6,105.39,.36,-.22,-.2177617875,280.53,109.91,170.62,671.9589999999999,5.75,16338,75.40000000000001,104.3
Sulawesi Tenggara,Sulawesi Tenggara,2025,3,308,178,52.4,107.91,2.39,1.53,1.533684607,324.5,88.65000000000001,235.85,689.04,5.75,16456,72.7,105.1
Sulawesi Tenggara,Sulawesi Tenggara,2025,4,412,104,46.7,108.87,.89,1.96,1.957295374,317.79,181.47,136.32,741.948,5.75,16820,68.09999999999999,105.1
Sulawesi Tenggara,Sulawesi Tenggara,2025,5,566,154,47.4,108.72,-.14,1.71,1.712040415,307.43,70.01000000000001,237.42,761.191,5.5,16441,64.5,104.6
Sulawesi Tenggara,Sulawesi Tenggara,2025,6,717,151,46.9,109.48,.7,2.52,2.51896245,317.07,62.7,254.37,778.8680000000001,5.5,16311,71.40000000000001,104.7
Sulawesi Tenggara,Sulawesi Tenggara,2025,7,976,259,49.2,110.59,1.01,3.72,3.723504033,296.32,103.27,193.05,800.002,5.25,16276,71,105.2
Sulawesi Tenggara,Sulawesi Tenggara,2025,8,1091,115,51.5,110.32,-.24,3.75,3.752468729,278.46,101.94,176.52,820.182,5,16309,67.90000000000001,105.2
Sulawesi Tenggara,Sulawesi Tenggara,2025,9,1216,125,50.4,110.03,-.26,3.68,3.684508104,356.16,180.07,176.09,805.539,4.75,16512,68,105.3
Sulawesi Tenggara,Sulawesi Tenggara,2025,10,1314,98,51.2,109.39,-.58,3.26,3.256560317,340.37,159.09,181.28,812.367,4.75,16607,64.5,105.5
Sulawesi Tenggara,Sulawesi Tenggara,2025,11,1392,78,53.3,109.37,-.02,2.94,2.936470588,268.1,150.72,117.38,809.59,4.75,16703,63.8,105.4
Sulawesi Tenggara,Sulawesi Tenggara,2025,12,1409,17,51.2,109.61,.22,2.86,2.862237237,328.08,280.42,47.66,796.9400000000001,4.75,16699,62.5,106.3
Gorontalo,Gorontalo,2025,1,5,5,51.9,104.85,-1.64,-1.52,-1.521555368,5,.71,4.29,601.967,5.75,16262,79.3,104.2
Gorontalo,Gorontalo,2025,2,10,5,53.6,104.95,.1,-.29,-.2850356295,7.07,,7.07,627.999,5.75,16338,75.40000000000001,104.3
Gorontalo,Gorontalo,2025,3,18,8,52.4,107.97,2.88,1.76,1.762488219,7.98,,7.98,623.585,5.75,16456,72.7,105.1
Gorontalo,Gorontalo,2025,4,24,6,46.7,109.15,1.09,2.3,2.296157451,5.12,,5.12,645.197,5.75,16820,68.09999999999999,105.1
Gorontalo,Gorontalo,2025,5,34,10,47.4,107.32,-1.68,.28,.2803214352,11.43,,11.43,655.754,5.5,16441,64.5,104.6
Gorontalo,Gorontalo,2025,6,41,7,46.9,107.72,.37,.8,.7953588472000001,4,,4,658.515,5.5,16311,71.40000000000001,104.7
Gorontalo,Gorontalo,2025,7,56,15,49.2,109.16,1.34,3.12,3.117324769,8.27,,8.27,673.617,5.25,16276,71,105.2
Gorontalo,Gorontalo,2025,8,63,7,51.5,108.36,-.73,2.51,2.506858386,10.01,.98,9.029999999999999,672.598,5,16309,67.90000000000001,105.2
Gorontalo,Gorontalo,2025,9,70,7,50.4,108.23,-.12,1.99,1.988315115,7.65,,7.65,656.2809999999999,4.75,16512,68,105.3
Gorontalo,Gorontalo,2025,10,76,6,51.2,108.08,-.14,2.44,2.435788077,6.46,.32,6.14,654.206,4.75,16607,64.5,105.5
Gorontalo,Gorontalo,2025,11,86,10,53.3,108.34,.24,2.21,2.20754717,8.35,,8.35,646.88,4.75,16703,63.8,105.4
Gorontalo,Gorontalo,2025,12,87,1,51.2,109.29,.88,2.52,2.523452158,8.43,.33,8.1,645.389,4.75,16699,62.5,106.3
Sulawesi Barat,Sulawesi Barat,2025,1,4,4,51.9,105.63,-1.08,.32,.322917656,47.35,,47.35,290.149,5.75,16262,79.3,104.2
Sulawesi Barat,Sulawesi Barat,2025,2,16,12,53.6,105.12,-.48,-.24,-.2372591819,44.63,,44.63,306.664,5.75,16338,75.40000000000001,104.3
Sulawesi Barat,Sulawesi Barat,2025,3,24,8,52.4,107.46,2.23,1.55,1.54980155,46.1,,46.1,307.62,5.75,16456,72.7,105.1
Sulawesi Barat,Sulawesi Barat,2025,4,27,3,46.7,109.08,1.51,3.36,3.36397233,60.9,,60.9,332.749,5.75,16820,68.09999999999999,105.1
Sulawesi Barat,Sulawesi Barat,2025,5,32,5,47.4,108.84,-.22,3.21,3.205006638,30.16,,30.16,350.259,5.5,16441,64.5,104.6
Sulawesi Barat,Sulawesi Barat,2025,6,39,7,46.9,109.04,.18,2.57,2.567961622,67.68000000000001,,67.68000000000001,354.613,5.5,16311,71.40000000000001,104.7
Sulawesi Barat,Sulawesi Barat,2025,7,51,12,49.2,109.61,.52,3.57,3.57176604,55.14,,55.14,354.392,5.25,16276,71,105.2
Sulawesi Barat,Sulawesi Barat,2025,8,59,8,51.5,109.41,-.18,3.52,3.519727505,59.69,,59.69,361.45,5,16309,67.90000000000001,105.2
Sulawesi Barat,Sulawesi Barat,2025,9,77,18,50.4,109.26,-.14,3.04,3.036589966,44.62,,44.62,354.577,4.75,16512,68,105.3
Sulawesi Barat,Sulawesi Barat,2025,10,87,10,51.2,109.06,-.18,2.64,2.635046113,56.73,,56.73,365.084,4.75,16607,64.5,105.5
Sulawesi Barat,Sulawesi Barat,2025,11,94,7,53.3,108.8,-.24,2.56,2.564102564,54.85,.46,54.39,347.428,4.75,16703,63.8,105.4
Sulawesi Barat,Sulawesi Barat,2025,12,95,1,51.2,109.43,.58,2.48,2.481738153,66.36,.45,65.91,337.082,4.75,16699,62.5,106.3
Maluku,Maluku,2025,1,2,2,51.9,106.64,-.33,.76,.7558578987,6.25,30.12,-23.87,463.42,5.75,16262,79.3,104.2
Maluku,Maluku,2025,2,4,2,53.6,105.97,-.63,1.33,1.329126028,9.83,23.83,-14,463.816,5.75,16338,75.40000000000001,104.3
Maluku,Maluku,2025,3,5,1,52.4,107.79,1.72,3.54,3.544668588,2.64,32.6,-29.96,456.717,5.75,16456,72.7,105.1
Maluku,Maluku,2025,4,8,3,46.7,107.89,.09,3.34,3.342911877,1.63,30.25,-28.62,463.702,5.75,16820,68.09999999999999,105.1
Maluku,Maluku,2025,5,12,4,47.4,108.75,.8,2.24,2.237472972,8.27,28.42,-20.15,473.159,5.5,16441,64.5,104.6
Maluku,Maluku,2025,6,16,4,46.9,109.81,.97,1.88,1.88346632,6.24,24.51,-18.27,489.127,5.5,16311,71.40000000000001,104.7
Maluku,Maluku,2025,7,26,10,49.2,110.1,.26,2.99,2.993451824,8.890000000000001,17.51,-8.619999999999999,499.467,5.25,16276,71,105.2
Maluku,Maluku,2025,8,30,4,51.5,110,-.09,3.25,3.247606533,4.75,32.96,-28.21,516.593,5,16309,67.90000000000001,105.2
Maluku,Maluku,2025,9,48,18,50.4,109.68,-.29,3.01,3.014933784,10.8,32.48,-21.68,509.49,4.75,16512,68,105.3
Maluku,Maluku,2025,10,58,10,51.2,109.62,-.05,2.3,2.295632699,2.53,21.87,-19.34,514.971,4.75,16607,64.5,105.5
Maluku,Maluku,2025,11,85,27,53.3,109.93,.28,2.33,2.327096714,7.61,31.47,-23.86,551.1849999999999,4.75,16703,63.8,105.4
Maluku,Maluku,2025,12,85,,51.2,110.82,.8100000000000001,3.58,3.579773811,18.6,53.05,-34.45,504.321,4.75,16699,62.5,106.3
Maluku Utara,Maluku Utara,2025,1,4,4,51.9,106.53,-1.64,-.15,-.1499671947,1077.51,230.04,847.47,369.81,5.75,16262,79.3,104.2
Maluku Utara,Maluku Utara,2025,2,6,2,53.6,106.41,-.11,.16,.1600150602,817.23,301.54,515.6900000000001,388.657,5.75,16338,75.40000000000001,104.3
Maluku Utara,Maluku Utara,2025,3,14,8,52.4,109.23,2.65,2.32,2.323185012,1293.83,608.66,685.17,409.194,5.75,16456,72.7,105.1
Maluku Utara,Maluku Utara,2025,4,23,9,46.7,110.68,1.33,3.23,3.227009886,1189.18,380.4,808.78,423.619,5.75,16820,68.09999999999999,105.1
Maluku Utara,Maluku Utara,2025,5,32,9,47.4,109.89,-.71,1.89,1.891515994,1503.68,561.99,941.6900000000001,439.188,5.5,16441,64.5,104.6
Maluku Utara,Maluku Utara,2025,6,38,6,46.9,110.19,.27,2.01,2.008887243,1026.54,560.68,465.86,451.742,5.5,16311,71.40000000000001,104.7
Maluku Utara,Maluku Utara,2025,7,47,9,49.2,110.62,.39,2.46,2.463875509,1286.74,618.43,668.3099999999999,480.533,5.25,16276,71,105.2
Maluku Utara,Maluku Utara,2025,8,58,11,51.5,108.52,-1.9,.43,.4349838038,1159.23,591.99,567.24,571.36,5,16309,67.90000000000001,105.2
Maluku Utara,Maluku Utara,2025,9,64,6,50.4,108.48,-.04,-.17,-.1656543346,1412.48,531.24,881.24,692.569,4.75,16512,68,105.3
Maluku Utara,Maluku Utara,2025,10,70,6,51.2,108.79,.29,1.18,1.181175595,1237.6,800.5,437.1,668.051,4.75,16607,64.5,105.5
Maluku Utara,Maluku Utara,2025,11,73,3,53.3,110.02,1.13,1.89,1.889238748,1202.43,524.53,677.9,638.087,4.75,16703,63.8,105.4
Maluku Utara,Maluku Utara,2025,12,73,,51.2,110.08,.05,1.63,1.634198135,1553.49,718.58,834.91,626.324,4.75,16699,62.5,106.3
Papua Barat,Papua Barat,2025,1,5,5,51.9,105.47,-2.29,-.44,-.4436473476,,1.93,-1.93,496.211,5.75,16262,79.3,104.2
Papua Barat,Papua Barat,2025,2,14,9,53.6,103.98,-1.41,-1.98,-1.979638009,,6.1,-6.1,499.187,5.75,16338,75.40000000000001,104.3
Papua Barat,Papua Barat,2025,3,16,2,52.4,106.37,2.3,-.23,-.2251195948,,.24,-.24,490.267,5.75,16456,72.7,105.1
Papua Barat,Papua Barat,2025,4,26,10,46.7,106.95,.55,.15,.1498267628,,4.83,-4.83,539.783,5.75,16820,68.09999999999999,105.1
Papua Barat,Papua Barat,2025,5,34,8,47.4,106.6,-.33,-1.51,-1.506051926,,,0,582.807,5.5,16441,64.5,104.6
Papua Barat,Papua Barat,2025,6,39,5,46.9,107.22,.58,-.67,-.6670372429,,,0,576.024,5.5,16311,71.40000000000001,104.7
Papua Barat,Papua Barat,2025,7,58,19,49.2,108.55,1.24,.43,.4348630644,,,0,587.895,5.25,16276,71,105.2
Papua Barat,Papua Barat,2025,8,96,38,51.5,107.47,-.99,-.87,-.8670786828,,,0,604.534,5,16309,67.90000000000001,105.2
Papua Barat,Papua Barat,2025,9,200,104,50.4,108.51,.97,1.02,1.024113211,,,0,593.8339999999999,4.75,16512,68,105.3
Papua Barat,Papua Barat,2025,10,209,9,51.2,108.3,-.19,1.42,1.423487544,,,0,610.6,4.75,16607,64.5,105.5
Papua Barat,Papua Barat,2025,11,214,5,53.3,109,.65,1.33,1.329366924,,,0,605.744,4.75,16703,63.8,105.4
Papua Barat,Papua Barat,2025,12,214,,51.2,110.74,1.6,2.59,2.594033722,,4.96,-4.96,583.12,4.75,16699,62.5,106.3
Papua Barat Daya,Papua Barat Daya,2025,1,,,51.9,103.92,-1.36,.36,.3573153066,,,0,,5.75,16262,79.3,104.2
Papua Barat Daya,Papua Barat Daya,2025,2,,,53.6,102.93,-.95,-.49,-.4930394432,,,0,,5.75,16338,75.40000000000001,104.3
Papua Barat Daya,Papua Barat Daya,2025,3,,,52.4,104.07,1.11,.24,.240801387,,,0,,5.75,16456,72.7,105.1
Papua Barat Daya,Papua Barat Daya,2025,4,,,46.7,105.01,.9,.41,.4111684835,,,0,,5.75,16820,68.09999999999999,105.1
Papua Barat Daya,Papua Barat Daya,2025,5,,,47.4,105.05,.04,.36,.3630457629,,,0,,5.5,16441,64.5,104.6
Papua Barat Daya,Papua Barat Daya,2025,6,,,46.9,105.49,.42,.5,.4953796323,,,0,,5.5,16311,71.40000000000001,104.7
Papua Barat Daya,Papua Barat Daya,2025,7,,,49.2,106.24,.71,.96,.9598023377,,,0,,5.25,16276,71,105.2
Papua Barat Daya,Papua Barat Daya,2025,8,,,51.5,107.16,.87,1.88,1.882487165,,.82,-.82,,5,16309,67.90000000000001,105.2
Papua Barat Daya,Papua Barat Daya,2025,9,,,50.4,107.04,-.11,1.3,1.29648907,,,0,,4.75,16512,68,105.3
Papua Barat Daya,Papua Barat Daya,2025,10,,,51.2,106.95,-.08,1.36,1.364799545,,0,0,,4.75,16607,64.5,105.5
Papua Barat Daya,Papua Barat Daya,2025,11,,,53.3,106.93,-.02,1.38,1.38427989,,,0,,4.75,16703,63.8,105.4
Papua Barat Daya,Papua Barat Daya,2025,12,,,51.2,107.62,.65,2.15,2.154722354,,,0,,4.75,16699,62.5,106.3
Papua,Papua,2025,1,3,3,51.9,104.47,-1.13,.6,.5970149254,,.01,-.01,898.097,5.75,16262,79.3,104.2
Papua,Papua,2025,2,14,11,53.6,103.93,-.52,.8100000000000001,.8148220002,,0,0,914.1079999999999,5.75,16338,75.40000000000001,104.3
Papua,Papua,2025,3,16,2,52.4,105.1,1.13,2.15,2.147924968,,.02,-.02,900.4829999999999,5.75,16456,72.7,105.1
Papua,Papua,2025,4,20,4,46.7,105.83,.6899999999999999,1.64,1.642335766,,1.63,-1.63,975.552,5.75,16820,68.09999999999999,105.1
Papua,Papua,2025,5,35,15,47.4,106.14,.29,1.33,1.326968974,,1.7,-1.7,1009.524,5.5,16441,64.5,104.6
Papua,Papua,2025,6,63,28,46.9,106.24,.09,1.07,1.065449011,,0,0,1051.809,5.5,16311,71.40000000000001,104.7
Papua,Papua,2025,7,72,9,49.2,105.88,-.34,1.4,1.398199579,,.01,-.01,1072.08,5.25,16276,71,105.2
Papua,Papua,2025,8,77,5,51.5,104.9,-.93,.54,.5367069197,,.78,-.78,1193.682,5,16309,67.90000000000001,105.2
Papua,Papua,2025,9,83,6,50.4,104.94,.04,.99,.9912424213,,3.56,-3.56,1149.445,4.75,16512,68,105.3
Papua,Papua,2025,10,87,4,51.2,104.69,-.24,.53,.5281352026,,.02,-.02,1129.967,4.75,16607,64.5,105.5
Papua,Papua,2025,11,88,1,53.3,106.46,1.69,.8,.8048480258,,0,0,1110.246,4.75,16703,63.8,105.4
Papua,Papua,2025,12,88,,51.2,108.34,1.77,2.54,2.53643763,,.91,-.91,1058.597,4.75,16699,62.5,106.3
Papua Selatan,Papua Selatan,2025,1,,,51.9,107.09,-.75,.45,.4502391896,,,0,,5.75,16262,79.3,104.2
Papua Selatan,Papua Selatan,2025,2,,,53.6,107.03,-.06,.31,.3092783505,,,0,,5.75,16338,75.40000000000001,104.3
Papua Selatan,Papua Selatan,2025,3,,,52.4,109.38,2.2,2.68,2.684941795,,,0,,5.75,16456,72.7,105.1
Papua Selatan,Papua Selatan,2025,4,,,46.7,110.69,1.2,3.57,3.574436231,,,0,,5.75,16820,68.09999999999999,105.1
Papua Selatan,Papua Selatan,2025,5,,,47.4,111.4,.64,2.19,2.192459407,,,0,,5.5,16441,64.5,104.6
Papua Selatan,Papua Selatan,2025,6,,,46.9,111.03,-.33,3,2.996289425,,,0,,5.5,16311,71.40000000000001,104.7
Papua Selatan,Papua Selatan,2025,7,,,49.2,112.63,1.44,5.45,5.448928003,,,0,,5.25,16276,71,105.2
Papua Selatan,Papua Selatan,2025,8,,,51.5,111.13,-1.33,3.78,3.782218902,,,0,,5,16309,67.90000000000001,105.2
Papua Selatan,Papua Selatan,2025,9,,,50.4,109.93,-1.08,3.42,3.424593094,,,0,,4.75,16512,68,105.3
Papua Selatan,Papua Selatan,2025,10,,,51.2,109.95,.02,3.43,3.433678269,,,0,,4.75,16607,64.5,105.5
Papua Selatan,Papua Selatan,2025,11,,,53.3,110.19,.22,3.39,3.387127041,,,0,,4.75,16703,63.8,105.4
Papua Selatan,Papua Selatan,2025,12,,,51.2,111.08,.8100000000000001,2.95,2.947173309,,,0,,4.75,16699,62.5,106.3
Papua Tengah,Papua Tengah,2025,1,,,51.9,108.67,-1.78,.99,.9944237918,,12.27,-12.27,,5.75,16262,79.3,104.2
Papua Tengah,Papua Tengah,2025,2,,,53.6,108.56,-.1,2.09,2.087643408,,28.05,-28.05,,5.75,16338,75.40000000000001,104.3
Papua Tengah,Papua Tengah,2025,3,,,52.4,111.38,2.6,3.7,3.69611768,,16.22,-16.22,,5.75,16456,72.7,105.1
Papua Tengah,Papua Tengah,2025,4,,,46.7,112.73,1.21,3.71,3.707451702,,24.64,-24.64,,5.75,16820,68.09999999999999,105.1
Papua Tengah,Papua Tengah,2025,5,,,47.4,112.74,.01,2.26,2.258503401,,22.71,-22.71,,5.5,16441,64.5,104.6
Papua Tengah,Papua Tengah,2025,6,,,46.9,112.62,-.11,2.33,2.326003998,,31.29,-31.29,,5.5,16311,71.40000000000001,104.7
Papua Tengah,Papua Tengah,2025,7,,,49.2,113.37,.67,2.89,2.885924313,,26.39,-26.39,,5.25,16276,71,105.2
Papua Tengah,Papua Tengah,2025,8,,,51.5,111.97,-1.23,1.86,1.855726371,,29.55,-29.55,,5,16309,67.90000000000001,105.2
Papua Tengah,Papua Tengah,2025,9,,,50.4,111.94,-.03,2.28,2.275011421,,30.71,-30.71,,4.75,16512,68,105.3
Papua Tengah,Papua Tengah,2025,10,,,51.2,112.3,.32,2.11,2.10947445,,23.49,-23.49,,4.75,16607,64.5,105.5
Papua Tengah,Papua Tengah,2025,11,,,53.3,113.18,.78,2.53,2.527402844,,27.49,-27.49,,4.75,16703,63.8,105.4
Papua Tengah,Papua Tengah,2025,12,,,51.2,114.27,.96,3.28,3.280911063,,23.75,-23.75,,4.75,16699,62.5,106.3
Papua Pegunungan,Papua Pegunungan,2025,1,,,51.9,112.06,.23,4.55,4.553088263,,,0,,5.75,16262,79.3,104.2
Papua Pegunungan,Papua Pegunungan,2025,2,,,53.6,115.17,2.78,7.99,7.988748242,,,0,,5.75,16338,75.40000000000001,104.3
Papua Pegunungan,Papua Pegunungan,2025,3,,,52.4,115.26,.08,8.050000000000001,8.052873348,,,0,,5.75,16456,72.7,105.1
Papua Pegunungan,Papua Pegunungan,2025,4,,,46.7,114.22,-.9,5.96,5.955473098,,,0,,5.75,16820,68.09999999999999,105.1
Papua Pegunungan,Papua Pegunungan,2025,5,,,47.4,115.26,.91,5.75,5.75282136,,,0,,5.5,16441,64.5,104.6
Papua Pegunungan,Papua Pegunungan,2025,6,,,46.9,113.53,-1.5,2.01,2.012759457,,,0,,5.5,16311,71.40000000000001,104.7
Papua Pegunungan,Papua Pegunungan,2025,7,,,49.2,115.4,1.65,4.15,4.151624549,,,0,,5.25,16276,71,105.2
Papua Pegunungan,Papua Pegunungan,2025,8,,,51.5,114.89,-.44,3.71,3.710055967,,,0,,5,16309,67.90000000000001,105.2
Papua Pegunungan,Papua Pegunungan,2025,9,,,50.4,114.03,-.75,3.55,3.550671994,,,0,,4.75,16512,68,105.3
Papua Pegunungan,Papua Pegunungan,2025,10,,,51.2,112.98,-.92,3.32,3.319615912,,,0,,4.75,16607,64.5,105.5
Papua Pegunungan,Papua Pegunungan,2025,11,,,53.3,113.61,.5600000000000001,4.05,4.047989743,,,0,,4.75,16703,63.8,105.4
Papua Pegunungan,Papua Pegunungan,2025,12,,,51.2,115.4,1.58,3.22,3.220035778,,,0,,4.75,16699,62.5,106.3
